2,7,8,this,page,-LSB- Unreviewed changes are displayed on this page -RSB- -LRB- / / bits.wikimedia.org/static-1.22wmf19/extensions/FlaggedRevs/frontend/modules/img/1.png -RRB- The -LSB- latest reviewed version -RSB- -LRB- / / en.wikibooks.org/w/index.php?title=Accordion/Print_Version&stable=1 -RRB- was -LSB- checked -RSB- -LRB- / / en.wikibooks.org/w/index.php?title=Special:Log&type=review&page=Accordion/Print_Version -RRB- on _ 16 March 2013 _ .,(ROOT (S (NP (-LRB- -LSB-) (JJ Unreviewed) (NNS changes)) (VP (VBP are) (VP (VBN displayed) (PP (IN on) (NP (NP (DT this) (NN page)) (-RRB- -RSB-) (PRN (-LRB- -LRB-) (NP (: /) (: /) (NN bits.wikimedia.org/static-1.22wmf19/extensions/FlaggedRevs/frontend/modules/img/1.png)) (-RRB- -RRB-)) (NP (DT The) (-LRB- -LSB-)))) (NP-TMP (NP (NP (JJS latest)) (VP (VBN reviewed) (NP (NN version)) (SBAR (-RRB- -RSB-) (S (-LRB- -LRB-) (NP (: /) (: /) (NN en.wikibooks.org/w/index.php?title=Accordion/Print_Version&stable=1)) (-RRB- -RRB-) (VP (VBD was) (-LRB- -LSB-) (VP (VBN checked) (PP (-RRB- -RSB-) (PRN (-LRB- -LRB-) (PP (: /) (NP (: /) (NN en.wikibooks.org/w/index.php?title=Special:Log&type=review&page=Accordion/Print_Version))) (-RRB- -RRB-))) (PP (IN on) (NP (CD _) (CD 16))) (NP-TMP (NNP March) (CD 2013)))))))) (NP (CD _))))) (. .))) 
5,36,37,this,message,-LSB- Printer.svg -RSB- -LRB- / / upload.wikimedia.org/wikipedia/commons/thumb/2/23/Printer.svg/40px-Printer.svg.png -RRB- ** This is the -LSB- print version -RSB- -LRB- / wiki/Help : Print_versions -RRB- of -LSB- Accordion -RSB- -LRB- / wiki/Accordion -RRB- ** You wo n't see this message or any elements not part of the book 's content when you print or -LSB- preview -RSB- -LRB- / / en.wikibooks.org/w/index.php?title=Accordion/Print_Version&action=purge&printable=yes -RRB- this page .,(ROOT (S (NP (-LRB- -LSB-) (NN Printer.svg)) (VP (-RRB- -RSB-) (PRN (-LRB- -LRB-) (PP (: /) (NP (: /) (NN upload.wikimedia.org/wikipedia/commons/thumb/2/23/Printer.svg/40px-Printer.svg.png))) (-RRB- -RRB-)) (SBAR (SBAR (X (SYM **)) (S (S (NP (DT This)) (VP (VBZ is) (NP (NP (NP (DT the) (-LRB- -LSB-) (NN print) (NN version) (-RRB- -RSB-)) (PRN (-LRB- -LRB-) (NP (NP (: /) (NN wiki/Help)) (: :) (NP (NNS Print_versions))) (-RRB- -RRB-))) (PP (IN of) (NP (-LRB- -LSB-) (NN Accordion)))))) (-RRB- -RSB-) (PRN (-LRB- -LRB-) (PP (: /) (NP (NN wiki/Accordion))) (-RRB- -RRB-)) (S (X (SYM **)) (NP (PRP You)) (VP (MD wo) (RB n't) (VP (VB see) (NP (NP (DT this) (NN message)) (CC or) (NP (DT any) (NNS elements))) (PP (RB not) (NP (NP (NN part)) (PP (IN of) (NP (NP (DT the) (NN book) (POS 's)) (NN content))))) (SBAR (WHADVP (WRB when)) (S (NP (PRP you)) (VP (VBP print))))))))) (CC or) (SBAR (-LRB- -LSB-) (S (NP (NN preview)) (VP (-RRB- -RSB-) (PRN (-LRB- -LRB-) (: /) (NX (: /) (NNS en.wikibooks.org/w/index.php?title=Accordion/Print_Version&action=purge&printable=yes)) (-RRB- -RRB-)) (NP (DT this) (NN page))))))) (. .))) 
5,60,61,this,page,-LSB- Printer.svg -RSB- -LRB- / / upload.wikimedia.org/wikipedia/commons/thumb/2/23/Printer.svg/40px-Printer.svg.png -RRB- ** This is the -LSB- print version -RSB- -LRB- / wiki/Help : Print_versions -RRB- of -LSB- Accordion -RSB- -LRB- / wiki/Accordion -RRB- ** You wo n't see this message or any elements not part of the book 's content when you print or -LSB- preview -RSB- -LRB- / / en.wikibooks.org/w/index.php?title=Accordion/Print_Version&action=purge&printable=yes -RRB- this page .,(ROOT (S (NP (-LRB- -LSB-) (NN Printer.svg)) (VP (-RRB- -RSB-) (PRN (-LRB- -LRB-) (PP (: /) (NP (: /) (NN upload.wikimedia.org/wikipedia/commons/thumb/2/23/Printer.svg/40px-Printer.svg.png))) (-RRB- -RRB-)) (SBAR (SBAR (X (SYM **)) (S (S (NP (DT This)) (VP (VBZ is) (NP (NP (NP (DT the) (-LRB- -LSB-) (NN print) (NN version) (-RRB- -RSB-)) (PRN (-LRB- -LRB-) (NP (NP (: /) (NN wiki/Help)) (: :) (NP (NNS Print_versions))) (-RRB- -RRB-))) (PP (IN of) (NP (-LRB- -LSB-) (NN Accordion)))))) (-RRB- -RSB-) (PRN (-LRB- -LRB-) (PP (: /) (NP (NN wiki/Accordion))) (-RRB- -RRB-)) (S (X (SYM **)) (NP (PRP You)) (VP (MD wo) (RB n't) (VP (VB see) (NP (NP (DT this) (NN message)) (CC or) (NP (DT any) (NNS elements))) (PP (RB not) (NP (NP (NN part)) (PP (IN of) (NP (NP (DT the) (NN book) (POS 's)) (NN content))))) (SBAR (WHADVP (WRB when)) (S (NP (PRP you)) (VP (VBP print))))))))) (CC or) (SBAR (-LRB- -LSB-) (S (NP (NN preview)) (VP (-RRB- -RSB-) (PRN (-LRB- -LRB-) (: /) (NX (: /) (NNS en.wikibooks.org/w/index.php?title=Accordion/Print_Version&action=purge&printable=yes)) (-RRB- -RRB-)) (NP (DT this) (NN page))))))) (. .))) 
19,11,12,that,time,* Aeoline Harmonika and Pysharmonika are very similar names at that time .,(ROOT (FRAG (X (X (SYM *)) (NP (NP (NNP Aeoline) (NNP Harmonika)) (CC and) (NP (NNP Pysharmonika)))) (VP (VBP are) (NP (NP (ADJP (RB very) (JJ similar)) (NNS names)) (PP (IN at) (NP (DT that) (NN time))))) (. .))) 
28,2,3,that,time,"At that time in Vienna , mouth harmonicas with `` Kanzellen '' -LRB- chambers -RRB- had already been available for many years , along with bigger instruments driven by hand bellows .","(ROOT (S (PP (IN At) (NP (NP (DT that) (NN time)) (PP (IN in) (NP (NNP Vienna))))) (, ,) (NP (NP (NN mouth) (NNS harmonicas)) (PP (IN with) (NP (`` ``) (NP (NNP Kanzellen)) ('' '') (PRN (-LRB- -LRB-) (NP (NNS chambers)) (-RRB- -RRB-))))) (VP (VBD had) (ADVP (RB already)) (VP (VBN been) (ADJP (JJ available) (PP (IN for) (NP (JJ many) (NNS years)))) (, ,) (PP (IN along) (IN with) (NP (NP (JJR bigger) (NNS instruments)) (VP (VBN driven) (PP (IN by) (NP (NN hand) (NNS bellows)))))))) (. .))) "
33,35,36,this,type,"At the time , Vienna and London had a close musical relationship , with musicians often performing in both cities in the same year , so it is possible that Wheatstone was aware of this type of instrument and may have used them to put his key-arrangement ideas into practice .","(ROOT (S (PP (IN At) (NP (DT the) (NN time))) (, ,) (NP (NNP Vienna) (CC and) (NNP London)) (VP (VBD had) (NP (DT a) (JJ close) (JJ musical) (NN relationship)) (, ,) (PP (IN with) (NP (NP (NNS musicians)) (VP (ADVP (RB often)) (VBG performing) (PP (PP (IN in) (CC both) (NP (NNS cities))) (PP (IN in) (NP (DT the) (JJ same) (NN year)))) (, ,) (SBAR (IN so) (S (NP (PRP it)) (VP (VBZ is) (ADJP (JJ possible)) (SBAR (IN that) (S (NP (NNP Wheatstone)) (VP (VP (VBD was) (ADJP (JJ aware)) (PP (IN of) (NP (NP (DT this) (NN type)) (PP (IN of) (NP (NN instrument)))))) (CC and) (VP (MD may) (VP (VB have) (VP (VBN used) (S (NP (PRP them)) (VP (TO to) (VP (VB put) (NP (PRP$ his) (JJ key-arrangement) (NNS ideas)) (PP (IN into) (NP (NN practice))))))))))))))))))) (. .))) "
47,11,12,this,book,This is the system we 'll be focusing on throughout this book .,(ROOT (S (NP (DT This)) (VP (VBZ is) (NP (NP (DT the) (NN system)) (SBAR (S (NP (PRP we)) (VP (MD 'll) (VP (VB be) (VP (VBG focusing) (PP (IN on) (PP (IN throughout) (NP (DT this) (NN book))))))))))) (. .))) 
67,14,15,that,strap,"Your left arm should be between the bellow-strap and the board ; tighten that strap -LRB- usually via a notch on top of the bellows mechanism , very rarely Velcro might be used -RRB- so that it wo n't cut off your arm circulation , but not so loose that your hand slips as you change directions with the bellows .","(ROOT (S (NP (PRP$ Your) (ADJP (VBN left)) (NN arm)) (VP (MD should) (VP (VP (VB be) (PP (IN between) (NP (NP (DT the) (NN bellow-strap)) (CC and) (NP (DT the) (NN board))))) (: ;) (VP (VB tighten) (NP (DT that) (NN strap)) (PRN (-LRB- -LRB-) (PP (RB usually) (IN via) (NP (NP (DT a) (NAC (NN notch) (PP (IN on) (NP (NP (NN top)) (PP (IN of) (NP (DT the) (NNS bellows) (NN mechanism)))))) (, ,) (ADJP (RB very) (RB rarely)) (NN Velcro)) (SBAR (S (VP (MD might) (VP (VB be) (VP (VBN used)))))))) (-RRB- -RRB-)) (SBAR (IN so) (IN that) (S (NP (PRP it)) (VP (MD wo) (RB n't) (VP (VP (VB cut) (PRT (RP off)) (NP (PRP$ your) (NN arm) (NN circulation))) (, ,) (CONJP (CC but) (RB not)) (VP (ADJP (RB so) (JJ loose)) (SBAR (IN that) (S (NP (PRP$ your) (NN hand)) (VP (VBZ slips) (SBAR (IN as) (S (NP (PRP you)) (VP (VBP change) (NP (NNS directions)) (PP (IN with) (NP (DT the) (NNS bellows))))))))))))))))) (. .))) "
71,2,3,that,none,Note that none of this applies to the left arm .,(ROOT (S (S (VP (VB Note) (NP (NP (DT that) (NN none)) (PP (IN of) (NP (DT this)))))) (VP (VBZ applies) (PP (TO to) (NP (DT the) (JJ left) (NN arm)))) (. .))) 
85,29,30,this,book,"With accordions that also have inbuilt electronic synthesizers , the electronic sound will continue as long as keys are depressed -LRB- but this is beyond the scope of this book -RRB- .","(ROOT (S (PP (IN With) (NP (NP (NNS accordions)) (SBAR (WHNP (WDT that)) (S (ADVP (RB also)) (VP (VBP have) (NP (JJ inbuilt) (JJ electronic) (NNS synthesizers))))))) (, ,) (NP (DT the) (JJ electronic) (NN sound)) (VP (MD will) (VP (VB continue) (ADVP (ADVP (RB as) (RB long)) (SBAR (IN as) (S (S (NP (NNS keys)) (VP (VBP are) (ADJP (JJ depressed)))) (PRN (-LRB- -LRB-) (CC but) (S (NP (DT this)) (VP (VBZ is) (PP (IN beyond) (NP (NP (DT the) (NN scope)) (PP (IN of) (NP (DT this) (NN book))))))) (-RRB- -RRB-))))))) (. .))) "
148,4,5,this,instrument,"In Russia , this instrument is usually called a `` bayan '' -LRB- in Russian : баян -RRB- .","(ROOT (S (PP (IN In) (NP (NNP Russia))) (, ,) (NP (DT this) (NN instrument)) (VP (VBZ is) (ADVP (RB usually)) (VP (VBN called) (NP (NP (DT a) (`` ``) (NN bayan) ('' '')) (PRN (-LRB- -LRB-) (PP (IN in) (NP (NP (NNP Russian)) (: :) (NP (NN баян)))) (-RRB- -RRB-))))) (. .))) "
160,2,3,these,reason,"For these reasons , many professionals prefer playing button instruments .","(ROOT (S (PP (IN For) (NP (DT these) (NNS reasons))) (, ,) (NP (JJ many) (NNS professionals)) (VP (VBP prefer) (S (VP (VBG playing) (NP (NN button) (NNS instruments))))) (. .))) "
162,3,4,this,book,Note that this book does not currently cover playing on the button accordion .,(ROOT (S (VP (VB Note) (SBAR (IN that) (S (NP (DT this) (NN book)) (VP (VBZ does) (RB not) (ADVP (RB currently)) (VP (VB cover) (S (VP (VBG playing) (PP (IN on) (NP (DT the) (NN button) (NN accordion)))))))))) (. .))) 
175,14,15,this,keyboard,"You can use all fingers , including the thumb , to play on this keyboard .","(ROOT (S (NP (PRP You)) (VP (MD can) (VP (VB use) (S (NP (NP (DT all) (NNS fingers)) (, ,) (PP (VBG including) (NP (DT the) (NN thumb))) (, ,)) (VP (TO to) (VP (VB play) (PP (IN on) (NP (DT this) (NN keyboard)))))))) (. .))) "
183,78,79,these,row,"Each diagonal column has , in order from the innermost to outermost buttons : * The major third above -LRB- or minor sixth below , depending on which note -RRB- the root -LRB- `` counter-bass '' -RRB- * The root note * The root note 's major chord * The root note 's minor chord * The root note 's dominant seventh chord * The root note 's diminished seventh chord Small accordions sometimes lack some of these rows , but for the purposes of this guide , we 'll assume you have the full complement of buttons .","(ROOT (S (S (NP (DT Each) (JJ diagonal) (NN column)) (VP (VBZ has) (, ,) (PP (IN in) (NP (NN order))) (PP (IN from) (NP (DT the) (NN innermost) (S (VP (TO to) (VP (VB outermost) (NP (NNS buttons))))))))) (: :) (X (X (SYM *)) (NP (NP (DT The) (JJ major) (JJ third)) (PP (IN above) (PRN (-LRB- -LRB-) (CC or) (PP (NP (JJ minor) (JJ sixth)) (PP (IN below))) (PRN (, ,) (S (VP (VBG depending) (PP (IN on) (NP (WDT which) (NN note)))))) (-RRB- -RRB-)) (NP (NP (NP (DT the) (NN root)) (PRN (-LRB- -LRB-) (`` ``) (NP (NN counter-bass)) ('' '') (-RRB- -RRB-))) (SBAR (S (SBAR (X (X (SYM *)) (NP (DT The) (NN root) (NN note))) (S (SBAR (X (SYM *)) (S (NP (NP (DT The) (NN root) (NN note) (POS 's)) (JJ major)) (VP (NN chord) (S (UCP (SBAR (X (SYM *)) (S (NP (NP (DT The) (NN root) (NN note) (POS 's)) (ADJP (ADJP (JJ minor) (NN chord)) (SBAR (X (SYM *)) (S (NP (NP (NP (DT The) (NN root) (NN note) (POS 's)) (JJ dominant)) (ADJP (JJ seventh))) (VP (NN chord) (S (SBAR (X (SYM *)) (S (NP (NP (DT The) (NN root) (NN note)) (POS 's)) (VP (VBN diminished) (NP (JJ seventh) (NN chord)))))))))) (JJ Small) (NNS accordions)) (ADVP (RB sometimes)) (VP (VBP lack) (NP (NP (DT some)) (PP (IN of) (NP (DT these) (NNS rows))))))) (, ,) (CC but) (PP (IN for) (NP (NP (DT the) (NNS purposes)) (PP (IN of) (NP (DT this) (NN guide)))))))))) (, ,) (NP (PRP we)) (VP (MD 'll) (VP (VB assume))))) (NP (PRP you)) (VP (VBP have) (NP (NP (DT the) (JJ full) (NN complement)) (PP (IN of) (NP (NNS buttons))))))))))) (. .))) "
183,86,87,this,guide,"Each diagonal column has , in order from the innermost to outermost buttons : * The major third above -LRB- or minor sixth below , depending on which note -RRB- the root -LRB- `` counter-bass '' -RRB- * The root note * The root note 's major chord * The root note 's minor chord * The root note 's dominant seventh chord * The root note 's diminished seventh chord Small accordions sometimes lack some of these rows , but for the purposes of this guide , we 'll assume you have the full complement of buttons .","(ROOT (S (S (NP (DT Each) (JJ diagonal) (NN column)) (VP (VBZ has) (, ,) (PP (IN in) (NP (NN order))) (PP (IN from) (NP (DT the) (NN innermost) (S (VP (TO to) (VP (VB outermost) (NP (NNS buttons))))))))) (: :) (X (X (SYM *)) (NP (NP (DT The) (JJ major) (JJ third)) (PP (IN above) (PRN (-LRB- -LRB-) (CC or) (PP (NP (JJ minor) (JJ sixth)) (PP (IN below))) (PRN (, ,) (S (VP (VBG depending) (PP (IN on) (NP (WDT which) (NN note)))))) (-RRB- -RRB-)) (NP (NP (NP (DT the) (NN root)) (PRN (-LRB- -LRB-) (`` ``) (NP (NN counter-bass)) ('' '') (-RRB- -RRB-))) (SBAR (S (SBAR (X (X (SYM *)) (NP (DT The) (NN root) (NN note))) (S (SBAR (X (SYM *)) (S (NP (NP (DT The) (NN root) (NN note) (POS 's)) (JJ major)) (VP (NN chord) (S (UCP (SBAR (X (SYM *)) (S (NP (NP (DT The) (NN root) (NN note) (POS 's)) (ADJP (ADJP (JJ minor) (NN chord)) (SBAR (X (SYM *)) (S (NP (NP (NP (DT The) (NN root) (NN note) (POS 's)) (JJ dominant)) (ADJP (JJ seventh))) (VP (NN chord) (S (SBAR (X (SYM *)) (S (NP (NP (DT The) (NN root) (NN note)) (POS 's)) (VP (VBN diminished) (NP (JJ seventh) (NN chord)))))))))) (JJ Small) (NNS accordions)) (ADVP (RB sometimes)) (VP (VBP lack) (NP (NP (DT some)) (PP (IN of) (NP (DT these) (NNS rows))))))) (, ,) (CC but) (PP (IN for) (NP (NP (DT the) (NNS purposes)) (PP (IN of) (NP (DT this) (NN guide)))))))))) (, ,) (NP (PRP we)) (VP (MD 'll) (VP (VB assume))))) (NP (PRP you)) (VP (VBP have) (NP (NP (DT the) (JJ full) (NN complement)) (PP (IN of) (NP (NNS buttons))))))))))) (. .))) "
185,19,20,this,chart,-LSB- 120-button Stradella chart.svg -RSB- -LRB- / / upload.wikimedia.org/wikipedia/commons/thumb/8/8c/120-button_Stradella_chart.svg/750px-120-button_Stradella_chart.svg.png -RRB- ** Tip : ** _ Consider printing out this chart and referring to it as you continue with this guide .,(ROOT (S (S (NP (-LRB- -LSB-) (JJ 120-button) (NNP Stradella) (NN chart.svg)) (VP (-RRB- -RSB-) (S (NP (PRN (-LRB- -LRB-) (NP (: /) (: /) (NN upload.wikimedia.org/wikipedia/commons/thumb/8/8c/120-button_Stradella_chart.svg/750px-120-button_Stradella_chart.svg.png)) (-RRB- -RRB-))) (VP (SYM **) (NP (NN Tip)))))) (: :) (X (X (SYM **)) (NP (NP (CD _)) (SBAR (S (VP (VB Consider) (S (VP (VP (VBG printing) (PRT (RP out)) (NP (DT this) (NN chart))) (CC and) (VP (VBG referring) (PP (TO to) (NP (PRP it)))))) (SBAR (IN as) (S (NP (PRP you)) (VP (VBP continue) (PP (IN with) (NP (DT this) (NN guide))))))))))) (. .))) 
185,29,30,this,guide,-LSB- 120-button Stradella chart.svg -RSB- -LRB- / / upload.wikimedia.org/wikipedia/commons/thumb/8/8c/120-button_Stradella_chart.svg/750px-120-button_Stradella_chart.svg.png -RRB- ** Tip : ** _ Consider printing out this chart and referring to it as you continue with this guide .,(ROOT (S (S (NP (-LRB- -LSB-) (JJ 120-button) (NNP Stradella) (NN chart.svg)) (VP (-RRB- -RSB-) (S (NP (PRN (-LRB- -LRB-) (NP (: /) (: /) (NN upload.wikimedia.org/wikipedia/commons/thumb/8/8c/120-button_Stradella_chart.svg/750px-120-button_Stradella_chart.svg.png)) (-RRB- -RRB-))) (VP (SYM **) (NP (NN Tip)))))) (: :) (X (X (SYM **)) (NP (NP (CD _)) (SBAR (S (VP (VB Consider) (S (VP (VP (VBG printing) (PRT (RP out)) (NP (DT this) (NN chart))) (CC and) (VP (VBG referring) (PP (TO to) (NP (PRP it)))))) (SBAR (IN as) (S (NP (PRP you)) (VP (VBP continue) (PP (IN with) (NP (DT this) (NN guide))))))))))) (. .))) 
212,12,13,this,module,"The study of free bass is currently beyond the scope of this module , although it may be covered at a later date .","(ROOT (S (NP (NP (DT The) (NN study)) (PP (IN of) (NP (JJ free) (NN bass)))) (VP (VBZ is) (ADVP (RB currently)) (PP (IN beyond) (NP (NP (DT the) (NN scope)) (PP (IN of) (NP (DT this) (NN module))))) (, ,) (SBAR (IN although) (S (NP (PRP it)) (VP (MD may) (VP (VB be) (VP (VBN covered) (PP (IN at) (NP (DT a) (JJ later) (NN date))))))))) (. .))) "
233,12,13,these,reed,"In a full-sized , four-reed-rank accordion , you will usually have these reeds : * Two eight-foot -LRB- 8 ' -RRB- or _ clarinet _ reeds , or reeds that sound at pitch .","(ROOT (S (S (PP (IN In) (NP (DT a) (JJ full-sized) (, ,) (JJ four-reed-rank) (NN accordion))) (, ,) (NP (PRP you)) (VP (MD will) (ADVP (RB usually)) (VP (VB have) (NP (DT these) (NNS reeds))))) (: :) (S (X (X (SYM *)) (NP (NP (NP (CD Two)) (NP (NP (JJ eight-foot)) (PRN (-LRB- -LRB-) (NP (CD 8)) ('' ') (-RRB- -RRB-)))) (CC or) (NP (NP (NP (JJ _) (NN clarinet)) (NP (CD _) (NNS reeds))) (, ,) (CC or) (NP (NNS reeds))))) (NP (WDT that)) (VP (VBP sound) (PP (IN at) (NP (NN pitch))))) (. .))) "
243,15,16,these,reed,"Depending on the size of your instrument , you may not have all of these reeds available .","(ROOT (S (PP (VBG Depending) (PP (IN on) (NP (NP (DT the) (NN size)) (PP (IN of) (NP (PRP$ your) (NN instrument)))))) (, ,) (NP (PRP you)) (VP (MD may) (RB not) (VP (VB have) (S (NP (NP (DT all)) (PP (IN of) (NP (DT these) (NNS reeds)))) (ADJP (JJ available))))) (. .))) "
286,5,7,these,song,"To help you play these early songs accurately , each note in the song will be numbered .","(ROOT (S (S (VP (TO To) (VP (VB help) (S (NP (PRP you)) (VP (VB play) (ADVP (NP (DT these) (JJ early) (NNS songs)) (RB accurately))))))) (, ,) (NP (NP (DT each) (NN note)) (PP (IN in) (NP (DT the) (NN song)))) (VP (MD will) (VP (VB be) (VP (VBN numbered)))) (. .))) "
292,13,14,this,way,_ ** Note : More advanced musicians do not refer to notes this way .,(ROOT (S (NP (NN _)) (SBAR (X (SYM **)) (S (NP (NP (VB Note)) (PRN (: :) (NP (NP (JJR More)) (NP (JJ advanced) (NNS musicians))))) (VP (VBP do) (RB not) (VP (VB refer) (PP (TO to) (NP (NP (NNS notes)) (NP (DT this) (NN way)))))))) (. .))) 
294,14,16,this,system,"After you get more practice , we 'll phase out the use of this numbering system .","(ROOT (S (SBAR (IN After) (S (NP (PRP you)) (VP (VBP get) (NP (JJR more) (NN practice))))) (, ,) (NP (PRP we)) (VP (MD 'll) (VP (VB phase) (PRT (RP out)) (NP (NP (DT the) (NN use)) (PP (IN of) (NP (DT this) (NN numbering) (NN system)))))) (. .))) "
317,14,15,this,page,php?title = Accordion/Print _ Version & action = info -RRB- * -LSB- Cite this page -RSB- -LRB- / w/index .,(ROOT (S (NP (NP (NN php?title)) (ADJP (ADJP (ADJP (JJ =)) (PRN (NP (NP (NNP Accordion/Print) (NNP _) (NNP Version)) (CC &) (NP (NN action) (JJ =) (NN info))) (-RRB- -RRB-))) (SBAR (X (SYM *)) (S (NP (-LRB- -LSB-)) (VP (VB Cite) (NP (DT this) (NN page))))))) (VP (-RRB- -RSB-) (-LRB- -LRB-) (VP (: /) (NP (NN w/index)))) (. .))) 
323,3,4,this,site,"By using this site , you agree to the -LSB- Terms of Use -RSB- -LRB- / / wikimediafoundation.org/wiki/Terms_of_Use -RRB- and -LSB- Privacy Policy . -RSB-","(ROOT (S (PP (IN By) (S (VP (VBG using) (NP (DT this) (NN site))))) (, ,) (NP (PRP you)) (VP (VBP agree) (PP (PP (TO to) (NP (NP (DT the) (-LRB- -LSB-) (NNS Terms)) (PP (IN of) (NP (NP (NN Use) (-RRB- -RSB-)) (PRN (-LRB- -LRB-) (NP (: /) (: /) (NN wikimediafoundation.org/wiki/Terms_of_Use)) (-RRB- -RRB-)))))) (CC and) (PP (-LRB- -LSB-) (NP (NNP Privacy) (NNP Policy))))) (. .) (-RRB- -RSB-))) "
