2,7,8,this,page,-LSB- Unreviewed changes are displayed on this page -RSB- -LRB- / / bits.wikimedia.org/static-1.22wmf19/extensions/FlaggedRevs/frontend/modules/img/1.png -RRB- The -LSB- latest reviewed version -RSB- -LRB- / / en.wikibooks.org/w/index.php?title=Arabic/Print_version&stable=1 -RRB- was -LSB- checked -RSB- -LRB- / / en.wikibooks.org/w/index.php?title=Special:Log&type=review&page=Arabic/Print_version -RRB- on _ 2 September 2013 _ .,(ROOT (S (NP (-LRB- -LSB-) (JJ Unreviewed) (NNS changes)) (VP (VBP are) (VP (VBN displayed) (PP (IN on) (NP (NP (NP (NP (DT this) (NN page)) (-RRB- -RSB-) (PRN (-LRB- -LRB-) (NP (: /) (: /) (NN bits.wikimedia.org/static-1.22wmf19/extensions/FlaggedRevs/frontend/modules/img/1.png)) (-RRB- -RRB-)) (NP (NP (DT The) (-LRB- -LSB-) (JJS latest)) (VP (VBN reviewed) (NP (NN version)) (SBAR (-RRB- -RSB-) (S (-LRB- -LRB-) (NP (: /) (: /) (NN en.wikibooks.org/w/index.php?title=Arabic/Print_version&stable=1)) (-RRB- -RRB-) (VP (VBD was) (-LRB- -LSB-) (VP (VBN checked) (ADVP (-RRB- -RSB-))))))))) (-LRB- -LRB-) (NP (: /) (: /) (NN en.wikibooks.org/w/index.php?title=Special:Log&type=review&page=Arabic/Print_version)) (-RRB- -RRB-)) (PP (IN on) (NP (NP (NN _) (CD 2) (NNP September)) (NP (CD 2013) (CD _)))))))) (. .))) 
5,36,37,this,message,-LSB- Printer.svg -RSB- -LRB- / / upload.wikimedia.org/wikipedia/commons/thumb/2/23/Printer.svg/40px-Printer.svg.png -RRB- ** This is the -LSB- print version -RSB- -LRB- / wiki/Help : Print_versions -RRB- of -LSB- Arabic -RSB- -LRB- / wiki/Arabic -RRB- ** You wo n't see this message or any elements not part of the book 's content when you print or -LSB- preview -RSB- -LRB- / / en.wikibooks.org/w/index.php?title=Arabic/Print_version&action=purge&printable=yes -RRB- this page .,(ROOT (S (PP (-LRB- -LSB-) (NP (NN Printer.svg) (-RRB- -RSB-))) (PRN (-LRB- -LRB-) (VP (: /) (NP (: /) (NN upload.wikimedia.org/wikipedia/commons/thumb/2/23/Printer.svg/40px-Printer.svg.png))) (-RRB- -RRB-)) (SBAR (X (SYM **)) (S (NP (DT This)) (VP (VBZ is) (NP (NP (NP (DT the) (-LRB- -LSB-) (NN print) (NN version) (-RRB- -RSB-)) (PRN (-LRB- -LRB-) (NP (NP (: /) (NN wiki/Help)) (: :) (NP (NNS Print_versions))) (-RRB- -RRB-))) (PP (IN of) (NP (NP (-LRB- -LSB-) (JJ Arabic) (-RRB- -RSB-)) (PRN (-LRB- -LRB-) (ADJP (: /) (JJ wiki/Arabic)) (-RRB- -RRB-)))) (X (SYM **)))))) (NP (PRP You)) (VP (MD wo) (RB n't) (VP (VP (VB see) (NP (NP (DT this) (NN message)) (CC or) (NP (DT any) (NNS elements))) (PP (RB not) (NP (NP (NN part)) (PP (IN of) (NP (NP (DT the) (NN book) (POS 's)) (NN content))))) (SBAR (WHADVP (WRB when)) (S (NP (PRP you)) (VP (VBP print))))) (CC or) (VP (-LRB- -LSB-) (NP (NP (NN preview)) (-RRB- -RSB-) (PRN (-LRB- -LRB-) (NP (: /) (: /) (NNS en.wikibooks.org/w/index.php?title=Arabic/Print_version&action=purge&printable=yes)) (-RRB- -RRB-)) (NP (DT this) (NN page)))))) (. .))) 
5,60,61,this,page,-LSB- Printer.svg -RSB- -LRB- / / upload.wikimedia.org/wikipedia/commons/thumb/2/23/Printer.svg/40px-Printer.svg.png -RRB- ** This is the -LSB- print version -RSB- -LRB- / wiki/Help : Print_versions -RRB- of -LSB- Arabic -RSB- -LRB- / wiki/Arabic -RRB- ** You wo n't see this message or any elements not part of the book 's content when you print or -LSB- preview -RSB- -LRB- / / en.wikibooks.org/w/index.php?title=Arabic/Print_version&action=purge&printable=yes -RRB- this page .,(ROOT (S (PP (-LRB- -LSB-) (NP (NN Printer.svg) (-RRB- -RSB-))) (PRN (-LRB- -LRB-) (VP (: /) (NP (: /) (NN upload.wikimedia.org/wikipedia/commons/thumb/2/23/Printer.svg/40px-Printer.svg.png))) (-RRB- -RRB-)) (SBAR (X (SYM **)) (S (NP (DT This)) (VP (VBZ is) (NP (NP (NP (DT the) (-LRB- -LSB-) (NN print) (NN version) (-RRB- -RSB-)) (PRN (-LRB- -LRB-) (NP (NP (: /) (NN wiki/Help)) (: :) (NP (NNS Print_versions))) (-RRB- -RRB-))) (PP (IN of) (NP (NP (-LRB- -LSB-) (JJ Arabic) (-RRB- -RSB-)) (PRN (-LRB- -LRB-) (ADJP (: /) (JJ wiki/Arabic)) (-RRB- -RRB-)))) (X (SYM **)))))) (NP (PRP You)) (VP (MD wo) (RB n't) (VP (VP (VB see) (NP (NP (DT this) (NN message)) (CC or) (NP (DT any) (NNS elements))) (PP (RB not) (NP (NP (NN part)) (PP (IN of) (NP (NP (DT the) (NN book) (POS 's)) (NN content))))) (SBAR (WHADVP (WRB when)) (S (NP (PRP you)) (VP (VBP print))))) (CC or) (VP (-LRB- -LSB-) (NP (NP (NN preview)) (-RRB- -RSB-) (PRN (-LRB- -LRB-) (NP (: /) (: /) (NNS en.wikibooks.org/w/index.php?title=Arabic/Print_version&action=purge&printable=yes)) (-RRB- -RRB-)) (NP (DT this) (NN page)))))) (. .))) 
19,24,25,this,book,"php?title = Arabic/Romanisation _ System & action = edit & section = T-1 -RRB- -RSB- In order to make Arabic more accessible , this book uses transliteration along with Arabic written in Arabic letters .","(ROOT (S (S (VP (NN php?title) (NP (NP (JJ =) (NN Arabic/Romanisation) (NN _) (NNP System)) (CC &) (NP (NP (NN action)) (ADJP (ADJP (JJ =)) (PRN (NP (NP (NN edit)) (CC &) (NP (NN section) (JJ =) (NN T-1))) (-RRB- -RRB-))))))) (-RRB- -RSB-) (SBAR (IN In) (NN order) (S (VP (TO to) (VP (VB make) (S (NP (JJ Arabic)) (ADJP (RBR more) (JJ accessible))))))) (, ,) (NP (DT this) (NN book)) (VP (VBZ uses) (NP (NN transliteration)) (PP (IN along) (IN with) (NP (NP (JJ Arabic)) (VP (VBN written) (PP (IN in) (NP (JJ Arabic) (NNS letters))))))) (. .))) "
20,5,6,this,book,The system used in this book is based on the loose conventions used to chat in Arabic when the Arabic alphabet is not supported .,(ROOT (S (NP (NP (DT The) (NN system)) (VP (VBN used) (PP (IN in) (NP (DT this) (NN book))))) (VP (VBZ is) (VP (VBN based) (PP (IN on) (NP (NP (DT the) (JJ loose) (NNS conventions)) (VP (VBN used) (S (VP (TO to) (VP (VB chat) (PP (IN in) (NP (JJ Arabic))) (SBAR (WHADVP (WRB when)) (S (NP (DT the) (JJ Arabic) (NN alphabet)) (VP (VBZ is) (RB not) (VP (VBN supported))))))))))))) (. .))) 
32,9,11,this,s,Unlike the normal Arabic `` s '' sound this `` s '' sound is pronounced with the tongue near the place behind the upper teeth .,(ROOT (S (PP (IN Unlike) (S (NP (DT the) (JJ normal) (JJ Arabic) (`` ``) (NNS s) ('' '')) (VP (VB sound) (NP (DT this) (`` ``) (NNS s) ('' ''))))) (NP (NN sound)) (VP (VBZ is) (VP (VBN pronounced) (PP (IN with) (NP (NP (DT the) (NN tongue)) (PP (IN near) (NP (NP (DT the) (NN place)) (PP (IN behind) (NP (DT the) (JJ upper) (NNS teeth))))))))) (. .))) 
361,14,24,this,eraser,php?title = Arabic/pointing & action = edit & section = T-2 -RRB- -RSB- this هٰذَا \ هٰذِهِ computer حاسوبُ pen/pencil قَلَمُ restaurant مَطعَمُ eraser مَحّايةُ apartment -LRB- suite -RRB- شُقّةُ book كِتابُ notebook دَفتَرُ student تِلميذُ female student تِلميذةُ teacher مُعَلِّمُ female teacher مُعَلِّمةُ 1 .,(ROOT (S (NP (NP (NP (NN php?title) (JJ =) (NN Arabic/pointing)) (CC &) (NP (NN action))) (ADJP (ADJP (JJ =)) (PRN (NP (NP (NN edit)) (CC &) (NP (NN section) (JJ =) (NN T-2))) (-RRB- -RRB-)))) (VP (-RRB- -RSB-) (NP (DT this) (CD هٰذَا) (NN \) (CD هٰذِهِ) (NN computer) (CD حاسوبُ) (NN pen/pencil) (CD قَلَمُ) (NN restaurant) (CD مَطعَمُ) (NN eraser)) (NP (NP (NP (CD مَحّايةُ) (NN apartment)) (PRN (-LRB- -LRB-) (NP (NN suite)) (-RRB- -RRB-))) (X (X (NP (NP (CD شُقّةُ) (NN book)) (NP (CD كِتابُ) (NN notebook))) (NP (CD دَفتَرُ) (NN student)) (NP (NP (CD تِلميذُ) (JJ female) (NN student)) (NP (NP (CD تِلميذةُ) (NN teacher)) (NP (CD مُعَلِّمُ) (JJ female) (NN teacher))))) (NP (NN مُعَلِّمةُ) (CD 1))))) (. .))) 
437,18,21,this,هٰذِهِ,php?title = Arabic/pointing & action = edit & section = T-6 -RRB- -RSB- this/that ذٰلِكَ \ تِلْكَ this هٰذا \ هٰذِهِ that ذٰلِكَ \ تِلْكَ airport مَطارُ restaurant مَطْعَمُ eraser مَحّايةُ university جامِعةُ pen قَلَمُ student تِلميذُ \ تِلميذةُ apartment -LRB- suite -RRB- شُقّةُ notebook دَفتَرُ 1 .,(ROOT (S (NP (NP (NP (NN php?title) (JJ =) (NN Arabic/pointing)) (CC &) (NP (NN action))) (ADJP (ADJP (JJ =)) (PRN (NP (NP (NN edit)) (CC &) (NP (NN section) (JJ =) (NN T-6))) (-RRB- -RRB-)))) (VP (-RRB- -RSB-) (ADVP (RB this/that) (NP (CD ذٰلِكَ))) (NP (QP (CD \) (CD تِلْكَ)) (NP (NP (DT this) (NN هٰذا) (CD \) (NN هٰذِهِ)) (SBAR (WHNP (WDT that)) (S (VP (VBP ذٰلِكَ) (NP (NP (QP (CD \) (CD تِلْكَ)) (NN airport)) (NP (CD مَطارُ) (NN restaurant))) (FRAG (X (X (NP (NP (CD مَطْعَمُ) (NN eraser)) (NP (CD مَحّايةُ) (NN university))) (NP (CD جامِعةُ) (NN pen)) (NP (NP (CD قَلَمُ) (NN student)) (NP (NP (NP (QP (CD تِلميذُ) (CD \))) (NP (CD تِلميذةُ) (NN apartment))) (PRN (-LRB- -LRB-) (NP (NN suite)) (-RRB- -RRB-))))) (NP (CD شُقّةُ) (NN notebook))) (NP (CD دَفتَرُ) (CD 1))))))))) (. .))) 
527,32,35,this,هَذِهِ,php?title = Arabic/Pointing _ and_describing & action = edit & section = T-2 -RRB- -RSB- this/that ذاكَ \ تاكَ big كَبيرُ pretty/beautiful جَميلُ ugly قَبيحُ good جَيِّدُ cheap رَخيصُ expensive/dear غالِ this هَذا \ هَذِهِ that ذَلِكَ \ تِلكَ 1 .,(ROOT (S (NP (NP (NN php?title) (JJ =) (NN Arabic/Pointing)) (ADJP (ADJP (CD _) (NN and_describing)) (PRN (NP (NP (CC &) (NN action)) (NP (NP (JJ =) (NN edit)) (CC &) (NP (NN section) (JJ =) (NN T-2)))) (-RRB- -RRB-)))) (VP (-RRB- -RSB-) (ADVP (RB this/that)) (NP (QP (CD ذاكَ) (CD \)) (CD تاكَ)) (NP (NP (JJ big) (CD كَبيرُ)) (ADJP (JJ pretty/beautiful) (NP-TMP (CD جَميلُ)))) (NP (NP (JJ ugly) (ADJP (RB قَبيحُ) (JJ good)) (NN جَيِّدُ)) (ADJP (JJ cheap) (ADVP (CD رَخيصُ) (NN expensive/dear)) (NP-TMP (CD غالِ)))) (NP (DT this) (ADJP (NN هَذا) (CD \)) (NN هَذِهِ)) (SBAR (WHNP (WDT that)) (S (VP (VBP ذَلِكَ) (NP (QP (CD \) (CD تِلكَ)) (CD 1)))))) (. .))) 
1111,14,15,this,page,php?title = Arabic/Print _ version & action = info -RRB- * -LSB- Cite this page -RSB- -LRB- / w/index .,(ROOT (S (NP (NP (NN php?title)) (ADJP (ADJP (ADJP (JJ =)) (PRN (NP (NP (NNP Arabic/Print) (CD _) (NN version)) (CC &) (NP (NN action) (JJ =) (NN info))) (-RRB- -RRB-))) (SBAR (X (SYM *)) (S (NP (-LRB- -LSB-)) (VP (VB Cite) (NP (DT this) (NN page))))))) (VP (-RRB- -RSB-) (-LRB- -LRB-) (VP (: /) (NP (NN w/index)))) (. .))) 
1117,3,4,this,site,"By using this site , you agree to the -LSB- Terms of Use -RSB- -LRB- / / wikimediafoundation.org/wiki/Terms_of_Use -RRB- and -LSB- Privacy Policy . -RSB-","(ROOT (S (PP (IN By) (S (VP (VBG using) (NP (DT this) (NN site))))) (, ,) (NP (PRP you)) (VP (VBP agree) (PP (PP (TO to) (NP (NP (DT the) (-LRB- -LSB-) (NNS Terms)) (PP (IN of) (NP (NP (NN Use) (-RRB- -RSB-)) (PRN (-LRB- -LRB-) (NP (: /) (: /) (NN wikimediafoundation.org/wiki/Terms_of_Use)) (-RRB- -RRB-)))))) (CC and) (PP (-LRB- -LSB-) (NP (NNP Privacy) (NNP Policy))))) (. .) (-RRB- -RSB-))) "
