2,7,8,this,page,-LSB- Unreviewed changes are displayed on this page -RSB- -LRB- / / bits.wikimedia.org/static-1.22wmf19/extensions/FlaggedRevs/frontend/modules/img/1.png -RRB- This page may need to be -LSB- reviewed -RSB- -LRB- / wiki/Wikibooks : REVIEW -RRB- for quality .,(ROOT (S (SBAR (-LRB- -LSB-) (S (NP (JJ Unreviewed) (NNS changes)) (VP (VBP are) (VP (VBN displayed) (PP (IN on) (NP (DT this) (NN page) (-RRB- -RSB-))))))) (PRN (-LRB- -LRB-) (VP (: /) (NP (: /) (NN bits.wikimedia.org/static-1.22wmf19/extensions/FlaggedRevs/frontend/modules/img/1.png))) (-RRB- -RRB-)) (NP (DT This) (NN page)) (VP (MD may) (VP (VB need) (S (VP (TO to) (VP (VB be) (VP (-LRB- -LSB-) (VP (VBN reviewed) (NP (NP (NP (-RRB- -RSB-)) (PRN (-LRB- -LRB-) (NP (NP (: /) (NNS wiki/Wikibooks)) (: :) (NP (NNP REVIEW))) (-RRB- -RRB-))) (PP (IN for) (NP (NN quality))))))))))) (. .))) 
14,27,28,this,book,php?title = Basic_Writing / Print_version & action = edit & section = 1 -RRB- -RSB- The -LSB- authors -RSB- -LRB- / wiki/Basic _ Writing/Authors -RRB- of this book for the most part are the graduate students in Theory of Basic Writing at -LSB- Missouri State University -RSB- -LRB- http://english.missouristate.edu/gradprograms.htm -RRB- .,(ROOT (S (NP (NP (NP (NN php?title) (JJ =) (NN Basic_Writing)) (PRN (: /) (S (NP (NNP Print_version)) (NP (CC &) (NP (NN action) (JJ =) (NN edit)) (CC &) (NP (NP (NN section)) (ADJP (JJ =) (NP-TMP (CD 1)))))) (-RRB- -RRB-))) (PP (-RRB- -RSB-) (NP (NP (NP (DT The) (-LRB- -LSB-) (NNS authors) (-RRB- -RSB-)) (PRN (-LRB- -LRB-) (PP (: /) (NP (JJ wiki/Basic) (NN _) (NNS Writing/Authors))) (-RRB- -RRB-))) (PP (IN of) (NP (NP (DT this) (NN book)) (PP (IN for) (NP (DT the) (JJS most) (NN part)))))))) (VP (VBP are) (NP (NP (DT the) (JJ graduate) (NNS students)) (PP (IN in) (NP (NP (NNP Theory)) (PP (IN of) (NP (NP (NNP Basic)) (VP (VBG Writing) (PP (IN at) (NP (-LRB- -LSB-) (NNP Missouri) (NNP State) (NNP University) (-RRB- -RSB-)))))) (PRN (-LRB- -LRB-) (NP (NN http://english.missouristate.edu/gradprograms.htm)) (-RRB- -RRB-)))))) (. .))) 
22,2,4,this,help,Let this book help you get the most out of your writing class .,(ROOT (S (VP (VB Let) (NP (DT this) (NN book) (NN help)) (SBAR (S (NP (PRP you)) (VP (VBP get) (NP (DT the) (RBS most)) (PP (RB out) (IN of) (NP (PRP$ your) (VBG writing) (NN class))))))) (. .))) 
30,24,25,this,question,"php?title = Basic_Writing / Invention & action = edit & section = T-3 -RRB- -RSB- Many people begin college composition class assignments with this question , although not many will say it out loud .","(ROOT (S (NP (NP (NP (NN php?title) (JJ =) (NN Basic_Writing)) (PRN (: /) (S (NP (NNP Invention)) (NP (CC &) (NP (NN action) (JJ =) (NN edit)) (CC &) (NP (NN section) (JJ =) (NN T-3)))) (-RRB- -RRB-))) (PP (-RRB- -RSB-) (NP (JJ Many) (NNS people)))) (VP (VBP begin) (NP (NP (NN college) (NN composition) (NN class) (NNS assignments)) (PP (IN with) (NP (DT this) (NN question)))) (, ,) (SBAR (IN although) (S (NP (RB not) (JJ many)) (VP (MD will) (VP (VB say) (NP (PRP it)) (ADVP (RP out) (RB loud))))))) (. .))) "
34,20,21,that,class,"Behind that instructor is every writing teacher the instructor ever had ; the university 's general education goals for that class , which can be quite specific ; writing theorists the instructor may have read ; and of course , the other people in your class who will certainly be reading your writing in peer revision groups .","(ROOT (S (PP (IN Behind) (NP (DT that))) (NP (NN instructor)) (VP (VBZ is) (NP (NP (DT every) (VBG writing) (NN teacher)) (SBAR (S (S (NP (DT the) (NN instructor)) (ADVP (RB ever)) (VP (VBD had))) (: ;) (S (S (NP (NP (NP (DT the) (NN university) (POS 's)) (JJ general) (NN education) (NNS goals)) (PP (IN for) (NP (NP (DT that) (NN class)) (, ,) (SBAR (WHNP (WDT which)) (S (VP (MD can) (VP (VB be) (ADJP (RB quite) (JJ specific)) (: ;) (S (VP (VBG writing) (NP (NNS theorists))))))))))) (NP (DT the) (NN instructor)) (VP (MD may) (VP (VB have) (VP (VBN read))))) (: ;) (CC and) (S (PP (IN of) (NP (NN course))) (, ,) (NP (NP (DT the) (JJ other) (NNS people)) (PP (IN in) (NP (PRP$ your) (NN class)))))))) (SBAR (WHNP (WP who)) (S (VP (MD will) (ADVP (RB certainly)) (VP (VB be) (VP (VBG reading) (NP (PRP$ your) (NN writing)) (PP (IN in) (S (VP (VB peer) (NP (NN revision) (NNS groups)))))))))))) (. .))) "
36,6,7,this,audience,"Luckily , as spokesperson for this audience your instructor has given you a map of sorts -- the assignment sheet .","(ROOT (S (ADVP (RB Luckily)) (, ,) (PP (IN as) (NP (NP (NN spokesperson)) (PP (IN for) (NP (DT this) (NN audience))))) (NP (PRP$ your) (NN instructor)) (VP (VBZ has) (VP (VBN given) (NP (PRP you)) (NP (NP (NP (DT a) (NN map)) (PP (IN of) (NP (NNS sorts)))) (: --) (NP (DT the) (NN assignment) (NN sheet))))) (. .))) "
38,10,11,this,time,"After reading it , read it again , only this time use a colored marker to highlight key points such as when it 's due , page count , type of writing -LRB- genre -RRB- , style -LRB- MLA , APA ... -RRB- , and most importantly , anything resembling an ingredients list .","(ROOT (S (PP (IN After) (S (VP (VBG reading) (NP (PRP it))))) (, ,) (VP (VB read) (NP (PRP it)) (ADVP (RB again)) (, ,) (ADVP (RB only) (NP (DT this) (NN time))) (VP (VB use) (S (NP (DT a) (VBN colored) (NN marker)) (VP (TO to) (VP (VB highlight) (NP (JJ key) (NNS points)) (PP (JJ such) (IN as) (SBAR (WHADVP (WRB when)) (S (NP (PRP it)) (VP (VBZ 's) (ADJP (JJ due)) (, ,) (NP (NP (NN page) (NN count)) (, ,) (NP (NP (NN type)) (PP (IN of) (S (VP (VBG writing) (NP (NP (-LRB- -LRB-) (NN genre) (-RRB- -RRB-)) (, ,) (NP (NN style)) (PRN (-LRB- -LRB-) (FRAG (ADJP (NN MLA)) (, ,) (NP (NNP APA)) (: ...)) (-RRB- -RRB-))))))) (, ,) (CC and) (ADVP (RBS most) (RB importantly)) (, ,) (NP (NP (NN anything)) (VP (VBG resembling) (NP (DT an) (NNS ingredients) (NN list)))))))))))))) (. .))) "
62,5,6,this,point,"If you decide at this point that you want this to be the specific subject of your paper , then you need to learn as much as you can about the symbols as it relates to WWII , but be wary still that even this topic may be too large for a short paper -LRB- i.e. 5-10 pages -RRB- .","(ROOT (S (SBAR (IN If) (S (NP (PRP you)) (VP (VBP decide) (PP (IN at) (NP (DT this) (NN point))) (SBAR (IN that) (S (NP (PRP you)) (VP (VBP want) (S (NP (DT this)) (VP (TO to) (VP (VB be) (NP (NP (DT the) (JJ specific) (NN subject)) (PP (IN of) (NP (PRP$ your) (NN paper))))))))))))) (, ,) (ADVP (RB then)) (NP (PRP you)) (VP (VBP need) (S (VP (TO to) (VP (VB learn) (ADVP (ADVP (RB as) (JJ much)) (SBAR (IN as) (S (NP (PRP you)) (VP (MD can))))) (PP (IN about) (NP (DT the) (NNS symbols)))))) (SBAR (IN as) (S (NP (PRP it)) (VP (VP (VBZ relates) (PP (TO to) (NP (NNP WWII)))) (, ,) (CC but) (VP (VB be) (ADJP (JJ wary)) (ADVP (RB still)) (SBAR (IN that) (RB even) (S (NP (DT this) (NN topic)) (VP (MD may) (VP (VB be) (ADJP (RB too) (JJ large) (PP (IN for) (NP (DT a) (JJ short) (NN paper)))) (PRN (-LRB- -LRB-) (NP (NP (FW i.e.)) (NP (CD 5-10) (NNS pages))) (-RRB- -RRB-))))))))))) (. .))) "
62,45,46,this,topic,"If you decide at this point that you want this to be the specific subject of your paper , then you need to learn as much as you can about the symbols as it relates to WWII , but be wary still that even this topic may be too large for a short paper -LRB- i.e. 5-10 pages -RRB- .","(ROOT (S (SBAR (IN If) (S (NP (PRP you)) (VP (VBP decide) (PP (IN at) (NP (DT this) (NN point))) (SBAR (IN that) (S (NP (PRP you)) (VP (VBP want) (S (NP (DT this)) (VP (TO to) (VP (VB be) (NP (NP (DT the) (JJ specific) (NN subject)) (PP (IN of) (NP (PRP$ your) (NN paper))))))))))))) (, ,) (ADVP (RB then)) (NP (PRP you)) (VP (VBP need) (S (VP (TO to) (VP (VB learn) (ADVP (ADVP (RB as) (JJ much)) (SBAR (IN as) (S (NP (PRP you)) (VP (MD can))))) (PP (IN about) (NP (DT the) (NNS symbols)))))) (SBAR (IN as) (S (NP (PRP it)) (VP (VP (VBZ relates) (PP (TO to) (NP (NNP WWII)))) (, ,) (CC but) (VP (VB be) (ADJP (JJ wary)) (ADVP (RB still)) (SBAR (IN that) (RB even) (S (NP (DT this) (NN topic)) (VP (MD may) (VP (VB be) (ADJP (RB too) (JJ large) (PP (IN for) (NP (DT a) (JJ short) (NN paper)))) (PRN (-LRB- -LRB-) (NP (NP (FW i.e.)) (NP (CD 5-10) (NNS pages))) (-RRB- -RRB-))))))))))) (. .))) "
68,25,26,that,question,"From there you need to decide on a specific question that you wish to answer in your paper , do the necessary research for that question , and then begin the writing process .","(ROOT (S (PP (IN From) (NP (EX there))) (NP (PRP you)) (VP (VBP need) (S (VP (TO to) (VP (VB decide) (PP (IN on) (NP (DT a) (JJ specific) (NN question))) (SBAR (IN that) (S (NP (PRP you)) (VP (VBP wish) (S (VP (TO to) (VP (VB answer) (S (S (PP (IN in) (NP (PRP$ your) (NN paper))) (, ,) (VP (VBP do) (NP (NP (DT the) (JJ necessary) (NN research)) (PP (IN for) (NP (DT that) (NN question)))))) (, ,) (CC and) (S (ADVP (RB then)) (VP (VB begin) (NP (DT the) (VBG writing) (NN process))))))))))))))) (. .))) "
87,4,5,that,sub-topic,Break up with that sub-topic and never look back !,(ROOT (S (S (VP (VB Break) (PRT (RP up)) (PP (IN with) (NP (DT that) (JJ sub-topic))))) (CC and) (S (ADVP (RB never)) (VP (VB look) (ADVP (RB back)))) (. !))) 
97,14,16,those,detail,These thoughts can be the starting point for an assignment or may provide those extra details needed to make the paper more effective .,(ROOT (S (NP (DT These) (NNS thoughts)) (VP (VP (MD can) (VP (VB be) (NP (NP (DT the) (VBG starting) (NN point)) (PP (IN for) (NP (DT an) (NN assignment)))))) (CC or) (VP (MD may) (VP (VB provide) (NP (NP (DT those) (JJ extra) (NNS details)) (VP (VBN needed) (S (VP (TO to) (VP (VB make) (S (NP (DT the) (NN paper)) (ADJP (RBR more) (JJ effective))))))))))) (. .))) 
103,8,9,these,book,Staring at or reading the spines of these books can often initiate an inspiration or two .,(ROOT (S (S (VP (VP (VBG Staring) (PP (IN at))) (CC or) (VP (VBG reading) (NP (NP (DT the) (NNS spines)) (PP (IN of) (NP (DT these) (NNS books))))))) (VP (MD can) (ADVP (RB often)) (VP (VB initiate) (NP (NP (DT an) (NN inspiration)) (CC or) (NP (CD two))))) (. .))) 
108,12,13,those,topic,Then decide which topic interests you the most by crossing of those topics that do n't interest you as much .,(ROOT (S (RB Then) (VP (VB decide) (SBAR (WHNP (WDT which) (NN topic) (NNS interests)) (S (NP (PRP you)) (VP (NP (DT the) (VP (ADVP (RBS most)) (PP (IN by) (S (VP (VBG crossing) (PP (IN of) (NP (NP (DT those) (NNS topics)) (SBAR (WHNP (WDT that)) (S (VP (VBP do) (RB n't)))))))))) (NN interest)) (PRN (ADVP (PRP you) (RB as)) (ADVP (RB much))))))) (. .))) 
109,54,55,this,case,"* ** Example ** : WWII Hitler concentration camps D-Day <del> Jews </del> <del> Churchill </del> yellow stars Axis and Allied forces air raids tanks : M4 tanks , Sherman tanks <del> Pearl Harbor </del> <del> machine guns </del> atomic bomb symbols Blitzkrieg * Freewriting : * Similar to listing , only in this case you simply start writing in sentence form literally anything that comes to mind in context of thinking about your topic and/or assignment .","(ROOT (S (S (SBAR (X (SYM *)) (S (SBAR (X (X (SYM **)) (NP (NNP Example))) (S (S (FRAG (X (SYM **)) (: :) (NP (NNP WWII) (NNP Hitler))) (NP (NN concentration) (NNS camps)) (VP (VP (NP-TMP (NNP D-Day)) (VBD <del>) (SBAR (S (NP (NNPS Jews)) (VP (VBP </del>) (NP (JJ <del>) (NNP Churchill) (NN </del>)))))) (NP (NP (JJ yellow) (NNS stars)) (NNP Axis)))) (CC and) (S (NP (NNP Allied) (NNS forces) (NN air) (NNS raids)) (NP (NP (NNS tanks)) (: :) (NP (NN M4) (NNS tanks)))))) (, ,) (NP (NNP Sherman) (NNS tanks)) (VP (VBP <del>) (NP (NNP Pearl) (NNP Harbor))))) (NP (NN </del>) (NN <del>) (NN machine) (NNS guns)) (VP (VBP </del>) (NP (NP (JJ atomic) (NN bomb) (NNS symbols)) (NP (NNP Blitzkrieg))) (FRAG (X (SYM *)) (NP (NN Freewriting))))) (: :) (X (X (SYM *)) (PP (ADVP (JJ Similar)) (PP (TO to) (NP (NN listing))) (, ,) (ADVP (RB only)) (PP (IN in) (NP (NP (DT this) (NN case)) (SBAR (S (NP (PRP you)) (ADVP (RB simply)) (VP (VB start) (S (VP (VBG writing) (PP (IN in) (NP (NN sentence) (NN form))) (NP (NP (RB literally) (NN anything)) (SBAR (WHNP (WDT that)) (S (VP (VP (VBZ comes) (S (VP (TO to) (VP (VB mind) (PP (IN in) (NP (NP (NN context)) (PP (IN of) (S (VP (VBG thinking) (PP (IN about) (NP (PRP$ your) (NN topic)))))))))))) (CC and/or) (VP (NN assignment))))))))))))))) (. .))) "
128,2,3,this,case,"In this case , you 've narrowed the topic down to `` Badges . ''","(ROOT (S (PP (IN In) (NP (DT this) (NN case))) (, ,) (NP (PRP you)) (VP (VBP 've) (VP (VBN narrowed) (ADVP (NP (DT the) (NN topic)) (IN down)) (PP (TO to) (`` ``) (NP (NNS Badges))))) (. .) ('' ''))) "
129,5,7,that,idea,"The ideas stemming from that central idea are all having to do with the central idea , but different aspects of that idea .","(ROOT (S (NP (NP (DT The) (NNS ideas)) (VP (VBG stemming) (PP (IN from) (NP (DT that) (JJ central) (NN idea))))) (VP (VBP are) (ADVP (DT all)) (VP (VBG having) (S (VP (TO to) (VP (VB do) (UCP (PP (IN with) (NP (DT the) (JJ central) (NN idea))) (, ,) (CC but) (NP (NP (JJ different) (NNS aspects)) (PP (IN of) (NP (DT that) (NN idea)))))))))) (. .))) "
129,22,23,that,idea,"The ideas stemming from that central idea are all having to do with the central idea , but different aspects of that idea .","(ROOT (S (NP (NP (DT The) (NNS ideas)) (VP (VBG stemming) (PP (IN from) (NP (DT that) (JJ central) (NN idea))))) (VP (VBP are) (ADVP (DT all)) (VP (VBG having) (S (VP (TO to) (VP (VB do) (UCP (PP (IN with) (NP (DT the) (JJ central) (NN idea))) (, ,) (CC but) (NP (NP (JJ different) (NNS aspects)) (PP (IN of) (NP (DT that) (NN idea)))))))))) (. .))) "
134,2,3,this,instance,"In this instance , you can write information you have gathered about World War II symbols/badges .","(ROOT (S (PP (IN In) (NP (DT this) (NN instance))) (, ,) (NP (PRP you)) (VP (MD can) (VP (VB write) (NP (NP (NN information)) (SBAR (S (NP (PRP you)) (VP (VBP have) (VP (VBN gathered) (PP (IN about) (NP (NNP World) (NNP War) (NNP II) (NNS symbols/badges)))))))))) (. .))) "
136,6,7,that,information,"You can write all of that information on a note card , but make sure you make a note as to where the information came from so that you can easily go back and check your sources and cite them properly .","(ROOT (S (S (NP (PRP You)) (VP (VP (MD can) (VP (VB write) (NP (NP (DT all)) (PP (IN of) (NP (NP (DT that) (NN information)) (PP (IN on) (NP (DT a) (NN note) (NN card)))))))) (, ,) (CC but) (VP (VBP make) (ADJP (JJ sure))))) (NP (PRP you)) (VP (VP (VBP make) (NP (DT a) (NN note)) (PP (IN as) (PP (TO to) (SBAR (WHADVP (WRB where)) (S (NP (DT the) (NN information)) (VP (VBD came) (PP (IN from) (ADVP (RB so))) (SBAR (IN that) (S (NP (PRP you)) (VP (MD can) (ADVP (RB easily)) (VP (VP (VB go) (ADVP (RB back))) (CC and) (VP (VB check) (NP (PRP$ your) (NNS sources))))))))))))) (CC and) (VP (VBP cite) (NP (PRP them)) (ADVP (RB properly)))) (. .))) "
137,19,20,those,badge,"The next note card will cover another topic , say , types of badges and the employment of those badges .","(ROOT (S (NP (DT The) (JJ next) (NN note) (NN card)) (VP (VP (MD will) (VP (VB cover) (NP (DT another) (NN topic)))) (, ,) (VP (VBP say)) (, ,) (NP (NP (NP (NNS types)) (PP (IN of) (NP (NNS badges)))) (CC and) (NP (NP (DT the) (NN employment)) (PP (IN of) (NP (DT those) (NNS badges)))))) (. .))) "
144,6,8,those,area,"It can reveal to you those potential areas of personal interest within the writing task : in a manner of speaking , prewriting enables you to `` discover '' yourself within the context of your topic .","(ROOT (S (S (NP (PRP It)) (VP (MD can) (VP (VB reveal) (PP (TO to) (NP (PRP you))) (NP (NP (DT those) (JJ potential) (NNS areas)) (PP (IN of) (NP (NP (JJ personal) (NN interest)) (PP (IN within) (NP (DT the) (VBG writing) (NN task))))))))) (: :) (S (PP (IN in) (NP (NP (DT a) (NN manner)) (PP (IN of) (NP (NN speaking))))) (, ,) (NP (VBG prewriting)) (VP (VBZ enables) (S (NP (PRP you)) (VP (TO to) (VP (`` ``) (VB discover) ('' '') (NP (PRP yourself))))) (PP (IN within) (NP (NP (DT the) (NN context)) (PP (IN of) (NP (PRP$ your) (NN topic))))))) (. .))) "
183,8,9,this,topic,Where is there an arguable side of this topic ?,(ROOT (SBARQ (WHADVP (WRB Where)) (SQ (VBZ is) (NP (EX there)) (NP (NP (DT an) (JJ arguable) (NN side)) (PP (IN of) (NP (DT this) (NN topic))))) (. ?))) 
192,25,26,that,way,"Before you even put pen to paper or fingers to keys -LRB- If you do have a good idea , WRITE IT DOWN , that way you do n't forget it ! -RRB-","(ROOT (SBAR (IN Before) (S (NP (PRP you)) (ADVP (RB even)) (VP (VBD put) (NP (NN pen)) (PP (TO to) (NP (NN paper) (CC or) (NNS fingers))) (PP (TO to) (NP (NP (NNS keys)) (PRN (-LRB- -LRB-) (S (S (SBAR (IN If) (S (NP (PRP you)) (VP (VBP do) (VP (VB have) (NP (DT a) (JJ good) (NN idea)))))) (, ,) (VP (VB WRITE) (NP (PRP IT)) (ADVP (RB DOWN)))) (, ,) (FRAG (NP (DT that) (NN way) (SBAR (S (NP (PRP you)) (VP (VBP do) (RB n't) (VP (VB forget) (NP (PRP it)))))))) (. !)) (-RRB- -RRB-)))))))) "
200,5,6,this,technique,Many teachers will use this technique as a way to jumpstart your creativity and get you thinking .,(ROOT (S (NP (JJ Many) (NNS teachers)) (VP (MD will) (VP (VB use) (NP (DT this) (NN technique)) (PP (IN as) (NP (DT a) (NN way) (S (VP (TO to) (VP (VP (VB jumpstart) (NP (PRP$ your) (NN creativity))) (CC and) (VP (VB get) (S (NP (PRP you)) (VP (VBG thinking))))))))))) (. .))) 
208,4,5,this,point,"Note : at this point you wo n't necessarily need actual evidence , but you will want to have a good idea of the kinds of things out there that you can use to back up your claim .","(ROOT (NP (NP (VB Note)) (: :) (S (S (PP (IN at) (NP (DT this) (NN point))) (NP (PRP you)) (VP (MD wo) (RB n't) (ADVP (RB necessarily)) (VP (VB need) (NP (JJ actual) (NN evidence))))) (, ,) (CC but) (S (NP (PRP you)) (VP (MD will) (VP (VB want) (S (VP (TO to) (VP (VB have) (NP (NP (DT a) (JJ good) (NN idea)) (PP (IN of) (NP (NP (DT the) (NNS kinds)) (PP (IN of) (NP (NNS things))))))))) (ADVP (IN out) (RB there) (SBAR (IN that) (S (NP (PRP you)) (VP (MD can) (VP (VB use) (S (VP (TO to) (VP (VB back) (PRT (RP up)) (NP (PRP$ your) (NN claim)))))))))))))) (. .))) "
233,26,27,this,outline,"This is the conclusion of your argument a. Restate your thesis b. Summarize your argument Note : you may have several more main points than this outline has , but they all follow the same basic structure .","(ROOT (S (S (NP (DT This)) (VP (VBZ is) (NP (NP (DT the) (NN conclusion)) (PP (IN of) (NP (PRP$ your) (NN argument)))) (SBAR (IN a.) (S (S (VP (VB Restate) (NP (PRP$ your) (NN thesis) (NN b.)) (VP (VB Summarize) (S (NP (PRP$ your) (NN argument)) (VP (NN Note) (: :) (S (NP (PRP you)) (VP (MD may) (VP (VB have) (NP (NP (JJ several) (ADJP (RBR more) (JJ main)) (NNS points)) (PP (IN than) (NP (DT this) (NN outline)))))))))))) (VP (VBZ has)))))) (, ,) (CC but) (S (NP (PRP they)) (ADVP (DT all)) (VP (VBP follow) (NP (DT the) (JJ same) (JJ basic) (NN structure)))) (. .))) "
255,4,5,this,kind,The terminology for this kind of writing is `` synthesis . '',(ROOT (S (NP (NP (DT The) (NN terminology)) (PP (IN for) (NP (NP (DT this) (NN kind)) (PP (IN of) (S (VP (VBG writing))))))) (VP (VBZ is) (`` ``) (NP (NN synthesis))) (. .) ('' ''))) 
261,37,39,those,break,"If your natural tendency when drafting is to move full-steam ahead in one long paragraph with the intention of breaking it up later , it 's worth the effort to slow down a bit and make those paragraph breaks as you write .","(ROOT (S (SBAR (IN If) (S (NP (NP (PRP$ your) (JJ natural) (NN tendency)) (SBAR (WHADVP (WRB when)) (S (VP (VBG drafting))))) (VP (VBZ is) (S (VP (TO to) (VP (VB move) (ADVP (RB full-steam)) (PP (RB ahead) (IN in) (NP (NP (CD one) (JJ long) (NN paragraph)) (PP (IN with) (NP (NP (DT the) (NN intention)) (PP (IN of) (S (VP (VBG breaking) (NP (PRP it)) (ADVP (RB up) (RB later))))))))))))))) (, ,) (NP (PRP it)) (VP (VBZ 's) (ADJP (JJ worth) (SBAR (S (NP (DT the) (NN effort)) (VP (TO to) (VP (VP (VB slow) (PRT (RP down)) (NP (DT a) (NN bit))) (CC and) (VP (VB make) (NP (DT those) (NN paragraph) (NNS breaks)) (SBAR (IN as) (S (NP (PRP you)) (VP (VBP write))))))))))) (. .))) "
264,21,24,those,block,"php?title = Basic_Writing / Drafting & action = edit & section = T-11 -RRB- -RSB- All writers can suffer from those horrible writing blocks , but there are ways around them .","(ROOT (S (S (NP (NP (NN php?title) (JJ =) (NN Basic_Writing)) (PRN (: /) (S (NP (NNP Drafting)) (NP (CC &) (NP (NN action) (JJ =) (NN edit)) (CC &) (NP (NN section) (JJ =) (NN T-11)))) (-RRB- -RRB-))) (VP (-RRB- -RSB-) (SBAR (S (NP (DT All) (NNS writers)) (VP (MD can) (VP (VB suffer) (PP (IN from) (NP (DT those) (JJ horrible) (NN writing) (NNS blocks))))))))) (, ,) (CC but) (S (NP (EX there)) (VP (VBP are) (NP (NP (NNS ways)) (PP (IN around) (NP (PRP them)))))) (. .))) "
282,19,21,that,work,"Keep up the hard work and you will be glad you went through so many drafts , all that hard work just might eventually pay off in a big way !","(ROOT (S (S (VP (VB Keep) (PRT (RP up)) (NP (DT the) (JJ hard) (NN work)))) (CC and) (S (NP (PRP you)) (VP (MD will) (VP (VB be) (ADJP (JJ glad) (SBAR (S (NP (PRP you)) (VP (VBD went) (PP (IN through) (NP (NP (ADJP (RB so) (JJ many)) (NNS drafts)) (, ,) (SBAR (WHNP (DT all)) (S (NP (DT that) (JJ hard) (NN work)) (ADVP (RB just)) (VP (MD might) (ADVP (RB eventually)) (VP (VB pay) (PRT (RP off)) (PP (IN in) (NP (DT a) (JJ big) (NN way)))))))))))))))) (. !))) "
291,2,3,those,concern,"Write those concerns down -LRB- make notes in the margin , highlight , make familiar marks -RRB- so that you can return to them .","(ROOT (S (VP (VB Write) (S (NP (DT those) (NNS concerns)) (ADJP (IN down)) (PRN (-LRB- -LRB-) (S (VP (VB make) (SBAR (S (NP (NP (NNS notes)) (PP (IN in) (NP (NP (DT the) (NN margin)) (, ,) (NP (NN highlight)) (, ,)))) (VP (VBP make) (NP (JJ familiar) (NNS marks))))))) (-RRB- -RRB-)) (S (ADJP (RB so) (SBAR (IN that) (S (NP (PRP you)) (VP (MD can) (VP (VB return) (PP (TO to) (NP (PRP them))))))))))) (. .))) "
366,14,15,those,question,Consider its merits and shortcomings to provide a complete evaluation and then ask those questions that ask the author about particular segments or certain evidence to support arguments to encourage discussion over the paper .,(ROOT (S (VP (VP (VB Consider) (NP (PRP$ its) (NNS merits) (CC and) (NNS shortcomings)) (S (VP (TO to) (VP (VB provide) (NP (DT a) (JJ complete) (NN evaluation)))))) (CC and) (VP (ADVP (RB then)) (VB ask) (NP (NP (DT those) (NNS questions)) (SBAR (WHNP (WDT that)) (S (VP (VBP ask) (NP (DT the) (NN author)) (PP (IN about) (NP (NP (JJ particular) (NNS segments)) (CC or) (NP (JJ certain) (NN evidence)))) (S (VP (TO to) (VP (VB support) (S (NP (NNS arguments)) (VP (TO to) (VP (VB encourage) (NP (NN discussion)) (PP (IN over) (NP (DT the) (NN paper))))))))))))))) (. .))) 
417,8,9,these,error,A checklist can also help you catch these errors in your writing .,(ROOT (S (NP (DT A) (NN checklist)) (VP (MD can) (ADVP (RB also)) (VP (VB help) (S (NP (PRP you)) (VP (VB catch) (NP (DT these) (NNS errors)) (PP (IN in) (NP (PRP$ your) (NN writing))))))) (. .))) 
432,6,7,that,problem,Now he needs to solve that problem once and for all .,(ROOT (S (ADVP (RB Now)) (NP (PRP he)) (VP (VBZ needs) (S (VP (TO to) (VP (VB solve) (NP (DT that) (NN problem)) (UCP (ADVP (RB once)) (CC and) (PP (IN for) (NP (DT all)))))))) (. .))) 
442,6,7,that,problem,Now he needs to solve that problem once and for all .,(ROOT (S (ADVP (RB Now)) (NP (PRP he)) (VP (VBZ needs) (S (VP (TO to) (VP (VB solve) (NP (DT that) (NN problem)) (UCP (ADVP (RB once)) (CC and) (PP (IN for) (NP (DT all)))))))) (. .))) 
457,19,20,that,student,php?title = Basic_Writing / Editing & action = edit & section = T-7 -RRB- -RSB- A major question that students will probably find themselves asking is this : How do I know when to edit a paper ?,(ROOT (S (NP (NP (NP (NN php?title) (JJ =) (NN Basic_Writing)) (PRN (: /) (S (NP (NNP Editing)) (NP (CC &) (NP (NN action) (JJ =) (NN edit)) (CC &) (NP (NN section) (JJ =) (NN T-7)))) (-RRB- -RRB-))) (PP (-RRB- -RSB-) (NP (NP (DT A) (JJ major) (NN question)) (SBAR (WHNP (WDT that) (NNS students)) (S (VP (MD will) (ADVP (RB probably)) (VP (VB find) (S (NP (PRP themselves)) (VP (VBG asking)))))))))) (VP (VBZ is) (NP (NP (DT this)) (: :) (SBARQ (WHADVP (WRB How)) (SQ (VBP do) (NP (PRP I)) (VP (VB know) (SBAR (WHADVP (WRB when)) (S (VP (TO to) (VP (VB edit) (NP (DT a) (NN paper)))))))) (. ?)))))) 
458,13,14,that,question,"As a matter of fact , there is no simple answer to that question .","(ROOT (S (PP (IN As) (NP (NP (DT a) (NN matter)) (PP (IN of) (NP (NN fact))))) (, ,) (NP (EX there)) (VP (VBZ is) (NP (NP (DT no) (JJ simple) (NN answer)) (PP (TO to) (NP (DT that) (NN question))))) (. .))) "
459,11,12,these,step,"Writing is a process that involves several steps , and these steps do not always occur in a straight line .","(ROOT (S (S (S (VP (VBG Writing))) (VP (VBZ is) (NP (NP (DT a) (NN process)) (SBAR (WHNP (WDT that)) (S (VP (VBZ involves) (NP (JJ several) (NNS steps)))))))) (, ,) (CC and) (S (NP (DT these) (NNS steps)) (VP (VBP do) (RB not) (ADVP (RB always)) (VP (VB occur) (PP (IN in) (NP (DT a) (JJ straight) (NN line)))))) (. .))) "
466,8,9,that,editing,"Thus , it 's important to realize that editing is not necessarily a one-step action , but rather something that can be done throughout the entire writing process .","(ROOT (S (ADVP (RB Thus)) (, ,) (NP (PRP it)) (VP (VBZ 's) (ADJP (JJ important) (S (VP (TO to) (VP (VB realize) (NP (NP (NP (DT that) (NN editing)) (SBAR (S (VP (VBZ is) (RB not) (ADVP (RB necessarily)) (NP (DT a) (JJ one-step) (NN action)))))) (, ,) (CONJP (CC but) (RB rather)) (NP (NP (NN something)) (SBAR (WHNP (WDT that)) (S (VP (MD can) (VP (VB be) (VP (VBN done) (PP (IN throughout) (NP (DT the) (JJ entire) (VBG writing) (NN process))))))))))))))) (. .))) "
480,3,4,these,error,"Some of these errors include spelling , capitalization , punctuation , grammar , subject \ verb agreement , and word usage .","(ROOT (S (NP (NP (DT Some)) (PP (IN of) (NP (DT these) (NNS errors)))) (VP (VBP include) (NP (NN spelling) (, ,) (NN capitalization) (, ,) (NN punctuation) (, ,) (NN grammar) (, ,) (JJ subject) (NN \)) (S (VP (VB verb) (NP (NP (NN agreement)) (, ,) (CC and) (NP (NN word) (NN usage)))))) (. .))) "
482,23,24,these,mistake,"However , if you are writing a paper out longhand , using a good college-edition dictionary can help you prevent many of these mistakes -LRB- unless of course , you also ca n't guess which letter begins the word -RRB- .","(ROOT (S (ADVP (RB However)) (, ,) (SBAR (IN if) (S (NP (PRP you)) (VP (VBP are) (VP (VBG writing) (NP (DT a) (NN paper)) (PP (IN out) (NP (NN longhand))) (, ,) (S (VP (VBG using) (SBAR (S (NP (DT a) (JJ good) (NN college-edition) (NN dictionary)) (VP (MD can) (VP (VB help))))))))))) (NP (PRP you)) (VP (VBP prevent) (NP (NP (JJ many)) (PP (IN of) (NP (NP (DT these) (NNS mistakes)) (PRN (-LRB- -LRB-) (SBAR (IN unless) (S (PP (IN of) (NP (NN course))) (, ,) (NP (PRP you)) (ADVP (RB also)) (VP (MD ca) (RB n't) (VP (VB guess) (SBAR (WHNP (WDT which)) (S (NP (NN letter)) (VP (VBZ begins) (NP (DT the) (NN word))))))))) (-RRB- -RRB-)))))) (. .))) "
519,2,3,this,section,In this section we will discuss how to look at your own work carefully to spot errors .,(ROOT (S (PP (IN In) (NP (DT this) (NN section))) (NP (PRP we)) (VP (MD will) (VP (VB discuss) (SBAR (WHADVP (WRB how)) (S (VP (TO to) (VP (VB look) (PP (IN at) (NP (PRP$ your) (JJ own) (NN work))) (ADVP (RB carefully) (S (VP (TO to) (VP (VB spot) (NP (NNS errors)))))))))))) (. .))) 
535,3,4,these,question,Ask yourself these questions : Are the sentences complete ?,(ROOT (X (S (VP (VB Ask) (S (NP (PRP yourself)) (NP (DT these) (NNS questions))))) (: :) (NP (SQ (VBP Are) (NP (DT the) (NNS sentences))) (VP (VB complete))) (. ?))) 
546,44,45,these,homonym,"For example , spell-check software ca n't always tell whether _ their _ , _ there _ , or _ they 're _ fits in a specific sentence , but a person can always figure it out by looking at the definitions for these homonyms .","(ROOT (S (S (PP (IN For) (NP (NN example))) (, ,) (NP (NN spell-check) (NN software)) (VP (MD ca) (RB n't) (ADVP (RB always)) (VP (VB tell) (PP (IN whether) (NP (CD _))) (NP (NP (PRP$ their) (NN _)) (, ,) (NP (NP (CD _)) (NP (EX there)) (NP (CD _))) (, ,) (CC or) (NP (NP (NN _)) (SBAR (S (NP (PRP they)) (VP (VBP 're) (NP (NP (CD _) (NNS fits)) (PP (IN in) (NP (DT a) (JJ specific) (NN sentence)))))))))))) (, ,) (CC but) (S (NP (DT a) (NN person)) (VP (MD can) (ADVP (RB always)) (VP (VB figure) (NP (PRP it)) (PRT (RP out)) (PP (IN by) (S (VP (VBG looking) (PP (IN at) (NP (NP (DT the) (NNS definitions)) (PP (IN for) (NP (DT these) (NNS homonyms))))))))))) (. .))) "
568,16,17,these,sentence,Take some time and see if you can figure out what the error is in these sentences .,(ROOT (S (VP (VP (VB Take) (NP (DT some) (NN time))) (CC and) (VP (VB see) (SBAR (IN if) (S (NP (PRP you)) (VP (MD can) (VP (VB figure) (PRT (RP out)) (SBAR (WHNP (WP what)) (S (NP (DT the) (NN error)) (VP (VBZ is) (PP (IN in) (NP (DT these) (NNS sentences)))))))))))) (. .))) 
576,4,5,this,case,\ -- In this case the verb started out as a singular form .,(ROOT (S (NP (NP (NN \)) (PRN (: --) (PP (IN In))) (NP (DT this) (NN case)) (DT the)) (VP (VB verb) (VP (VBN started) (PRT (RP out)) (PP (IN as) (NP (DT a) (JJ singular) (NN form))))) (. .))) 
580,9,10,this,method,"If you can not identify subjects and verbs this method will not be practical , and you should seek guidance online , at your school 's writing center , or from an instructor first .","(ROOT (S (S (SBAR (IN If) (S (NP (PRP you)) (VP (MD can) (RB not) (VP (VB identify) (NP (NNS subjects) (CC and) (NNS verbs)))))) (NP (DT this) (NN method)) (VP (MD will) (RB not) (VP (VB be) (ADJP (JJ practical))))) (, ,) (CC and) (S (NP (PRP you)) (VP (MD should) (VP (VB seek) (PP (NN guidance) (NN online)) (, ,) (PP (PP (IN at) (NP (NP (PRP$ your) (NN school) (POS 's)) (VBG writing) (NN center))) (, ,) (CC or) (PP (IN from) (NP (DT an) (NN instructor)) (ADVP (RB first))))))) (. .))) "
602,2,3,this,case,"In this case , the word PROOFREEDING would not be caught as a misspelled word because it is in all capital letters .","(ROOT (S (PP (IN In) (NP (DT this) (NN case))) (, ,) (NP (DT the) (NN word) (NN PROOFREEDING)) (VP (MD would) (RB not) (VP (VB be) (VP (VBN caught) (PP (IN as) (NP (NP (DT a)) (VP (VBN misspelled) (NP (NN word)) (SBAR (IN because) (S (NP (PRP it)) (VP (VBZ is) (PP (IN in) (NP (DT all) (NN capital) (NNS letters)))))))))))) (. .))) "
605,18,21,that,paper,"Spend the time to look over your writing carefully to make an honest attempt at turning in that elusive error-free paper , AKA by editors as _ clean copy .","(ROOT (S (VP (VB Spend) (NP (DT the) (NN time) (S (VP (TO to) (VP (VB look) (PP (IN over) (S (NP (PRP$ your)) (VP (VBG writing) (ADVP (RB carefully)) (S (VP (TO to) (VP (VB make) (NP (DT an) (JJ honest) (NN attempt)) (PP (IN at) (S (VP (VBG turning) (PP (IN in) (NP (NP (DT that) (ADJP (JJ elusive) (JJ error-free)) (NN paper)) (, ,) (NP (NN AKA)))))))))) (PP (IN by) (NP (NP (NNS editors)) (PP (IN as) (NP (NN _) (JJ clean) (NN copy))))))))))))) (. .))) "
687,4,5,this,section,"The activities in this section will help you jump-start your creativity , and before you know it you will have written some great poems , short stories , and memoirs .","(ROOT (S (S (NP (NP (DT The) (NNS activities)) (PP (IN in) (NP (DT this) (NN section)))) (VP (MD will) (VP (VB help) (S (NP (PRP you)) (VP (VB jump-start) (NP (PRP$ your) (NN creativity))))))) (, ,) (CC and) (S (SBAR (IN before) (S (NP (PRP you)) (VP (VBP know) (NP (PRP it))))) (NP (PRP you)) (VP (MD will) (VP (VB have) (VP (VBN written) (NP (NP (DT some) (JJ great) (NNS poems)) (, ,) (NP (JJ short) (NNS stories)) (, ,) (CC and) (NP (NNS memoirs))))))) (. .))) "
691,2,4,these,exercise,"With these poetry exercises , you will attempt to write poems that are short but specific .","(ROOT (S (PP (IN With) (NP (DT these) (NN poetry) (NNS exercises))) (, ,) (NP (PRP you)) (VP (MD will) (VP (VB attempt) (S (VP (TO to) (VP (VB write) (NP (NP (NNS poems)) (SBAR (WHNP (WDT that)) (S (VP (VBP are) (ADJP (JJ short) (CC but) (JJ specific))))))))))) (. .))) "
698,2,3,this,exercise,"For this exercise , read Lucille Clifton 's -LSB- `` the garden of delight '' -RSB- -LRB- http://www.poetryfoundation.org/archive/poem.html?id=176011 -RRB- and then write a poem about a garden or park you like to visit without using any punctuation .","(ROOT (S (PP (IN For) (NP (DT this) (NN exercise))) (, ,) (VP (VP (VBD read) (NP (NP (NP (NNP Lucille) (NNP Clifton) (POS 's)) (-LRB- -LSB-) (`` ``) (NX (NP (DT the) (NN garden)) (PP (IN of) (NP (NN delight)))) ('' '') (-RRB- -RSB-)) (PRN (-LRB- -LRB-) (NP (NN http://www.poetryfoundation.org/archive/poem.html?id=176011)) (-RRB- -RRB-)))) (CC and) (RB then) (VP (VB write) (NP (DT a) (NN poem)) (PP (IN about) (NP (NP (DT a) (NN garden) (CC or) (NN park)) (SBAR (S (NP (PRP you)) (VP (VBP like) (S (VP (TO to) (VP (VB visit) (PP (IN without) (S (VP (VBG using) (NP (DT any) (NN punctuation))))))))))))))) (. .))) "
700,17,20,this,punctuation,"Then on a separate piece of paper , try writing the same poem again , but this time use punctuation .","(ROOT (S (RB Then) (PP (IN on) (NP (NP (DT a) (JJ separate) (NN piece)) (PP (IN of) (NP (NN paper))))) (, ,) (VP (VBP try) (S (VP (VBG writing) (NP (DT the) (JJ same) (NN poem)) (ADVP (RB again)) (, ,) (PP (CC but) (NP (DT this) (NN time) (NN use) (NN punctuation)))))) (. .))) "
705,4,5,this,poem,Do you like this poem better and why ?,(ROOT (SQ (VP (VB Do) (FRAG (SBAR (WHNP (NP (PRP you)) (PP (IN like) (NP (DT this) (NX (NX (NX (NN poem)) (ADJP (RBR better))) (CC and))))) (FRAG (WHADVP (WRB why)))))) (. ?))) 
714,2,3,this,three,"DIALOGUE this three must be needed when writing a memoir -- -LRB- narrative lead -RRB- -- > Simply stated , narrative is a style of writing that tells a story .","(ROOT (S (NP (NP (NN DIALOGUE)) (NP (DT this) (CD three))) (VP (MD must) (VP (VB be) (VP (VBN needed) (SBAR (WHADVP (WRB when)) (S (S (VP (VBG writing) (NP (NP (DT a) (NN memoir)) (: --) (NP (NP (-LRB- -LRB-) (JJ narrative) (NN lead) (-RRB- -RRB-)) (: --) (NP (NP (JJR >)) (VP (ADVP (RB Simply)) (VBN stated))))))) (, ,) (NP (NN narrative)) (VP (VBZ is) (NP (NP (DT a) (NN style)) (PP (IN of) (S (VP (VBG writing) (SBAR (IN that) (S (VP (VBZ tells) (NP (DT a) (NN story))))))))))))))) (. .))) "
727,3,5,this,significance,"Generally , this emotional significance is the result of a resolution from the conflict within the story .","(ROOT (S (ADVP (RB Generally)) (, ,) (NP (DT this) (JJ emotional) (NN significance)) (VP (VBZ is) (NP (NP (DT the) (NN result)) (PP (IN of) (NP (NP (DT a) (NN resolution)) (PP (IN from) (NP (NP (DT the) (NN conflict)) (PP (IN within) (NP (DT the) (NN story))))))))) (. .))) "
735,13,14,this,genre,Remember to stay focused and to tell a story when writing in this genre .,(ROOT (S (VP (VB Remember) (S (VP (VP (TO to) (VP (VB stay) (ADJP (JJ focused)))) (CC and) (VP (TO to) (VP (VB tell) (NP (DT a) (NN story)))))) (SBAR (WHADVP (WRB when)) (S (VP (VBG writing) (PP (IN in) (NP (DT this) (NN genre))))))) (. .))) 
742,11,12,this,genre,"However , there are certainly better ways to write in this genre than others .","(ROOT (S (ADVP (RB However)) (, ,) (NP (EX there)) (VP (VBP are) (ADVP (RB certainly)) (NP (JJR better) (NNS ways) (S (VP (TO to) (VP (VB write) (PP (IN in) (NP (NP (DT this) (NN genre)) (PP (IN than) (NP (NNS others)))))))))) (. .))) "
765,5,6,these,question,_ > _ Answering these questions will really improve the writing .,(ROOT (S (NP (NP (NP (NP (NN _)) (JJR >)) (NP (CD _))) (VP (VBG Answering) (NP (DT these) (NNS questions)))) (VP (MD will) (ADVP (RB really)) (VP (VB improve) (NP (DT the) (NN writing)))) (. .))) 
766,16,17,this,topic,The audience wants to know as much interesting information as you can tell them about this topic .,(ROOT (S (NP (DT The) (NN audience)) (VP (VBZ wants) (S (VP (TO to) (VP (VB know) (NP (ADJP (RB as) (JJ much)) (JJ interesting) (NN information)) (SBAR (IN as) (S (NP (PRP you)) (VP (MD can) (VP (VB tell) (NP (PRP them)) (PP (IN about) (NP (DT this) (NN topic))))))))))) (. .))) 
768,7,8,that,level,"You do n't need to reach that level , but that should be your goal .","(ROOT (S (S (NP (PRP You)) (VP (VBP do) (RB n't) (VP (VB need) (S (VP (TO to) (VP (VB reach) (NP (DT that) (NN level)))))))) (, ,) (CC but) (S (NP (DT that)) (VP (MD should) (VP (VB be) (NP (PRP$ your) (NN goal))))) (. .))) "
770,10,11,this,assignment,See the next example for a better response to this assignment .,(ROOT (S (VP (VB See) (NP (DT the) (JJ next) (NN example)) (PP (IN for) (NP (NP (DT a) (JJR better) (NN response)) (PP (TO to) (NP (DT this) (NN assignment)))))) (. .))) 
788,13,14,this,relationship,"For example , the reader does n't know what has changed in this relationship that led to the two of them becoming like `` best friends . ''","(ROOT (S (PP (IN For) (NP (NN example))) (, ,) (NP (DT the) (NN reader)) (VP (VBZ does) (RB n't) (VP (VB know) (SBAR (WHNP (WP what)) (S (VP (VBZ has) (VP (VBN changed) (PP (IN in) (NP (NP (DT this) (NN relationship)) (SBAR (WHNP (WDT that)) (S (VP (VBD led) (PP (TO to) (NP (DT the) (CD two))) (PP (IN of) (S (NP (PRP them)) (VP (VBG becoming) (PP (IN like) (`` ``) (NP (JJS best) (NNS friends))))))))))))))))) (. .) ('' ''))) "
813,3,4,this,writing,"To continue this writing , the writer will probably give another example of how things were after they began to understand each other better .","(ROOT (S (S (VP (TO To) (VP (VB continue) (NP (DT this) (NN writing))))) (, ,) (NP (DT the) (NN writer)) (VP (MD will) (ADVP (RB probably)) (VP (VB give) (NP (NP (DT another) (NN example)) (PP (IN of) (SBAR (WHADVP (WRB how)) (S (NP (NNS things)) (VP (VBD were) (SBAR (IN after) (S (NP (PRP they)) (VP (VBD began) (S (VP (TO to) (VP (VB understand) (NP (DT each) (JJ other) (JJR better))))))))))))))) (. .))) "
842,27,28,this,situation,The snow swirled around me in fury and I was near to tears with my own inner-fury at my roommate who could have helped me avoid this situation .,(ROOT (S (S (NP (DT The) (NN snow)) (VP (VBD swirled) (PP (IN around) (NP (PRP me))) (PP (IN in) (NP (NN fury))))) (CC and) (S (NP (PRP I)) (VP (VBD was) (PP (IN near) (PP (TO to) (NP (NP (NNS tears)) (PP (IN with) (NP (PRP$ my) (JJ own) (NN inner-fury)))))) (PP (IN at) (NP (NP (PRP$ my) (NN roommate)) (SBAR (WHNP (WP who)) (S (VP (MD could) (VP (VB have) (VP (VBN helped) (S (NP (PRP me)) (VP (VB avoid) (NP (DT this) (NN situation))))))))))))) (. .))) 
846,12,13,that,day,"The regular teachers did n't have time to fill me in that day , so instead of teaching my beautifully created lesson , I left to trudge back up the hill in the angry snow .","(ROOT (S (S (NP (DT The) (JJ regular) (NNS teachers)) (VP (VBD did) (RB n't) (VP (VB have) (NP (NN time)) (S (VP (TO to) (VP (VB fill) (NP (PRP me)) (PP (IN in) (NP (NP (NP (DT that) (NN day)) (, ,) (ADVP (RB so))) (CONJP (RB instead) (IN of)) (NP (NP (NN teaching)) (NP (PRP$ my) (ADJP (RB beautifully) (VBN created)) (NN lesson))))))))))) (, ,) (NP (PRP I)) (VP (VBD left) (S (VP (TO to) (VP (VB trudge) (ADVP (RB back) (IN up) (NP (DT the) (NN hill))) (PP (IN in) (NP (DT the) (JJ angry) (NN snow))))))) (. .))) "
850,12,13,this,person,It shows a picture of one day in the life of this person .,(ROOT (S (NP (PRP It)) (VP (VBZ shows) (NP (NP (DT a) (NN picture)) (PP (IN of) (NP (NP (CD one) (NN day)) (PP (IN in) (NP (NP (DT the) (NN life)) (PP (IN of) (NP (DT this) (NN person))))))))) (. .))) 
852,13,15,this,event,"Notice that the narrator does not focus on relationships or events surrounding this one event , but just on the event itself .","(ROOT (S (NP (NP (NNP Notice)) (PP (IN that) (NP (DT the) (NN narrator)))) (VP (VBZ does) (RB not) (VP (VB focus) (PP (PP (IN on) (NP (NP (NNS relationships) (CC or) (NNS events)) (VP (VBG surrounding) (NP (DT this) (CD one) (NN event))))) (, ,) (CONJP (CC but) (RB just)) (PP (IN on) (NP (NP (DT the) (NN event)) (ADVP (PRP itself))))))) (. .))) "
853,10,11,this,day,The focus is all of the details that caused this day to be the worst of this person 's life .,(ROOT (S (NP (DT The) (NN focus)) (VP (VBZ is) (NP (NP (DT all)) (PP (IN of) (NP (NP (DT the) (NNS details)) (SBAR (WHNP (WDT that)) (S (VP (VBD caused) (NP (DT this) (NN day) (S (VP (TO to) (VP (VB be) (NP (NP (DT the) (JJS worst)) (PP (IN of) (NP (NP (DT this) (NN person) (POS 's)) (NN life))))))))))))))) (. .))) 
853,17,18,this,person,The focus is all of the details that caused this day to be the worst of this person 's life .,(ROOT (S (NP (DT The) (NN focus)) (VP (VBZ is) (NP (NP (DT all)) (PP (IN of) (NP (NP (DT the) (NNS details)) (SBAR (WHNP (WDT that)) (S (VP (VBD caused) (NP (DT this) (NN day) (S (VP (TO to) (VP (VB be) (NP (NP (DT the) (JJS worst)) (PP (IN of) (NP (NP (DT this) (NN person) (POS 's)) (NN life))))))))))))))) (. .))) 
860,15,17,this,wikitext,See the -LSB- Basic Writing/Invention -RSB- -LRB- / wiki/Basic _ Writing/Invention -RRB- section of this book wikitext for help on narrowing your topic .,(ROOT (S (VP (VB See) (NP (NP (DT the) (ADJP (-LRB- -LSB-) (JJ Basic)) (NN Writing/Invention) (-RRB- -RSB-) (PRN (-LRB- -LRB-) (NP (: /) (JJ wiki/Basic) (NN _) (NN Writing/Invention)) (-RRB- -RRB-)) (NN section)) (PP (IN of) (NP (NP (DT this) (NN book) (NN wikitext)) (PP (IN for) (NP (NN help)))))) (PP (IN on) (S (VP (VBG narrowing) (NP (PRP$ your) (NN topic)))))) (. .))) 
889,33,34,these,year,"When I am finished I sit on the ground beside the old red wagon and talk to our dog for a bit , tell her what she 's meant to me all these years and that I am going to miss her .","(ROOT (S (SBAR (WHADVP (WRB When)) (S (NP (PRP I)) (VP (VBP am) (VP (VP (VBN finished) (SBAR (S (NP (PRP I)) (VP (VBP sit) (PP (IN on) (NP (DT the) (NN ground))) (PP (IN beside) (NP (DT the) (JJ old) (JJ red) (NN wagon))))))) (CC and) (VP (NN talk) (PP (TO to) (NP (NP (PRP$ our) (NN dog)) (PP (IN for) (NP (DT a) (NN bit)))))))))) (, ,) (VP (VB tell) (NP (PRP$ her)) (SBAR (SBAR (WHNP (WP what)) (S (NP (PRP she)) (VP (VBZ 's) (VP (VBN meant) (PP (TO to) (NP (NP (PRP me)) (NP (PDT all) (DT these) (NNS years)))))))) (CC and) (SBAR (IN that) (S (NP (PRP I)) (VP (VBP am) (VP (VBG going) (S (VP (TO to) (VP (VB miss) (NP (PRP her))))))))))) (. .))) "
890,9,10,that,other,I 'd rather not say what happened after that other than I like to believe she understood it all and that it came as a relief to her .,(ROOT (S (NP (PRP I)) (VP (MD 'd) (ADVP (RB rather)) (RB not) (VP (VB say) (SBAR (SBAR (WHNP (WP what)) (S (VP (VBD happened) (PP (IN after) (NP (DT that) (JJ other))) (SBAR (IN than) (S (NP (PRP I)) (VP (VBP like) (S (VP (TO to) (VP (VB believe) (SBAR (S (NP (PRP she)) (VP (VBD understood) (S (NP (PRP it)) (NP (DT all))))))))))))))) (CC and) (SBAR (IN that) (S (NP (PRP it)) (VP (VBD came) (PP (IN as) (NP (DT a) (NN relief))) (PP (TO to) (NP (PRP her))))))))) (. .))) 
897,22,23,those,detail,It is similar in that it also describes a day in the writer 's life and is necessarily limited only to those details that are relevant to the story and that move the narrative forward .,(ROOT (S (NP (PRP It)) (VP (VBZ is) (ADJP (JJ similar) (PP (IN in) (SBAR (SBAR (IN that) (S (NP (PRP it)) (VP (VP (ADVP (RB also)) (VBZ describes) (NP (NP (DT a) (NN day)) (PP (IN in) (NP (NP (DT the) (NN writer) (POS 's)) (NN life))))) (CC and) (VP (VBZ is) (ADVP (RB necessarily)) (ADJP (VBN limited) (RB only) (PP (TO to) (NP (NP (DT those) (NNS details)) (SBAR (WHNP (WDT that)) (S (VP (VBP are) (ADJP (JJ relevant) (PP (TO to) (NP (DT the) (NN story)))))))))))))) (CC and) (SBAR (IN that) (S (VP (VBP move) (NP (DT the) (JJ narrative)) (ADVP (RB forward))))))))) (. .))) 
898,12,14,these,sample,"A good exercise , though , might be to examine how these two samples from the same genre are different .","(ROOT (S (NP (DT A) (JJ good) (NN exercise)) (, ,) (ADVP (RB though)) (, ,) (VP (MD might) (VP (VB be) (S (VP (TO to) (VP (VB examine) (SBAR (WHADVP (WRB how)) (S (NP (NP (DT these) (CD two) (NNS samples)) (PP (IN from) (NP (DT the) (JJ same) (NN genre)))) (VP (VBP are) (ADJP (JJ different)))))))))) (. .))) "
902,17,18,this,genre,"Also note that Example 2 reads much more like spoken language -- is that appropriate for this genre , or should the writer have written in a more academic or formal manner ?","(ROOT (SQ (SQ (ADVP (RB Also)) (VP (VBP note) (SBAR (IN that) (S (NP (NN Example) (CD 2)) (VP (VBZ reads) (NP (NP (RB much) (JJR more)) (PP (IN like) (NP (ADJP (VBN spoken)) (NN language))) (: --) (SBAR (S (VP (VBZ is) (ADJP (IN that) (JJ appropriate) (PP (IN for) (NP (DT this) (NN genre))))))))))))) (, ,) (CC or) (SQ (MD should) (NP (DT the) (NN writer)) (VP (VBP have) (VP (VBN written) (PP (IN in) (NP (DT a) (ADJP (RBR more) (JJ academic) (CC or) (JJ formal)) (NN manner)))))) (. ?))) "
917,9,10,that,song,I 'll never be able to listen to that song without missing her now .,(ROOT (S (NP (PRP I)) (VP (MD 'll) (ADVP (RB never)) (VP (VB be) (ADJP (JJ able) (S (VP (TO to) (VP (VB listen) (PP (TO to) (NP (DT that) (NN song))) (PP (IN without) (S (VP (VBG missing) (NP (PRP$ her)) (ADVP (RB now))))))))))) (. .))) 
922,11,12,those,feeling,"I had a feeling several days ago - one of those feelings that tell you something is wrong , but I chose to ignore it .","(ROOT (S (S (NP (PRP I)) (VP (VBD had) (NP (DT a) (NN feeling)) (ADVP (NP (JJ several) (NNS days)) (IN ago)))) (: -) (S (S (NP (NP (CD one)) (PP (IN of) (NP (NP (DT those) (NNS feelings)) (SBAR (WHNP (WDT that)) (S (VP (VBP tell) (S (NP (PRP you)) (NP (NN something))))))))) (VP (VBZ is) (ADJP (JJ wrong)))) (, ,) (CC but) (S (NP (PRP I)) (VP (VBD chose) (S (VP (TO to) (VP (VB ignore) (NP (PRP it)))))))) (. .))) "
935,2,3,this,fact,"Despite this fact , I had to ask one last question , `` Mom , why did n't you guys call me and tell me that you were having problems with her ?","(ROOT (S (PP (IN Despite) (NP (DT this) (NN fact))) (, ,) (NP (PRP I)) (VP (VBD had) (S (S (VP (TO to) (VP (VB ask) (NP (NP (CD one) (JJ last) (NN question)) (, ,) (`` ``) (NP (NN Mom)) (, ,))))) (SBARQ (WHADVP (WRB why)) (SQ (VBD did) (RB n't) (NP (PRP you) (NNS guys)) (VP (VP (VB call) (NP (PRP me))) (CC and) (VP (VB tell) (NP (PRP me)) (SBAR (IN that) (S (NP (PRP you)) (VP (VBD were) (VP (VBG having) (NP (NP (NNS problems)) (PP (IN with) (NP (PRP$ her))))))))))) (. ?)))))) "
939,2,3,this,point,At this point I was hysterical and customers were steering their shopping carts way around me .,(ROOT (S (S (PP (IN At) (NP (DT this) (NN point))) (NP (PRP I)) (VP (VBD was) (ADJP (JJ hysterical)))) (CC and) (S (NP (NNS customers)) (VP (VBD were) (VP (VBG steering) (NP (PRP$ their) (NN shopping) (NNS carts) (NN way)) (PP (IN around) (NP (PRP me)))))) (. .))) 
950,15,16,that,cabin,"I knew that something was wrong , and knowing that she was alone in that cabin for two weeks , going through god knows what , thinking god knows what , well it just killed me inside .","(ROOT (S (S (NP (PRP I)) (VP (VBD knew) (SBAR (IN that) (S (NP (NN something)) (VP (VBD was) (ADJP (JJ wrong))))))) (, ,) (CC and) (S (S (S (VP (VBG knowing) (SBAR (IN that) (S (NP (PRP she)) (VP (VBD was) (ADVP (RB alone)) (PP (IN in) (NP (NP (DT that) (NN cabin)) (PP (IN for) (NP (CD two) (NNS weeks))))) (, ,) (VP (VBG going) (PP (IN through) (NP (NN god))))))))) (VP (VBZ knows) (SBAR (WHNP (WP what)) (, ,) (S (NP (VBG thinking) (NN god)) (VP (VBZ knows) (WHNP (WP what))))))) (, ,) (ADVP (RB well)) (S (NP (PRP it)) (ADVP (RB just)) (VP (VBD killed) (NP (PRP me)) (PP (IN inside))))) (. .))) "
957,13,14,this,memoir,"It is a narrative memoir , however there are two elements within this memoir that set it apart from the above examples .","(ROOT (S (S (NP (PRP It)) (VP (VBZ is) (NP (DT a) (JJ narrative) (NN memoir)))) (, ,) (ADVP (RB however)) (S (NP (EX there)) (VP (VBP are) (NP (NP (CD two) (NNS elements)) (PP (IN within) (NP (NP (DT this) (NN memoir)) (SBAR (WHNP (WDT that)) (S (VP (VBD set) (NP (PRP it)) (ADVP (RB apart)) (PP (IN from) (NP (DT the) (JJ above) (NNS examples))))))))))) (. .))) "
962,7,8,this,example,Another element that was included in this example was a specific use of stylized writing during the recitation of Baby 's favorite song and her response to that song .,(ROOT (S (NP (NP (DT Another) (NN element)) (SBAR (WHNP (WDT that)) (S (VP (VBD was) (VP (VBN included) (PP (IN in) (NP (DT this) (NN example)))))))) (VP (VBD was) (NP (NP (DT a) (JJ specific) (NN use)) (PP (IN of) (NP (JJ stylized) (NN writing)))) (PP (IN during) (NP (NP (NP (DT the) (NN recitation)) (PP (IN of) (NP (NP (NNP Baby) (POS 's)) (JJ favorite) (NN song)))) (CC and) (NP (NP (PRP$ her) (NN response)) (PP (TO to) (NP (DT that) (NN song))))))) (. .))) 
962,28,29,that,song,Another element that was included in this example was a specific use of stylized writing during the recitation of Baby 's favorite song and her response to that song .,(ROOT (S (NP (NP (DT Another) (NN element)) (SBAR (WHNP (WDT that)) (S (VP (VBD was) (VP (VBN included) (PP (IN in) (NP (DT this) (NN example)))))))) (VP (VBD was) (NP (NP (DT a) (JJ specific) (NN use)) (PP (IN of) (NP (JJ stylized) (NN writing)))) (PP (IN during) (NP (NP (NP (DT the) (NN recitation)) (PP (IN of) (NP (NP (NNP Baby) (POS 's)) (JJ favorite) (NN song)))) (CC and) (NP (NP (PRP$ her) (NN response)) (PP (TO to) (NP (DT that) (NN song))))))) (. .))) 
964,4,5,this,style,"An example of this style of writing can be found throughout the novel , _ The Nanny Diaries _ , by Emma McLaughlin and Nicola Kraus .","(ROOT (S (NP (NP (DT An) (NN example)) (PP (IN of) (NP (NP (DT this) (NN style)) (PP (IN of) (S (VP (VBG writing))))))) (VP (MD can) (VP (VB be) (VP (VBN found) (PP (IN throughout) (NP (DT the) (JJ novel))) (, ,) (PP (IN _) (NP (DT The) (NNP Nanny) (NNPS Diaries) (NNP _))) (, ,) (PP (IN by) (NP (NP (NNP Emma) (NNP McLaughlin)) (CC and) (NP (NNP Nicola) (NNP Kraus))))))) (. .))) "
991,27,29,this,sentence,"For instance , if you are writing a paper summarizing the _ Odyssey _ with a focus on the conflict between Poseidon and Odysseus , consider this opening sentence : In the _ Odyssey _ , Odysseus struggles against Poseidon in order to get back home .","(ROOT (S (PP (IN For) (NP (NN instance))) (, ,) (S (SBAR (IN if) (S (NP (PRP you)) (VP (VBP are) (VP (VBG writing) (NP (DT a) (NN paper)) (S (VP (VBG summarizing) (NP (DT the) (CD _) (NNP Odyssey) (NN _)) (PP (IN with) (NP (NP (DT a) (NN focus)) (PP (IN on) (NP (NP (DT the) (NN conflict)) (PP (IN between) (NP (NNP Poseidon) (CC and) (NNP Odysseus))))))))))))) (, ,) (VP (VB consider) (NP (DT this) (NN opening) (NN sentence)))) (: :) (S (PP (IN In) (NP (DT the) (CD _) (NNP Odyssey) (NNP _))) (, ,) (NP (NNP Odysseus)) (VP (VBZ struggles) (PP (IN against) (NP (NNP Poseidon))) (SBAR (IN in) (NN order) (S (VP (TO to) (VP (VB get) (ADVP (RB back) (NN home)))))))) (. .))) "
1017,2,3,this,claim,Notice this claim of courage can be supported by examples from the reading .,(ROOT (S (NP (NP (NP (NNP Notice)) (NP (DT this) (NN claim))) (PP (IN of) (NP (NN courage)))) (VP (MD can) (VP (VB be) (VP (VBN supported) (PP (IN by) (NP (NP (NNS examples)) (PP (IN from) (NP (DT the) (NN reading)))))))) (. .))) 
1018,6,7,those,detail,Supporting the thesis requires finding those details that support your claim .,(ROOT (S (S (VP (VBG Supporting) (NP (DT the) (NN thesis)))) (VP (VBZ requires) (S (VP (VBG finding) (NP (NP (DT those) (NNS details)) (SBAR (WHNP (WDT that)) (S (VP (VBP support) (NP (PRP$ your) (NN claim))))))))) (. .))) 
1052,13,14,this,unit,Sample assignment : > Analyze one of the articles we read for this unit and explain whether or not the author does a good job making his or her case .,(ROOT (FRAG (S (VP (VB Sample) (NP (NN assignment)))) (: :) (FRAG (ADJP (JJR >)) (S (VP (VP (VB Analyze) (NP (NP (CD one)) (PP (IN of) (NP (NP (DT the) (NNS articles)) (SBAR (S (NP (PRP we)) (VP (VBP read) (PP (IN for) (NP (DT this) (NN unit)))))))))) (CC and) (VP (VB explain) (SBAR (IN whether) (CC or) (RB not) (S (NP (DT the) (NN author)) (VP (VBZ does) (NP (NP (DT a) (JJ good) (NN job)) (VP (VBG making) (NP (ADJP (PRP$ his) (CC or) (PRP$ her)) (NN case))))))))))) (. .))) 
1057,3,4,this,first,"He does this first by building his credibility as a fellow clergyman , quoting and alluding to the Bible throughout the letter .","(ROOT (S (NP (PRP He)) (VP (VBZ does) (NP (DT this) (JJ first)) (PP (IN by) (S (VP (VP (VBG building) (NP (PRP$ his) (NN credibility)) (PP (IN as) (NP (DT a) (JJ fellow) (NN clergyman)))) (, ,) (VP (VBG quoting)) (CC and) (VP (VBG alluding) (PP (TO to) (NP (DT the) (NNP Bible))) (PP (IN throughout) (NP (DT the) (NN letter)))))))) (. .))) "
1061,20,21,that,point,It also does more than simply summarize the letter -- it makes a specific point about it and backs that point up with examples from the text .,(ROOT (S (NP (PRP It)) (ADVP (RB also)) (VP (VP (VBZ does) (ADVP (JJR more) (IN than)) (ADVP (RB simply)) (VP (VB summarize) (NP (NP (DT the) (NN letter)) (: --) (S (NP (PRP it)) (VP (VBZ makes) (NP (NP (DT a) (JJ specific) (NN point)) (PP (IN about) (NP (PRP it))))))))) (CC and) (VP (VBZ backs) (NP (DT that) (NN point)) (PRT (RP up)) (PP (IN with) (NP (NP (NNS examples)) (PP (IN from) (NP (DT the) (NN text))))))) (. .))) 
1089,3,4,this,outline,Stick to this outline .,(ROOT (NP (NP (NNP Stick)) (PP (TO to) (NP (DT this) (NN outline))) (. .))) 
1115,9,12,that,article,What would you say to the editor of that last newspaper article you read ?,(ROOT (SBARQ (WHNP (WP What)) (SQ (MD would) (NP (PRP you)) (VP (VB say) (PP (TO to) (NP (NP (DT the) (NN editor)) (PP (IN of) (NP (NP (DT that) (JJ last) (NN newspaper) (NN article)) (SBAR (S (NP (PRP you)) (VP (VB read)))))))))) (. ?))) 
1120,29,30,that,matter,"Usually editorials are written by professional writers , but sometimes a magazine or newspaper will publish editorials by `` regular people '' -- even college students , for that matter .","(ROOT (S (S (ADVP (RB Usually)) (NP (NNS editorials)) (VP (VBP are) (VP (VBN written) (PP (IN by) (NP (JJ professional) (NNS writers)))))) (, ,) (CC but) (S (ADVP (RB sometimes)) (NP (DT a) (NN magazine) (CC or) (NN newspaper)) (VP (MD will) (VP (VB publish) (NP (NNS editorials)) (PP (IN by) (NP (`` ``) (NP (JJ regular) (NNS people)) ('' '') (PRN (: --) (ADVP (RB even)) (NP (NN college) (NNS students)) (, ,)))) (PP (IN for) (NP (DT that) (NN matter)))))) (. .))) "
1122,4,5,this,exchange,The forum for this exchange of information is generally called the `` Letters to the Editor '' section .,(ROOT (S (NP (NP (DT The) (NN forum)) (PP (IN for) (NP (NP (DT this) (NN exchange)) (PP (IN of) (NP (NN information)))))) (VP (VBZ is) (ADVP (RB generally)) (VP (VBN called) (NP (DT the) (`` ``) (NNS Letters)) (PP (TO to) (NP (DT the) (NNP Editor) ('' '') (NN section))))) (. .))) 
1123,4,6,these,sample,"The format for these writing samples is similar to ordinary letters that you would perhaps send to a friend or a relative , except the style is usually more formal , the writing more polished , the tone is generally persuasive , and the content involves a reaction to something printed in the publication .","(ROOT (S (S (NP (NP (DT The) (NN format)) (PP (IN for) (NP (DT these) (VBG writing) (NNS samples)))) (VP (VBZ is) (ADJP (JJ similar) (PP (TO to) (NP (JJ ordinary) (NNS letters)))) (SBAR (IN that) (S (NP (PRP you)) (VP (MD would) (ADVP (RB perhaps)) (VP (VB send) (PP (TO to) (NP (NP (DT a) (NN friend)) (CC or) (NP (DT a) (JJ relative)))) (, ,) (SBAR (IN except) (S (NP (DT the) (NN style)) (VP (VBZ is) (ADJP (RB usually) (RBR more) (JJ formal)) (, ,) (NP (NP (DT the) (VBG writing)) (ADJP (JJR more) (JJ polished)))))))))))) (PRN (, ,) (S (NP (DT the) (NN tone)) (VP (VBZ is) (ADJP (RB generally) (JJ persuasive)))) (, ,)) (CC and) (S (NP (DT the) (NN content)) (VP (VBZ involves) (NP (DT a) (NN reaction)) (PP (TO to) (NP (NP (NN something)) (VP (VBN printed) (PP (IN in) (NP (DT the) (NN publication)))))))) (. .))) "
1130,45,46,this,goal,"Thus , it is important to make your voice be heard -LRB- an opportunity we all have in our democratic society -RRB- , and writing to the public officials who directly contribute to the intricacies of daily life is one significant method in achieving this goal .","(ROOT (S (ADVP (RB Thus)) (, ,) (S (NP (PRP it)) (VP (VBZ is) (ADJP (JJ important) (S (VP (TO to) (VP (VB make) (S (NP (PRP$ your) (NN voice)) (VP (VB be) (VP (VBN heard)))))))) (PRN (-LRB- -LRB-) (NP (NP (DT an) (NN opportunity)) (SBAR (S (NP (PRP we)) (ADVP (DT all)) (VP (VBP have) (VP (PP (IN in) (NP (PRP$ our) (JJ democratic) (NN society)))))))) (-RRB- -RRB-)))) (, ,) (CC and) (S (S (VP (VBG writing) (PP (TO to) (NP (NP (DT the) (JJ public) (NNS officials)) (SBAR (WHNP (WP who)) (S (ADVP (RB directly)) (VP (VBP contribute) (PP (TO to) (NP (NP (DT the) (NNS intricacies)) (PP (IN of) (NP (JJ daily) (NN life)))))))))))) (VP (VBZ is) (NP (NP (CD one) (JJ significant) (NN method)) (PP (IN in) (S (VP (VBG achieving) (NP (DT this) (NN goal)))))))) (. .))) "
1140,23,24,that,detail,php?title = Basic_Writing / Public_Affairs_writing & action = edit & section = T-4 -RRB- -RSB- The following is a sample writing process that details a student 's writing process for writing an editorial .,(ROOT (S (NP (NP (NP (NN php?title) (JJ =) (NN Basic_Writing)) (PRN (: /) (S (NP (NNP Public_Affairs_writing)) (NP (CC &) (NP (NN action) (JJ =) (NN edit)) (CC &) (NP (NN section) (JJ =) (NN T-4)))) (-RRB- -RRB-))) (PP (-RRB- -RSB-) (NP (DT The) (NN following)))) (VP (VBZ is) (NP (NP (DT a) (NN sample)) (VP (VBG writing) (NP (NP (NN process)) (SBAR (WHNP (WDT that) (NNS details))))))) (NP (NP (NP (DT a) (NN student) (POS 's)) (VBG writing) (NN process)) (PP (IN for) (S (VP (VBG writing) (NP (DT an) (NN editorial)))))) (. .))) 
1177,3,4,those,opinion,"In considering those opinions , address the anticipated disagreements in your letter .","(ROOT (S (S (PP (IN In) (S (VP (VBG considering) (NP (DT those) (NNS opinions)))))) (, ,) (VP (VBP address) (NP (NP (DT the) (JJ anticipated) (NNS disagreements)) (PP (IN in) (NP (PRP$ your) (NN letter))))) (. .))) "
1178,16,17,these,point,"Consider what points would make a convincing case , and build your letter to support these points .","(ROOT (S (VP (VB Consider) (SBAR (WHNP (WP what)) (S (NP (NNS points)) (VP (MD would) (VP (VP (VB make) (NP (DT a) (JJ convincing) (NN case))) (, ,) (CC and) (VP (VB build) (NP (PRP$ your) (NN letter) (S (VP (TO to) (VP (VB support) (NP (DT these) (NNS points)))))))))))) (. .))) "
1207,24,25,this,information,* Collect all the information you will need for your letter and jot down the basic order in which you plan to cover this information .,(ROOT (S (SBAR (X (SYM *)) (S (S (VP (VB Collect) (NP (PDT all) (DT the) (NN information)) (SBAR (S (NP (PRP you)) (VP (MD will) (VP (VB need) (PP (IN for) (NP (PRP$ your) (NN letter))))))))) (CC and) (S (VP (VB jot) (PRT (RP down)) (NP (NP (DT the) (JJ basic) (NN order)) (WHPP (IN in) (WHNP (WDT which)))))))) (NP (PRP you)) (VP (VBP plan) (S (VP (TO to) (VP (VB cover) (NP (DT this) (NN information)))))) (. .))) 
1216,16,17,that,form,* Follow the correct form for the kind of letter you are writing and use that form throughout your letter .,(ROOT (FRAG (SBAR (X (SYM *)) (S (S (VP (VB Follow) (NP (NP (DT the) (JJ correct) (NN form)) (PP (IN for) (NP (NP (DT the) (NN kind)) (PP (IN of) (NP (NN letter))))) (SBAR (S (NP (PRP you)) (VP (VBP are) (VP (VBG writing)))))))) (CC and) (S (VP (VB use) (NP (DT that) (NN form)) (PP (IN throughout) (NP (PRP$ your) (NN letter))))))) (. .))) 
1229,14,17,those,board,"We 've all seen these at local businesses and government offices , usually those old-fashioned cork boards .","(ROOT (S (NP (PRP We)) (VP (VBP 've) (ADVP (DT all)) (VP (VBN seen) (NP (DT these)) (PP (IN at) (NP (NP (NP (JJ local) (NNS businesses)) (CC and) (NP (NN government) (NNS offices))) (, ,) (RB usually) (NP (DT those) (JJ old-fashioned) (NN cork) (NNS boards)))))) (. .))) "
1231,17,20,these,space,You can get your point or idea across to many people quite cheaply if you utilize these free advertising spaces .,(ROOT (S (NP (PRP You)) (VP (MD can) (VP (VB get) (NP (PRP$ your) (NN point) (CC or) (NN idea)) (PP (IN across) (PP (TO to) (NP (JJ many) (NNS people)))) (ADVP (ADVP (RB quite) (RB cheaply)) (SBAR (IN if) (S (NP (PRP you)) (VP (VBP utilize) (NP (DT these) (JJ free) (NN advertising) (NNS spaces)))))))) (. .))) 
1233,2,5,those,space,Use those public notification spaces .,(ROOT (S (VP (VB Use) (NP (DT those) (JJ public) (NN notification) (NNS spaces))) (. .))) 
1236,26,30,this,letter,php?title = Basic_Writing / Public_Affairs_writing & action = edit & section = T-10 -RRB- -RSB- Let 's get a good feel for becoming involved with this assignment-to complete a letter to your local congressman .,(ROOT (S (NP (NP (NN php?title) (JJ =) (NN Basic_Writing)) (PRN (: /) (S (NP (NNP Public_Affairs_writing)) (NP (CC &) (NP (NN action) (JJ =) (NN edit)) (CC &) (NP (NN section) (JJ =) (NN T-10)))) (-RRB- -RRB-))) (VP (-RRB- -RSB-) (VP (VB Let) (S (NP (POS 's)) (VP (VB get) (NP (DT a) (JJ good) (NN feel)) (PP (IN for) (S (VP (VBG becoming) (VP (VBN involved) (PP (IN with) (NP (DT this) (ADJP (JJ assignment-to) (JJ complete)) (NP (NP (DT a) (NN letter)) (PP (TO to) (NP (PRP$ your) (JJ local) (NN congressman)))))))))))))) (. .))) 
1253,4,5,these,letter,You may workshop these letters in class and focus on issues such as ; Is the point clearly stated ?,(ROOT (S (S (NP (PRP You)) (VP (MD may) (VP (VB workshop) (NP (NP (DT these) (NNS letters)) (PP (IN in) (NP (NN class) (CC and) (NN focus)))) (PP (IN on) (NP (NP (NNS issues)) (PP (JJ such) (PP (IN as)))))))) (: ;) (SQ (VBZ Is) (NP (DT the) (NN point)) (VP (ADVP (RB clearly)) (VBN stated))) (. ?))) 
1259,2,4,that,step,"Take that final step of dropping it in the mail and know that your hard work will be recognized not only by your instructor , but also by your political representation .","(ROOT (S (VP (VP (VB Take) (NP (NP (DT that) (JJ final) (NN step)) (PP (IN of) (S (VP (VBG dropping) (NP (PRP it)) (PP (IN in) (NP (DT the) (NN mail)))))))) (CC and) (VP (VB know) (NP (NP (DT that)) (SBAR (S (NP (PRP$ your) (JJ hard) (NN work)) (VP (MD will) (VP (VB be) (VP (VBN recognized) (PP (CONJP (RB not) (RB only)) (PP (IN by) (NP (PRP$ your) (NN instructor))) (, ,) (CONJP (CC but) (RB also)) (PP (IN by) (NP (PRP$ your) (JJ political) (NN representation)))))))))))) (. .))) "
1265,11,13,this,paragraph,Be sure the purpose of your letter is addressed in this first paragraph .,(ROOT (S (S (VP (VB Be) (NP (NP (ADVP (RB sure)) (DT the) (NN purpose)) (PP (IN of) (NP (PRP$ your) (NN letter)))))) (VP (VBZ is) (VP (VBN addressed) (PP (IN in) (NP (DT this) (JJ first) (NN paragraph))))) (. .))) 
1278,7,8,this,medium,Assignment : Let 's practice using this medium .,(ROOT (X (NP (NN Assignment)) (: :) (FRAG (VP (VB Let) (S (NP (POS 's)) (VP (NN practice))) (S (VP (VBG using) (NP (DT this) (NN medium)))))) (. .))) 
1362,19,20,this,information,One good rule of thumb to use when deciding on credibility is to ask yourself : `` Does this information come from a peer-reviewed journal or other peer-reviewed text ? '',(ROOT (FRAG (NP (NP (CD One) (JJ good) (NN rule)) (PP (IN of) (NP (NN thumb) (S (VP (TO to) (VP (VB use) (SBAR (WHADVP (WRB when)) (S (S (VP (VBG deciding) (PP (IN on) (NP (NN credibility))))) (VP (VP (VBZ is) (S (VP (TO to) (VP (VB ask) (NP (PRP yourself)))))) (: :) (`` ``) (VP (VBZ Does) (NP (NP (DT this) (NN information)) (VP (VBN come) (PP (IN from) (NP (NP (DT a) (JJ peer-reviewed) (NN journal)) (CC or) (NP (JJ other) (JJ peer-reviewed) (NN text)))))))))))))))) (. ?) ('' ''))) 
1363,6,7,that,field,Peer-reviewed simply means experts in that field of study have read the article and approved its publication .,(ROOT (S (NP (JJ Peer-reviewed)) (ADVP (RB simply)) (VP (VP (VBZ means) (SBAR (S (NP (NP (NNS experts)) (PP (IN in) (NP (NP (DT that) (NN field)) (PP (IN of) (NP (NN study)))))) (VP (VBP have) (VP (VBN read) (NP (DT the) (NN article))))))) (CC and) (VP (VBD approved) (NP (PRP$ its) (NN publication)))) (. .))) 
1371,37,38,that,information,php?title = Basic_Writing / Investigative_writing & action = edit & section = T-12 -RRB- -RSB- Determining if your sources are primary or secondary means determining what is first-hand information and what is merely the re-telling of that information through a third party of some type .,(ROOT (S (NP (NP (NN php?title) (JJ =) (NN Basic_Writing)) (PRN (: /) (S (NP (NNP Investigative_writing)) (NP (CC &) (NP (NN action) (JJ =) (NN edit)) (CC &) (NP (NN section) (JJ =) (NN T-12)))) (-RRB- -RRB-))) (VP (-RRB- -RSB-) (VP (VBG Determining) (SBAR (IN if) (S (NP (PRP$ your) (NNS sources)) (VP (VBP are) (NP (NP (ADJP (JJ primary) (CC or) (JJ secondary)) (NNS means)) (VP (VBG determining) (NP (SBAR (WHNP (WP what)) (S (VP (VBZ is) (NP (JJ first-hand) (NN information))))) (CC and) (SBAR (WHNP (WP what)) (S (VP (VBZ is) (ADVP (RB merely)) (NP (NP (DT the) (NN re-telling)) (PP (IN of) (NP (DT that) (NN information)))) (PP (IN through) (NP (NP (DT a) (JJ third) (NN party)) (PP (IN of) (NP (DT some) (NN type)))))))))))))))) (. .))) 
1374,5,6,these,source,"In other words , these sources are presented by someone who experienced something first hand .","(ROOT (S (PP (IN In) (NP (JJ other) (NNS words))) (, ,) (NP (DT these) (NNS sources)) (VP (VBP are) (VP (VBN presented) (PP (IN by) (NP (NP (NN someone)) (SBAR (WHNP (WP who)) (S (VP (VBD experienced) (NP (NN something) (JJ first) (NN hand))))))))) (. .))) "
1391,30,31,this,text,"This form may differ between the Modern Language Association -LRB- MLA -RRB- and the American Psychological Association -LRB- APA -RRB- , and this is covered in other sections of this text , but the rules are hard-fast and set so that you do not find yourself committing plagiarism -LRB- see the next topic for more -RRB- .","(ROOT (S (S (S (NP (DT This) (NN form)) (VP (MD may) (VP (VB differ) (PP (IN between) (NP (NP (DT the) (NNP Modern) (NNP Language) (NNP Association)) (PRN (-LRB- -LRB-) (NP (NNP MLA)) (-RRB- -RRB-)) (CC and) (NP (DT the) (JJ American) (NNP Psychological) (NNP Association)) (PRN (-LRB- -LRB-) (NP (NNP APA)) (-RRB- -RRB-))))))) (, ,) (CC and) (S (NP (DT this)) (VP (VBZ is) (VP (VBN covered) (PP (IN in) (NP (NP (JJ other) (NNS sections)) (PP (IN of) (NP (DT this) (NN text))))))))) (, ,) (CC but) (S (NP (DT the) (NNS rules)) (VP (VBP are) (ADJP (ADJP (JJ hard-fast)) (CC and) (VP (VBN set) (SBAR (RB so) (IN that) (S (NP (PRP you)) (VP (VBP do) (RB not) (VP (VB find) (S (NP (PRP yourself)) (VP (VBG committing) (NP (NN plagiarism)))) (PRN (-LRB- -LRB-) (S (VP (VB see) (NP (DT the) (JJ next) (NN topic)) (PP (IN for) (NP (JJR more))))) (-RRB- -RRB-)))))))))) (. .))) "
1400,21,22,these,word,"Quotations that have been taken from another person 's written , taped or spoken words , or any paraphrasing of these words .","(ROOT (S (VP (NP (NP (NP (NNS Quotations)) (SBAR (WHNP (WDT that)) (S (VP (VBP have) (VP (VBN been) (VP (VBN taken) (PP (IN from) (NP (NP (DT another) (NN person) (POS 's)) (ADJP (VBN written) (, ,) (VBN taped) (CC or) (VBN spoken)) (NNS words))))))))) (, ,) (CC or) (NP (NP (DT any) (NN paraphrasing)) (PP (IN of) (NP (DT these) (NNS words)))))) (. .))) "
1473,34,35,those,quality,"The second thesis is more clear , indicating to the reader that Zeus was a god who had many human qualities , and that the paper will be discussing at least six of those qualities .","(ROOT (S (NP (DT The) (JJ second) (NN thesis)) (VP (VBZ is) (ADJP (RBR more) (JJ clear)) (PRN (, ,) (S (VP (VBG indicating) (PP (TO to) (NP (DT the) (NN reader)))))) (SBAR (SBAR (WHNP (WDT that)) (S (NP (NNP Zeus)) (VP (VBD was) (NP (NP (DT a) (NN god)) (SBAR (WHNP (WP who)) (S (VP (VBD had) (NP (JJ many) (JJ human) (NNS qualities))))))))) (, ,) (CC and) (SBAR (IN that) (S (NP (DT the) (NN paper)) (VP (MD will) (VP (VB be) (VP (VBG discussing) (NP (NP (QP (XS (IN at) (JJS least)) (CD six))) (PP (IN of) (NP (DT those) (NNS qualities))))))))))) (. .))) "
1506,79,80,that,statement,"For example , if you are giving supporting evidence for the main point number 6 in the Zeus argument , you might want to acknowledge that some scholars -LRB- if in fact , you have found it to be true in your research -RRB- contend that Zeus ' `` disloyalty '' is not a function of his humanness , but rather a function of the way people might feel about his actions , you will want to refute that statement in your argument .","(ROOT (S (PP (IN For) (NP (NN example))) (, ,) (S (SBAR (IN if) (S (NP (PRP you)) (VP (VBP are) (VP (VBG giving) (S (VP (VBG supporting) (NP (NN evidence)) (PP (IN for) (NP (DT the) (JJ main) (NN point) (NN number))) (NP-TMP (NP (CD 6)) (PP (IN in) (NP (DT the) (NNP Zeus) (NN argument)))))))))) (, ,) (NP (PRP you)) (VP (MD might) (VP (VB want) (S (VP (TO to) (VP (VB acknowledge) (SBAR (IN that) (S (NP (NP (DT some) (NNS scholars)) (PRN (-LRB- -LRB-) (SBAR (IN if) (S (PP (IN in) (NP (NN fact))) (, ,) (NP (PRP you)) (VP (VBP have) (VP (VBN found) (S (NP (PRP it)) (VP (TO to) (VP (VB be) (ADJP (JJ true) (PP (IN in) (NP (PRP$ your) (NN research))))))))))) (-RRB- -RRB-))) (VP (VBP contend) (SBAR (IN that) (S (NP (NP (NNP Zeus) (POS ')) (`` ``) (NX (NN disloyalty)) ('' '')) (VP (VBZ is) (RB not) (NP (NP (DT a) (NN function)) (PP (IN of) (NP (PRP$ his) (NN humanness)))))))))))))))) (, ,) (CC but) (S (SBAR (RB rather) (S (NP (NP (DT a) (NN function)) (PP (IN of) (NP (DT the) (NN way) (NNS people)))) (VP (MD might) (VP (VB feel) (PP (IN about) (NP (PRP$ his) (NNS actions))))))) (, ,) (NP (PRP you)) (VP (MD will) (VP (VB want) (S (VP (TO to) (VP (VB refute) (NP (NP (DT that) (NN statement)) (PP (IN in) (NP (PRP$ your) (NN argument)))))))))) (. .))) "
1514,7,8,this,point,"The reader should know , at this point , where you stand on your argument and should be winding down from reading your paper .","(ROOT (S (NP (DT The) (NN reader)) (VP (MD should) (VP (VB know) (, ,) (PP (IN at) (NP (DT this) (NN point))) (, ,) (SBAR (WHADVP (WRB where)) (S (NP (PRP you)) (VP (VP (VBP stand) (PP (IN on) (NP (PRP$ your) (NN argument)))) (CC and) (VP (MD should) (VP (VB be) (VP (VBG winding) (ADVP (RB down)) (PP (IN from) (S (VP (VBG reading) (NP (PRP$ your) (NN paper))))))))))))) (. .))) "
1540,14,15,this,page,php?title = Basic_Writing / Print_version & action = info -RRB- * -LSB- Cite this page -RSB- -LRB- / w/index .,(ROOT (S (VP (NN php?title) (NP (NP (NP (JJ =) (NN Basic_Writing)) (PRN (: /) (NP (NP (NNP Print_version)) (CC &) (NP (NN action) (JJ =) (NN info))) (-RRB- -RRB-))) (X (SYM *))) (S (VP (-LRB- -LSB-) (VP (VB Cite) (S (NP (DT this) (NN page)) (NP (NP (-RRB- -RSB-)) (-LRB- -LRB-) (PP (: /) (NP (NN w/index))))))))) (. .))) 
1546,3,4,this,site,"By using this site , you agree to the -LSB- Terms of Use -RSB- -LRB- / / wikimediafoundation.org/wiki/Terms_of_Use -RRB- and -LSB- Privacy Policy . -RSB-","(ROOT (S (PP (IN By) (S (VP (VBG using) (NP (DT this) (NN site))))) (, ,) (NP (PRP you)) (VP (VBP agree) (PP (PP (TO to) (NP (NP (DT the) (-LRB- -LSB-) (NNS Terms)) (PP (IN of) (NP (NP (NN Use) (-RRB- -RSB-)) (PRN (-LRB- -LRB-) (NP (: /) (: /) (NN wikimediafoundation.org/wiki/Terms_of_Use)) (-RRB- -RRB-)))))) (CC and) (PP (-LRB- -LSB-) (NP (NNP Privacy) (NNP Policy))))) (. .) (-RRB- -RSB-))) "
