2,7,8,this,page,-LSB- Unreviewed changes are displayed on this page -RSB- -LRB- / / bits.wikimedia.org/static-1.22wmf19/extensions/FlaggedRevs/frontend/modules/img/1.png -RRB- The -LSB- latest reviewed version -RSB- -LRB- / / en.wikibooks.org/w/index.php?title=Biochemistry/Print_version&stable=1 -RRB- was -LSB- checked -RSB- -LRB- / / en.wikibooks.org/w/index.php?title=Special:Log&type=review&page=Biochemistry/Print_version -RRB- on _ 20 September 2013 _ .,(ROOT (S (NP (-LRB- -LSB-) (JJ Unreviewed) (NNS changes)) (VP (VBP are) (VP (VBN displayed) (PP (IN on) (NP (NP (DT this) (NN page)) (-RRB- -RSB-) (PRN (-LRB- -LRB-) (NP (: /) (: /) (NN bits.wikimedia.org/static-1.22wmf19/extensions/FlaggedRevs/frontend/modules/img/1.png)) (-RRB- -RRB-)) (NP (DT The) (-LRB- -LSB-)))) (NP-TMP (NP (NP (JJS latest)) (VP (VBN reviewed) (NP (NN version)) (SBAR (-RRB- -RSB-) (S (-LRB- -LRB-) (NP (: /) (: /) (NN en.wikibooks.org/w/index.php?title=Biochemistry/Print_version&stable=1)) (-RRB- -RRB-) (VP (VBD was) (-LRB- -LSB-) (VP (VBN checked) (PP (-RRB- -RSB-) (PRN (-LRB- -LRB-) (PP (: /) (NP (: /) (NN en.wikibooks.org/w/index.php?title=Special:Log&type=review&page=Biochemistry/Print_version))) (-RRB- -RRB-))) (PP (IN on) (NP (QP (CD _) (CD 20)))) (NP-TMP (NNP September) (CD 2013)))))))) (NP (CD _))))) (. .))) 
5,36,37,this,message,-LSB- Printer.svg -RSB- -LRB- / / upload.wikimedia.org/wikipedia/commons/thumb/2/23/Printer.svg/40px-Printer.svg.png -RRB- ** This is the -LSB- print version -RSB- -LRB- / wiki/Help : Print_versions -RRB- of -LSB- Biochemistry -RSB- -LRB- / wiki/Biochemistry -RRB- ** You wo n't see this message or any elements not part of the book 's content when you print or -LSB- preview -RSB- -LRB- / / en.wikibooks.org/w/index.php?title=Biochemistry/Print_version&action=purge&printable=yes -RRB- this page .,(ROOT (S (NP (-LRB- -LSB-) (NN Printer.svg)) (VP (-RRB- -RSB-) (PRN (-LRB- -LRB-) (PP (: /) (NP (: /) (NN upload.wikimedia.org/wikipedia/commons/thumb/2/23/Printer.svg/40px-Printer.svg.png))) (-RRB- -RRB-)) (SBAR (SBAR (X (SYM **)) (S (S (NP (DT This)) (VP (VBZ is) (NP (NP (NP (DT the) (-LRB- -LSB-) (NN print) (NN version) (-RRB- -RSB-)) (PRN (-LRB- -LRB-) (NP (NP (: /) (NN wiki/Help)) (: :) (NP (NNS Print_versions))) (-RRB- -RRB-))) (PP (IN of) (NP (-LRB- -LSB-) (NNP Biochemistry)))))) (-RRB- -RSB-) (PRN (-LRB- -LRB-) (PP (: /) (NP (NN wiki/Biochemistry))) (-RRB- -RRB-)) (S (X (SYM **)) (NP (PRP You)) (VP (MD wo) (RB n't) (VP (VB see) (NP (NP (DT this) (NN message)) (CC or) (NP (DT any) (NNS elements))) (PP (RB not) (NP (NP (NN part)) (PP (IN of) (NP (NP (DT the) (NN book) (POS 's)) (NN content))))) (SBAR (WHADVP (WRB when)) (S (NP (PRP you)) (VP (VBP print))))))))) (CC or) (SBAR (-LRB- -LSB-) (S (NP (NN preview)) (VP (-RRB- -RSB-) (PRN (-LRB- -LRB-) (: /) (NX (: /) (NNS en.wikibooks.org/w/index.php?title=Biochemistry/Print_version&action=purge&printable=yes)) (-RRB- -RRB-)) (NP (DT this) (NN page))))))) (. .))) 
5,60,61,this,page,-LSB- Printer.svg -RSB- -LRB- / / upload.wikimedia.org/wikipedia/commons/thumb/2/23/Printer.svg/40px-Printer.svg.png -RRB- ** This is the -LSB- print version -RSB- -LRB- / wiki/Help : Print_versions -RRB- of -LSB- Biochemistry -RSB- -LRB- / wiki/Biochemistry -RRB- ** You wo n't see this message or any elements not part of the book 's content when you print or -LSB- preview -RSB- -LRB- / / en.wikibooks.org/w/index.php?title=Biochemistry/Print_version&action=purge&printable=yes -RRB- this page .,(ROOT (S (NP (-LRB- -LSB-) (NN Printer.svg)) (VP (-RRB- -RSB-) (PRN (-LRB- -LRB-) (PP (: /) (NP (: /) (NN upload.wikimedia.org/wikipedia/commons/thumb/2/23/Printer.svg/40px-Printer.svg.png))) (-RRB- -RRB-)) (SBAR (SBAR (X (SYM **)) (S (S (NP (DT This)) (VP (VBZ is) (NP (NP (NP (DT the) (-LRB- -LSB-) (NN print) (NN version) (-RRB- -RSB-)) (PRN (-LRB- -LRB-) (NP (NP (: /) (NN wiki/Help)) (: :) (NP (NNS Print_versions))) (-RRB- -RRB-))) (PP (IN of) (NP (-LRB- -LSB-) (NNP Biochemistry)))))) (-RRB- -RSB-) (PRN (-LRB- -LRB-) (PP (: /) (NP (NN wiki/Biochemistry))) (-RRB- -RRB-)) (S (X (SYM **)) (NP (PRP You)) (VP (MD wo) (RB n't) (VP (VB see) (NP (NP (DT this) (NN message)) (CC or) (NP (DT any) (NNS elements))) (PP (RB not) (NP (NP (NN part)) (PP (IN of) (NP (NP (DT the) (NN book) (POS 's)) (NN content))))) (SBAR (WHADVP (WRB when)) (S (NP (PRP you)) (VP (VBP print))))))))) (CC or) (SBAR (-LRB- -LSB-) (S (NP (NN preview)) (VP (-RRB- -RSB-) (PRN (-LRB- -LRB-) (: /) (NX (: /) (NNS en.wikibooks.org/w/index.php?title=Biochemistry/Print_version&action=purge&printable=yes)) (-RRB- -RRB-)) (NP (DT this) (NN page))))))) (. .))) 
31,24,26,these,factor,_ There are two factors that determine whether or not reactions changing reactants into products are considered to be _ favorable _ : these two factors are simply called ** enthalpy ** and ** entropy ** .,(ROOT (S (NP-TMP (NN _)) (NP (EX There)) (VP (VBP are) (NP (NP (CD two) (NNS factors)) (SBAR (WHNP (WDT that)) (S (VP (VBP determine) (SBAR (IN whether) (CC or) (RB not) (S (NP (NP (NNS reactions)) (VP (VBG changing) (NP (NNS reactants)) (PP (IN into) (NP (NNS products))))) (VP (VBP are) (VP (VBN considered) (S (VP (TO to) (VP (VB be) (NP (JJ _) (JJ favorable) (NN _))))) (: :) (FRAG (NP (NP (DT these) (CD two) (NNS factors)) (SBAR (S (VP (VBP are) (ADVP (RB simply)) (VP (VBN called) (S (VP (SYM **) (NP (FW enthalpy))))))))) (X (X (SYM **)) (S (ADVP (CC and)) (VP (SYM **) (NP (FW entropy)) (X (SYM **))))))))))))))) (. .))) 
35,9,10,that,kind,Enthalpy is ** not ** the same as that kind of heat .,(ROOT (S (NP (NNP Enthalpy)) (VP (VBZ is) (VP (S (VP (SYM **) (NP (RB not)))) (PP (X (X (SYM **)) (NP (NP (DT the)) (NP (JJ same)))) (IN as) (NP (NP (DT that) (NN kind)) (PP (IN of) (NP (NN heat))))))) (. .))) 
52,40,41,this,case,"It 's pretty obvious what would happen -LRB- or , rather , what _ did _ happen -RRB- because it makes sense to us that natural occurrences favor randomness -LRB- destruction -RRB- over order -LRB- construction , or in this case , skyscrapers -RRB- .","(ROOT (S (NP (PRP It)) (VP (VBZ 's) (ADJP (RB pretty) (JJ obvious) (SBAR (WHNP (WP what)) (S (VP (MD would) (VP (VB happen)))))) (PRN (-LRB- -LRB-) (CC or) (VP (, ,) (S (NP (NP (ADVP (RB rather)) (, ,) (SBAR (WHNP (WDT what)) (S (NP (NN _)) (VP (VBD did) (PRN (S (NP (CD _)) (VP (VB happen))) (-RRB- -RRB-)) (SBAR (IN because) (S (NP (PRP it)) (VP (VBZ makes) (NP (NN sense)) (PP (TO to) (NP (PRP us))) (SBAR (IN that) (S (NP (JJ natural) (NNS occurrences)) (VP (VBP favor) (NP (NP (NP (NN randomness)) (PRN (-LRB- -LRB-) (NP (NN destruction)) (-RRB- -RRB-))) (PP (PP (IN over) (NP (NP (NN order)) (-LRB- -LRB-) (NP (NN construction)) (, ,))) (CC or) (PP (IN in) (NP (DT this) (NN case))))))))))))))) (, ,) (NP (NNS skyscrapers))))) (-RRB- -RRB-))) (. .))) "
53,9,11,these,difference,Entropy is just a mathematical way of expressing these essential differences .,(ROOT (S (NP (NNP Entropy)) (VP (VBZ is) (ADVP (RB just)) (NP (NP (DT a) (JJ mathematical) (NN way)) (PP (IN of) (S (VP (VBG expressing) (NP (DT these) (JJ essential) (NNS differences))))))) (. .))) 
71,27,28,this,book,"The formula above assumes that pressure and temperature are constant during the reaction , which is almost always the case for biochemical reactions , and so this book makes the same assumption throughout .","(ROOT (S (S (NP (DT The) (NN formula)) (VP (ADVP (IN above)) (VBZ assumes) (SBAR (IN that) (S (NP (NN pressure) (CC and) (NN temperature)) (VP (VBP are) (ADJP (JJ constant) (PP (IN during) (NP (NP (DT the) (NN reaction)) (, ,) (SBAR (WHNP (WDT which)) (S (VP (VBZ is) (ADVP (RB almost) (RB always)) (NP (NP (DT the) (NN case)) (PP (IN for) (NP (JJ biochemical) (NNS reactions))))))))))))))) (, ,) (CC and) (RB so) (S (NP (DT this) (NN book)) (VP (VBZ makes) (NP (DT the) (JJ same) (NN assumption)) (PP (IN throughout)))) (. .))) "
87,38,39,this,state,"When ΔG reaches 0 , the reaction rate in the forward direction and the reaction rate in the reverse direction are the same , and the concentration of reactants and products no longer appears to change ; this state is called the _ point of chemical equilibrium _ .","(ROOT (S (S (S (SBAR (WHADVP (WRB When)) (S (NP (NN ΔG)) (VP (VBZ reaches) (NP (CD 0))))) (, ,) (NP (NP (DT the) (NN reaction) (NN rate)) (PP (IN in) (NP (NP (DT the) (JJ forward) (NN direction)) (CC and) (NP (NP (DT the) (NN reaction) (NN rate)) (PP (IN in) (NP (DT the) (JJ reverse) (NN direction))))))) (VP (VBP are) (NP (DT the) (JJ same)))) (, ,) (CC and) (S (NP (NP (DT the) (NN concentration)) (PP (IN of) (NP (NNS reactants) (CC and) (NNS products)))) (ADVP (RB no) (RB longer)) (VP (VBZ appears) (S (VP (TO to) (VP (VB change))))))) (: ;) (S (NP (DT this) (NN state)) (VP (VBZ is) (VP (VBN called) (NP (NP (DT the) (CD _) (NN point)) (PP (IN of) (NP (NN chemical) (NN equilibrium) (NN _))))))) (. .))) "
95,7,8,this,process,"If the biochemical reactions involved in this process were reversible , we would convert our own DNA back to food molecules if we stop eating even for a short period of time .","(ROOT (S (SBAR (IN If) (S (NP (NP (DT the) (JJ biochemical) (NNS reactions)) (VP (VBN involved) (PP (IN in) (NP (DT this) (NN process))))) (VP (VBD were) (ADJP (JJ reversible))))) (, ,) (NP (PRP we)) (VP (MD would) (VP (VB convert) (NP (PRP$ our) (JJ own) (NN DNA)) (ADVP (RB back) (PP (TO to) (NP (NN food) (NNS molecules)))) (SBAR (IN if) (S (NP (PRP we)) (VP (VBP stop) (S (VP (VBG eating) (ADVP (RB even)) (PP (IN for) (NP (NP (DT a) (JJ short) (NN period)) (PP (IN of) (NP (NN time)))))))))))) (. .))) "
98,42,43,these,reaction,"The reactions of a pathway occur in a row , with the products of the first reaction being the reactants of the second , and so on : A ⇌ B ⇌ C ⇌ D ⇌ E At least one of these reactions has to be irreversible , e.g. : A ⇀ B ⇌ C ⇌ D ⇀ E The control of the irreversible steps -LRB- e.g. , A → B -RRB- enables the cell to control the whole pathway and , thus , the amount of reactants used , as well as the amount of products generated .","(ROOT (S (S (NP (NP (DT The) (NNS reactions)) (PP (IN of) (NP (DT a) (NN pathway)))) (VP (VB occur) (PP (IN in) (NP (DT a) (NN row))) (, ,) (PP (IN with) (S (NP (NP (DT the) (NNS products)) (PP (IN of) (NP (DT the) (JJ first) (NN reaction)))) (VP (VBG being) (NP (NP (NP (NP (DT the) (NNS reactants)) (PP (IN of) (NP (DT the) (JJ second))))) (, ,) (CC and) (NP (ADVP (RB so)) (PP (IN on))))))))) (: :) (S (NP (NP (DT A) (NN ⇌) (NN B) (CD ⇌) (NN C) (NN ⇌) (NN D)) (NP (CD ⇌) (NN E)) (NP (NP (QP (XS (IN At) (JJS least)) (CD one))) (PP (IN of) (NP (DT these) (NNS reactions))))) (VP (VBZ has) (S (VP (TO to) (VP (VB be) (ADJP (JJ irreversible))))))) (, ,) (SBAR (ADJP (ADJP (FW e.g.)) (: :) (NP (NP (DT A) (NN ⇀) (NN B) (CD ⇌) (NN C) (NN ⇌) (NN D)) (NP (CD ⇀) (NN E)))) (S (NP (NP (DT The) (NN control)) (PP (IN of) (NP (NP (DT the) (JJ irreversible) (NNS steps)) (PRN (-LRB- -LRB-) (NP (NP (FW e.g.)) (, ,) (NP (DT A) (NN →) (NN B))) (-RRB- -RRB-))))) (VP (VBZ enables) (NP (DT the) (NN cell) (S (VP (TO to) (VP (VB control) (NP (NP (NP (DT the) (JJ whole) (NN pathway)) (VP (PRN (CC and) (, ,) (ADVP (RB thus)) (, ,) (NP (NP (DT the) (NN amount)) (PP (IN of) (NP (NNS reactants))))) (VBN used))) (, ,) (CONJP (RB as) (RB well) (IN as)) (NP (NP (DT the) (NN amount)) (PP (IN of) (NP (NP (NNS products)) (VP (VBN generated))))))))))))) (. .))) "
102,49,51,these,condition,"php?title = Biochemistry/Thermodynamics & action = edit & section = T-7 -RRB- -RSB- For ΔG , the free energy of a reaction , standard conditions were defined : * concentration of reactants and products at 1M * temperature at 25 ° C * acidity at pH 7.0 Under these standard conditions , ** ΔG0 ' ** is defined as the ** standard free energy change ** .","(ROOT (S (S (S (VP (NN php?title) (NP (NP (NP (JJ =) (NNS Biochemistry/Thermodynamics)) (CC &) (NP (NN action) (JJ =) (NN edit))) (CC &) (NP (NP (NN section)) (NP (JJ =) (NN T-7) (-RRB- -RRB-) (-RRB- -RSB-)))) (PP (IN For) (NP (NP (NN ΔG)) (, ,) (NP (NP (DT the) (JJ free) (NN energy)) (PP (IN of) (NP (DT a) (NN reaction)))))))) (, ,) (NP (JJ standard) (NNS conditions)) (VP (VBD were) (VP (VBN defined)))) (: :) (X (X (X (SYM *)) (NP (NP (NN concentration)) (PP (IN of) (NP (NP (NNS reactants) (CC and) (NNS products)) (PP (IN at) (NP (NN 1M)) (X (X (X (SYM *)) (NP (NP (NP (NN temperature)) (PP (IN at) (NP (QP (CD 25) (CD °)) (NN C))) (X (X (SYM *)) (NP (NN acidity)))) (PP (IN at) (NP (NN pH) (CD 7.0))))) (PP (IN Under) (NP (DT these) (JJ standard) (NNS conditions))))))))) (, ,) (X (SYM **)) (NP (NP (NN ΔG0) ('' ')) (SBAR (FRAG (X (SYM **)) (VP (VBZ is) (VP (VBN defined) (PP (IN as) (NP (NP (DT the)) (X (SYM **)))) (NP (NP (NP (JJ standard) (JJ free) (NN energy)) (NP (NN change))) (X (SYM **))))))))) (. .))) "
138,4,8,this,reaction,The formation of this intermediate and subsequent reaction generally has a much lower activation energy barrier than is required for the direct reaction of reactants to products .,(ROOT (S (NP (NP (DT The) (NN formation)) (PP (IN of) (NP (DT this) (ADJP (JJ intermediate) (CC and) (JJ subsequent)) (NN reaction)))) (ADVP (RB generally)) (VP (VBZ has) (NP (NP (DT a) (ADJP (RB much) (JJR lower)) (NN activation) (NN energy) (NN barrier)) (SBAR (IN than) (S (VP (VBZ is) (VP (VBN required) (PP (IN for) (NP (NP (DT the) (JJ direct) (NN reaction)) (PP (IN of) (NP (NNS reactants))))) (PP (TO to) (NP (NNS products))))))))) (. .))) 
144,2,3,this,case,In this case both the reactants and the catalysts are in the aqueous phase .,(ROOT (S (PP (IN In) (NP (DT this) (NN case))) (NP (CC both) (NP (DT the) (NNS reactants)) (CC and) (NP (DT the) (NNS catalysts))) (VP (VBP are) (PP (IN in) (NP (DT the) (JJ aqueous) (NN phase)))) (. .))) 
149,3,4,this,transport,"Frequently , this transport of reactants and products from one phase to another plays a dominant role in limiting the rate of reaction .","(ROOT (S (ADVP (RB Frequently)) (, ,) (NP (NP (DT this) (NN transport)) (PP (IN of) (NP (NP (NNS reactants) (CC and) (NNS products)) (PP (IN from) (NP (NP (CD one) (NN phase)) (PP (TO to) (NP (DT another)))))))) (VP (VBZ plays) (NP (DT a) (JJ dominant) (NN role)) (PP (IN in) (S (VP (VBG limiting) (NP (NP (DT the) (NN rate)) (PP (IN of) (NP (NN reaction)))))))) (. .))) "
150,2,4,these,phenomenon,Understanding these transport phenomena is an important area of heterogeneous catalyst research .,(ROOT (S (S (VP (VBG Understanding) (NP (DT these) (NN transport) (NNS phenomena)))) (VP (VBZ is) (NP (NP (DT an) (JJ important) (NN area)) (PP (IN of) (NP (JJ heterogeneous) (NN catalyst) (NN research))))) (. .))) 
181,2,3,this,state,"In this state , all enzyme active sites are saturated with substrate .","(ROOT (S (PP (IN In) (NP (DT this) (NN state))) (, ,) (NP (NP (DT all) (NN enzyme)) (NP (JJ active) (NNS sites))) (VP (VBP are) (VP (VBN saturated) (PP (IN with) (NP (NN substrate))))) (. .))) "
251,8,9,these,class,"The fact is , without both of these classes of enzymes , -LRB- digestive and metabolic , -RRB- life could not exist .","(ROOT (S (NP (DT The) (NN fact)) (VP (VBZ is) (, ,) (PP (IN without) (NP (NP (NP (DT both)) (PP (IN of) (NP (DT these) (NNS classes))) (PP (IN of) (NP (NNS enzymes))) (, ,)) (-LRB- -LRB-) (NP (ADJP (ADJP (JJ digestive)) (CC and) (ADJP (JJ metabolic)) (, ,))) (-RRB- -RRB-))) (SBAR (S (NP (NN life)) (VP (MD could) (RB not) (VP (VB exist)))))) (. .))) "
297,19,20,this,ⓟ,php?title = Biochemistry/Metabolism _ and_energy & action = edit & section = T-4 -RRB- -RSB- Now what makes this Ⓟ so special ?,(ROOT (SBARQ (SBAR (WHNP (WHNP (NN php?title)) (PRN (NP (NP (JJ =) (NN Biochemistry/Metabolism)) (NP (NP (CD _) (NN and_energy)) (CC &) (NP (NP (NN action) (JJ =) (NN edit)) (CC &) (NP (NN section) (JJ =) (NN T-4))))) (-RRB- -RRB-))) (S (VP (-RRB- -RSB-) (ADVP (RB Now))))) (WHNP (WP what)) (SQ (VP (VBZ makes) (S (NP (DT this) (NN Ⓟ)) (ADJP (RB so) (JJ special))))) (. ?))) 
328,19,20,this,picture,"php?title = Biochemistry/Metabolism _ and_energy & action = edit & section = T-8 -RRB- -RSB- For example , this picture is wrong , the carbon has 5 bonds to it after it tautomerizes , which is impossible and a rookie organic chemistry error .","(ROOT (S (SBAR (PRN (NP (NP (NN php?title) (JJ =) (NN Biochemistry/Metabolism)) (NP (NP (CD _) (NN and_energy)) (CC &) (NP (NP (NN action) (JJ =) (NN edit)) (CC &) (NP (NN section) (JJ =) (NN T-8))))) (-RRB- -RRB-)) (S (-RRB- -RSB-) (PP (IN For) (NP (NN example))) (, ,) (NP (DT this) (NN picture)) (VP (VBZ is) (ADJP (JJ wrong))))) (, ,) (NP (DT the) (NN carbon)) (VP (VBZ has) (NP (NP (NP (CD 5) (NNS bonds)) (PP (TO to) (NP (NP (PRP it)) (SBAR (IN after) (S (NP (PRP it)) (VP (VBZ tautomerizes)))))) (, ,) (SBAR (WHNP (WDT which)) (S (VP (VBZ is) (ADJP (JJ impossible)))))) (CC and) (NP (NP (DT a) (NN rookie)) (NP (JJ organic) (NN chemistry) (NN error))))) (. .))) "
352,2,3,this,reason,"For this reason , many biochemical functions are using so-called weak/secondary/non-covalent bonds .","(ROOT (S (PP (IN For) (NP (DT this) (NN reason))) (, ,) (NP (JJ many) (JJ biochemical) (NNS functions)) (VP (VBP are) (VP (VBG using) (NP (JJ so-called) (JJ weak/secondary/non-covalent) (NNS bonds)))) (. .))) "
355,13,14,these,bond,"Thus , the formation of weak bonds is energetically favorable , but these bonds are also easily broken by kinetic -LRB- thermal -RRB- energy -LRB- the normal movement of molecules -RRB- .","(ROOT (S (ADVP (RB Thus)) (, ,) (S (NP (NP (DT the) (NN formation)) (PP (IN of) (NP (JJ weak) (NNS bonds)))) (VP (VBZ is) (ADJP (RB energetically) (JJ favorable)))) (, ,) (CC but) (S (NP (DT these) (NNS bonds)) (VP (VBP are) (ADVP (RB also)) (VP (ADVP (RB easily)) (VBN broken) (PP (IN by) (NP (NP (JJ kinetic) (PRN (-LRB- -LRB-) (NP (JJ thermal)) (-RRB- -RRB-)) (NN energy)) (PRN (-LRB- -LRB-) (NP (NP (DT the) (JJ normal) (NN movement)) (PP (IN of) (NP (NNS molecules)))) (-RRB- -RRB-))))))) (. .))) "
356,27,28,these,bond,"Biochemical interactions are often temporary -LRB- e.g. , a substrate has to leave an enzyme quickly after being processed -RRB- , for which the weakness of these bonds is essential .","(ROOT (S (NP (JJ Biochemical) (NNS interactions)) (VP (VBP are) (ADVP (RB often)) (NP (NP (NP (JJ temporary)) (PRN (-LRB- -LRB-) (S (NP (FW e.g.)) (, ,) (NP (DT a) (NN substrate)) (VP (VBZ has) (S (VP (TO to) (VP (VB leave) (NP (DT an) (NN enzyme)) (ADVP (RB quickly)) (PP (IN after) (S (VP (VBG being) (VP (VBN processed)))))))))) (-RRB- -RRB-))) (, ,) (SBAR (WHPP (IN for) (WHNP (WDT which))) (S (NP (NP (DT the) (NN weakness)) (PP (IN of) (NP (DT these) (NNS bonds)))) (VP (VBZ is) (ADJP (JJ essential))))))) (. .))) "
378,10,12,these,interaction,The distance of the atoms is very important for these weak interactions .,(ROOT (S (NP (NP (DT The) (NN distance)) (PP (IN of) (NP (DT the) (NNS atoms)))) (VP (VBZ is) (ADJP (RB very) (JJ important) (PP (IN for) (NP (DT these) (JJ weak) (NNS interactions))))) (. .))) 
383,24,25,this,list,"php?title = Biochemistry/Metabolism _ and_energy & action = edit & section = T-15 -RRB- -RSB- Hydrophobic forces are not actually bonds , so this list has four items , but still just three bond types .","(ROOT (S (SBAR (PRN (NP (NP (NN php?title) (JJ =) (NN Biochemistry/Metabolism)) (NP (NP (CD _) (NN and_energy)) (CC &) (NP (NP (NN action) (JJ =) (NN edit)) (CC &) (NP (NN section) (JJ =) (NNS T-15))))) (-RRB- -RRB-)) (S (NP (-RRB- -RSB-) (JJ Hydrophobic) (NNS forces)) (VP (VBP are) (RB not) (ADVP (RB actually)) (NP (NNS bonds))))) (, ,) (NP (RB so) (DT this) (NN list)) (VP (VBZ has) (NP (NP (CD four) (NNS items)) (, ,) (CC but) (ADVP (RB still)) (RB just) (NP (CD three) (NN bond) (NNS types)))) (. .))) "
386,21,22,that,molecule,"Thus , water will arrange itself around any nonpolar molecule in such a way that no hydrogen bonds point towards that molecule .","(ROOT (S (ADVP (RB Thus)) (, ,) (NP (NN water)) (VP (MD will) (VP (VB arrange) (NP (PRP itself)) (PP (IN around) (NP (NP (DT any) (JJ nonpolar) (NN molecule)) (PP (IN in) (NP (JJ such) (DT a) (NN way))))) (SBAR (IN that) (S (NP (DT no) (NN hydrogen) (NNS bonds)) (VP (VBP point) (PP (IN towards) (NP (DT that) (NN molecule)))))))) (. .))) "
421,16,18,this,level,"The pH value in living cells tends to fall between 7.2 and 7.4 , and this pH level is generally maintained by weak acids .","(ROOT (S (S (NP (NP (DT The) (NN pH) (NN value)) (PP (IN in) (NP (NN living) (NNS cells)))) (VP (VBZ tends) (S (VP (TO to) (VP (VB fall) (NP (QP (NP (IN between) (CD 7.2)) (CC and) (NP (CD 7.4))))))))) (, ,) (CC and) (S (NP (DT this) (NN pH) (NN level)) (VP (VBZ is) (ADVP (RB generally)) (VP (VBN maintained) (PP (IN by) (NP (JJ weak) (NNS acids)))))) (. .))) "
422,11,12,this,value,"-LRB- The pH values in lysosomes and peroxisomes differ from this value , as do the pH measurements of the stomach and other organs found in various types of plants and animals . -RRB-","(ROOT (S (-LRB- -LRB-) (S (NP (NP (DT The) (NN pH) (NNS values)) (PP (IN in) (NP (NNS lysosomes) (CC and) (NNS peroxisomes)))) (VP (VBP differ) (PP (IN from) (NP (DT this) (NN value))) (, ,) (SBAR (RB as) (S (VP (VBP do) (NP (NP (DT the) (NN pH) (NNS measurements)) (PP (IN of) (NP (DT the) (NN stomach))))))))) (CC and) (S (NP (JJ other) (NNS organs)) (VP (VBN found) (PP (IN in) (NP (NP (JJ various) (NNS types)) (PP (IN of) (NP (NNS plants) (CC and) (NNS animals))))))) (. .) (-RRB- -RRB-))) "
425,22,23,that,substance,"The tendency of an acid to release a proton is called the _ dissociation constant _ -LRB- _ K_a -RRB- of that substance , with !","(ROOT (S (NP (NP (DT The) (NN tendency)) (PP (IN of) (NP (DT an) (NN acid) (S (VP (TO to) (VP (VB release) (NP (DT a) (NN proton)))))))) (VP (VBZ is) (VP (VBN called) (NP (NP (NP (DT the) (CD _) (NN dissociation) (NN constant) (NN _)) (PRN (-LRB- -LRB-) (NP (CD _) (NN K_a)) (-RRB- -RRB-))) (PP (IN of) (NP (DT that) (NN substance)))) (, ,) (PP (IN with)))) (. !))) "
478,28,29,this,information,"DNA functions as a storage medium for the information necessary to synthesize proteins , and RNA is responsible for -LRB- among other things -RRB- the translation of this information into protein molecules , as part of the ribosome .","(ROOT (S (S (NP (NN DNA)) (VP (VBZ functions) (PP (IN as) (NP (NP (DT a) (NN storage) (NN medium)) (PP (IN for) (NP (NP (DT the) (NN information)) (ADJP (JJ necessary) (S (VP (TO to) (VP (VB synthesize) (NP (NNS proteins)))))))))))) (, ,) (CC and) (S (NP (NN RNA)) (VP (VBZ is) (ADJP (JJ responsible)) (PP (IN for) (PRN (-LRB- -LRB-) (PP (IN among) (NP (JJ other) (NNS things))) (-RRB- -RRB-)) (NP (NP (DT the) (NN translation)) (PP (IN of) (NP (DT this) (NN information))))) (PP (IN into) (NP (NN protein) (NNS molecules))) (, ,) (PP (IN as) (NP (NP (NN part)) (PP (IN of) (NP (DT the) (NN ribosome))))))) (. .))) "
487,6,7,this,rule,Prions are no exception to this rule .,(ROOT (S (NP (NNS Prions)) (VP (VBP are) (NP (NP (DT no) (NN exception)) (PP (TO to) (NP (DT this) (NN rule))))) (. .))) 
491,24,25,these,structure,"Proteins do not directly function as a membrane in most organisms , except viruses ; however , they are often important components of these structures , lending both stability and structural support .","(ROOT (S (S (NP (NNS Proteins)) (VP (VBP do) (RB not) (ADVP (RB directly)) (VP (VB function) (PP (IN as) (NP (NP (DT a) (NN membrane)) (PP (IN in) (NP (JJS most) (NNS organisms))))) (, ,) (PP (IN except) (NP (NNS viruses)))))) (: ;) (S (ADVP (RB however)) (, ,) (NP (PRP they)) (VP (VBP are) (ADVP (RB often)) (NP (NP (JJ important) (NNS components)) (PP (IN of) (NP (NP (DT these) (NNS structures)) (, ,) (NP (VBG lending) (CC both) (NN stability)) (CC and) (NP (JJ structural) (NN support))))))) (. .))) "
545,37,38,these,element,"Nevertheless , protein structures share several characteristics in common : they are almost all built of a few secondary structure elements -LRB- short-range structural patterns that are recurrent in protein structures -RRB- and even the way these elements combine is often repeated in common motifs .","(ROOT (S (S (ADVP (RB Nevertheless)) (, ,) (NP (NN protein) (NNS structures)) (VP (VBP share) (NP (NP (JJ several) (NNS characteristics)) (PP (IN in) (NP (JJ common)))))) (: :) (S (NP (PRP they)) (VP (VBP are) (ADJP (RB almost) (SBAR (S (NP (NP (NP (DT all)) (VP (VBN built) (PP (IN of) (NP (NP (DT a) (JJ few) (JJ secondary) (NN structure) (NNS elements)) (PRN (-LRB- -LRB-) (NP (NP (JJ short-range) (JJ structural) (NNS patterns)) (SBAR (WHNP (WDT that)) (S (VP (VBP are) (ADJP (JJ recurrent) (PP (IN in) (NP (NN protein) (NNS structures)))))))) (-RRB- -RRB-)))))) (CC and) (RB even) (NP (NP (DT the) (NN way)) (SBAR (S (NP (DT these) (NNS elements)) (VP (VBP combine)))))) (VP (VBZ is) (ADVP (RB often)) (VP (VBN repeated) (PP (IN in) (NP (JJ common) (NNS motifs)))))))))) (. .))) "
567,18,19,these,type,Domains of a protein then come from unique portions of the peptide that are made up of these types of secondary structure .,(ROOT (S (NP (NP (NNS Domains)) (PP (IN of) (NP (DT a) (NN protein)))) (RB then) (VP (VB come) (PP (IN from) (NP (NP (JJ unique) (NNS portions)) (PP (IN of) (NP (NP (DT the) (NN peptide)) (SBAR (WHNP (WDT that)) (S (VP (VBP are) (VP (VBN made) (PRT (RP up)) (PP (IN of) (NP (NP (DT these) (NNS types)) (PP (IN of) (NP (JJ secondary) (NN structure)))))))))))))) (. .))) 
588,11,13,this,bond,_ It is important to note that the formation of this peptide bond is highly unfavorable under standard conditions .,(ROOT (S (ADVP (RB _)) (NP (PRP It)) (VP (VBZ is) (ADJP (JJ important) (S (VP (TO to) (VP (VB note) (SBAR (IN that) (S (NP (NP (DT the) (NN formation)) (PP (IN of) (NP (DT this) (NN peptide) (NN bond)))) (VP (VBZ is) (ADJP (RB highly) (JJ unfavorable) (PP (IN under) (NP (JJ standard) (NNS conditions)))))))))))) (. .))) 
589,15,16,this,reaction,"However , in the human body , there are enzymes that assist in facilitating this reaction , making peptide bond formation and proteins possible .","(ROOT (S (ADVP (RB However)) (, ,) (PP (IN in) (NP (DT the) (JJ human) (NN body))) (, ,) (NP (EX there)) (VP (VBP are) (NP (NP (NNS enzymes)) (SBAR (WHNP (WDT that)) (S (VP (VBP assist) (PP (IN in) (S (VP (VBG facilitating) (NP (DT this) (NN reaction))))) (, ,) (S (VP (VBG making) (S (NP (NP (NN peptide) (NN bond) (NN formation)) (CC and) (NP (NNS proteins))) (ADJP (JJ possible)))))))))) (. .))) "
607,2,3,this,process,"In this process , first the protein reduces the disruption of disulfide bonding by heating which results in purification and denaturalization .","(ROOT (S (PP (IN In) (NP (DT this) (NN process))) (, ,) (NP (RB first) (DT the) (NN protein)) (VP (VBZ reduces) (NP (NP (DT the) (NN disruption)) (PP (IN of) (NP (NN disulfide) (NN bonding)))) (PP (IN by) (NP (NP (NN heating)) (SBAR (WHNP (WDT which)) (S (VP (VBZ results) (PP (IN in) (NP (NN purification) (CC and) (NN denaturalization))))))))) (. .))) "
626,3,4,this,concept,Example for this concept could be aspartic acid in which the similar acids are alpha-carboxyl function with pKa of 2.1 and the side chain carboxyl function with a pKa of 3.9 .,(ROOT (S (NP (NP (NN Example)) (PP (IN for) (NP (DT this) (NN concept)))) (VP (MD could) (VP (VB be) (NP (NP (JJ aspartic) (NN acid)) (SBAR (WHPP (IN in) (WHNP (WDT which))) (S (NP (DT the) (JJ similar) (NNS acids)) (VP (VBP are) (NP (NP (JJ alpha-carboxyl) (NN function)) (PP (IN with) (NP (NP (NP (NN pKa)) (PP (IN of) (NP (CD 2.1)))) (CC and) (NP (NP (DT the) (NN side) (NN chain) (NN carboxyl) (NN function)) (PP (IN with) (NP (NP (DT a) (NN pKa)) (PP (IN of) (NP (CD 3.9))))))))))))))) (. .))) 
633,1,2,this,link,this link is formed by dehydration -LRB- removal of the water molecules - one hydrogen atom from one amino acid and an OH group from the other -RRB- .,(ROOT (S (NP (DT this) (NN link)) (VP (VBZ is) (VP (VBN formed) (PP (IN by) (NP (NP (NN dehydration)) (PRN (-LRB- -LRB-) (NP (NP (NP (NP (NN removal)) (PP (IN of) (NP (DT the) (NN water) (NNS molecules)))) (: -) (NP (NP (CD one) (NN hydrogen) (NN atom)) (PP (IN from) (NP (CD one) (NN amino) (NN acid))))) (CC and) (NP (NP (DT an) (NN OH) (NN group)) (PP (IN from) (NP (DT the) (JJ other))))) (-RRB- -RRB-)))))) (. .))) 
654,25,26,these,signal,"In a sample of protein submitted to mass spectrometry you will see both modified and unmodified protein signals , the change in mass between these signals will correspond to the change in mass of your protein due to your post-translation modification .","(ROOT (S (PP (IN In) (NP (NP (DT a) (NN sample)) (PP (IN of) (NP (NP (NN protein)) (VP (VBN submitted) (PP (TO to) (NP (NP (NP (NN mass) (NN spectrometry)) (SBAR (S (NP (PRP you)) (VP (MD will) (VP (VB see) (NP (NP (DT both)) (VP (VBN modified)))))))) (CC and) (NP (JJ unmodified) (NN protein) (NNS signals))))))))) (, ,) (NP (NP (DT the) (NN change)) (PP (IN in) (NP (NP (NN mass)) (PP (IN between) (NP (DT these) (NNS signals)))))) (VP (MD will) (VP (VB correspond) (PP (TO to) (NP (NP (DT the) (NN change)) (PP (IN in) (NP (NP (NN mass)) (PP (IN of) (NP (NP (PRP$ your) (NN protein)) (ADJP (JJ due) (PP (TO to) (NP (PRP$ your) (JJ post-translation) (NN modification)))))))))))) (. .))) "
726,2,3,this,level,Often this level of distinction is saved for graduate level coursework .,(ROOT (S (ADVP (RB Often)) (NP (NP (DT this) (NN level)) (PP (IN of) (NP (NN distinction)))) (VP (VBZ is) (VP (VBN saved) (PP (IN for) (NP (JJ graduate) (NN level) (NN coursework))))) (. .))) 
729,45,46,this,context,"php?title = Biochemistry/Proteins/Protein _ structure_and_folding & action = edit & section = T-13 -RRB- -RSB- Quaternary structure is the shape or structure that results from the union of more than one protein molecule , usually called _ subunit proteins _ _ subunits _ in this context , which function as part of the larger assembly or protein complex .","(ROOT (S (SBAR (PRN (NP (NP (NN php?title) (JJ =) (NN Biochemistry/Proteins/Protein)) (NP (NP (CD _) (NN structure_and_folding)) (CC &) (NP (NP (NN action) (JJ =) (NN edit)) (CC &) (NP (NN section) (JJ =) (NN T-13))))) (-RRB- -RRB-)) (S (NP (-RRB- -RSB-) (JJ Quaternary) (NN structure)) (VP (VBZ is) (NP (NP (DT the) (NN shape) (CC or) (NN structure)) (SBAR (WHNP (WDT that)) (S (VP (VBZ results) (PP (IN from) (NP (NP (DT the) (NN union)) (PP (IN of) (NP (NP (QP (XS (JJR more) (IN than)) (CD one)) (NN protein) (NN molecule)) (, ,) (VP (ADVP (RB usually)) (VBN called) (NP (CD _) (NN subunit) (NNS proteins)))))))))))))) (VP (VBP _) (ADVP (NP (CD _) (NNS subunits)) (RB _)) (PP (IN in) (NP (NP (DT this) (NN context)) (, ,) (SBAR (WHNP (WDT which)) (S (VP (VBP function) (PP (IN as) (NP (NP (NN part)) (PP (IN of) (NP (NP (DT the) (JJR larger) (NN assembly)) (CC or) (NP (NN protein) (NN complex)))))))))))) (. .))) "
741,4,5,these,structure,One feature of these structures is that they tend to show a bias in the distribution of hydrophobic residues such that they tend to occur primarily on one face of the helix .,(ROOT (S (NP (NP (CD One) (NN feature)) (PP (IN of) (NP (DT these) (NNS structures)))) (VP (VBZ is) (SBAR (IN that) (S (NP (PRP they)) (VP (VBP tend) (S (VP (TO to) (VP (VB show) (NP (NP (DT a) (NN bias)) (PP (IN in) (NP (NP (DT the) (NN distribution)) (PP (IN of) (NP (JJ hydrophobic) (NNS residues)))))) (PP (JJ such)) (SBAR (IN that) (S (NP (PRP they)) (VP (VBP tend) (S (VP (TO to) (VP (VB occur) (ADVP (RB primarily)) (PP (IN on) (NP (NP (CD one) (NN face)) (PP (IN of) (NP (DT the) (NN helix)))))))))))))))))) (. .))) 
764,11,12,this,way,"The cumulative effect of multiple such hydrogen bonds arranged in this way contributes to the sheet 's stability and structural rigidity and integrity : for example , cellulose 's beta-1 ,4 glucose structure .","(ROOT (S (NP (NP (DT The) (JJ cumulative) (NN effect)) (PP (IN of) (NP (NP (JJ multiple) (JJ such) (NN hydrogen) (NNS bonds)) (VP (VBN arranged) (PP (IN in) (NP (DT this) (NN way))))))) (VP (VBZ contributes) (PP (TO to) (NP (NP (NP (NP (DT the) (NN sheet) (POS 's)) (NN stability)) (CC and) (NP (JJ structural) (NN rigidity))) (CC and) (NP (NN integrity)))) (: :) (PP (IN for) (NP (NP (NN example)) (, ,) (NP (NP (NN cellulose) (POS 's)) (NN beta-1) (CD ,4) (NN glucose) (NN structure))))) (. .))) "
769,6,7,this,conformation,The hydrogen-bond still exists in this conformation but the main difference lies in the directionality of the protein .,(ROOT (S (S (NP (DT The) (NN hydrogen-bond)) (ADVP (RB still)) (VP (VBZ exists) (PP (IN in) (NP (DT this) (NN conformation))))) (CC but) (S (NP (DT the) (JJ main) (NN difference)) (VP (VBZ lies) (PP (IN in) (NP (NP (DT the) (NN directionality)) (PP (IN of) (NP (DT the) (NN protein))))))) (. .))) 
770,2,3,this,conformation,"In this conformation the proteins run in opposite directions , but the resulting hydrogen bonds connect directly across from one another instead of the diagonal .","(ROOT (S (S (PP (IN In) (NP (DT this) (NN conformation))) (NP (DT the) (NNS proteins)) (VP (VBP run) (PP (IN in) (NP (JJ opposite) (NNS directions))))) (, ,) (CC but) (S (NP (DT the) (VBG resulting) (NN hydrogen) (NNS bonds)) (VP (VBP connect) (PP (ADVP (RB directly)) (IN across) (IN from) (NP (CD one))) (NP (NP (DT another)) (PP (RB instead) (IN of) (NP (DT the) (NN diagonal)))))) (. .))) "
855,2,3,this,process,"In this process , one molecule loses one hydrogen atom , while the other loses one hydrogen atom and one oxygen atom .","(ROOT (S (PP (IN In) (NP (DT this) (NN process))) (, ,) (NP (CD one) (NN molecule)) (VP (VBZ loses) (NP (CD one) (NN hydrogen) (NN atom)) (, ,) (SBAR (IN while) (S (NP (DT the) (JJ other)) (VP (VBZ loses) (NP (NP (CD one) (NN hydrogen) (NN atom)) (CC and) (NP (CD one) (NN oxygen) (NN atom))))))) (. .))) "
957,2,3,this,system,"Under this system , for instance , Docosahexaenoic Acid -LRB- DHA -RRB- , a very important constituent of membranes in the brain and eyes , can by listed as 22:6 ω-3 .","(ROOT (S (PP (IN Under) (NP (DT this) (NN system))) (, ,) (PP (IN for) (NP (NN instance))) (, ,) (NP (NP (NNP Docosahexaenoic) (NNP Acid)) (PRN (-LRB- -LRB-) (NP (NN DHA)) (-RRB- -RRB-)) (, ,) (NP (NP (DT a) (ADJP (RB very) (JJ important)) (NN constituent)) (PP (IN of) (NP (NP (NNS membranes)) (PP (IN in) (NP (NP (DT the) (NN brain)) (CC and) (NP (NNS eyes))))))) (, ,)) (VP (MD can) (PP (IN by)) (VP (VBN listed) (PP (IN as) (NP (CD 22:6) (NN ω-3))))) (. .))) "
973,6,8,this,group,"Sphingolipids are named according to this head group : * If there is no head group it is called a ceramide * If the head group is phosphate and choline , it is called sphingomyelin * If the head group is a sugar , it is called a glycosphingolipid -LRB- or a glycolipid -RRB- The majority of sphingolipids are of the third type , glycosphingolipids .","(ROOT (S (S (NP (NNS Sphingolipids)) (VP (VBP are) (VP (VBN named) (PP (VBG according) (PP (TO to) (NP (DT this) (NN head) (NN group))))))) (: :) (S (SBAR (X (SYM *)) (S (SBAR (IN If) (S (NP (EX there)) (VP (VBZ is) (NP (DT no) (NN head) (NN group))))) (NP (PRP it)) (VP (VBZ is) (VP (VBN called) (S (NP (DT a) (NN ceramide)) (SBAR (X (SYM *)) (S (SBAR (IN If) (S (NP (DT the) (NN head) (NN group)) (VP (VBZ is) (NP (NN phosphate) (CC and) (NN choline))))) (, ,) (NP (PRP it)) (VP (VBZ is) (VP (VBN called) (ADJP (JJ sphingomyelin) (SBAR (X (SYM *)) (S (SBAR (IN If) (S (NP (DT the) (NN head) (NN group)) (VP (VBZ is) (NP (DT a) (NN sugar))))) (, ,) (NP (PRP it)) (VP (VBZ is) (VP (VBN called) (S (NP (NP (DT a) (NN glycosphingolipid)) (-LRB- -LRB-) (CC or) (NP (DT a) (NN glycolipid)) (-RRB- -RRB-))))))))))))))))) (NP (NP (DT The) (NN majority)) (PP (IN of) (NP (NNS sphingolipids)))) (VP (VBP are) (PP (IN of) (NP (NP (DT the) (JJ third) (NN type)) (, ,) (NP (NNS glycosphingolipids)))))) (. .))) "
982,7,8,these,molecule,"It is the amphipathic nature of these molecules that causes them to form bilayers , mediated by four forces : * The hydrophobic effect - this causes the hydrophobic tails to come together .","(ROOT (S (NP (PRP It)) (VP (VBZ is) (NP (NP (DT the) (JJ amphipathic) (NN nature)) (PP (IN of) (NP (NP (DT these) (NNS molecules)) (SBAR (WHNP (WDT that)) (S (VP (VBZ causes) (S (NP (PRP them)) (VP (TO to) (VP (VB form) (NP (NP (NNS bilayers)) (, ,) (VP (VBN mediated) (PP (IN by) (NP (CD four) (NNS forces))) (: :) (FRAG (X (X (SYM *)) (NP (DT The) (JJ hydrophobic) (NN effect))) (: -) (NP (NP (DT this)) (SBAR (S (VP (VBZ causes) (S (NP (DT the) (JJ hydrophobic) (NNS tails)) (VP (TO to) (VP (VB come) (ADVP (RB together))))))))) (. .)))))))))))))))) "
989,17,18,these,group,"This is common with free fatty acids , but not with most phosphoglycerides and sphingolipids because these groups have twice as many acyl chains per head than the fatty acid -LRB- picture -RRB- , and it is difficult to pack them all into the center of the micelle .","(ROOT (S (S (NP (DT This)) (VP (VBZ is) (ADJP (JJ common) (PP (PP (IN with) (NP (JJ free) (JJ fatty) (NNS acids))) (, ,) (CC but) (RB not) (PP (IN with) (NP (NP (JJS most) (NNS phosphoglycerides)) (CC and) (NP (NNS sphingolipids)))))) (SBAR (IN because) (S (NP (DT these) (NNS groups)) (VP (VBP have) (NP (NP (QP (RB twice) (RB as) (JJ many)) (NN acyl) (NNS chains)) (PP (IN per) (NP (NP (NN head)) (PP (IN than) (NP (DT the) (JJ fatty) (NN acid)))))) (PRN (-LRB- -LRB-) (NP (NN picture)) (-RRB- -RRB-))))))) (, ,) (CC and) (S (NP (PRP it)) (VP (VBZ is) (ADJP (JJ difficult) (S (VP (TO to) (VP (VB pack) (NP (PRP them)) (PP (DT all) (IN into) (NP (NP (DT the) (NN center)) (PP (IN of) (NP (DT the) (NN micelle))))))))))) (. .))) "
1042,7,9,these,bond,"In naturally occurring fatty acids , these double bonds are mostly in cis configuration .","(ROOT (S (PP (IN In) (S (ADVP (RB naturally)) (VP (VBG occurring) (NP (JJ fatty) (NNS acids))))) (, ,) (NP (DT these) (JJ double) (NNS bonds)) (VP (VBP are) (ADVP (RB mostly)) (PP (IN in) (NP (NN cis) (NN configuration)))) (. .))) "
1067,6,8,this,group,"Sphingolipids are named according to this head group : * If there is no head group it is called a ceramide * If the head group is phosphate and choline , it is called sphingomyelin * If the head group is a sugar , it is called a glycosphingolipid -LRB- or a glycolipid -RRB- The majority of sphingolipids are of the third type , glycosphingolipids .","(ROOT (S (S (NP (NNS Sphingolipids)) (VP (VBP are) (VP (VBN named) (PP (VBG according) (PP (TO to) (NP (DT this) (NN head) (NN group))))))) (: :) (S (SBAR (X (SYM *)) (S (SBAR (IN If) (S (NP (EX there)) (VP (VBZ is) (NP (DT no) (NN head) (NN group))))) (NP (PRP it)) (VP (VBZ is) (VP (VBN called) (S (NP (DT a) (NN ceramide)) (SBAR (X (SYM *)) (S (SBAR (IN If) (S (NP (DT the) (NN head) (NN group)) (VP (VBZ is) (NP (NN phosphate) (CC and) (NN choline))))) (, ,) (NP (PRP it)) (VP (VBZ is) (VP (VBN called) (ADJP (JJ sphingomyelin) (SBAR (X (SYM *)) (S (SBAR (IN If) (S (NP (DT the) (NN head) (NN group)) (VP (VBZ is) (NP (DT a) (NN sugar))))) (, ,) (NP (PRP it)) (VP (VBZ is) (VP (VBN called) (S (NP (NP (DT a) (NN glycosphingolipid)) (-LRB- -LRB-) (CC or) (NP (DT a) (NN glycolipid)) (-RRB- -RRB-))))))))))))))))) (NP (NP (DT The) (NN majority)) (PP (IN of) (NP (NNS sphingolipids)))) (VP (VBP are) (PP (IN of) (NP (NP (DT the) (JJ third) (NN type)) (, ,) (NP (NNS glycosphingolipids)))))) (. .))) "
1073,7,8,these,molecule,"It is the amphipathic nature of these molecules that causes them to form bilayers , mediated by four forces : * The hydrophobic effect - this causes the hydrophobic tails to come together .","(ROOT (S (NP (PRP It)) (VP (VBZ is) (NP (NP (DT the) (JJ amphipathic) (NN nature)) (PP (IN of) (NP (NP (DT these) (NNS molecules)) (SBAR (WHNP (WDT that)) (S (VP (VBZ causes) (S (NP (PRP them)) (VP (TO to) (VP (VB form) (NP (NP (NNS bilayers)) (, ,) (VP (VBN mediated) (PP (IN by) (NP (CD four) (NNS forces))) (: :) (FRAG (X (X (SYM *)) (NP (DT The) (JJ hydrophobic) (NN effect))) (: -) (NP (NP (DT this)) (SBAR (S (VP (VBZ causes) (S (NP (DT the) (JJ hydrophobic) (NNS tails)) (VP (TO to) (VP (VB come) (ADVP (RB together))))))))) (. .)))))))))))))))) "
1080,17,18,these,group,"This is common with free fatty acids , but not with most phosphoglycerides and sphingolipids because these groups have twice as many acyl chains per head than the fatty acid -LRB- picture -RRB- , and it is difficult to pack them all into the center of the micelle .","(ROOT (S (S (NP (DT This)) (VP (VBZ is) (ADJP (JJ common) (PP (PP (IN with) (NP (JJ free) (JJ fatty) (NNS acids))) (, ,) (CC but) (RB not) (PP (IN with) (NP (NP (JJS most) (NNS phosphoglycerides)) (CC and) (NP (NNS sphingolipids)))))) (SBAR (IN because) (S (NP (DT these) (NNS groups)) (VP (VBP have) (NP (NP (QP (RB twice) (RB as) (JJ many)) (NN acyl) (NNS chains)) (PP (IN per) (NP (NP (NN head)) (PP (IN than) (NP (DT the) (JJ fatty) (NN acid)))))) (PRN (-LRB- -LRB-) (NP (NN picture)) (-RRB- -RRB-))))))) (, ,) (CC and) (S (NP (PRP it)) (VP (VBZ is) (ADJP (JJ difficult) (S (VP (TO to) (VP (VB pack) (NP (PRP them)) (PP (DT all) (IN into) (NP (NP (DT the) (NN center)) (PP (IN of) (NP (DT the) (NN micelle))))))))))) (. .))) "
1102,2,3,this,experiment,"In this experiment , the cell surface is first labeled with a fluorescent chromophore .","(ROOT (S (PP (IN In) (NP (DT this) (NN experiment))) (, ,) (NP (DT the) (NN cell) (NN surface)) (VP (VBZ is) (ADVP (JJ first)) (VP (VBN labeled) (PP (IN with) (NP (DT a) (JJ fluorescent) (NN chromophore))))) (. .))) "
1137,7,8,this,concept,A common example used to explain this concept is the sodium-potassium pump .,(ROOT (S (NP (NP (DT A) (JJ common) (NN example)) (VP (VBN used) (S (VP (TO to) (VP (VB explain) (NP (DT this) (NN concept))))))) (VP (VBZ is) (NP (DT the) (NN sodium-potassium) (NN pump))) (. .))) 
1179,15,18,that,chemical,An early example of cell communication is Saccharomyces cerevisiae in which the cells of that yeast use chemical signaling to identify cells of opposite mating and to start the mating process .,(ROOT (S (NP (NP (DT An) (JJ early) (NN example)) (PP (IN of) (NP (NN cell) (NN communication)))) (VP (VBZ is) (NP (NP (FW Saccharomyces) (FW cerevisiae)) (SBAR (WHPP (IN in) (WHNP (WDT which))) (S (NP (NP (DT the) (NNS cells)) (PP (IN of) (NP (DT that) (NN yeast) (NN use) (NN chemical)))) (VP (NN signaling) (S (VP (VP (TO to) (VP (VB identify) (NP (NP (NNS cells)) (PP (IN of) (NP (JJ opposite) (NN mating)))))) (CC and) (VP (TO to) (VP (VB start) (NP (DT the) (NN mating) (NN process))))))))))) (. .))) 
1211,18,20,this,vesicle,Lipid Droplets were often called liposomes until the in vitro vesicles were generated in 1960 's and this new vesicles were named liposomes .,(ROOT (S (S (NP (NN Lipid) (NNS Droplets)) (VP (VBD were) (ADVP (RB often)) (VP (VBN called) (NP (NNS liposomes)) (PP (IN until) (NP (NP (DT the) (RRC (ADVP (FW in) (FW vitro)) (NP (NNS vesicles)))) (SBAR (S (VP (VBD were) (VP (VBN generated) (PP (IN in) (NP (CD 1960) (POS 's)))))))))))) (CC and) (S (NP (DT this) (JJ new) (NNS vesicles)) (VP (VBD were) (VP (VBN named) (NP (NNS liposomes))))) (. .))) 
1212,2,3,this,moment,"Since this moment the Lipid Droplets were referred as lipid bodies , fat bodies , spherosomes , or simply LDs .","(ROOT (S (PP (IN Since) (NP (DT this) (NN moment))) (NP (DT the) (NN Lipid) (NNS Droplets)) (VP (VBD were) (VP (VBN referred) (PP (IN as) (NP (NP (NN lipid) (NNS bodies)) (, ,) (NP (JJ fat) (NNS bodies)) (, ,) (NP (NNS spherosomes)) (, ,) (CC or) (ADVP (RB simply)) (NP (NNS LDs)))))) (. .))) "
1256,21,24,that,nature,"These long amino chains fold in specific ways , so as to make the reactions the enzyme catalyses specific to that particular enzyme.The nature and arrangement of amino acids in the active site make it specific for only one type of substrate .","(ROOT (S (NP (DT These) (JJ long) (NN amino) (NNS chains)) (VP (VBP fold) (PP (IN in) (NP (JJ specific) (NNS ways))) (, ,) (SBAR (RB so) (IN as) (S (S (VP (TO to) (VP (VB make) (NP (NP (DT the) (NNS reactions)) (ADJP (NP (DT the) (NN enzyme) (NNS catalyses)) (JJ specific))) (PP (TO to) (NP (NP (DT that) (JJ particular) (NN enzyme.The) (NN nature) (CC and) (NN arrangement)) (PP (IN of) (NP (NN amino) (NNS acids))))) (PP (IN in) (NP (DT the) (JJ active) (NN site)))))) (VP (VBP make) (S (NP (PRP it)) (ADJP (JJ specific) (PP (IN for) (NP (NP (RB only) (CD one) (NN type)) (PP (IN of) (NP (NN substrate))))))))))) (. .))) "
1314,7,8,this,case,"Add the enzyme , or in this case , a cell e.g. yeast , to the alginate solution , and mix in well .","(ROOT (S (VP (VB Add) (S (NP (DT the) (NN enzyme)) (VP (PRN (, ,) (CC or) (PP (IN in) (NP (NP (DT this) (NN case)) (, ,) (NP (DT a) (ADJP (NN cell) (FW e.g.)) (NN yeast)) (, ,) (PP (TO to) (NP (DT the) (JJ alginate) (NN solution))) (, ,) (CC and) (NP (NN mix))))) (PP (IN in) (ADVP (RB well)))))) (. .))) "
1315,2,3,this,point,"At this point the mixture will be very thick , and should be left for twenty minutes to eliminate the air bubbles , from the solution ; such air bubbles would increase the surface area of the beads , making them less efficient .","(ROOT (S (S (PP (IN At) (NP (DT this) (NN point))) (NP (DT the) (NN mixture)) (VP (VP (MD will) (VP (VB be) (ADJP (RB very) (JJ thick)))) (, ,) (CC and) (VP (MD should) (VP (VB be) (VP (VBN left) (PP (IN for) (NP (CD twenty) (NNS minutes))) (S (VP (TO to) (VP (VB eliminate) (NP (DT the) (NN air) (NNS bubbles))))) (, ,) (PP (IN from) (NP (DT the) (NN solution)))))))) (: ;) (S (NP (JJ such) (NN air) (NNS bubbles)) (VP (MD would) (VP (VB increase) (NP (NP (DT the) (NN surface) (NN area)) (PP (IN of) (NP (DT the) (NNS beads)))) (, ,) (S (VP (VBG making) (S (NP (PRP them)) (ADJP (RBR less) (JJ efficient)))))))) (. .))) "
1345,48,49,this,energy,"php?title = Biochemistry/Metabolism & action = edit & section = T-1 -RRB- -RSB- We have -LSB- already seen -RSB- -LRB- / wiki/Biochemistry/Metabolism _ and_energy -RRB- how ATP is a universal `` energy currency '' in the cell , and how its high-energy phosphate can store and release this energy efficiently .","(ROOT (S (S (VP (NN php?title) (NP (NP (JJ =) (NNP Biochemistry/Metabolism)) (CC &) (NP (NP (NN action)) (ADJP (ADJP (JJ =)) (PRN (NP (NP (NN edit)) (CC &) (NP (NN section) (JJ =) (NN T-1))) (-RRB- -RRB-))))))) (-RRB- -RSB-) (NP (PRP We)) (VP (VBP have) (-LRB- -LSB-) (ADVP (RB already)) (VP (VBN seen) (PRT (-RRB- -RSB-)) (PRN (-LRB- -LRB-) (S (VP (: /) (NP (NN wiki/Biochemistry/Metabolism) (CD _) (NN and_energy)))) (-RRB- -RRB-)) (SBAR (SBAR (WHADVP (WRB how)) (S (NP (NN ATP)) (VP (VBZ is) (NP (NP (DT a) (JJ universal) (`` ``) (NN energy) (NN currency) ('' '')) (PP (IN in) (NP (DT the) (NN cell))))))) (, ,) (CC and) (SBAR (WHADVP (WRB how)) (S (NP (PRP$ its) (JJ high-energy) (NN phosphate)) (VP (MD can) (VP (VB store) (CC and) (VB release) (ADVP (NP (DT this) (NN energy)) (RB efficiently))))))))) (. .))) "
1349,3,4,these,molecule,Each of these molecules carries a phosphate group with an ever higher transfer potential than that of ATP .,(ROOT (S (NP (NP (DT Each)) (PP (IN of) (NP (DT these) (NNS molecules)))) (VP (VBZ carries) (NP (DT a) (NN phosphate) (NN group)) (PP (IN with) (NP (NP (DT an) (ADJP (RB ever) (JJR higher)) (NN transfer) (NN potential)) (PP (IN than) (NP (NP (DT that)) (PP (IN of) (NP (NN ATP)))))))) (. .))) 
1350,10,11,these,molecule,ATP is continuously regenerated by transferring phosphate groups from these molecules to ADP .,(ROOT (S (NP (NN ATP)) (VP (VBZ is) (ADVP (RB continuously)) (VP (VBN regenerated) (PP (IN by) (S (VP (VBG transferring) (NP (NN phosphate) (NNS groups)) (PP (IN from) (NP (DT these) (NNS molecules))) (PP (TO to) (NP (NN ADP)))))))) (. .))) 
1362,18,19,this,purpose,"Especially a variant of NADH , _ NAD ** P ** H _ , is used for this purpose .","(ROOT (S (NP (NP (NP (RB Especially) (DT a) (NN variant)) (PP (IN of) (NP (NP (NNP NADH)) (, ,) (NP (NP (CD _) (NNP NAD)) (SBAR (S (VP (SYM **) (NP (NN P)))))))) (X (SYM **))) (NP (NN H) (NN _)) (, ,)) (VP (VBZ is) (VP (VBN used) (PP (IN for) (NP (DT this) (NN purpose))))) (. .))) "
1363,3,5,these,bond,"With all these high-energy bonds and electron-carrying molecules around , one would expect to see wild , uncontrolled chemical reactions occurring in the cell .","(ROOT (S (PP (IN With) (NP (NP (NP (PDT all) (DT these) (JJ high-energy) (NNS bonds)) (CC and) (NP (JJ electron-carrying) (NNS molecules))) (ADVP (IN around)))) (, ,) (NP (CD one)) (VP (MD would) (VP (VB expect) (S (VP (TO to) (VP (VB see) (NP (NP (JJ wild) (, ,) (JJ uncontrolled) (NN chemical) (NNS reactions)) (VP (VBG occurring) (PP (IN in) (NP (DT the) (NN cell)))))))))) (. .))) "
1382,3,4,these,fact,All of these facts relating glutamine importance to cancer cells may be a potential target in altering cancer cell metabolism .,(ROOT (S (NP (NP (DT All)) (PP (IN of) (NP (NP (DT these) (NNS facts)) (VP (VBG relating) (NP (NN glutamine) (NN importance)) (PP (TO to) (NP (NN cancer) (NNS cells))))))) (VP (MD may) (VP (VB be) (NP (NP (DT a) (JJ potential) (NN target)) (PP (IN in) (S (VP (VBG altering) (NP (NN cancer) (NN cell) (NN metabolism)))))))) (. .))) 
1395,5,6,this,action,"In order to perform this action , so it will not be a lengthy process , an enzyme is necessary .","(ROOT (S (SBAR (IN In) (NN order) (S (VP (TO to) (VP (VB perform) (NP (DT this) (NN action)) (, ,) (SBAR (IN so) (S (NP (PRP it)) (VP (MD will) (RB not) (VP (VB be) (NP (DT a) (JJ lengthy) (NN process)))))))))) (, ,) (NP (DT an) (NN enzyme)) (VP (VBZ is) (ADJP (JJ necessary))) (. .))) "
1396,5,6,this,action,The enzyme that catalyzes this action is pyruvate dehydrogenase .,(ROOT (S (NP (NP (DT The) (NN enzyme)) (SBAR (WHNP (WDT that)) (S (VP (VBZ catalyzes) (NP (DT this) (NN action)))))) (VP (VBZ is) (NP (NN pyruvate) (NN dehydrogenase))) (. .))) 
1399,9,10,these,enzyme,"Since it does contain a complex structure , these enzymes are present within the structure multiple times .","(ROOT (S (SBAR (IN Since) (S (NP (PRP it)) (VP (VBZ does) (VP (VB contain) (NP (DT a) (JJ complex) (NN structure)))))) (, ,) (NP (DT these) (NNS enzymes)) (VP (VBP are) (ADJP (JJ present) (PP (IN within) (NP (DT the) (NN structure)))) (NP-TMP (JJ multiple) (NNS times))) (. .))) "
1409,6,9,this,buildup,"The most common forms of this lactic acid buildup can cause symptoms such as nausea , abnormal heartbeat , and vomiting .","(ROOT (S (NP (NP (DT The) (RBS most) (JJ common) (NNS forms)) (PP (IN of) (NP (DT this) (JJ lactic) (NN acid) (NN buildup)))) (VP (MD can) (VP (VB cause) (NP (NP (NNS symptoms)) (PP (JJ such) (IN as) (NP (NP (NN nausea)) (, ,) (NP (JJ abnormal) (NN heartbeat)) (, ,) (CC and) (NP (NN vomiting))))))) (. .))) "
1441,3,4,these,molecule,"Most of these molecules are proteins , built into the inner membrane of mitochondria of eukaryotic cells and the plasma membrane of aerobically respiring prokaryotes .","(ROOT (S (NP (NP (JJS Most)) (PP (IN of) (NP (DT these) (NNS molecules)))) (VP (VBP are) (NP (NP (NNS proteins)) (, ,) (VP (VBN built) (PP (IN into) (NP (NP (NP (DT the) (JJ inner) (NN membrane)) (PP (IN of) (NP (NP (NN mitochondria)) (PP (IN of) (NP (JJ eukaryotic) (NNS cells)))))) (CC and) (NP (NP (DT the) (NN plasma) (NN membrane)) (PP (IN of) (S (VP (ADVP (RB aerobically)) (VBG respiring) (NP (NNS prokaryotes))))))))))) (. .))) "
1476,3,4,these,cell,"Afterwards , these cells were `` blended '' to remove the phage heads .","(ROOT (S (ADVP (RB Afterwards)) (, ,) (NP (DT these) (NNS cells)) (VP (VBD were) (ADJP (`` ``) (JJ blended) ('' '') (S (VP (TO to) (VP (VB remove) (NP (DT the) (NN phage) (NNS heads))))))) (. .))) "
1483,13,14,this,information,"The keto tautomer -LRB- lactam -RRB- dominated at physiological pH. Garnering all this information , James Watson and Francis Crick discovered the structure of DNA -LRB- double-helix -RRB- in 1953 .","(ROOT (S (NP (NP (DT The) (NN keto) (NN tautomer)) (PRN (-LRB- -LRB-) (NP (NN lactam)) (-RRB- -RRB-))) (VP (VBD dominated) (PP (IN at) (NP (JJ physiological) (NNP pH.) (NNP Garnering))) (SBAR (S (NP (NP (PDT all) (DT this) (NN information)) (, ,) (NP (NNP James) (NNP Watson)) (CC and) (NP (NNP Francis) (NNP Crick))) (VP (VBD discovered) (NP (NP (DT the) (NN structure)) (PP (IN of) (NP (NP (NN DNA)) (PRN (-LRB- -LRB-) (NP (JJ double-helix)) (-RRB- -RRB-))))) (PP (IN in) (NP (CD 1953))))))) (. .))) "
1500,16,18,that,gene,"In addition , the size of an mRNA depends on the number of nucletides in that particular gene .","(ROOT (S (PP (IN In) (NP (NN addition))) (, ,) (NP (NP (DT the) (NN size)) (PP (IN of) (NP (DT an) (NN mRNA)))) (VP (VBZ depends) (PP (IN on) (NP (NP (DT the) (NN number)) (PP (IN of) (NP (NP (NNS nucletides)) (PP (IN in) (NP (DT that) (JJ particular) (NN gene)))))))) (. .))) "
1519,24,25,this,process,"RNA job is to transfer the genetic codes that are needed for the creation of proteins from the nucleus to the ribosome , this process prevents the DNA from leaving the nucleus , so DNA stays safe .","(ROOT (S (S (NP (NN RNA) (NN job)) (VP (VBZ is) (S (VP (TO to) (VP (VB transfer) (NP (NP (DT the) (JJ genetic) (NNS codes)) (SBAR (WHNP (WDT that)) (S (VP (VBP are) (VP (VBN needed) (PP (IN for) (NP (NP (DT the) (NN creation)) (PP (IN of) (NP (NP (NNS proteins)) (PP (IN from) (NP (DT the) (NN nucleus))))))) (PP (TO to) (NP (DT the) (NN ribosome))))))))))))) (PRN (, ,) (S (NP (DT this) (NN process)) (VP (VBZ prevents) (NP (DT the) (NN DNA)) (PP (IN from) (S (VP (VBG leaving) (NP (DT the) (NN nucleus))))))) (, ,)) (RB so) (S (NP (NN DNA)) (VP (VBZ stays) (ADJP (JJ safe)))) (. .))) "
1546,6,7,this,question,"Using density-gradient equilibrium sedimentation , this question was answered .","(ROOT (S (S (VP (VBG Using) (NP (JJ density-gradient) (NN equilibrium) (NN sedimentation)))) (, ,) (NP (DT this) (NN question)) (VP (VBD was) (VP (VBN answered))) (. .))) "
1547,2,3,this,centrifugation,"In this centrifugation , similar densities were grouped together in the tube .","(ROOT (S (PP (IN In) (NP (DT this) (NN centrifugation))) (, ,) (NP (JJ similar) (NNS densities)) (VP (VBD were) (VP (VBN grouped) (ADVP (RB together)) (PP (IN in) (NP (DT the) (NN tube))))) (. .))) "
1551,12,14,this,hybrid,This proved that DNA was not conservative but semi-conservative due to this nitrogen hybrid .,(ROOT (S (NP (DT This)) (VP (VBD proved) (SBAR (IN that) (S (NP (NN DNA)) (VP (VBD was) (ADJP (ADJP (RB not) (JJ conservative)) (CC but) (ADJP (JJ semi-conservative) (JJ due))) (PP (TO to) (NP (DT this) (NN nitrogen) (NN hybrid))))))) (. .))) 
1552,4,5,this,one,"One generation after this one , there were two nitrogen-14 molecules and two hybrid nitrogen molecules .","(ROOT (S (PP (NP (CD One) (NN generation)) (IN after) (NP (DT this) (CD one))) (, ,) (NP (EX there)) (VP (VBD were) (NP (NP (CD two) (JJ nitrogen-14) (NNS molecules)) (CC and) (NP (CD two) (JJ hybrid) (NN nitrogen) (NNS molecules)))) (. .))) "
1553,6,8,this,generation,The probability and statistics of this second generation reassures the semi-conservative hypothesis .,(ROOT (S (NP (NP (DT The) (NN probability) (CC and) (NNS statistics)) (PP (IN of) (NP (DT this) (JJ second) (NN generation)))) (VP (VBZ reassures) (NP (DT the) (JJ semi-conservative) (NN hypothesis))) (. .))) 
1561,11,13,this,capability,"In a PCR , polymerase chain reaction , it utilizes this denaturation capability in its primary step .","(ROOT (S (PP (IN In) (NP (NP (DT a) (NN PCR)) (, ,) (NP (NN polymerase) (NN chain) (NN reaction)))) (, ,) (NP (PRP it)) (VP (VBZ utilizes) (NP (NP (DT this) (NN denaturation) (NN capability)) (PP (IN in) (NP (PRP$ its) (JJ primary) (NN step))))) (. .))) "
1563,2,3,this,step,"In this step , this is where the primers bind to their corresponding flanking DNA base sequence .","(ROOT (S (PP (IN In) (NP (DT this) (NN step))) (, ,) (NP (DT this)) (VP (VBZ is) (SBAR (WHADVP (WRB where)) (S (NP (DT the) (NNS primers)) (VP (VBP bind) (PP (TO to) (NP (PRP$ their) (JJ corresponding) (JJ flanking) (NN DNA) (NN base) (NN sequence))))))) (. .))) "
1570,2,4,this,temperature,"At this optimal temperature of seventy-two degrees Fahrenheit , the DNA is amplified with its respective primers , replicating at an exponential rate .","(ROOT (S (PP (IN At) (NP (NP (DT this) (JJ optimal) (NN temperature)) (PP (IN of) (NP (CD seventy-two) (NNS degrees) (NN Fahrenheit))))) (, ,) (NP (DT the) (NN DNA)) (VP (VBZ is) (VP (VBN amplified) (PP (IN with) (NP (PRP$ its) (JJ respective) (NNS primers))) (, ,) (S (VP (VBG replicating) (PP (IN at) (NP (DT an) (JJ exponential) (NN rate))))))) (. .))) "
1574,24,25,that,duplex,"-- Endonucleases are enzymes that can recognize specific base sequences in double-helical DNA and cleave , at specific places , both strands of that duplex .","(ROOT (S (: --) (NP (NNS Endonucleases)) (VP (VBP are) (NP (NP (NNS enzymes)) (SBAR (WHNP (WDT that)) (S (VP (MD can) (VP (VB recognize) (NP (JJ specific) (NN base) (NNS sequences)) (PP (IN in) (NP (JJ double-helical) (NN DNA))) (CC and) (VB cleave) (, ,) (PP (IN at) (NP (NP (JJ specific) (NNS places)) (, ,) (NP (NP (DT both) (NNS strands)) (PP (IN of) (NP (DT that) (NN duplex)))))))))))) (. .))) "
1598,6,7,these,subunit,"In a DNA molecule , these subunits are connected in a way that their phosphate on 5 prime carbon are bonded to another subunit 's hydroxy group on 3 prime carbon .","(ROOT (S (PP (IN In) (NP (DT a) (NN DNA) (NN molecule))) (, ,) (NP (DT these) (NNS subunits)) (VP (VBP are) (VP (VBN connected) (PP (IN in) (NP (DT a) (NN way))) (SBAR (IN that) (S (NP (NP (PRP$ their) (NN phosphate)) (PP (IN on) (NP (CD 5) (JJ prime) (NN carbon)))) (VP (VBP are) (VP (VBN bonded) (PP (TO to) (NP (NP (DT another) (NN subunit) (POS 's)) (NN hydroxy) (NN group))) (PP (IN on) (NP (CD 3) (JJ prime) (NN carbon))))))))) (. .))) "
1600,2,3,this,idea,"Utilizing this idea , subunit analogies were invented , ddGMP , ddAMP , ddCMP and ddTMP .","(ROOT (S (S (VP (VBG Utilizing) (NP (DT this) (NN idea)))) (, ,) (NP (NN subunit) (NNS analogies)) (VP (VBD were) (VP (VBN invented) (, ,) (NP (NN ddGMP) (, ,) (NN ddAMP) (, ,) (NN ddCMP) (CC and) (NN ddTMP)))) (. .))) "
1608,2,3,these,fragment,"Then these fragments will be separated by electrophoresis , which will tell the sequence of the target DNA .","(ROOT (S (RB Then) (NP (DT these) (NNS fragments)) (VP (MD will) (VP (VB be) (VP (VBN separated) (PP (IN by) (NP (NP (NN electrophoresis)) (, ,) (SBAR (WHNP (WDT which)) (S (VP (MD will) (VP (VB tell) (NP (NP (DT the) (NN sequence)) (PP (IN of) (NP (DT the) (NN target) (NN DNA))))))))))))) (. .))) "
1637,25,26,that,alternate,php?title = Biochemistry/DNA _ and_RNA & action = edit & section = T-12 -RRB- -RSB- Adenosine deaminases -LRB- ADAR -RRB- are mRNA editing enzymes that alternate a double stranded RNA sequence by tuning it .,(ROOT (S (NP (NP (NP (NP (NN php?title) (JJ =) (NN Biochemistry/DNA)) (NP (CD _) (NN and_RNA))) (CC &) (NP (NP (NN action)) (PP (NP (NP (JJ =) (NN edit)) (CC &) (NP (NN section) (JJ =) (NN T-12)) (-RRB- -RRB-)) (-RRB- -RSB-) (NP (NN Adenosine) (NNS deaminases))))) (PRN (-LRB- -LRB-) (NP (NN ADAR)) (-RRB- -RRB-))) (VP (VBP are) (NP (NP (NN mRNA) (NN editing) (NNS enzymes)) (SBAR (WHNP (WHNP (WDT that) (NN alternate)) (PP (NP (DT a) (JJ double) (JJ stranded) (NN RNA) (NN sequence)) (IN by) (NP (NN tuning)))) (S (NP (PRP it)))))) (. .))) 
1648,2,3,this,case,"In this case , ADAR is modulating the translational activities of mRNAs .","(ROOT (S (PP (IN In) (NP (DT this) (NN case))) (, ,) (NP (NN ADAR)) (VP (VBZ is) (VP (VBG modulating) (NP (NP (DT the) (JJ translational) (NNS activities)) (PP (IN of) (NP (NNS mRNAs)))))) (. .))) "
1655,11,12,those,reaction,This high protein-protein affinity can improve biological reactions by facilitating those reactions .,(ROOT (S (NP (DT This) (JJ high) (JJ protein-protein) (NN affinity)) (VP (MD can) (VP (VB improve) (NP (JJ biological) (NNS reactions)) (PP (IN by) (S (VP (VBG facilitating) (NP (DT those) (NNS reactions))))))) (. .))) 
1657,13,14,these,site,The only thing that is known is that alternating the sequence within these sites can create new splice sites .,(ROOT (S (NP (NP (DT The) (JJ only) (NN thing)) (SBAR (WHNP (WDT that)) (S (VP (VBZ is) (VP (VBN known)))))) (VP (VBZ is) (SBAR (IN that) (S (S (VP (VBG alternating) (NP (DT the) (NN sequence)) (PP (IN within) (NP (DT these) (NNS sites))))) (VP (MD can) (VP (VB create) (NP (JJ new) (NN splice) (NNS sites))))))) (. .))) 
1663,13,15,these,channel,"When ADARs edit gluR mRNA , they change the calcium permeability of these glutamate channels .","(ROOT (S (SBAR (WHADVP (WRB When)) (S (NP (NNS ADARs)) (VP (VBP edit) (NP (NN gluR) (NN mRNA))))) (, ,) (NP (PRP they)) (VP (VBP change) (NP (NP (DT the) (NN calcium) (NN permeability)) (PP (IN of) (NP (DT these) (NN glutamate) (NNS channels))))) (. .))) "
1670,4,5,this,toxin,The accumulation of this toxin destroys the immune cells making its host vulnerable to infection from bacteria and viruses .,(ROOT (S (NP (NP (DT The) (NN accumulation)) (PP (IN of) (NP (DT this) (NN toxin)))) (VP (VBZ destroys) (S (NP (DT the) (JJ immune) (NNS cells)) (VP (VBG making) (S (NP (PRP$ its) (NN host)) (ADJP (JJ vulnerable) (PP (TO to) (NP (NP (NN infection)) (PP (IN from) (NP (NNS bacteria) (CC and) (NNS viruses)))))))))) (. .))) 
1682,7,8,these,hexamer,Ltag : The channel diameters of these hexamers vary between 13-17 angstroms .,(ROOT (FRAG (NP (NNP Ltag)) (: :) (S (NP (NP (DT The) (NN channel) (NNS diameters)) (PP (IN of) (NP (DT these) (NNS hexamers)))) (VP (VBP vary) (PP (IN between) (NP (CD 13-17) (NNS angstroms))))) (. .))) 
1684,3,4,these,hexamer,Two of these hexamers surround the origin point of the double-stranded DNA and squeeze the area together .,(ROOT (S (NP (NP (CD Two)) (PP (IN of) (NP (DT these) (NNS hexamers)))) (VP (VP (VBP surround) (NP (NP (DT the) (NN origin) (NN point)) (PP (IN of) (NP (DT the) (JJ double-stranded) (NN DNA))))) (CC and) (VP (VB squeeze) (NP (DT the) (NN area)) (ADVP (RB together)))) (. .))) 
1694,19,20,these,pigment,"php?title = Biochemistry/Print _ version & action = edit & section = 22 -RRB- -RSB- In humans , these pigments include hemoglobin and myoglobin , the latter is present in red muscle fibers .","(ROOT (S (S (ADJP (ADJP (ADJP (NN php?title) (JJ =)) (PRN (NP (NP (NNP Biochemistry/Print)) (NP (NP (NP (CD _) (NN version)) (CC &) (NP (NN action) (JJ =) (NN edit))) (CC &) (NP (NP (NN section)) (ADJP (JJ =) (NP-TMP (CD 22)))))) (-RRB- -RRB-))) (SBAR (-RRB- -RSB-) (S (PP (IN In) (NP (NNS humans))) (, ,) (NP (DT these) (NNS pigments)) (VP (VBP include) (NP (NN hemoglobin) (CC and) (NN myoglobin))))))) (, ,) (NP (DT the) (JJ latter)) (VP (VBZ is) (ADJP (JJ present) (PP (IN in) (NP (JJ red) (NN muscle) (NNS fibers))))) (. .))) "
1697,8,9,these,gas,Its reactivity depends upon partial pressure of these gases .,(ROOT (S (NP (PRP$ Its) (NN reactivity)) (VP (VBZ depends) (PP (IN upon) (NP (NP (JJ partial) (NN pressure)) (PP (IN of) (NP (DT these) (NNS gases)))))) (. .))) 
1704,30,31,these,protein,php?title = Biochemistry/Bioinformatics & action = edit & section = T-1 -RRB- -RSB- When scientists study the relationship between proteins between different species they must determine whether or not these proteins are homologous to one another .,(ROOT (S (S (VP (NN php?title) (NP (NP (JJ =) (NNP Biochemistry/Bioinformatics)) (CC &) (NP (NP (NN action)) (ADJP (ADJP (JJ =)) (PRN (NP (NP (NN edit)) (CC &) (NP (NN section) (JJ =) (NN T-1))) (-RRB- -RRB-))))))) (-RRB- -RSB-) (SBAR (WHADVP (WRB When)) (S (NP (NNS scientists)) (VP (VBP study) (NP (NP (DT the) (NN relationship)) (PP (IN between) (NP (NP (NNS proteins)) (PP (IN between) (NP (JJ different) (NNS species))))))))) (NP (PRP they)) (VP (MD must) (VP (VB determine) (SBAR (IN whether) (CC or) (RB not) (S (NP (DT these) (NNS proteins)) (VP (VBP are) (ADJP (JJ homologous) (PP (TO to) (NP (CD one) (DT another))))))))) (. .))) 
1729,37,38,these,residue,"For example , if sequence A has a 20 % of residue A and 30 % of residue B and if sequence B has 21 % of residue A and 35 % of residue B , these residues A and B prevalence may indicate that these sequences are related to one another .","(ROOT (S (PP (IN For) (NP (NP (NN example)) (, ,) (SBAR (SBAR (IN if) (S (NP (NN sequence) (NN A)) (VP (VBZ has) (NP (NP (NP (DT a) (CD 20) (NN %)) (PP (IN of) (NP (NN residue) (NN A)))) (CC and) (NP (NP (CD 30) (NN %)) (PP (IN of) (NP (NN residue) (NN B)))))))) (CC and) (SBAR (IN if) (S (NP (NN sequence) (NN B)) (VP (VBZ has) (NP (NP (NP (CD 21) (NN %)) (PP (IN of) (NP (NN residue) (NN A)))) (CC and) (NP (NP (CD 35) (NN %)) (PP (IN of) (NP (NP (NN residue) (NN B)) (, ,) (NP (NP (DT these) (NNS residues)) (NP (DT A) (CC and) (NN B))))))))))))) (NP (NN prevalence)) (VP (MD may) (VP (VB indicate) (SBAR (IN that) (S (NP (DT these) (NNS sequences)) (VP (VBP are) (ADJP (JJ related) (PP (TO to) (NP (CD one) (DT another))))))))) (. .))) "
1729,46,47,these,sequence,"For example , if sequence A has a 20 % of residue A and 30 % of residue B and if sequence B has 21 % of residue A and 35 % of residue B , these residues A and B prevalence may indicate that these sequences are related to one another .","(ROOT (S (PP (IN For) (NP (NP (NN example)) (, ,) (SBAR (SBAR (IN if) (S (NP (NN sequence) (NN A)) (VP (VBZ has) (NP (NP (NP (DT a) (CD 20) (NN %)) (PP (IN of) (NP (NN residue) (NN A)))) (CC and) (NP (NP (CD 30) (NN %)) (PP (IN of) (NP (NN residue) (NN B)))))))) (CC and) (SBAR (IN if) (S (NP (NN sequence) (NN B)) (VP (VBZ has) (NP (NP (NP (CD 21) (NN %)) (PP (IN of) (NP (NN residue) (NN A)))) (CC and) (NP (NP (CD 35) (NN %)) (PP (IN of) (NP (NP (NN residue) (NN B)) (, ,) (NP (NP (DT these) (NNS residues)) (NP (DT A) (CC and) (NN B))))))))))))) (NP (NN prevalence)) (VP (MD may) (VP (VB indicate) (SBAR (IN that) (S (NP (DT these) (NNS sequences)) (VP (VBP are) (ADJP (JJ related) (PP (TO to) (NP (CD one) (DT another))))))))) (. .))) "
1735,8,10,this,range,For example if a sequence A have this particular range of residues that are not important or critical to its function or structure but have an important residue rang after the non-important residue range and the other sequence B lacks the sequence unimportant residue range but does have the same important residue range of sequence A .,(ROOT (S (IN For) (NP (NP (NN example)) (SBAR (IN if) (S (NP (DT a) (NN sequence) (NN A)) (VP (VP (VBP have) (NP (NP (DT this) (JJ particular) (NN range)) (PP (IN of) (NP (NP (NNS residues)) (SBAR (WHNP (WDT that)) (S (VP (VBP are) (RB not) (ADJP (JJ important) (CC or) (JJ critical)) (PP (TO to) (NP (PRP$ its) (NN function) (CC or) (NN structure)))))))))) (CC but) (VP (VBP have) (NP (DT an) (JJ important) (NN residue))))))) (VP (VBD rang) (SBAR (IN after) (S (NP (NP (DT the) (JJ non-important) (NN residue) (NN range)) (CC and) (NP (DT the) (JJ other) (NN sequence) (NN B))) (VP (VP (VBZ lacks) (NP (ADJP (NP (DT the) (NN sequence)) (JJ unimportant)) (NN residue) (NN range))) (CC but) (VP (VBZ does) (VP (VB have) (NP (NP (DT the) (JJ same) (JJ important) (NN residue) (NN range)) (PP (IN of) (NP (NN sequence) (NN A)))))))))) (. .))) 
1762,14,15,this,page,php?title = Biochemistry/Print _ version & action = info -RRB- * -LSB- Cite this page -RSB- -LRB- / w/index .,(ROOT (S (NP (NP (NN php?title)) (ADJP (ADJP (ADJP (JJ =)) (PRN (NP (NP (NNP Biochemistry/Print) (CD _) (NN version)) (CC &) (NP (NN action) (JJ =) (NN info))) (-RRB- -RRB-))) (SBAR (X (SYM *)) (S (NP (-LRB- -LSB-)) (VP (VB Cite) (NP (DT this) (NN page))))))) (VP (-RRB- -RSB-) (-LRB- -LRB-) (VP (: /) (NP (NN w/index)))) (. .))) 
1768,3,4,this,site,"By using this site , you agree to the -LSB- Terms of Use -RSB- -LRB- / / wikimediafoundation.org/wiki/Terms_of_Use -RRB- and -LSB- Privacy Policy . -RSB-","(ROOT (S (PP (IN By) (S (VP (VBG using) (NP (DT this) (NN site))))) (, ,) (NP (PRP you)) (VP (VBP agree) (PP (PP (TO to) (NP (NP (DT the) (-LRB- -LSB-) (NNS Terms)) (PP (IN of) (NP (NP (NN Use) (-RRB- -RSB-)) (PRN (-LRB- -LRB-) (NP (: /) (: /) (NN wikimediafoundation.org/wiki/Terms_of_Use)) (-RRB- -RRB-)))))) (CC and) (PP (-LRB- -LSB-) (NP (NNP Privacy) (NNP Policy))))) (. .) (-RRB- -RSB-))) "
