2,7,8,this,page,-LSB- Unreviewed changes are displayed on this page -RSB- -LRB- / / bits.wikimedia.org/static-1.22wmf19/extensions/FlaggedRevs/frontend/modules/img/1.png -RRB- The -LSB- latest reviewed version -RSB- -LRB- / / en.wikibooks.org/w/index.php?title=Business_English/Print_version&stable=1 -RRB- was -LSB- checked -RSB- -LRB- / / en.wikibooks.org/w/index.php?title=Special:Log&type=review&page=Business_English/Print_version -RRB- on _ 9 March 2009 _ .,(ROOT (S (NP (-LRB- -LSB-) (JJ Unreviewed) (NNS changes)) (VP (VBP are) (VP (VBN displayed) (PP (IN on) (NP (NP (DT this) (NN page)) (-RRB- -RSB-) (PRN (-LRB- -LRB-) (NP (: /) (: /) (NN bits.wikimedia.org/static-1.22wmf19/extensions/FlaggedRevs/frontend/modules/img/1.png)) (-RRB- -RRB-)) (NP (DT The) (-LRB- -LSB-)))) (NP-TMP (NP (NP (JJS latest)) (VP (VBN reviewed) (NP (NN version)) (SBAR (-RRB- -RSB-) (S (-LRB- -LRB-) (NP (: /) (: /) (NN en.wikibooks.org/w/index.php?title=Business_English/Print_version&stable=1)) (-RRB- -RRB-) (VP (VBD was) (-LRB- -LSB-) (VP (VBN checked) (PP (-RRB- -RSB-) (PRN (-LRB- -LRB-) (PP (: /) (NP (: /) (NN en.wikibooks.org/w/index.php?title=Special:Log&type=review&page=Business_English/Print_version))) (-RRB- -RRB-))) (PP (IN on) (NP (QP (CD _) (CD 9)))) (NP-TMP (NNP March) (CD 2009)))))))) (NP (CD _))))) (. .))) 
20,2,3,those,speaker,Only those speakers who reflect on the cultural derivation of these expressions will modify their speech for those who do not share similar cultural backgrounds .,(ROOT (S (NP (NP (RB Only) (DT those) (NNS speakers)) (SBAR (WHNP (WP who)) (S (VP (VBP reflect) (PP (IN on) (NP (NP (DT the) (JJ cultural) (NN derivation)) (PP (IN of) (NP (DT these) (NNS expressions))))))))) (VP (MD will) (VP (VB modify) (NP (PRP$ their) (NN speech)) (PP (IN for) (NP (NP (DT those)) (SBAR (WHNP (WP who)) (S (VP (VBP do) (RB not) (VP (VB share) (NP (JJ similar) (JJ cultural) (NNS backgrounds)))))))))) (. .))) 
20,11,12,these,expression,Only those speakers who reflect on the cultural derivation of these expressions will modify their speech for those who do not share similar cultural backgrounds .,(ROOT (S (NP (NP (RB Only) (DT those) (NNS speakers)) (SBAR (WHNP (WP who)) (S (VP (VBP reflect) (PP (IN on) (NP (NP (DT the) (JJ cultural) (NN derivation)) (PP (IN of) (NP (DT these) (NNS expressions))))))))) (VP (MD will) (VP (VB modify) (NP (PRP$ their) (NN speech)) (PP (IN for) (NP (NP (DT those)) (SBAR (WHNP (WP who)) (S (VP (VBP do) (RB not) (VP (VB share) (NP (JJ similar) (JJ cultural) (NNS backgrounds)))))))))) (. .))) 
21,12,13,these,expression,"However , the savvy listener can usually comprehend the meaning of these expressions when heard in context of a discussion .","(ROOT (S (ADVP (RB However)) (, ,) (NP (DT the) (JJ savvy) (NN listener)) (VP (MD can) (ADVP (RB usually)) (VP (VB comprehend) (NP (NP (DT the) (NN meaning)) (PP (IN of) (NP (DT these) (NNS expressions)))) (SBAR (WHADVP (WRB when)) (S (VP (VBN heard) (PP (IN in) (NP (NP (NN context)) (PP (IN of) (NP (DT a) (NN discussion)))))))))) (. .))) "
70,13,14,this,situation,Experience is the most powerful tool that you can rely on in this situation .,(ROOT (S (NP (NN Experience)) (VP (VBZ is) (NP (DT the) (ADJP (RBS most) (JJ powerful)) (NN tool)) (SBAR (IN that) (S (NP (PRP you)) (VP (MD can) (VP (VB rely) (PP (IN on) (PP (IN in) (NP (DT this) (NN situation))))))))) (. .))) 
79,79,80,those,issue,"Another way to do this , but much more expensive is to organize -LRB- and therefore to pay for -RRB- some events -LRB- business breakfast , perhaps -RRB- in which you will have the opportunity to present your products or services , and after your presentation provide some brochures to the audience , and most important , to collect data from them in order to establish further contact on one to one basis again , to work on those issues that have interested them more .","(ROOT (S (NP (DT Another) (NN way) (S (VP (TO to) (VP (VP (VB do) (NP (DT this))) (, ,) (CC but) (VP (FRAG (ADJP (ADVP (RB much) (RBR more)) (JJ expensive)))))))) (VP (VBZ is) (S (VP (TO to) (VP (VB organize) (PRN (-LRB- -LRB-) (FRAG (CC and) (ADVP (RB therefore) (S (VP (TO to) (VP (VB pay) (PP (IN for))))))) (-RRB- -RRB-)) (NP (DT some) (NNS events) (PRN (-LRB- -LRB-) (NP (NP (NN business) (NN breakfast)) (, ,) (ADVP (RB perhaps))) (-RRB- -RRB-)) (SBAR (WHPP (IN in) (WHNP (WDT which))) (S (NP (PRP you)) (VP (MD will) (VP (VB have) (NP (DT the) (NN opportunity) (S (VP (TO to) (VP (VB present) (NP (NP (NP (NP (NP (PRP$ your) (NNS products) (CC or) (NNS services))) (, ,) (CC and) (NP (SBAR (IN after) (S (NP (PRP$ your) (NN presentation)) (VP (VB provide) (NP (DT some) (NNS brochures)) (PP (TO to) (NP (DT the) (NN audience))))))))) (, ,) (CC and) (NP (ADVP (RBS most) (JJ important)) (, ,) (S (VP (TO to) (VP (VB collect) (NP (NNS data)) (PP (IN from) (NP (PRP them))) (SBAR (IN in) (NN order) (S (VP (TO to) (VP (VB establish) (NP (JJ further) (NN contact)) (PP (IN on) (NP (CD one))) (PP (TO to) (NP (CD one) (NN basis))) (ADVP (RB again)))))))))))))))))))) (, ,) (S (VP (TO to) (VP (VB work) (PP (IN on) (NP (NP (DT those) (NNS issues)) (SBAR (WHNP (WDT that)) (S (VP (VBP have) (VP (VBN interested) (S (NP (PRP them)) (ADJP (RBR more)))))))))))))))) (. .))) "
83,10,11,those,thing,## Expect the unexpected Reality will show you all those things that you didn ´ t consider in your previous planning activity .,(ROOT (S (NP (NN ##)) (VP (VBP Expect) (SBAR (S (NP (DT the) (JJ unexpected) (NN Reality)) (VP (MD will) (VP (VB show) (S (NP (PRP you)) (NP (PDT all) (DT those) (NNS things))) (SBAR (IN that) (S (NP (PRP you)) (VP (VBP didn) (S (NP (CD ´) (NN t)) (VP (VB consider) (PP (IN in) (NP (PRP$ your) (JJ previous) (NN planning) (NN activity))))))))))))) (. .))) 
93,12,13,that,one,"No book about culture or etiquette would have prepared him for that one , although now all American presidents place a strategically sited bowl beneath their chair at official events .","(ROOT (S (NP (NP (DT No) (NN book)) (PP (IN about) (NP (NN culture) (CC or) (NN etiquette)))) (VP (MD would) (VP (VB have) (VP (VBN prepared) (NP (PRP him)) (PP (IN for) (NP (DT that) (CD one))) (, ,) (SBAR (IN although) (S (NP (RB now) (DT all) (JJ American) (NNS presidents)) (VP (VBP place) (ADVP (DT a) (RB strategically)) (VP (VBN sited) (NP (NN bowl)) (PP (IN beneath) (NP (PRP$ their) (NN chair))) (PP (IN at) (NP (JJ official) (NNS events)))))))))) (. .))) "
99,17,18,this,tendency,`` Let 's get our focus on the bottom line '' is an Americanism that reflects this tendency .,(ROOT (S (`` ``) (VP (VB Let) (S (NP (POS 's)) (VP (VB get) (NP (PRP$ our) (NN focus)) (PP (IN on) (NP (NP (DT the) (JJ bottom) (NN line)) ('' '') (SBAR (S (VP (VBZ is) (NP (NP (DT an) (NN Americanism)) (SBAR (WHNP (WDT that)) (S (VP (VBZ reflects) (NP (DT this) (NN tendency)))))))))))))) (. .))) 
111,3,4,this,policy,Not following this policy could be interpreted as rudeness or as gravely as dishonesty by your peers .,(ROOT (S (RB Not) (S (VP (VBG following) (NP (DT this) (NN policy)))) (VP (MD could) (VP (VB be) (VP (VBN interpreted) (PP (PP (IN as) (NP (NN rudeness))) (CC or) (PP (IN as) (ADVP (RB gravely)))) (PP (IN as) (NP (NN dishonesty))) (PP (IN by) (NP (PRP$ your) (NNS peers)))))) (. .))) 
119,9,10,that,situation,"But you do n't want to be in that situation , do you ?","(ROOT (S (CC But) (NP (PRP you)) (VP (VBP do) (RB n't) (VP (VB want) (S (VP (TO to) (VP (VB be) (PP (IN in) (NP (NP (DT that) (NN situation)) (, ,) (VP (VBP do) (NP (PRP you)))))))))) (. ?))) "
125,38,39,that,way,"The senior partners at the firm have worked a long time to get there and although American entertainment may make fun of older citizens as worn-out or useless , the business world certainly does not treat them that way .","(ROOT (S (S (NP (NP (DT The) (JJ senior) (NNS partners)) (PP (IN at) (NP (DT the) (NN firm)))) (VP (VBP have) (VP (VBN worked) (NP (DT a) (JJ long) (NN time)) (S (VP (TO to) (VP (VB get) (ADVP (RB there)))))))) (CC and) (S (SBAR (IN although) (S (NP (JJ American) (NN entertainment)) (VP (MD may) (VP (VB make) (NP (NP (NN fun)) (PP (IN of) (NP (JJR older) (NNS citizens)))) (PP (IN as) (NP (NP (NN worn-out)) (CC or) (ADJP (JJ useless)))))))) (, ,) (NP (DT the) (NN business) (NN world)) (ADVP (RB certainly)) (VP (VBZ does) (RB not) (VP (VB treat) (S (NP (PRP them)) (NP (DT that) (NN way)))))) (. .))) "
141,7,9,this,ceiling,"Women have been gradually breaking through this glass ceiling , and are increasingly holding senior management and board positions within corporations .","(ROOT (S (NP (NNS Women)) (VP (VP (VBP have) (VP (VBN been) (VP (ADVP (RB gradually)) (VBG breaking) (PP (IN through) (NP (DT this) (NN glass) (NN ceiling)))))) (, ,) (CC and) (VP (VBP are) (ADVP (RB increasingly)) (VP (VBG holding) (NP (NP (JJ senior) (NN management)) (CC and) (NP (NN board) (NNS positions))) (PP (IN within) (NP (NNS corporations)))))) (. .))) "
160,22,24,this,information,php?title = Business_English / Topics/Routine _ and_good_news_letters & action = edit & redlink = 1 -RRB- # Grammar Check out -LSB- this grammatical information -RSB- -LRB- / wiki/English -RRB- while we write new content for the Business English book .,(ROOT (S (NP (NP (NP (NN php?title) (JJ =) (NN Business_English)) (PRN (: /) (S (NP (NNP Topics/Routine) (CD _) (NNS and_good_news_letters)) (NP (CC &) (NP (NN action) (JJ =) (NN edit)) (CC &) (NP (NP (NN redlink)) (ADJP (JJ =) (NP-TMP (CD 1)))))) (-RRB- -RRB-))) (ADJP (# #) (NNP Grammar))) (VP (VB Check) (PRT (RP out)) (PP (-LRB- -LSB-) (NP (NP (DT this) (JJ grammatical) (NN information) (-RRB- -RSB-)) (PRN (-LRB- -LRB-) (NP (: /) (NN wiki/English)) (-RRB- -RRB-)))) (SBAR (IN while) (S (NP (PRP we)) (VP (VBP write) (NP (NP (JJ new) (NN content)) (PP (IN for) (NP (DT the) (NN Business) (NNP English) (NN book)))))))) (. .))) 
211,5,7,these,aspect,It takes into account these two aspects of business in addition .,(ROOT (S (NP (PRP It)) (VP (VBZ takes) (PP (IN into) (NP (NN account))) (NP (NP (DT these) (CD two) (NNS aspects)) (PP (IN of) (NP (NP (NN business)) (PP (IN in) (NP (NN addition))))))) (. .))) 
245,15,16,that,elevator,Opposite of `` get on '' We were so glad to get off of that elevator after being trapped there for over two hours in the heat .,(ROOT (S (NP (NP (NN Opposite)) (PP (IN of) (`` ``) (S (VP (VB get) (PP (IN on) ('' '') (NP (PRP We))))))) (VP (VBD were) (ADJP (RB so) (JJ glad) (S (VP (TO to) (VP (VB get) (ADVP (RB off) (PP (IN of) (NP (DT that) (NN elevator)))) (PP (IN after) (S (VP (VBG being) (VP (VBN trapped) (S (NP (EX there))) (PP (IN for) (IN over) (NP (NP (CD two) (NNS hours)) (PP (IN in) (NP (DT the) (NN heat)))))))))))))) (. .))) 
248,28,29,this,world,"-LRB- to -RRB- get out : to do fun or enriching activities That lady never gets out , so has no idea what is going on in this world .","(ROOT (S (S (NP (PRN (-LRB- -LRB-) (X (TO to)) (-RRB- -RRB-))) (VP (VBP get) (PRT (RP out)))) (: :) (S (S (VP (TO to) (VP (VB do) (NP (NN fun))))) (CC or) (S (VP (VBG enriching) (NP (NP (NNS activities)) (SBAR (WHNP (WDT That)) (S (NP (NN lady)) (ADVP (RB never)) (VP (VBZ gets) (PRT (RP out)) (, ,) (SBAR (RB so) (S (VP (VBZ has) (NP (NP (DT no) (NN idea)) (SBAR (WHNP (WP what)) (S (VP (VBZ is) (VP (VBG going) (PP (IN on) (PP (IN in) (NP (DT this) (NN world))))))))))))))))))) (. .))) "
260,37,39,those,girl,"-LRB- to -RRB- get back at : to get revenge , act against a person who did one wrong After they insulted his mother , all Harry could think about was how to get back at those mean girls .","(ROOT (S (SBAR (PRN (-LRB- -LRB-) (PP (TO to)) (-RRB- -RRB-)) (S (S (VP (VB get) (RB back) (ADVP (IN at)) (: :) (PP (TO to) (VP (VB get) (NP (NN revenge)))))) (, ,) (VP (VBP act) (PP (IN against) (NP (NP (DT a) (NN person)) (SBAR (WHNP (WP who)) (S (VP (VBD did) (S (NP (CD one)) (ADJP (JJ wrong)) (SBAR (IN After) (S (NP (PRP they)) (VP (VBD insulted) (NP (PRP$ his) (NN mother)))))))))))))) (, ,) (NP (DT all) (NNP Harry)) (VP (MD could) (VP (VB think) (ADVP (RB about) (S (VP (VBD was) (SBAR (WHADVP (WRB how)) (S (VP (TO to) (VP (VB get) (ADVP (RB back)) (PP (IN at) (NP (DT those) (JJ mean) (NNS girls)))))))))))) (. .))) "
262,15,17,this,economy,-LRB- to -RRB- get by : to live without luxury or extra money In this difficult economy it is all many families can do to get by .,(ROOT (S (S (NP (PRN (-LRB- -LRB-) (X (TO to)) (-RRB- -RRB-))) (VP (VBP get) (PP (IN by)))) (: :) (S (S (VP (TO to) (VP (VB live) (PP (IN without) (NP (NP (NP (NN luxury) (CC or) (JJ extra)) (NN money)) (SBAR (S (PP (IN In) (NP (DT this) (JJ difficult) (NN economy))) (NP (PRP it)) (VP (VBZ is) (NP (DT all) (JJ many) (NNS families)))))))))) (VP (MD can) (VP (VB do) (S (VP (TO to) (VP (VB get) (PP (IN by)))))))) (. .))) 
266,8,9,those,wood,The last thing I expected walking through those woods was to get shot at .,(ROOT (S (NP (NP (DT The) (JJ last) (NN thing)) (SBAR (S (NP (PRP I)) (VP (VBD expected) (S (VP (VBG walking) (PP (IN through) (NP (DT those) (NNS woods))))))))) (VP (VBD was) (S (VP (TO to) (VP (VB get) (VP (VBN shot) (PP (IN at))))))) (. .))) 
282,16,17,that,guy,"-LRB- to -RRB- get it together : to organize or discipline one 's affairs If that guy does n't get it together , he is going to have some serious problems to deal with .","(ROOT (S (S (NP (PRN (-LRB- -LRB-) (X (TO to)) (-RRB- -RRB-))) (VP (VBP get) (NP (PRP it)) (ADVP (RB together)))) (: :) (S (S (VP (TO to) (VP (VB organize) (NP (CC or) (NP (NP (NN discipline)) (NP (NP (CD one) (POS 's)) (NNS affairs)))) (SBAR (IN If) (S (NP (DT that) (NN guy)) (VP (VBZ does) (RB n't) (VP (VB get) (NP (PRP it)) (ADVP (RB together))))))))) (, ,) (NP (PRP he)) (VP (VBZ is) (VP (VBG going) (S (VP (TO to) (VP (VB have) (S (NP (DT some) (JJ serious) (NNS problems)) (VP (TO to) (VP (VB deal) (PP (IN with))))))))))) (. .))) "
297,4,6,this,slang,Please look at this -LSB- slang and idioms link -RSB- -LRB- http://www.speak-read-write.com/idiom.html -RRB- while we get started on this page .,(ROOT (S (S (INTJ (VB Please)) (VP (VB look) (PP (IN at) (NP (NP (DT this) (-LRB- -LSB-) (NN slang)) (CC and) (NP (NNS idioms)))))) (VP (VBP link) (NP (NP (-RRB- -RSB-)) (PRN (-LRB- -LRB-) (NP (NN http://www.speak-read-write.com/idiom.html)) (-RRB- -RRB-)) (SBAR (IN while) (S (NP (PRP we)) (VP (VBP get) (VP (VBN started) (PP (IN on) (NP (DT this) (NN page))))))))) (. .))) 
297,19,20,this,page,Please look at this -LSB- slang and idioms link -RSB- -LRB- http://www.speak-read-write.com/idiom.html -RRB- while we get started on this page .,(ROOT (S (S (INTJ (VB Please)) (VP (VB look) (PP (IN at) (NP (NP (DT this) (-LRB- -LSB-) (NN slang)) (CC and) (NP (NNS idioms)))))) (VP (VBP link) (NP (NP (-RRB- -RSB-)) (PRN (-LRB- -LRB-) (NP (NN http://www.speak-read-write.com/idiom.html)) (-RRB- -RRB-)) (SBAR (IN while) (S (NP (PRP we)) (VP (VBP get) (VP (VBN started) (PP (IN on) (NP (DT this) (NN page))))))))) (. .))) 
463,9,10,this,one,"-LSB- Hot English -RSB- -LRB- http://www.hotenglishmagazine.com/ -RRB- , this one is OK too You can also try listening to podcasts - free MP3 lessons you can download to you computer or MP3 player : -LSB- Business English Pod -RSB- -LRB- http://www.businessenglishpod.com -RRB- \ - Business English lessons by podcast for intermediate and advanced learners featuring useful phrases and vocabulary .","(ROOT (S (PP (-LRB- -LSB-) (NP (NP (NNP Hot) (NNP English) (-RRB- -RSB-)) (PRN (-LRB- -LRB-) (NP (NN http://www.hotenglishmagazine.com/)) (-RRB- -RRB-)))) (, ,) (NP (DT this) (CD one)) (VP (VBZ is) (ADJP (JJ OK) (RB too) (SBAR (S (NP (PRP You)) (VP (MD can) (ADVP (RB also)) (VP (VB try) (S (VP (VBG listening) (PP (TO to) (NP (NP (NNS podcasts)) (: -) (NP (NP (JJ free) (NN MP3) (NNS lessons)) (SBAR (S (NP (PRP you)) (VP (MD can) (VP (VB download) (PP (TO to) (NP (PRP you))) (NP (NP (NP (NP (NN computer)) (CC or) (NP (NN MP3) (NN player))) (: :) (NP (NP (-LRB- -LSB-) (NNP Business) (NNP English) (NN Pod)) (PP (-RRB- -RSB-) (NP (NP (-LRB- -LRB-) (NN http://www.businessenglishpod.com) (-RRB- -RRB-)) (X (SYM \))))) (: -) (NP (NP (NN Business) (NNP English) (NNS lessons)) (PP (IN by) (NP (NP (NN podcast)) (PP (IN for) (NP (ADJP (JJ intermediate) (CC and) (JJ advanced)) (NNS learners))))))) (VP (VBG featuring) (NP (NP (JJ useful) (NNS phrases)) (CC and) (NP (NN vocabulary)))))))))))))))))))) (. .))) "
566,14,15,this,page,php?title = Business_English / Print_version & action = info -RRB- * -LSB- Cite this page -RSB- -LRB- / w/index .,(ROOT (S (VP (NN php?title) (NP (NP (NP (JJ =) (NN Business_English)) (PRN (: /) (NP (NP (NNP Print_version)) (CC &) (NP (NN action) (JJ =) (NN info))) (-RRB- -RRB-))) (X (SYM *))) (S (VP (-LRB- -LSB-) (VP (VB Cite) (S (NP (DT this) (NN page)) (NP (NP (-RRB- -RSB-)) (-LRB- -LRB-) (PP (: /) (NP (NN w/index))))))))) (. .))) 
572,3,4,this,site,"By using this site , you agree to the -LSB- Terms of Use -RSB- -LRB- / / wikimediafoundation.org/wiki/Terms_of_Use -RRB- and -LSB- Privacy Policy . -RSB-","(ROOT (S (PP (IN By) (S (VP (VBG using) (NP (DT this) (NN site))))) (, ,) (NP (PRP you)) (VP (VBP agree) (PP (PP (TO to) (NP (NP (DT the) (-LRB- -LSB-) (NNS Terms)) (PP (IN of) (NP (NP (NN Use) (-RRB- -RSB-)) (PRN (-LRB- -LRB-) (NP (: /) (: /) (NN wikimediafoundation.org/wiki/Terms_of_Use)) (-RRB- -RRB-)))))) (CC and) (PP (-LRB- -LSB-) (NP (NNP Privacy) (NNP Policy))))) (. .) (-RRB- -RSB-))) "
