2,7,8,this,page,-LSB- Unreviewed changes are displayed on this page -RSB- -LRB- / / bits.wikimedia.org/static-1.22wmf19/extensions/FlaggedRevs/frontend/modules/img/1.png -RRB- This page may need to be -LSB- reviewed -RSB- -LRB- / wiki/Wikibooks : REVIEW -RRB- for quality .,(ROOT (S (SBAR (-LRB- -LSB-) (S (NP (JJ Unreviewed) (NNS changes)) (VP (VBP are) (VP (VBN displayed) (PP (IN on) (NP (DT this) (NN page) (-RRB- -RSB-))))))) (PRN (-LRB- -LRB-) (VP (: /) (NP (: /) (NN bits.wikimedia.org/static-1.22wmf19/extensions/FlaggedRevs/frontend/modules/img/1.png))) (-RRB- -RRB-)) (NP (DT This) (NN page)) (VP (MD may) (VP (VB need) (S (VP (TO to) (VP (VB be) (VP (-LRB- -LSB-) (VP (VBN reviewed) (NP (NP (NP (-RRB- -RSB-)) (PRN (-LRB- -LRB-) (NP (NP (: /) (NNS wiki/Wikibooks)) (: :) (NP (NNP REVIEW))) (-RRB- -RRB-))) (PP (IN for) (NP (NN quality))))))))))) (. .))) 
58,6,7,these,change,"Before CSS was used , these changes were more difficult , expensive , and very time-consuming .","(ROOT (S (SBAR (IN Before) (S (NP (NNP CSS)) (VP (VBD was) (VP (VBN used))))) (, ,) (NP (DT these) (NNS changes)) (VP (VBD were) (ADJP (ADJP (RBR more) (JJ difficult)) (, ,) (ADJP (JJ expensive)) (, ,) (CC and) (ADJP (RB very) (JJ time-consuming)))) (. .))) "
71,4,5,that,file,"To refer to that file from the HTML page , add the ` link ` element -LRB- and its closing element within XHTML -RRB- to the ` head ` element , as shown in the following example , which assumes that the stylesheet is stored in the file named `` style.css '' .","(ROOT (S (S (VP (TO To) (VP (VP (VB refer) (PP (TO to) (NP (NP (DT that) (NN file)) (PP (IN from) (NP (DT the) (NNP HTML) (NN page)))))) (, ,) (VP (VB add) (S (NP (DT the) (`` `) (NN link) (`` `) (NN element)) (VP (PRN (-LRB- -LRB-) (CC and) (FRAG (NP (PRP$ its) (NN closing) (NN element)) (PP (IN within) (NP (NN XHTML)))) (-RRB- -RRB-)) (PP (TO to) (NP (DT the) (`` `) (NN head) (`` `) (NN element)))))) (, ,) (PP (IN as))))) (VP (VBN shown) (PP (IN in) (NP (NP (DT the) (VBG following) (NN example)) (, ,) (SBAR (WHNP (WDT which)) (S (VP (VBZ assumes) (SBAR (IN that) (S (NP (DT the) (NN stylesheet)) (VP (VBZ is) (VP (VBN stored) (PP (IN in) (NP (NP (DT the) (NN file)) (VP (VBN named) (S (`` ``) (NP (NN style.css)) ('' ''))))))))))))))) (. .))) "
84,9,11,this,document,For example we would like the text in this HTML document to appear bold .,(ROOT (S (PP (IN For) (NP (NN example))) (NP (PRP we)) (VP (MD would) (VP (VB like) (NP (NP (DT the) (NN text)) (PP (IN in) (NP (DT this) (NNP HTML) (NN document)))) (S (VP (TO to) (VP (VB appear) (ADJP (JJ bold))))))) (. .))) 
89,7,8,this,example,The little bit of CSS in this example tells the browser to make all the text found in any paragraph -LRB- ` p ` -RRB- elements bold .,(ROOT (S (NP (NP (DT The) (JJ little) (NN bit)) (PP (IN of) (NP (NP (NNP CSS)) (PP (IN in) (NP (DT this) (NN example)))))) (VP (VBZ tells) (NP (DT the) (NN browser) (S (VP (TO to) (VP (VB make) (NP (NP (PDT all) (DT the) (NN text)) (VP (VBN found) (PP (IN in) (NP (NP (DT any) (NN paragraph) (PRN (-LRB- -LRB-) (`` `) (NP (NN p)) (`` `) (-RRB- -RRB-)) (NNS elements)) (ADJP (JJ bold))))))))))) (. .))) 
103,7,8,this,declaration,"@charset `` UTF-8 '' ; After this declaration each CSS rule is independent and made of three parts : a selector , a property and an argument -LRB- i.e. a value -RRB- : ** Example : ** @charset `` UTF-8 '' ; body -LCB- background-color : # 000000 ; font-family : Georgia , `` Times New Roman '' , Times , serif ; font-size : 100 % ; color : #ffffff ; margin : 0 ; padding : 0 ; text-align : center ; -RCB- h1 -LCB- font-family : Georgia , `` Times New Roman '' , Times , serif ; font-size : 16px ; color : #ffffff ; font-style : normal ; font-weight : normal ; letter-spacing : 0.1 em ; -RCB- h2 -LCB- font-family : Georgia , `` Times New Roman '' , Times , serif ; font-size : 12px ; font-style : italic ; font-weight : bold ; color : #ffffff ; text-decoration : underline ; -RCB- p -LCB- font-family : Georgia , `` Times New Roman '' , Times , serif ; font-size : 12px ; font-style : normal ; color : #ffffff ; -RCB- etc What this breaks down to here is this : @rule argument -LRB- s -RRB- -LCB- selector -LCB- property : argument -LRB- s -RRB- ; another-property : argument -LRB- s -RRB- ; property-the-third : argument -LRB- s -RRB- ; fourth-property : argument -LRB- s -RRB- ; -RCB- -RCB- Each selector can have as many properties as you would like .","(ROOT (S (S (VP (VBN @charset) (S (`` ``) (NP (NN UTF-8)) ('' '')))) (: ;) (S (PP (IN After) (NP (DT this) (NN declaration))) (NP (DT each) (NN CSS) (NN rule)) (VP (VBZ is) (ADJP (ADJP (ADJP (JJ independent)) (CC and) (VP (VBN made) (PP (IN of) (FRAG (FRAG (NP-TMP (NP (CD three)) (NP (NNS parts))) (: :) (NP (NP (NP (DT a) (NN selector)) (, ,) (NP (DT a) (NN property))) (CC and) (NP (NP (DT an) (NN argument)) (PRN (-LRB- -LRB-) (NP (NP (FW i.e.)) (NP (DT a) (NN value))) (-RRB- -RRB-))))) (: :) (FRAG (X (SYM **)) (NP (NNP Example))))))) (: :) (SBAR (X (SYM **)) (S (S (VP (VBN @charset) (NP (NP (NP (`` ``) (NN UTF-8) ('' '')) (: ;) (NP (NP (NP (NN body)) (-LRB- -LCB-) (NP (NN background-color)) (PRN (: :) (NP (NP (# #) (CD 000000)) (: ;) (NP (NP (NN font-family)) (: :) (NP (NP (NNP Georgia)) (, ,) (NP (`` ``) (NP (NNP Times) (NNP New) (NNP Roman) ('' '')) (, ,) (NP (NP (NNP Times)) (, ,) (NP (NN serif))) (: ;) (NP (NN font-size)) (: :) (NP (CD 100) (NN %)) (: ;) (NP (NN color)) (: :) (NP (NN #ffffff)) (: ;) (NP (NN margin)) (: :) (NP (CD 0)) (: ;) (NP (NN padding)) (: :) (NP (CD 0)) (: ;) (NP (NN text-align)) (: :) (NP (NN center)))))) (: ;)) (-RRB- -RCB-)) (NP (NP (NN h1)) (-LRB- -LCB-) (NP (NP (NN font-family)) (: :) (NP (NP (NNP Georgia)) (, ,) (NP (`` ``) (NP (NNP Times) (NNP New) (NNP Roman) ('' '')) (, ,) (NP (NP (NNP Times)) (, ,) (NP (NN serif))) (: ;) (NP (NN font-size)) (: :) (NP (CD 16px)) (: ;) (NP (NN color)) (: :) (NP (NN #ffffff)) (: ;) (NP (NN font-style)) (: :) (NP (JJ normal)) (: ;) (NP (JJ font-weight)) (: :) (NP (JJ normal)) (: ;) (NP (NN letter-spacing)) (: :) (NP (CD 0.1) (NN em))))) (: ;))) (-RRB- -RCB-)) (NP (NP (NP (NN h2)) (-LRB- -LCB-) (NP (NP (NN font-family)) (: :) (NP (NP (NNP Georgia)) (, ,) (NP (`` ``) (NP (NNP Times) (NNP New) (NNP Roman) ('' '')) (, ,) (NP (NP (NNP Times)) (, ,) (NP (NN serif))) (: ;) (NP (NN font-size)) (: :) (NP (CD 12px)) (: ;) (NP (NN font-style)) (: :) (NP (NN italic)) (: ;) (NP (JJ font-weight)) (: :) (NP (JJ bold)) (: ;) (NP (NN color)) (: :) (NP (NN #ffffff)) (: ;) (NP (NN text-decoration))) (PRN (: :) (S (VP (VB underline))) (: ;)))) (-RRB- -RCB-)) (NP (NP (NP (NN p)) (PRN (-LRB- -LCB-) (NP (NP (NN font-family)) (: :) (NP (NP (NNP Georgia)) (, ,) (NP (NP (`` ``) (NP (NNP Times) (NNP New) (NNP Roman) ('' '')) (, ,) (NP (NP (NNP Times)) (, ,) (NP (NN serif))) (: ;) (NP (NN font-size)) (: :) (NP (CD 12px)) (: ;) (NP (NN font-style)) (: :) (NP (JJ normal))) (PRN (: ;) (NP (NP (NN color)) (: :) (NP (NN #ffffff))) (: ;))))) (-RRB- -RCB-)) (NP (FW etc))) (SBAR (WHNP (WP What)) (S (NP (DT this) (NNS breaks)) (ADVP (IN down) (PP (TO to) (NP (RB here)))) (VP (VBZ is) (NP (NP (DT this)) (: :) (NP (NP (JJ @rule) (NN argument)) (PRN (-LRB- -LRB-) (NNS s) (-RRB- -RRB-)) (SBAR (-LRB- -LCB-) (WHNP (NP (NN selector)) (PRN (-LRB- -LCB-) (NP (NP (NN property)) (: :) (NP (NP (NP (NN argument)) (PRN (-LRB- -LRB-) (NNS s) (-RRB- -RRB-))) (: ;) (NP (NP (NN another-property)) (: :) (NP (NP (NP (NN argument)) (PRN (-LRB- -LRB-) (NNS s) (-RRB- -RRB-))) (: ;) (NP (NP (NN property-the-third)) (: :) (NP (NP (NN argument)) (PRN (-LRB- -LRB-) (NNS s) (-RRB- -RRB-)))) (: ;) (NP (NP (NN fourth-property)) (: :) (NP (NP (NN argument)) (PRN (-LRB- -LRB-) (NNS s) (-RRB- -RRB-))))) (: ;)))) (-RRB- -RCB-))) (-RRB- -RCB-) (S (VP (NP (NP (DT Each) (NN selector)) (SBAR (S (VP (MD can) (VP (VB have)))))) (PRN (ADVP (RB as) (NP (JJ many) (NNS properties))) (PP (IN as) (NP (PRP you))))))))))))))))) (VP (MD would) (VP (VB like)))))))) (. .))) "
103,192,193,this,break,"@charset `` UTF-8 '' ; After this declaration each CSS rule is independent and made of three parts : a selector , a property and an argument -LRB- i.e. a value -RRB- : ** Example : ** @charset `` UTF-8 '' ; body -LCB- background-color : # 000000 ; font-family : Georgia , `` Times New Roman '' , Times , serif ; font-size : 100 % ; color : #ffffff ; margin : 0 ; padding : 0 ; text-align : center ; -RCB- h1 -LCB- font-family : Georgia , `` Times New Roman '' , Times , serif ; font-size : 16px ; color : #ffffff ; font-style : normal ; font-weight : normal ; letter-spacing : 0.1 em ; -RCB- h2 -LCB- font-family : Georgia , `` Times New Roman '' , Times , serif ; font-size : 12px ; font-style : italic ; font-weight : bold ; color : #ffffff ; text-decoration : underline ; -RCB- p -LCB- font-family : Georgia , `` Times New Roman '' , Times , serif ; font-size : 12px ; font-style : normal ; color : #ffffff ; -RCB- etc What this breaks down to here is this : @rule argument -LRB- s -RRB- -LCB- selector -LCB- property : argument -LRB- s -RRB- ; another-property : argument -LRB- s -RRB- ; property-the-third : argument -LRB- s -RRB- ; fourth-property : argument -LRB- s -RRB- ; -RCB- -RCB- Each selector can have as many properties as you would like .","(ROOT (S (S (VP (VBN @charset) (S (`` ``) (NP (NN UTF-8)) ('' '')))) (: ;) (S (PP (IN After) (NP (DT this) (NN declaration))) (NP (DT each) (NN CSS) (NN rule)) (VP (VBZ is) (ADJP (ADJP (ADJP (JJ independent)) (CC and) (VP (VBN made) (PP (IN of) (FRAG (FRAG (NP-TMP (NP (CD three)) (NP (NNS parts))) (: :) (NP (NP (NP (DT a) (NN selector)) (, ,) (NP (DT a) (NN property))) (CC and) (NP (NP (DT an) (NN argument)) (PRN (-LRB- -LRB-) (NP (NP (FW i.e.)) (NP (DT a) (NN value))) (-RRB- -RRB-))))) (: :) (FRAG (X (SYM **)) (NP (NNP Example))))))) (: :) (SBAR (X (SYM **)) (S (S (VP (VBN @charset) (NP (NP (NP (`` ``) (NN UTF-8) ('' '')) (: ;) (NP (NP (NP (NN body)) (-LRB- -LCB-) (NP (NN background-color)) (PRN (: :) (NP (NP (# #) (CD 000000)) (: ;) (NP (NP (NN font-family)) (: :) (NP (NP (NNP Georgia)) (, ,) (NP (`` ``) (NP (NNP Times) (NNP New) (NNP Roman) ('' '')) (, ,) (NP (NP (NNP Times)) (, ,) (NP (NN serif))) (: ;) (NP (NN font-size)) (: :) (NP (CD 100) (NN %)) (: ;) (NP (NN color)) (: :) (NP (NN #ffffff)) (: ;) (NP (NN margin)) (: :) (NP (CD 0)) (: ;) (NP (NN padding)) (: :) (NP (CD 0)) (: ;) (NP (NN text-align)) (: :) (NP (NN center)))))) (: ;)) (-RRB- -RCB-)) (NP (NP (NN h1)) (-LRB- -LCB-) (NP (NP (NN font-family)) (: :) (NP (NP (NNP Georgia)) (, ,) (NP (`` ``) (NP (NNP Times) (NNP New) (NNP Roman) ('' '')) (, ,) (NP (NP (NNP Times)) (, ,) (NP (NN serif))) (: ;) (NP (NN font-size)) (: :) (NP (CD 16px)) (: ;) (NP (NN color)) (: :) (NP (NN #ffffff)) (: ;) (NP (NN font-style)) (: :) (NP (JJ normal)) (: ;) (NP (JJ font-weight)) (: :) (NP (JJ normal)) (: ;) (NP (NN letter-spacing)) (: :) (NP (CD 0.1) (NN em))))) (: ;))) (-RRB- -RCB-)) (NP (NP (NP (NN h2)) (-LRB- -LCB-) (NP (NP (NN font-family)) (: :) (NP (NP (NNP Georgia)) (, ,) (NP (`` ``) (NP (NNP Times) (NNP New) (NNP Roman) ('' '')) (, ,) (NP (NP (NNP Times)) (, ,) (NP (NN serif))) (: ;) (NP (NN font-size)) (: :) (NP (CD 12px)) (: ;) (NP (NN font-style)) (: :) (NP (NN italic)) (: ;) (NP (JJ font-weight)) (: :) (NP (JJ bold)) (: ;) (NP (NN color)) (: :) (NP (NN #ffffff)) (: ;) (NP (NN text-decoration))) (PRN (: :) (S (VP (VB underline))) (: ;)))) (-RRB- -RCB-)) (NP (NP (NP (NN p)) (PRN (-LRB- -LCB-) (NP (NP (NN font-family)) (: :) (NP (NP (NNP Georgia)) (, ,) (NP (NP (`` ``) (NP (NNP Times) (NNP New) (NNP Roman) ('' '')) (, ,) (NP (NP (NNP Times)) (, ,) (NP (NN serif))) (: ;) (NP (NN font-size)) (: :) (NP (CD 12px)) (: ;) (NP (NN font-style)) (: :) (NP (JJ normal))) (PRN (: ;) (NP (NP (NN color)) (: :) (NP (NN #ffffff))) (: ;))))) (-RRB- -RCB-)) (NP (FW etc))) (SBAR (WHNP (WP What)) (S (NP (DT this) (NNS breaks)) (ADVP (IN down) (PP (TO to) (NP (RB here)))) (VP (VBZ is) (NP (NP (DT this)) (: :) (NP (NP (JJ @rule) (NN argument)) (PRN (-LRB- -LRB-) (NNS s) (-RRB- -RRB-)) (SBAR (-LRB- -LCB-) (WHNP (NP (NN selector)) (PRN (-LRB- -LCB-) (NP (NP (NN property)) (: :) (NP (NP (NP (NN argument)) (PRN (-LRB- -LRB-) (NNS s) (-RRB- -RRB-))) (: ;) (NP (NP (NN another-property)) (: :) (NP (NP (NP (NN argument)) (PRN (-LRB- -LRB-) (NNS s) (-RRB- -RRB-))) (: ;) (NP (NP (NN property-the-third)) (: :) (NP (NP (NN argument)) (PRN (-LRB- -LRB-) (NNS s) (-RRB- -RRB-)))) (: ;) (NP (NP (NN fourth-property)) (: :) (NP (NP (NN argument)) (PRN (-LRB- -LRB-) (NNS s) (-RRB- -RRB-))))) (: ;)))) (-RRB- -RCB-))) (-RRB- -RCB-) (S (VP (NP (NP (DT Each) (NN selector)) (SBAR (S (VP (MD can) (VP (VB have)))))) (PRN (ADVP (RB as) (NP (JJ many) (NNS properties))) (PP (IN as) (NP (PRP you))))))))))))))))) (VP (MD would) (VP (VB like)))))))) (. .))) "
167,11,12,these,browser,It is common for users with poor vision who use these browsers to choose to have five or six screen pixels to the CSS pixel .,(ROOT (S (NP (PRP It)) (VP (VBZ is) (ADJP (JJ common) (PP (IN for) (NP (NP (NNS users)) (PP (IN with) (NP (JJ poor) (NN vision))) (SBAR (WHNP (WP who)) (S (VP (VBP use) (S (NP (DT these) (NNS browsers)) (VP (TO to) (VP (VB choose) (S (VP (TO to) (VP (VB have) (NP (NP (CD five) (CC or) (CD six)) (NN screen) (NNS pixels)) (PP (TO to) (NP (DT the) (NNP CSS) (NN pixel)))))))))))))))) (. .))) 
211,10,11,this,bug,The complete HTML document and CSS stylesheet to test this bug are given below .,(ROOT (S (NP (NP (NP (DT The) (JJ complete) (NNP HTML) (NN document)) (CC and) (NP (NN CSS) (NN stylesheet))) (SBAR (S (VP (TO to) (VP (VB test) (NP (DT this) (NN bug))))))) (VP (VBP are) (VP (VBN given) (PP (IN below)))) (. .))) 
313,12,13,this,example,"## An Example of the Cascade The HTML document used for this example is : <!DOCTYPE html PUBLIC ""-//W3C//DTD HTML 4.01//EN"" ""http://www.w3.org/TR/html4/strict.dtd""> <html lang=""en""> <head> <title> ' !","(ROOT (NP (NP (NP (NN ##)) (SBAR (S (NP (NP (DT An) (NN Example)) (PP (IN of) (NP (NP (DT the) (NNP Cascade) (DT The) (NNP HTML) (NN document)) (VP (VBN used) (PP (IN for) (NP (DT this) (NN example))))))) (VP (VBZ is))))) (: :) (NP (NP (NN <!DOCTYPE html PUBLIC ""-//W3C//DTD HTML 4.01//EN"" ""http://www.w3.org/TR/html4/strict.dtd"">) (NN <html lang=""en"">) (NN <head>)) (NP (NN <title>) ('' '))) (. !))) "
325,4,5,this,page,Later examples on this page show other ranks .,(ROOT (S (NP (NP (RB Later) (NNS examples)) (PP (IN on) (NP (DT this) (NN page)))) (VP (NN show) (NP (JJ other) (NNS ranks))) (. .))) 
352,9,10,this,example,"## Example with a User Style sheet In this example we will examine how the appearance of the document in the previous example is altered when the following user style sheet , ` user.css ` , is combined with the style sheet from the previous example .","(ROOT (S (NP (NP (NN ##) (NN Example)) (PP (IN with) (NP (DT a) (NN User) (NN Style) (NN sheet)))) (PP (IN In) (NP (DT this) (NN example) (PRP we))) (VP (MD will) (VP (VB examine) (SBAR (WHADVP (WRB how)) (S (NP (NP (DT the) (NN appearance)) (PP (IN of) (NP (NP (DT the) (NN document)) (PP (IN in) (NP (DT the) (JJ previous) (NN example)))))) (VP (VBZ is) (VP (VBN altered) (SBAR (WHADVP (WRB when)) (S (NP (NP (DT the)) (PP (VBG following) (NP (NN user) (NN style) (NN sheet))) (, ,)) (`` `) (VP (VBZ user.css) (`` `) (S (VP (VP (, ,) (S (VP (VBZ is) (VP (VBN combined) (PP (IN with) (NP (DT the) (NN style))))))) (PRN (NP-TMP (NN sheet)) (PP (IN from) (NP (DT the) (JJ previous) (NN example))))))))))))))) (. .))) "
368,18,19,this,property,"The important declaration for ` color ` in the user style sheet has the highest importance for this property so the user 's choice of text color is used , not the page author 's choice .","(ROOT (S (NP (NP (DT The) (JJ important) (NN declaration)) (PP (IN for) (NP (`` `) (NP (NN color)) (`` `) (PP (IN in) (NP (DT the) (NN user) (NN style) (NN sheet)))))) (VP (VBZ has) (NP (NP (DT the) (JJS highest) (NN importance)) (PP (IN for) (NP (NP (NP (DT this) (NN property)) (SBAR (IN so) (S (NP (NP (NP (DT the) (NN user) (POS 's)) (NN choice)) (PP (IN of) (NP (NN text) (NN color)))) (VP (VBZ is) (VP (VBN used)))))) (, ,) (RB not) (NP (NP (DT the) (NN page) (NN author) (POS 's)) (NN choice)))))) (. .))) "
390,7,8,this,bug,A number of people suggest using this bug as a means of passing Interent Explorer different values from those given to other browsers .,(ROOT (S (NP (NP (DT A) (NN number)) (PP (IN of) (NP (NNS people)))) (VP (VBP suggest) (S (VP (VBG using) (NP (DT this) (NN bug)) (PP (IN as) (NP (NP (DT a) (NN means)) (PP (IN of) (S (VP (VBG passing) (NP (NNP Interent) (NNP Explorer) (JJ different) (NNS values)) (PP (IN from) (NP (NP (DT those)) (PP (VBN given) (PP (TO to) (NP (JJ other) (NNS browsers)))))))))))))) (. .))) 
446,10,11,this,possibility,Five generic font families are defined to allow for this possibility .,(ROOT (S (NP (CD Five) (JJ generic) (JJ font) (NNS families)) (VP (VBP are) (VP (VBN defined) (S (VP (TO to) (VP (VB allow) (PP (IN for) (NP (DT this) (NN possibility)))))))) (. .))) 
457,10,11,this,equivalence,"There are a number of useful references for determining this equivalence -LRB- -LSB- here -RSB- -LRB- http://www.ampsoft.net/webdesign-l/WindowsMacFonts.html -RRB- , for example -RRB- .","(ROOT (S (NP (EX There)) (VP (VBP are) (NP (NP (DT a) (NN number)) (PP (IN of) (NP (NP (JJ useful) (NNS references)) (PP (IN for) (S (VP (VBG determining) (NP (NP (DT this) (JJ equivalence)) (PRN (-LRB- -LRB-) (-LRB- -LSB-) (ADVP (RB here)) (NP (NP (-RRB- -RSB-) (-LRB- -LRB-) (NN http://www.ampsoft.net/webdesign-l/WindowsMacFonts.html) (-RRB- -RRB-)) (, ,) (PP (IN for) (NP (NN example)))) (-RRB- -RRB-)))))))))) (. .))) "
459,38,39,these,two,"font-family : Impact , Charcoal , sans-serif Where ` Impact ' is the Windows name , ` Charcoal ' is the MacOS name , and ` sans-serif ' is the generic fall-back for systems without either of these two .","(ROOT (S (FRAG (ADVP (RB font-family))) (: :) (S (NP (NP (NN Impact)) (, ,) (NP (NP (NN Charcoal)) (, ,) (NP (NP (NP (JJ sans-serif)) (SBAR (S (SBAR (WHADVP (WRB Where)) (S (NP (`` `) (NN Impact) ('' ')) (VP (VBZ is) (NP (DT the) (NNP Windows) (NN name))))) (, ,) (NP (`` `) (NN Charcoal) ('' ')) (VP (VBZ is) (NP (DT the) (NNP MacOS) (NN name)))))) (, ,) (CC and) (ADJP (`` `) (JJ sans-serif) ('' '))))) (VP (VBZ is) (NP (NP (DT the) (JJ generic) (NN fall-back)) (PP (IN for) (NP (NP (NNS systems)) (PP (IN without) (NP (NP (DT either)) (PP (IN of) (NP (DT these) (CD two)))))))))) (. .))) "
460,28,29,this,property,"### ` font-style ` W3C Specification -LSB- CSS1 -RSB- -LRB- http://www.w3.org/TR/CSS1#font-style -RRB- -LSB- CSS2 .1 -RSB- -LRB- http://www.w3.org/TR/CSS21/fonts.html#propdef-font-style -RRB- CSS1 and CSS2 .1 define three values for this property : ` normal ` , ` italic ` and ` oblique ` .","(ROOT (S (NP (NP (CD ###)) (SBAR (S (NP (`` `) (JJ font-style) (`` `) (NN W3C) (NN Specification) (-LRB- -LSB-) (NN CSS1)) (VP (-RRB- -RSB-)))) (PRN (-LRB- -LRB-) (NP (NN http://www.w3.org/TR/CSS1#font-style)) (-RRB- -RRB-))) (VP (-LRB- -LSB-) (S (NP (NP (NN CSS2) (NN .1)) (PRN (-RRB- -RSB-) (NP (NP (-LRB- -LRB-) (NN http://www.w3.org/TR/CSS21/fonts.html#propdef-font-style) (-RRB- -RRB-)) (SBAR (S (NP (NP (NN CSS1)) (CC and) (NP (NN CSS2) (CD .1))) (VP (VBP define) (NP (NP (CD three) (NNS values)) (PP (IN for) (NP (NP (DT this) (NN property)) (: :) (NP (`` `) (JJ normal) (`` `)) (, ,)) (NP (`` `) (NP (JJ italic)) (`` `) (CC and) (`` `) (NP (JJ oblique)))))))))) (`` `)))) (. .))) "
461,5,6,this,property,The initial value for this property is ` normal ` .,(ROOT (S (NP (NP (DT The) (JJ initial) (NN value)) (PP (IN for) (NP (DT this) (NN property)))) (VP (VBZ is) (`` `) (ADJP (JJ normal)) (`` `)) (. .))) 
471,28,29,this,property,### ` font-variant ` W3C Specification -LSB- CSS1 -RSB- -LRB- http://www.w3.org/TR/CSS1#font-variant -RRB- -LSB- CSS2 .1 -RSB- -LRB- http://www.w3.org/TR/CSS21/fonts.html#propdef-font-variant -RRB- CSS1 and CSS2 .1 define two values for this property : ` normal ` and ` small-caps ` .,(ROOT (S (NP (NP (CD ###)) (SBAR (S (NP (`` `) (JJ font-variant) (`` `) (NN W3C) (NN Specification) (-LRB- -LSB-) (NN CSS1)) (VP (-RRB- -RSB-)))) (PRN (-LRB- -LRB-) (NP (NN http://www.w3.org/TR/CSS1#font-variant)) (-RRB- -RRB-))) (VP (-LRB- -LSB-) (S (NP (NP (NN CSS2) (NN .1)) (PRN (-RRB- -RSB-) (NP (NP (-LRB- -LRB-) (NN http://www.w3.org/TR/CSS21/fonts.html#propdef-font-variant) (-RRB- -RRB-)) (SBAR (S (NP (NP (NN CSS1)) (CC and) (NP (NN CSS2) (CD .1))) (VP (VBP define) (NP (NP (CD two) (NNS values)) (PP (IN for) (NP (NP (DT this) (NN property)) (: :)) (NP (`` `) (NP (JJ normal)) (`` `) (CC and) (`` `) (NP (NNS small-caps)))))))))) (`` `)))) (. .))) 
472,5,6,this,property,The initial value for this property is ` normal ` .,(ROOT (S (NP (NP (DT The) (JJ initial) (NN value)) (PP (IN for) (NP (DT this) (NN property)))) (VP (VBZ is) (`` `) (ADJP (JJ normal)) (`` `)) (. .))) 
475,4,5,these,value,The effects of these values is shown below .,(ROOT (S (NP (NP (DT The) (NNS effects)) (PP (IN of) (NP (DT these) (NNS values)))) (VP (VBZ is) (VP (VBN shown) (PP (IN below)))) (. .))) 
490,2,3,these,value,When these values are used the web browser tries to pick a font from the current family that is lighter or darker than the font of the parent element .,(ROOT (S (SBAR (WHADVP (WRB When)) (S (NP (DT these) (NNS values)) (VP (VBP are) (VP (VBN used))))) (NP (DT the) (NN web) (NN browser)) (VP (VBZ tries) (S (VP (TO to) (VP (VB pick) (NP (DT a) (NN font)) (PP (IN from) (NP (NP (DT the) (JJ current) (NN family)) (SBAR (WHNP (WDT that)) (S (VP (VBZ is) (NP (NP (JJR lighter) (CC or) (JJR darker)) (PP (IN than) (NP (NP (DT the) (NN font)) (PP (IN of) (NP (DT the) (NN parent) (NN element))))))))))))))) (. .))) 
494,16,18,this,"<a href=""glossary#hyperlink"">","a -LCB- font-weight : bold -RCB- Sample HTML : <p> <strong> Note : </strong> in this text <a href=""glossary#hyperlink""> hyperlinks </a> are in boldface .","(ROOT (S (NP (DT a) (NP (NP (PRN (-LRB- -LCB-) (NP (NP (NN font-weight)) (: :) (NP (JJ bold))) (-RRB- -RCB-)) (NNP Sample) (NNP HTML)) (: :) (NP (NP (NN <p>) (NN <strong>)) (VP (NN Note))) (: :) (NP (NP (NN </strong>)) (PP (IN in) (NP (DT this) (NN text) (NN <a href=""glossary#hyperlink"">)))))) (VP (VBZ hyperlinks) (SBAR (S (NP (NN </a>)) (VP (VBP are) (PP (IN in) (NP (NN boldface))))))) (. .))) "
495,8,10,this,hyperlink,</p> Example rendering : Note : in this text hyperlinks are in boldface .,(ROOT (S (NP (NP (NN </p>) (NN Example) (NN rendering)) (: :) (NP (VB Note)) (: :)) (PP (IN in) (NP (DT this) (NN text) (NNS hyperlinks))) (VP (VBP are) (PP (IN in) (NP (NN boldface)))) (. .))) 
496,23,24,this,section,### ` font-size ` W3C Specification -LSB- CSS1 -RSB- -LRB- http://www.w3.org/TR/CSS1#font-size -RRB- -LSB- CSS2 .1 -RSB- -LRB- http://www.w3.org/TR/CSS21/fonts.html#propdef-font-size -RRB- ** Before reading this section make sure you know how to change the default font size in all the browsers you use for testing web pages .,(ROOT (S (NP (NP (CD ###)) (SBAR (S (NP (`` `) (JJ font-size) (`` `) (NN W3C) (NN Specification)) (VP (-LRB- -LSB-) (NP (NP (NN CSS1) (-RRB- -RSB-)) (PRN (-LRB- -LRB-) (NP (NN http://www.w3.org/TR/CSS1#font-size)) (-RRB- -RRB-))) (PP (-LRB- -LSB-) (NP (NP (NN CSS2) (NN .1) (-RRB- -RSB-)) (PRN (-LRB- -LRB-) (NP (NN http://www.w3.org/TR/CSS21/fonts.html#propdef-font-size)) (-RRB- -RRB-)))) (X (X (SYM **)) (PP (IN Before) (S (VP (VBG reading) (NP (DT this) (NN section)))))))))) (VP (VBP make) (ADJP (JJ sure) (SBAR (S (NP (PRP you)) (VP (VBP know) (SBAR (WHADVP (WRB how)) (S (VP (TO to) (VP (VB change) (NP (DT the) (NN default) (NN font) (NN size)) (PP (IN in) (NP (NP (PDT all) (DT the) (NNS browsers)) (SBAR (S (NP (PRP you)) (VP (VBP use) (PP (IN for) (NP (NN testing) (NN web) (NNS pages))))))))))))))))) (. .))) 
506,28,29,that,size,Just because you prefer to read text that is 60 % of the out-of-the-box default font size does n't mean your target audience can read text at that size .,(ROOT (S (SBAR (RB Just) (IN because) (S (NP (PRP you)) (VP (VBP prefer) (S (VP (TO to) (VP (VB read) (NP (NP (NN text)) (SBAR (WHNP (WDT that)) (S (VP (VBZ is) (NP (NP (CD 60) (NN %)) (PP (IN of) (NP (DT the) (JJ out-of-the-box) (NN default) (NN font) (NN size)))))))))))))) (VP (VBZ does) (RB n't) (VP (VB mean) (SBAR (S (NP (PRP$ your) (NN target) (NN audience)) (VP (MD can) (VP (VB read) (NP (NN text)) (PP (IN at) (NP (DT that) (NN size))))))))) (. .))) 
512,4,5,these,unit,In fact using these units prevents users from easily changing the size of the font if they find it too small or too large .,(ROOT (S (PP (IN In) (NP (NN fact))) (S (VP (VBG using) (NP (DT these) (NNS units)))) (VP (VBZ prevents) (NP (NNS users)) (PP (IN from) (S (ADVP (RB easily)) (VP (VBG changing) (NP (NP (DT the) (NN size)) (PP (IN of) (NP (DT the) (NN font)))) (SBAR (IN if) (S (NP (PRP they)) (VP (VBP find) (S (NP (PRP it)) (ADJP (ADJP (RB too) (JJ small)) (CC or) (ADJP (RB too) (JJ large))))))))))) (. .))) 
543,24,25,this,quirk,It is a good idea to always set the ` font-size ` of the ` body ` to a percentage to deal with this quirk .,(ROOT (S (NP (PRP It)) (VP (VBZ is) (NP (DT a) (JJ good) (NN idea) (S (VP (TO to) (VP (ADVP (RB always)) (VB set) (NP (NP (DT the) (`` `) (JJ font-size)) (`` `) (PP (IN of) (NP (NP (DT the) (`` `) (NN body)) (`` `) (PP (TO to) (NP (DT a) (NN percentage) (S (VP (TO to) (VP (VB deal) (PP (IN with) (NP (DT this) (NN quirk)))))))))))))))) (. .))) 
555,29,30,these,element,"#### Problems with tables and forms If you are using tables or forms you may find you need to use the following rule to get the text in these elements to scale properly with the user 's preferences : table , input , select -LCB- font-size :100 % -RCB- ### ` line-height ` W3C Specification -LSB- CSS1 -RSB- -LRB- http://www.w3.org/TR/CSS1#line-height -RRB- -LSB- CSS2 .1 -RSB- -LRB- http://www.w3.org/TR/CSS21/visudet.html#propdef-line-height -RRB- The ` line-height ` property defines the minimum distance between the baselines of adjacent lines of text .","(ROOT (S (NP (NP (NN ####) (NNS Problems)) (PP (IN with) (NP (NNS tables) (CC and) (NNS forms)))) (SBAR (IN If) (S (NP (PRP you)) (VP (VBP are) (VP (VBG using) (NP (NP (NP (NNS tables) (CC or) (NNS forms)) (SBAR (S (NP (PRP you)) (VP (MD may) (VP (VB find) (S (NP (PRP you)) (VP (VB need) (S (VP (TO to) (VP (VB use) (NP (DT the) (VBG following) (NN rule) (S (VP (TO to) (VP (VB get) (NP (NP (DT the) (NN text)) (PP (IN in) (NP (DT these) (NNS elements)))) (PP (TO to) (NP (NN scale))) (PP (ADVP (RB properly)) (IN with) (NP (NP (DT the) (NN user) (POS 's)) (NNS preferences))))))))))))))))) (: :) (NP (NP (NN table)) (, ,) (NP (NN input))) (, ,) (NP (NP (ADJP (ADJP (JJ select)) (PRN (-LRB- -LCB-) (ADVP (JJ font-size) (NP (CD :100) (NN %))) (-RRB- -RCB-))) (ADJP (CD ###)) (`` `) (ADJP (JJ line-height)) (`` `) (NN W3C) (NN Specification) (-LRB- -LSB-) (NN CSS1) (-RRB- -RSB-)) (PRN (-LRB- -LRB-) (NP (NN http://www.w3.org/TR/CSS1#line-height)) (-RRB- -RRB-))) (-LRB- -LSB-) (NP (NP (NN CSS2) (NN .1) (-RRB- -RSB-)) (PRN (-LRB- -LRB-) (NP (NN http://www.w3.org/TR/CSS21/visudet.html#propdef-line-height)) (-RRB- -RRB-))) (NP (DT The) (`` `) (JJ line-height) (`` `) (NN property))))))) (VP (VBZ defines) (NP (NP (DT the) (JJ minimum) (NN distance)) (PP (IN between) (NP (NP (DT the) (NNS baselines)) (PP (IN of) (NP (NP (JJ adjacent) (NNS lines)) (PP (IN of) (NP (NN text))))))))) (. .))) "
567,6,7,this,paragraph,The next example demonstrates how this paragraph appears with four different values for the ` line-height ` .,(ROOT (S (NP (DT The) (JJ next) (NN example)) (VP (VBZ demonstrates) (SBAR (WHADVP (WRB how)) (S (NP (DT this) (NN paragraph)) (VP (VBZ appears) (PP (IN with) (NP (NP (CD four)) (PP (JJ different) (NP (NNS values))) (PP (IN for) (NP (DT the) (ADJP (`` `) (JJ line-height)))) (`` `))))))) (. .))) 
660,34,35,this,property,If you use ` line-through ` to indicate deleted text consider using a semantic element such as -LRB- X -RRB- HTML 's ` del ` element either instead of or in combination with this property .,(ROOT (S (SBAR (IN If) (S (NP (PRP you)) (VP (VBP use) (NP (`` `) (NP (JJ line-through)) (`` `) (SBAR (S (VP (TO to) (VP (VB indicate) (NP (JJ deleted) (NN text)))))))))) (VP (VB consider) (VP (VP (VBG using) (S (NP (NP (DT a) (JJ semantic) (NN element)) (PP (JJ such) (IN as) (NP (NP (-LRB- -LRB-) (NN X) (-RRB- -RRB-)) (NP (NNP HTML) (POS 's))))) (NP (`` `) (NP (FW del)) (`` `) (NP (NN element))))) (CC either) (ADVP (RB instead)) (VP (PP (IN of) (CC or) (IN in) (NP (NN combination))) (PP (IN with) (NP (DT this) (NN property)))))) (. .))) 
665,15,16,that,effect,` blink ` is not supported by some browsers so you may be spared that effect .,(ROOT (S (`` `) (VP (VB blink) (NP (SBAR (S (`` `) (VP (VBZ is) (RB not) (VP (VBN supported) (PP (IN by) (NP (DT some) (NNS browsers))) (SBAR (IN so) (S (NP (PRP you)) (VP (MD may) (VP (VB be) (VP (VBN spared) (NP (DT that) (NN effect))))))))))))) (. .))) 
668,30,31,those,element,"Any ` text-decoration ` applied to an element is drawn over all of its content including any child elements , regardless of the value ` text-decoration ` set on those elements .","(ROOT (S (NP (NP (DT Any) (`` `) (JJ text-decoration)) (`` `) (VP (VBN applied) (PP (TO to) (NP (DT an) (NN element))))) (VP (VBZ is) (VP (VBN drawn) (PP (IN over) (NP (NP (DT all)) (PP (IN of) (NP (NP (PRP$ its) (NN content)) (PP (VBG including) (NP (DT any) (NN child) (NNS elements)))))))) (, ,) (ADVP (RB regardless) (PP (IN of) (NP (DT the) (NN value)))) (NP (`` `) (NP (JJ text-decoration)) (`` `) (SBAR (S (VP (VBN set) (PP (IN on) (NP (DT those) (NNS elements)))))))) (. .))) "
671,36,37,this,sentence,"notImportant -LCB- text-decoration : line-through ; color : black -RCB- em -LCB- text-decoration : none -RCB- strong -LCB- text-decoration : underline ; color : red -RCB- Sample HTML : <p class=""notImportant""> Most of the text in this sentence is not <em> important </em> .","(ROOT (NP (NP (NP (JJ notImportant) (PRN (-LRB- -LCB-) (NP (NP (NN text-decoration)) (: :) (NP (NP (NN line-through)) (: ;) (NP (NP (NN color)) (: :) (NP (JJ black))))) (-RRB- -RCB-)) (NN em)) (PRN (-LRB- -LCB-) (NP (NP (NN text-decoration)) (: :) (NP (NN none))) (-RRB- -RCB-))) (NP (NP (NP (JJ strong)) (-LRB- -LCB-) (NP (NP (NN text-decoration)) (: :) (NP (S (VP (VB underline))) (: ;) (NP (NP (NN color)) (: :) (NP (JJ red))))) (-RRB- -RCB-)) (NP (NP (NNP Sample) (NNP HTML)) (: :) (NP (NP (NNP <p class=""notImportant"">)) (SBAR (S (NP (NP (JJS Most)) (PP (IN of) (NP (NP (DT the) (NN text)) (PP (IN in) (NP (DT this) (NN sentence)))))) (VP (VBZ is) (RB not) (NP (ADJP (RB <em>) (JJ important)) (NN </em>)))))))) (. .))) "
672,9,10,this,sentence,"</p> <p class=""notImportant""> The last bit of text in this sentence is <strong> very important </strong> .","(ROOT (S (NP (NP (NN </p>) (NN <p class=""notImportant"">)) (PP (NP (DT The) (JJ last) (NN bit)) (IN of) (NP (NP (NN text)) (PP (IN in) (NP (DT this) (NN sentence)))))) (VP (VBZ is) (NP (JJ <strong>) (ADJP (RB very) (JJ important)) (NN </strong>))) (. .))) "
673,10,11,this,sentence,</p> Example rendering : Most of the text in this sentence is not _ important _ .,(ROOT (NP (NP (NN </p>) (NN Example) (NN rendering)) (: :) (S (NP (NP (JJS Most)) (PP (IN of) (NP (NP (DT the) (NN text)) (PP (IN in) (NP (DT this) (NN sentence)))))) (VP (VBZ is) (RB not) (NP (ADJP (RB _) (JJ important)) (NN _)))) (. .))) 
674,7,8,this,sentence,The last bit of text in this sentence is ** very important ** .,(ROOT (S (NP (NP (DT The) (JJ last) (NN bit)) (PP (IN of) (NP (NP (NN text)) (PP (IN in) (NP (DT this) (NN sentence)))))) (VP (VBZ is) (NP (NP (SYM **) (ADJP (RB very) (JJ important))) (X (SYM **)))) (. .))) 
696,8,9,this,sentence,<br> The line break was immediately before this sentence .,(ROOT (S (NP (NP (NN <br>)) (NP (DT The) (NN line) (NN break))) (VP (VBD was) (ADVP (RB immediately)) (PP (IN before) (NP (DT this) (NN sentence)))) (. .))) 
703,8,9,this,sentence,<br> The line break was immediately before this sentence .,(ROOT (S (NP (NP (NN <br>)) (NP (DT The) (NN line) (NN break))) (VP (VBD was) (ADVP (RB immediately)) (PP (IN before) (NP (DT this) (NN sentence)))) (. .))) 
710,7,8,this,sentence,The line break was immediately before this sentence .,(ROOT (S (NP (DT The) (NN line) (NN break)) (VP (VBD was) (ADVP (RB immediately)) (PP (IN before) (NP (DT this) (NN sentence)))) (. .))) 
717,7,8,this,sentence,The line break was immediately before this sentence .,(ROOT (S (NP (DT The) (NN line) (NN break)) (VP (VBD was) (ADVP (RB immediately)) (PP (IN before) (NP (DT this) (NN sentence)))) (. .))) 
733,36,37,this,text,"CSS rules : #para 1 -LCB- text-transform : uppercase -RCB- #para 2 -LCB- text-transform : lowercase -RCB- #para 3 -LCB- text-transform : capitalize -RCB- #para 4 -LCB- text-transform : none -RCB- Sample HTML : <p id=""para1""> this TEXT is NOT iN aNy PaRtIcULaR CaSe .","(ROOT (NP (NP (NP (NP (NNP CSS) (NNS rules)) (: :) (NP (NP (NP (NN #para) (CD 1)) (PRN (-LRB- -LCB-) (NP (NP (NN text-transform)) (: :) (NP (NN uppercase))) (-RRB- -RCB-))) (PP (NN #para) (NP (CD 2))))) (PRN (-LRB- -LCB-) (NP (NP (NN text-transform)) (: :) (NP (JJ lowercase))) (-RRB- -RCB-))) (NP (NP (NP (NN #para) (CD 3)) (-LRB- -LCB-) (NP (NP (NN text-transform)) (: :) (NP (VP (VB capitalize) (-RRB- -RCB-) (NP (NN #para)) (ADVP (ADVP (CD 4)) (PRN (-LRB- -LCB-) (NP (NP (NN text-transform)) (: :) (NP (NN none))) (-RRB- -RCB-)))) (PP (NNP Sample) (NP (NNP HTML))))) (: :)) (NP (NP (NN <p id=""para1"">)) (SBAR (S (NP (DT this) (NN TEXT)) (VP (VBZ is) (NP (NNP NOT) (NNP iN) (NNP aNy) (NNP PaRtIcULaR) (NN CaSe))))))) (. .))) "
734,3,4,this,text,"</p> <p id=""para2""> this TEXT is NOT iN aNy PaRtIcULaR CaSe .","(ROOT (S (NP (NP (NN </p>) (NN <p id=""para2"">)) (NP (DT this) (NN TEXT))) (VP (VBZ is) (NP (NNP NOT) (NNP iN) (NNP aNy) (NNP PaRtIcULaR) (NN CaSe))) (. .))) "
735,3,4,this,text,"</p> <p id=""para3""> this TEXT is NOT iN aNy PaRtIcULaR CaSe .","(ROOT (S (NP (NP (NN </p>) (NN <p id=""para3"">)) (NP (DT this) (NN TEXT))) (VP (VBZ is) (NP (NNP NOT) (NNP iN) (NNP aNy) (NNP PaRtIcULaR) (NN CaSe))) (. .))) "
736,3,4,this,text,"</p> <p id=""para4""> this TEXT is NOT iN aNy PaRtIcULaR CaSe .","(ROOT (S (NP (NP (NN </p>) (NN <p id=""para4"">)) (NP (DT this) (NN TEXT))) (VP (VBZ is) (NP (NNP NOT) (NNP iN) (NNP aNy) (NNP PaRtIcULaR) (NN CaSe))) (. .))) "
737,5,6,this,text,</p> Example rendering : this TEXT is NOT iN aNy PaRtIcULaR CaSe .,(ROOT (NP (NP (NN </p>) (NN Example) (NN rendering)) (: :) (NP (NP (DT this) (NN TEXT)) (PP (VBZ is) (NP (NNP NOT) (NNP iN) (NNP aNy) (NNP PaRtIcULaR) (NN CaSe)))) (. .))) 
738,1,2,this,text,this TEXT is NOT iN aNy PaRtIcULaR CaSe .,(ROOT (S (NP (DT this) (NN TEXT)) (VP (VBZ is) (NP (NNP NOT) (NNP iN) (NNP aNy) (NNP PaRtIcULaR) (NN CaSe))) (. .))) 
739,1,2,this,text,this TEXT is NOT iN aNy PaRtIcULaR CaSe .,(ROOT (S (NP (DT this) (NN TEXT)) (VP (VBZ is) (NP (NNP NOT) (NNP iN) (NNP aNy) (NNP PaRtIcULaR) (NN CaSe))) (. .))) 
740,1,2,this,text,this TEXT is NOT iN aNy PaRtIcULaR CaSe .,(ROOT (S (NP (DT this) (NN TEXT)) (VP (VBZ is) (NP (NNP NOT) (NNP iN) (NNP aNy) (NNP PaRtIcULaR) (NN CaSe))) (. .))) 
790,7,8,that,text,The value ` normal ` specifies that text should be handles as usual for an HTML or XML document .,(ROOT (S (NP (NP (DT The) (NN value)) (SBAR (S (`` `) (NP (JJ normal)) (`` `) (VP (VBZ specifies) (SBAR (S (NP (DT that) (NN text)) (VP (MD should) (VP (VB be))))))))) (VP (VBZ handles) (PP (IN as) (ADJP (JJ usual))) (PP (IN for) (NP (NP (DT an) (NNP HTML)) (CC or) (NP (NN XML) (NN document))))) (. .))) 
829,4,5,this,feature,Fonts supported by this feature are either -LSB- TrueType -RSB- -LRB- / / en.wikipedia.org/wiki/TrueType -RRB- -LRB- .,(ROOT (S (NP (NP (NNS Fonts)) (VP (VBN supported) (PP (IN by) (NP (DT this) (NN feature))))) (VP (VP (VBP are)) (CC either) (VP (-LRB- -LSB-) (NP (NN TrueType) (-RRB- -RSB-) (PRN (-LRB- -LRB-) (NP (: /) (: /) (NN en.wikipedia.org/wiki/TrueType)) (-RRB- -RRB-)) (-LRB- -LRB-)))) (. .))) 
837,41,42,that,document,"otf ' -RRB- ; -RCB- Now , to use the font we simply go about business as usual : h1 , h2 , h3 , h4 , h5 , h6 -LCB- font-family : WikiFont ; -RCB- Then any headings in that document would display in our example `` WikiFont '' in a supporting browser .","(ROOT (S (NP (NN otf)) (VP (VP ('' ') (-RRB- -RRB-) (NP (: ;)) (-RRB- -RCB-) (ADVP (RB Now)) (, ,) (S (VP (TO to) (VP (VB use) (NP (NP (DT the) (NN font)) (SBAR (S (NP (PRP we)) (ADVP (RB simply)) (VP (VB go) (PP (IN about) (NP (NN business))) (PP (IN as) (ADJP (JJ usual))))))))))) (: :) (NP (NP (NP (NN h1) (, ,) (NN h2) (, ,) (NN h3) (, ,) (NN h4) (, ,) (NN h5) (, ,) (NN h6)) (-LRB- -LCB-) (NP (NN font-family)) (PRN (: :) (NP (NNP WikiFont)) (: ;)) (-RRB- -RCB-)) (SBAR (S (ADVP (RB Then)) (NP (NP (DT any) (NNS headings)) (PP (IN in) (NP (DT that) (NN document)))) (VP (MD would) (VP (VB display) (PP (IN in) (NP (PRP$ our) (NN example) (`` ``) (NNP WikiFont) ('' ''))) (PP (IN in) (NP (DT a) (VBG supporting) (NN browser))))))))) (. .))) "
840,3,4,these,pseudo-class,Rules using these pseudo-classes should be given in this order so that the dynamic effects take precedence over the visited/unvisited state .,(ROOT (S (NP (NP (NNS Rules)) (VP (VBG using) (NP (DT these) (NNS pseudo-classes)))) (VP (MD should) (VP (VB be) (VP (VBN given) (PP (IN in) (NP (DT this) (NN order))) (SBAR (IN so) (IN that) (S (NP (DT the) (JJ dynamic) (NNS effects)) (VP (VBP take) (NP (NP (NN precedence)) (PP (IN over) (NP (DT the) (JJ visited/unvisited) (NN state)))))))))) (. .))) 
840,9,10,this,order,Rules using these pseudo-classes should be given in this order so that the dynamic effects take precedence over the visited/unvisited state .,(ROOT (S (NP (NP (NNS Rules)) (VP (VBG using) (NP (DT these) (NNS pseudo-classes)))) (VP (MD should) (VP (VB be) (VP (VBN given) (PP (IN in) (NP (DT this) (NN order))) (SBAR (IN so) (IN that) (S (NP (DT the) (JJ dynamic) (NNS effects)) (VP (VBP take) (NP (NP (NN precedence)) (PP (IN over) (NP (DT the) (JJ visited/unvisited) (NN state)))))))))) (. .))) 
852,13,14,that,style,The marker for each value in the list should be rendered in that style .,(ROOT (S (NP (NP (DT The) (NN marker)) (PP (IN for) (NP (NP (DT each) (NN value)) (PP (IN in) (NP (DT the) (NN list)))))) (VP (MD should) (VP (VB be) (VP (VBN rendered) (PP (IN in) (NP (DT that) (NN style)))))) (. .))) 
933,8,9,this,information,</p> The ` display ` property provides this information .,(ROOT (S (NP (NN </p>)) (NP (DT The) (`` `) (NN display) (`` `) (NN property)) (VP (VBZ provides) (NP (DT this) (NN information))) (. .))) 
940,4,5,this,change,Under CSS2 .1 this changes to ` inline ` .,(ROOT (S (PP (IN Under) (NP (NN CSS2) (CD .1))) (NP (DT this) (NNS changes) (S (VP (TO to) (`` `) (VP (VB inline))))) (VP (`` `)) (. .))) 
958,5,6,this,property,The initial value for this property is ` baseline ` .,(ROOT (S (NP (NP (DT The) (JJ initial) (NN value)) (PP (IN for) (NP (DT this) (NN property)))) (VP (VBZ is) (`` `) (NP (NN baseline) (`` `))) (. .))) 
966,4,5,this,value,Hiding elements with this value can be very useful in conjunction with CSS2 .1 -LSB- media types -RSB- -LRB- / wiki/CSS _ Programming/Media _ Types -RRB- .,(ROOT (S (NP (NP (VBG Hiding) (NNS elements)) (PP (IN with) (NP (DT this) (NN value)))) (VP (MD can) (VP (VB be) (ADJP (RB very) (JJ useful) (PP (IN in) (NP (NN conjunction)))) (PP (IN with) (NP (NP (NP (NN CSS2) (NN .1)) (-LRB- -LSB-) (NP (NNS media) (NNS types)) (-RRB- -RSB-)) (PRN (-LRB- -LRB-) (NP (NP (: /) (NN wiki/CSS)) (NP (CD _) (NNP Programming/Media) (CD _) (NNS Types))) (-RRB- -RRB-)))))) (. .))) 
973,47,48,this,paragraph,"CSS rule : h1 , h2 -LCB- display : run-in ; margin-right :0.5 em -RCB- h1 -LCB- font-size :120 % -RCB- h2 -LCB- font-size :100 % -RCB- Sample HTML : <h1> Main heading </h1> <h2> Sub-heading </h2> <p> Only the sub-heading is allowed to run into this paragraph .","(ROOT (FRAG (NP (NP (NNP CSS) (NN rule)) (: :) (NP (NN h1)) (, ,) (NP (NP (NP (NP (NN h2)) (-LRB- -LCB-) (NP (NP (NP (NN display)) (: :) (NP (NN run-in))) (: ;) (NP (NP (NN margin-right)) (NP (CD :0.5) (NN em)))) (-RRB- -RCB-)) (NP (NP (NN h1)) (-LRB- -LCB-) (NP (NP (NN font-size)) (NP (CD :120) (NN %))) (-RRB- -RCB-))) (NP (NP (NP (NN h2)) (-LRB- -LCB-) (NP (NP (NN font-size)) (NP (CD :100) (NN %))) (-RRB- -RCB-)) (NP (NNP Sample) (NNP HTML))))) (: :) (S (NP (NN <h1>) (NNP Main)) (VP (VBG heading) (NP (NP (JJ </h1>) (NN <h2>) (NN Sub-heading) (NN </h2>) (NN <p>)) (SBAR (S (NP (RB Only) (DT the) (NN sub-heading)) (VP (VBZ is) (VP (VBN allowed) (S (VP (TO to) (VP (VB run) (PP (IN into) (NP (DT this) (NN paragraph))))))))))))) (. .))) "
975,15,16,this,paragraph,</p> Example rendering : Heading Sub-heading Only the sub-heading is allowed to run into this paragraph .,(ROOT (NP (NP (NN </p>) (NN Example) (NN rendering)) (: :) (S (VP (VBG Heading) (NP (NP (JJ Sub-heading) (RB Only)) (SBAR (S (NP (DT the) (NN sub-heading)) (VP (VBZ is) (VP (VBN allowed) (S (VP (TO to) (VP (VB run) (PP (IN into) (NP (DT this) (NN paragraph))))))))))))) (. .))) 
1008,5,6,this,example,</p> Example rendering -LRB- this example does not work in Internet Explorer -RRB- : A paragraph that is far too long for the tiny box it is supposed to fit inside .,(ROOT (NP (NP (NN </p>) (NN Example) (NN rendering)) (PRN (-LRB- -LRB-) (S (NP (DT this) (NN example)) (VP (VBZ does) (RB not) (VP (VB work) (PP (IN in) (NP (NNP Internet) (NNP Explorer)))))) (-RRB- -RRB-)) (: :) (NP (NP (DT A) (NN paragraph)) (SBAR (WHNP (WDT that)) (S (VP (VBZ is) (ADJP (ADJP (RB far) (RB too) (JJ long)) (PP (IN for) (NP (DT the) (JJ tiny) (NN box)))) (SBAR (S (NP (PRP it)) (VP (VBZ is) (VP (VBN supposed) (S (VP (TO to) (VP (VB fit) (ADVP (RB inside))))))))))))) (. .))) 
1015,6,9,these,property,Internet Explorer does not support these CSS2 .1 properties .,(ROOT (S (NP (NNP Internet) (NNP Explorer)) (VP (VBZ does) (RB not) (VP (VB support) (NP (DT these) (NN CSS2) (NN .1) (NNS properties)))) (. .))) 
1017,7,8,these,property,Internet Explorer version 6 also applies these properties if it is in -LSB- quirks mode -RSB- -LRB- / w/index .,(ROOT (S (NP (NP (NNP Internet) (NNP Explorer)) (NP (NN version) (CD 6))) (ADVP (RB also)) (VP (VBZ applies) (NP (DT these) (NNS properties)) (SBAR (IN if) (S (NP (PRP it)) (VP (VBZ is) (PP (IN in) (NP (-LRB- -LSB-) (NP (NNS quirks) (NN mode) (-RRB- -RSB-)) (-LRB- -LRB-) (PP (: /) (NP (NN w/index))))))))) (. .))) 
1064,7,9,this,side,The two boxes should be above this text side by side if your browser supports ` box-sizing ` .,(ROOT (S (NP (DT The) (CD two) (NNS boxes)) (VP (MD should) (VP (VB be) (PP (IN above) (NP (NP (DT this) (NN text) (NN side)) (PP (IN by) (NP (NN side))))) (SBAR (IN if) (S (NP (PRP$ your) (NN browser)) (VP (VBZ supports) (`` `) (NP (JJ box-sizing) (`` `))))))) (. .))) 
1075,74,75,that,effect,For example div #navigation -LCB- background : # 933 -RCB- is equivalent to div #navigation -LCB- background-color : # 933 ; background-image : none ; / * initial value * / background-repeat : repeat ; / * initial value * / background-attachment : scroll ; / * initial value * / background-position : 0 % 0 % / * initial value * / -RCB- ## Advanced Opacity Opacity is a block level property that effects all the children .,(ROOT (S (S (PP (IN For) (NP (NN example))) (NP (NP (NN div) (NN #navigation)) (PRN (-LRB- -LCB-) (NP (NP (NN background)) (: :) (NP (# #) (CD 933))) (-RRB- -RCB-))) (VP (VBZ is) (ADJP (JJ equivalent)) (S (VP (TO to) (VP (VB div) (NP (NP (NP (NN #navigation)) (-LRB- -LCB-) (NP (NP (NP (NN background-color)) (: :) (NP (# #) (CD 933))) (: ;) (NP (NP (NN background-image)) (: :) (NP (NN none)))) (: ;)) (PP (: /) (X (X (SYM *)) (NP (JJ initial) (NN value)))) (X (SYM *))) (PP (: /) (NP (NP (NN background-repeat)) (: :) (NP (NN repeat)) (: ;)))))) (: /) (FRAG (X (X (SYM *)) (PP (NP (NP (JJ initial) (NN value)) (X (SYM *))) (: /) (NP (NN background-attachment)))) (: :) (NP (NN scroll))))) (: ;) (: /) (S (X (X (SYM *)) (NP (JJ initial) (NN value))) (X (X (SYM *)) (PP (: /) (NP (NP (NP (NN background-position)) (: :) (NP (NP (CD 0) (NN %)) (NP (NP (CD 0) (NN %)) (PP (: /) (X (X (SYM *)) (NP (JJ initial) (NN value)))) (X (X (SYM *)) (NP (: /))))) (-RRB- -RCB-)) (ADVP (RB ##))))) (NP (NNP Advanced) (NNP Opacity) (NN Opacity)) (VP (VBZ is) (NP (NP (DT a) (NN block) (NN level) (NN property)) (SBAR (WHNP (WDT that) (NNS effects)) (S (NP (PDT all) (DT the) (NNS children))))))) (. .))) 
1077,26,28,this,filter,"Opacity in the background property is still a new concept and is not compliant across all web browsers however here is a tiny bit about this function filter : alpha -LRB- opacity = 40 -RRB- ; - moz-opacity : .40 ; opacity : .40 ; adding the alpha -LRB- opacity = 40 -RRB- will add a 40 % alpha transparency however as mentioned this still does not work on all browsers , for this to work on Firefox for example the - moz hack has to be used .","(ROOT (S (S (NP (NP (NN Opacity)) (PP (IN in) (NP (DT the) (NN background) (NN property)))) (VP (VP (VBZ is) (ADVP (RB still)) (NP (DT a) (JJ new) (NN concept))) (CC and) (VP (VBZ is) (RB not) (ADJP (JJ compliant) (PP (IN across) (NP (NP (DT all) (NN web) (NNS browsers)) (SBAR (FRAG (ADVP (RB however)) (ADJP (RB here) (SBAR (S (VP (VBZ is) (NP (NP (DT a) (ADJP (JJ tiny)) (NN bit)) (PP (IN about) (NP (DT this) (NN function) (NN filter))) (: :) (ADJP (ADJP (NN alpha)) (PRN (-LRB- -LRB-) (NP (NP (NN opacity)) (NP (JJ =) (CD 40))) (-RRB- -RRB-))) (: ;)))))) (: -) (NP (NP (NN moz-opacity)) (: :) (NP (NP (CD .40)) (: ;) (NP (NN opacity))) (: :) (NP (CD .40))))))))))) (: ;) (S (S (VP (VBG adding) (NP (NP (DT the) (NN alpha)) (PRN (-LRB- -LRB-) (S (NP (NN opacity)) (ADJP (JJ =) (NP-TMP (CD 40)))) (-RRB- -RRB-))))) (VP (MD will) (VP (VB add) (NP (DT a) (ADJP (CD 40) (NN %) (NN alpha)) (NN transparency)) (SBAR (ADVP (RB however)) (IN as) (S (S (VP (VBN mentioned) (S (NP (DT this)) (ADVP (RB still))))) (VP (VBZ does) (RB not) (VP (VB work) (PP (IN on) (NP (DT all) (NNS browsers))))))) (, ,) (SBAR (IN for) (S (NP (DT this)) (VP (TO to) (VP (VB work) (PP (IN on) (NP (NP (NNP Firefox)) (PP (IN for) (NP (NN example) (DT the)))))))))))) (: -) (S (NP (NN moz) (NN hack)) (VP (VBZ has) (S (VP (TO to) (VP (VB be) (VP (VBN used))))))) (. .))) "
1078,13,14,this,code,So - moz-opacity : .40 will obviously do the same thing but this code is only relevant for Firefox users .,(ROOT (FRAG (X (ADVP (RB So) (: -)) (NP (NN moz-opacity))) (: :) (NP (NP (CD .40)) (SBAR (S (VP (MD will) (ADVP (RB obviously)) (VP (VB do) (NP (DT the) (JJ same) (NN thing)) (SBAR (CC but) (S (NP (DT this) (NN code)) (VP (VBZ is) (ADJP (RB only) (JJ relevant) (PP (IN for) (NP (NNP Firefox) (NNS users)))))))))))) (. .))) 
1089,10,11,these,example,Only the rule for the inner block changes in these examples .,(ROOT (NP (NP (RB Only) (DT the) (NN rule)) (PP (IN for) (NP (DT the) (JJ inner) (NN block) (NNS changes))) (PP (IN in) (NP (DT these) (NNS examples))) (. .))) 
1152,5,6,this,problem,A simple fix for this problem is to set display to inline for the floated element .,(ROOT (S (NP (NP (DT A) (JJ simple) (NN fix)) (PP (IN for) (NP (DT this) (NN problem)))) (VP (VBZ is) (S (VP (TO to) (VP (VB set) (NP (NN display)) (S (VP (TO to) (VP (VB inline) (PP (IN for) (NP (DT the) (VBN floated) (NN element)))))))))) (. .))) 
1218,3,5,this,copy,"To try this out copy this code to your snippet editor or a new HTML file : @media all -LCB- div.mediaqueryexample -LCB- height : 10em ; width : 10em ; background-color : red ; -RCB- -RCB- @media all and -LRB- min-width : 640px -RRB- -LCB- div #mediaqueryexample 1 -LCB- background-color : green ; -RCB- -RCB- And then put this in the body : <div class=""mediaqueryexample"" id=""mediaqueryexample1""> min-width : 640px </div> After loading the page in your browser , resize the window to see the background color change when the condition is met .","(ROOT (S (S (VP (TO To) (VP (VP (VB try) (NP (NP (DT this) (ADVP (RP out)) (NN copy)) (NP (DT this) (NN code))) (PP (TO to) (NP (NP (PRP$ your) (NN snippet) (NN editor)) (CC or) (NP (DT a) (JJ new) (NNP HTML) (NN file))))) (: :) (VP (VB @media) (NP (NP (NP (DT all)) (-LRB- -LCB-) (NP (NN div.mediaqueryexample)) (PRN (-LRB- -LCB-) (NP (NP (NN height)) (: :) (NP (NP (CD 10em)) (: ;) (NP (NP (NN width)) (: :) (NP (NP (CD 10em)) (: ;) (NP (NP (NN background-color)) (: :) (NP (NN red)))) (: ;)))) (-RRB- -RCB-)) (-RRB- -RCB-)) (ADJP (RB @media) (DT all))))))) (CC and) (S (SBAR (PRN (-LRB- -LRB-) (NP (NP (NN min-width)) (: :) (NP (CD 640px))) (-RRB- -RRB-)) (S (PRN (-LRB- -LCB-) (NP (NP (NN div)) (NP (NP (NN #mediaqueryexample)) (NP (NP (CD 1)) (-LRB- -LCB-) (NP (NN background-color)) (PRN (: :) (ADJP (JJ green)) (: ;)) (-RRB- -RCB-)))) (-RRB- -RCB-)) (S (NP (CC And)) (ADVP (RB then)) (VP (VB put) (NP (NP (NP (DT this)) (PP (IN in) (NP (DT the) (NN body)))) (: :) (NP (NN <div class=""mediaqueryexample"" id=""mediaqueryexample1"">) (NN min-width))))) (: :) (S (NP (CD 640px) (NN </div>)) (PP (IN After) (S (VP (VBG loading) (NP (DT the) (NN page)) (PP (IN in) (NP (PRP$ your) (NN browser))))))))) (, ,) (VP (VB resize) (NP (DT the) (NN window) (S (VP (TO to) (VP (VB see) (NP (DT the) (NN background) (NN color) (NN change)) (SBAR (WHADVP (WRB when)) (S (NP (DT the) (NN condition)) (VP (VBZ is) (VP (VBN met))))))))))) (. .))) "
1218,6,7,this,code,"To try this out copy this code to your snippet editor or a new HTML file : @media all -LCB- div.mediaqueryexample -LCB- height : 10em ; width : 10em ; background-color : red ; -RCB- -RCB- @media all and -LRB- min-width : 640px -RRB- -LCB- div #mediaqueryexample 1 -LCB- background-color : green ; -RCB- -RCB- And then put this in the body : <div class=""mediaqueryexample"" id=""mediaqueryexample1""> min-width : 640px </div> After loading the page in your browser , resize the window to see the background color change when the condition is met .","(ROOT (S (S (VP (TO To) (VP (VP (VB try) (NP (NP (DT this) (ADVP (RP out)) (NN copy)) (NP (DT this) (NN code))) (PP (TO to) (NP (NP (PRP$ your) (NN snippet) (NN editor)) (CC or) (NP (DT a) (JJ new) (NNP HTML) (NN file))))) (: :) (VP (VB @media) (NP (NP (NP (DT all)) (-LRB- -LCB-) (NP (NN div.mediaqueryexample)) (PRN (-LRB- -LCB-) (NP (NP (NN height)) (: :) (NP (NP (CD 10em)) (: ;) (NP (NP (NN width)) (: :) (NP (NP (CD 10em)) (: ;) (NP (NP (NN background-color)) (: :) (NP (NN red)))) (: ;)))) (-RRB- -RCB-)) (-RRB- -RCB-)) (ADJP (RB @media) (DT all))))))) (CC and) (S (SBAR (PRN (-LRB- -LRB-) (NP (NP (NN min-width)) (: :) (NP (CD 640px))) (-RRB- -RRB-)) (S (PRN (-LRB- -LCB-) (NP (NP (NN div)) (NP (NP (NN #mediaqueryexample)) (NP (NP (CD 1)) (-LRB- -LCB-) (NP (NN background-color)) (PRN (: :) (ADJP (JJ green)) (: ;)) (-RRB- -RCB-)))) (-RRB- -RCB-)) (S (NP (CC And)) (ADVP (RB then)) (VP (VB put) (NP (NP (NP (DT this)) (PP (IN in) (NP (DT the) (NN body)))) (: :) (NP (NN <div class=""mediaqueryexample"" id=""mediaqueryexample1"">) (NN min-width))))) (: :) (S (NP (CD 640px) (NN </div>)) (PP (IN After) (S (VP (VBG loading) (NP (DT the) (NN page)) (PP (IN in) (NP (PRP$ your) (NN browser))))))))) (, ,) (VP (VB resize) (NP (DT the) (NN window) (S (VP (TO to) (VP (VB see) (NP (DT the) (NN background) (NN color) (NN change)) (SBAR (WHADVP (WRB when)) (S (NP (DT the) (NN condition)) (VP (VBZ is) (VP (VBN met))))))))))) (. .))) "
1224,89,91,that,value,"class a : hover -LCB- visibility : inherit ; -RCB- IE will increase the width of a container with an italicized font style so use overflow : hidden to avoid inconsistent wrapping if possible If links on a page are clickable in IE only , look for an absolutely positioned element that overlaps the links and raise the z-index value of the link container or reposition the layout so the overlap does not happen If the property value for a group of elements does n't work , redefine that property value for one of those elements to see if a comma is missing or an unsupported selector nullified the entire rule #business _ photo , .","(ROOT (NP (NP (NN class) (DT a)) (: :) (S (S (VP (VB hover) (SBAR (S (-LRB- -LCB-) (NP (NP (NN visibility)) (: :) (ADVP (VB inherit)) (: ;)) (-RRB- -RCB-) (VP (NN IE) (VP (MD will) (VP (VB increase) (NP (NP (DT the) (NN width)) (PP (IN of) (NP (NP (DT a) (NN container)) (PP (IN with) (NP (DT an) (VBN italicized) (NN font) (NN style))))) (S (ADVP (RB so)) (VP (VB use) (NP (NN overflow)))))))))))) (: :) (S (VP (VBN hidden) (S (VP (TO to) (VP (VB avoid) (ADJP (JJ inconsistent)) (S (VP (VBG wrapping) (SBAR (IN if) (S (SBAR (ADJP (JJ possible)) (IN If) (S (NP (NP (NNS links)) (PP (IN on) (NP (DT a) (NN page)))) (VP (VBP are) (ADJP (JJ clickable) (PP (IN in) (ADJP (JJ IE)))) (ADVP (RB only))))) (, ,) (S (VP (VP (VB look) (PP (IN for) (NP (NP (DT an) (ADJP (RB absolutely) (JJ positioned)) (NN element)) (SBAR (WHNP (WDT that)) (S (VP (VBZ overlaps) (NP (DT the) (NNS links)))))))) (CC and) (VP (VB raise) (NP (NP (DT the) (NN z-index) (NN value)) (PP (IN of) (NP (DT the) (NN link) (NN container))))) (CC or) (VP (VB reposition) (NP (DT the) (NN layout)) (SBAR (IN so) (S (NP (DT the)) (VP (VBP overlap))))))) (VP (VBZ does) (RB not) (VP (VB happen) (S (S (SBAR (IN If) (S (NP (NP (DT the) (NN property) (NN value)) (PP (IN for) (NP (NP (DT a) (NN group)) (PP (IN of) (NP (NNS elements)))))) (VP (VBZ does) (RB n't) (VP (VB work))))) (, ,) (VP (VB redefine) (NP (NP (DT that) (NN property) (NN value)) (PP (IN for) (NP (CD one))) (PP (IN of) (NP (DT those) (NNS elements)))) (S (VP (TO to) (VP (VB see) (SBAR (IN if) (S (NP (DT a) (NN comma)) (VP (VBZ is) (ADJP (VBG missing)))))))))) (CC or) (S (NP (DT an) (JJ unsupported) (NN selector)) (VP (VBD nullified) (NP (DT the) (JJ entire) (NN rule) (NN #business) (CD _) (NN photo)))) (, ,)))))))))))))) (. .))) "
1224,95,96,those,element,"class a : hover -LCB- visibility : inherit ; -RCB- IE will increase the width of a container with an italicized font style so use overflow : hidden to avoid inconsistent wrapping if possible If links on a page are clickable in IE only , look for an absolutely positioned element that overlaps the links and raise the z-index value of the link container or reposition the layout so the overlap does not happen If the property value for a group of elements does n't work , redefine that property value for one of those elements to see if a comma is missing or an unsupported selector nullified the entire rule #business _ photo , .","(ROOT (NP (NP (NN class) (DT a)) (: :) (S (S (VP (VB hover) (SBAR (S (-LRB- -LCB-) (NP (NP (NN visibility)) (: :) (ADVP (VB inherit)) (: ;)) (-RRB- -RCB-) (VP (NN IE) (VP (MD will) (VP (VB increase) (NP (NP (DT the) (NN width)) (PP (IN of) (NP (NP (DT a) (NN container)) (PP (IN with) (NP (DT an) (VBN italicized) (NN font) (NN style))))) (S (ADVP (RB so)) (VP (VB use) (NP (NN overflow)))))))))))) (: :) (S (VP (VBN hidden) (S (VP (TO to) (VP (VB avoid) (ADJP (JJ inconsistent)) (S (VP (VBG wrapping) (SBAR (IN if) (S (SBAR (ADJP (JJ possible)) (IN If) (S (NP (NP (NNS links)) (PP (IN on) (NP (DT a) (NN page)))) (VP (VBP are) (ADJP (JJ clickable) (PP (IN in) (ADJP (JJ IE)))) (ADVP (RB only))))) (, ,) (S (VP (VP (VB look) (PP (IN for) (NP (NP (DT an) (ADJP (RB absolutely) (JJ positioned)) (NN element)) (SBAR (WHNP (WDT that)) (S (VP (VBZ overlaps) (NP (DT the) (NNS links)))))))) (CC and) (VP (VB raise) (NP (NP (DT the) (NN z-index) (NN value)) (PP (IN of) (NP (DT the) (NN link) (NN container))))) (CC or) (VP (VB reposition) (NP (DT the) (NN layout)) (SBAR (IN so) (S (NP (DT the)) (VP (VBP overlap))))))) (VP (VBZ does) (RB not) (VP (VB happen) (S (S (SBAR (IN If) (S (NP (NP (DT the) (NN property) (NN value)) (PP (IN for) (NP (NP (DT a) (NN group)) (PP (IN of) (NP (NNS elements)))))) (VP (VBZ does) (RB n't) (VP (VB work))))) (, ,) (VP (VB redefine) (NP (NP (DT that) (NN property) (NN value)) (PP (IN for) (NP (CD one))) (PP (IN of) (NP (DT those) (NNS elements)))) (S (VP (TO to) (VP (VB see) (SBAR (IN if) (S (NP (DT a) (NN comma)) (VP (VBZ is) (ADJP (VBG missing)))))))))) (CC or) (S (NP (DT an) (JJ unsupported) (NN selector)) (VP (VBD nullified) (NP (DT the) (JJ entire) (NN rule) (NN #business) (CD _) (NN photo)))) (, ,)))))))))))))) (. .))) "
1252,23,24,those,style,"Since inline styles can be added to any HTML tag , using the style attribute selector is the only way to override those styles if a class or ID attribute is not defined for the element , as in the following example : div -LSB- style -RSB- -LCB- background-color : #f 00 !","(ROOT (S (SBAR (IN Since) (S (NP (NN inline) (NNS styles)) (VP (MD can) (VP (VB be) (VP (VBN added) (PP (TO to) (NP (DT any) (NNP HTML) (NN tag)))))))) (, ,) (S (VP (VBG using) (SBAR (S (NP (DT the) (NN style) (NN attribute) (NN selector)) (VP (VBZ is) (NP (DT the) (JJ only) (NN way) (S (VP (TO to) (VP (VB override) (NP (DT those) (NNS styles)) (SBAR (IN if) (S (NP (DT a) (NP (NN class) (CC or) (NN ID)) (NN attribute)) (VP (VBZ is) (RB not) (VP (VBN defined) (PP (IN for) (NP (DT the) (NN element))) (, ,) (PP (IN as) (IN in) (NP (DT the) (VBG following) (NN example)))))))))))))))) (: :) (S (NP (NN div)) (VP (-LRB- -LSB-) (NP (NN style)) (NP (-RRB- -RSB-) (-LRB- -LCB-) (NN background-color) (: :) (NN #f)) (ADVP (CD 00)))) (. !))) "
1255,24,25,this,pseudo-class,"Only when there are element nodes or text nodes with one or more characters inside the element , the element does n't match this pseudo-class anymore .","(ROOT (S (SBAR (WHADVP (RB Only) (WRB when)) (S (NP (EX there)) (VP (VBP are) (NP (NP (NP (NN element) (NNS nodes)) (CC or) (NP (NN text) (NNS nodes))) (PP (IN with) (NP (NP (QP (NP (CD one)) (CC or) (NP (JJR more))) (NNS characters)) (PP (IN inside) (NP (DT the) (NN element))))))))) (, ,) (NP (DT the) (NN element)) (VP (VBZ does) (RB n't) (VP (VB match) (NP (DT this) (JJ pseudo-class)) (ADVP (RB anymore)))) (. .))) "
1269,20,21,these,property,"This also helps avoid inheriting unneeded properties , such as padding and margins , and subsequently needed to reset these properties in new classes Minimize usage of the descendant selector -LRB- e.g. #parent .","(ROOT (S (NP (DT This)) (ADVP (RB also)) (VP (VBZ helps) (S (VP (VB avoid) (VP (VBG inheriting) (ADJP (JJ unneeded)) (NP (NP (NNS properties)) (, ,) (X (PP (JJ such) (IN as) (NP (NP (NN padding)) (CC and) (NP (NNS margins))))) (, ,) (CC and) (VP (ADVP (RB subsequently)) (VBN needed) (S (VP (TO to) (VP (VB reset) (S (NP (NP (DT these) (NNS properties)) (PP (IN in) (NP (JJ new) (NNS classes)))) (VP (VB Minimize) (NP (NP (NN usage)) (PP (IN of) (NP (NP (DT the) (NN descendant)) (NP (NP (NN selector)) (-LRB- -LRB-) (NP (NP (FW e.g.)) (NP (FW #parent)))))))))))))))))) (. .))) "
1289,13,14,these,hack,However sometimes it is impossible to avoid the use of all of these hacks .,(ROOT (S (ADVP (RB However)) (NP (RB sometimes) (PRP it)) (VP (VBZ is) (ADJP (JJ impossible) (S (VP (TO to) (VP (VB avoid) (NP (NP (DT the) (NN use)) (PP (IN of) (NP (NP (DT all)) (PP (IN of) (NP (DT these) (NNS hacks))))))))))) (. .))) 
1305,32,33,this,site,* Eric Meyer * -LSB- Eric Meyer CSS Expert -RSB- -LRB- http://www.meyerweb.com/eric/writing.html -RRB- Eric Meyer is a recognized expert in CSS and gives many of his resources in print away at this site .,(ROOT (S (S (X (X (SYM *)) (NP (NNP Eric) (NNP Meyer))) (X (SYM *)) (NP (-LRB- -LSB-) (NNP Eric) (NNP Meyer) (NNP CSS) (NN Expert)) (VP (-RRB- -RSB-) (PRN (-LRB- -LRB-) (NP (NN http://www.meyerweb.com/eric/writing.html)) (-RRB- -RRB-)))) (NP (NNP Eric) (NNP Meyer)) (VP (VP (VBZ is) (NP (NP (DT a) (VBN recognized) (NN expert)) (PP (IN in) (NP (NNP CSS))))) (CC and) (VP (VBZ gives) (NP (NP (JJ many)) (PP (IN of) (NP (NP (PRP$ his) (NNS resources)) (PP (IN in) (NP (NN print)))))) (ADVP (RB away)) (PP (IN at) (NP (DT this) (NN site))))) (. .))) 
1328,14,15,this,page,php?title = Cascading_Style_Sheets / Print_version & action = info -RRB- * -LSB- Cite this page -RSB- -LRB- / w/index .,(ROOT (S (VP (NN php?title) (NP (NP (NP (JJ =) (NNS Cascading_Style_Sheets)) (PRN (: /) (NP (NP (NNP Print_version)) (CC &) (NP (NN action) (JJ =) (NN info))) (-RRB- -RRB-))) (X (SYM *))) (S (VP (-LRB- -LSB-) (VP (VB Cite) (S (NP (DT this) (NN page)) (NP (NP (-RRB- -RSB-)) (-LRB- -LRB-) (PP (: /) (NP (NN w/index))))))))) (. .))) 
1334,3,4,this,site,"By using this site , you agree to the -LSB- Terms of Use -RSB- -LRB- / / wikimediafoundation.org/wiki/Terms_of_Use -RRB- and -LSB- Privacy Policy . -RSB-","(ROOT (S (PP (IN By) (S (VP (VBG using) (NP (DT this) (NN site))))) (, ,) (NP (PRP you)) (VP (VBP agree) (PP (PP (TO to) (NP (NP (DT the) (-LRB- -LSB-) (NNS Terms)) (PP (IN of) (NP (NP (NN Use) (-RRB- -RSB-)) (PRN (-LRB- -LRB-) (NP (: /) (: /) (NN wikimediafoundation.org/wiki/Terms_of_Use)) (-RRB- -RRB-)))))) (CC and) (PP (-LRB- -LSB-) (NP (NNP Privacy) (NNP Policy))))) (. .) (-RRB- -RSB-))) "
