2,7,8,this,page,-LSB- Unreviewed changes are displayed on this page -RSB- -LRB- / / bits.wikimedia.org/static-1.22wmf19/extensions/FlaggedRevs/frontend/modules/img/1.png -RRB- This page may need to be -LSB- reviewed -RSB- -LRB- / wiki/Wikibooks : REVIEW -RRB- for quality .,(ROOT (S (SBAR (-LRB- -LSB-) (S (NP (JJ Unreviewed) (NNS changes)) (VP (VBP are) (VP (VBN displayed) (PP (IN on) (NP (DT this) (NN page) (-RRB- -RSB-))))))) (PRN (-LRB- -LRB-) (VP (: /) (NP (: /) (NN bits.wikimedia.org/static-1.22wmf19/extensions/FlaggedRevs/frontend/modules/img/1.png))) (-RRB- -RRB-)) (NP (DT This) (NN page)) (VP (MD may) (VP (VB need) (S (VP (TO to) (VP (VB be) (VP (-LRB- -LSB-) (VP (VBN reviewed) (NP (NP (NP (-RRB- -RSB-)) (PRN (-LRB- -LRB-) (NP (NP (: /) (NNS wiki/Wikibooks)) (: :) (NP (NNP REVIEW))) (-RRB- -RRB-))) (PP (IN for) (NP (NN quality))))))))))) (. .))) 
4,39,40,this,message,-LSB- Printer.svg -RSB- -LRB- / / upload.wikimedia.org/wikipedia/commons/thumb/2/23/Printer.svg/40px-Printer.svg.png -RRB- ** This is the -LSB- print version -RSB- -LRB- / wiki/Help : Print_versions -RRB- of -LSB- Cell Biology -RSB- -LRB- / wiki/Cell _ Biology -RRB- ** You wo n't see this message or any elements not part of the book 's content when you print or -LSB- preview -RSB- -LRB- / / en.wikibooks.org/w/index.php?title=Cell_Biology/Print_version&action=purge&printable=yes -RRB- this page .,(ROOT (S (NP (-LRB- -LSB-) (NN Printer.svg)) (VP (-RRB- -RSB-) (PRN (-LRB- -LRB-) (PP (: /) (NP (: /) (NN upload.wikimedia.org/wikipedia/commons/thumb/2/23/Printer.svg/40px-Printer.svg.png))) (-RRB- -RRB-)) (SBAR (SBAR (X (SYM **)) (S (S (NP (DT This)) (VP (VBZ is) (NP (NP (NP (DT the) (-LRB- -LSB-) (NN print) (NN version) (-RRB- -RSB-)) (PRN (-LRB- -LRB-) (NP (NP (: /) (NN wiki/Help)) (: :) (NP (NNS Print_versions))) (-RRB- -RRB-))) (PP (IN of) (NP (-LRB- -LSB-) (NN Cell) (NN Biology)))))) (-RRB- -RSB-) (PRN (-LRB- -LRB-) (PP (: /) (NP (NNP wiki/Cell) (NNP _) (NNP Biology))) (-RRB- -RRB-)) (S (X (SYM **)) (NP (PRP You)) (VP (MD wo) (RB n't) (VP (VB see) (NP (NP (DT this) (NN message)) (CC or) (NP (DT any) (NNS elements))) (PP (RB not) (NP (NP (NN part)) (PP (IN of) (NP (NP (DT the) (NN book) (POS 's)) (NN content))))) (SBAR (WHADVP (WRB when)) (S (NP (PRP you)) (VP (VBP print))))))))) (CC or) (SBAR (-LRB- -LSB-) (S (NP (NN preview)) (VP (-RRB- -RSB-) (PRN (-LRB- -LRB-) (: /) (NX (: /) (NNS en.wikibooks.org/w/index.php?title=Cell_Biology/Print_version&action=purge&printable=yes)) (-RRB- -RRB-)) (NP (DT this) (NN page))))))) (. .))) 
4,63,64,this,page,-LSB- Printer.svg -RSB- -LRB- / / upload.wikimedia.org/wikipedia/commons/thumb/2/23/Printer.svg/40px-Printer.svg.png -RRB- ** This is the -LSB- print version -RSB- -LRB- / wiki/Help : Print_versions -RRB- of -LSB- Cell Biology -RSB- -LRB- / wiki/Cell _ Biology -RRB- ** You wo n't see this message or any elements not part of the book 's content when you print or -LSB- preview -RSB- -LRB- / / en.wikibooks.org/w/index.php?title=Cell_Biology/Print_version&action=purge&printable=yes -RRB- this page .,(ROOT (S (NP (-LRB- -LSB-) (NN Printer.svg)) (VP (-RRB- -RSB-) (PRN (-LRB- -LRB-) (PP (: /) (NP (: /) (NN upload.wikimedia.org/wikipedia/commons/thumb/2/23/Printer.svg/40px-Printer.svg.png))) (-RRB- -RRB-)) (SBAR (SBAR (X (SYM **)) (S (S (NP (DT This)) (VP (VBZ is) (NP (NP (NP (DT the) (-LRB- -LSB-) (NN print) (NN version) (-RRB- -RSB-)) (PRN (-LRB- -LRB-) (NP (NP (: /) (NN wiki/Help)) (: :) (NP (NNS Print_versions))) (-RRB- -RRB-))) (PP (IN of) (NP (-LRB- -LSB-) (NN Cell) (NN Biology)))))) (-RRB- -RSB-) (PRN (-LRB- -LRB-) (PP (: /) (NP (NNP wiki/Cell) (NNP _) (NNP Biology))) (-RRB- -RRB-)) (S (X (SYM **)) (NP (PRP You)) (VP (MD wo) (RB n't) (VP (VB see) (NP (NP (DT this) (NN message)) (CC or) (NP (DT any) (NNS elements))) (PP (RB not) (NP (NP (NN part)) (PP (IN of) (NP (NP (DT the) (NN book) (POS 's)) (NN content))))) (SBAR (WHADVP (WRB when)) (S (NP (PRP you)) (VP (VBP print))))))))) (CC or) (SBAR (-LRB- -LSB-) (S (NP (NN preview)) (VP (-RRB- -RSB-) (PRN (-LRB- -LRB-) (: /) (NX (: /) (NNS en.wikibooks.org/w/index.php?title=Cell_Biology/Print_version&action=purge&printable=yes)) (-RRB- -RRB-)) (NP (DT this) (NN page))))))) (. .))) 
5,7,8,this,book,_ Note : current version of this book can be found at < http://en.wikibooks.org/wiki/Cell_Biology > _ Remember to click `` refresh '' to view this version .,(ROOT (S (NP (NN _)) (VP (NN Note) (: :) (S (NP (NP (JJ current) (NN version)) (PP (IN of) (NP (NP (DT this) (NN book)) (SBAR (S (VP (MD can) (VP (VB be) (VP (VBN found) (PP (IN at) (NP (NP (JJR <) (NN http://en.wikibooks.org/wiki/Cell_Biology)) (SBAR (S (NP (NP (JJR >)) (NP (CD _))) (VP (VB Remember) (S (VP (TO to) (VP (VB click) (VP (`` ``) (VB refresh) ('' '')))))))))))))))))) (VP (TO to) (VP (VB view) (NP (DT this) (NN version)))))) (. .))) 
5,25,26,this,version,_ Note : current version of this book can be found at < http://en.wikibooks.org/wiki/Cell_Biology > _ Remember to click `` refresh '' to view this version .,(ROOT (S (NP (NN _)) (VP (NN Note) (: :) (S (NP (NP (JJ current) (NN version)) (PP (IN of) (NP (NP (DT this) (NN book)) (SBAR (S (VP (MD can) (VP (VB be) (VP (VBN found) (PP (IN at) (NP (NP (JJR <) (NN http://en.wikibooks.org/wiki/Cell_Biology)) (SBAR (S (NP (NP (JJR >)) (NP (CD _))) (VP (VB Remember) (S (VP (TO to) (VP (VB click) (VP (`` ``) (VB refresh) ('' '')))))))))))))))))) (VP (TO to) (VP (VB view) (NP (DT this) (NN version)))))) (. .))) 
16,17,18,these,cell,"-LSB- -RSB- -LRB- / / upload.wikimedia.org/wikipedia/commons/6/64/Cellsize.jpg -RRB- Cells are so small that even a cluster of these cells from a mouse only measures 50 microns Although it is generally the case that biological cells are too small to be seen at all without a microscope , there are exceptions as well as considerable range in the sizes of various cell types .","(ROOT (S (NP (NP (-LRB- -LSB-) (-RRB- -RSB-)) (PRN (-LRB- -LRB-) (NP (: /) (: /) (NN upload.wikimedia.org/wikipedia/commons/6/64/Cellsize.jpg)) (-RRB- -RRB-)) (NNS Cells)) (VP (VBP are) (ADJP (RB so) (JJ small) (SBAR (IN that) (S (NP (NP (RB even) (DT a) (NN cluster)) (PP (IN of) (NP (NP (DT these) (NNS cells)) (PP (IN from) (NP (DT a) (NN mouse)))))) (ADVP (RB only)) (VP (VBZ measures) (NP (NP (CD 50) (NNS microns)) (SBAR (S (SBAR (IN Although) (S (NP (PRP it)) (VP (VBZ is) (ADVP (RB generally)) (NP (NP (DT the) (NN case)) (SBAR (WHNP (WDT that)) (S (NP (JJ biological) (NNS cells)) (VP (VBP are) (ADJP (RB too) (JJ small) (S (VP (TO to) (VP (VB be) (VP (VBN seen) (ADVP (IN at) (DT all)) (PP (IN without) (NP (DT a) (NN microscope))))))))))))))) (, ,) (NP (EX there)) (VP (VBP are) (NP (NP (NNS exceptions)) (CONJP (RB as) (RB well) (IN as)) (NP (JJ considerable) (NN range))) (PP (IN in) (NP (NP (DT the) (NNS sizes)) (PP (IN of) (NP (JJ various) (NN cell) (NNS types)))))))))))))) (. .))) "
17,33,35,these,type,-LSB- Eukaryotic -RSB- -LRB- / wiki/Cell _ Biology/Cell _ types/Eukaryotes -RRB- cells are typically 10 times the size of -LSB- prokaryotic -RSB- -LRB- / wiki/Cell _ Biology/Cell _ types/Prokaryotes -RRB- cells -LRB- these cell types are discussed in the next Chapter -RRB- .,(ROOT (S (NP (NP (-LRB- -LSB-) (JJ Eukaryotic) (-RRB- -RSB-)) (PRN (-LRB- -LRB-) (NP (NP (: /) (NNP wiki/Cell)) (NP (CD _) (NNP Biology/Cell) (CD _) (NNS types/Eukaryotes))) (-RRB- -RRB-)) (NNS cells)) (VP (VBP are) (ADVP (RB typically)) (NP (NP (QP (CD 10) (NNS times)) (DT the) (NN size)) (PP (IN of) (NP (NP (-LRB- -LSB-) (JJ prokaryotic) (-RRB- -RSB-) (PRN (-LRB- -LRB-) (NP (NP (: /) (NNP wiki/Cell)) (NP (CD _) (NNP Biology/Cell) (CD _) (NNS types/Prokaryotes))) (-RRB- -RRB-)) (NNS cells)) (PRN (-LRB- -LRB-) (S (NP (DT these) (NN cell) (NNS types)) (VP (VBP are) (VP (VBN discussed) (PP (IN in) (NP (DT the) (JJ next) (NN Chapter)))))) (-RRB- -RRB-)))))) (. .))) 
30,8,9,this,membrane,There exist other methods of transport across this membrane that we will get into later .,(ROOT (S (NP (EX There)) (VP (VBP exist) (NP (NP (JJ other) (NNS methods)) (PP (IN of) (NP (NP (NN transport)) (PP (IN across) (NP (DT this) (NN membrane)))))) (SBAR (IN that) (S (NP (PRP we)) (VP (MD will) (VP (VB get) (PP (IN into) (ADVP (RB later)))))))) (. .))) 
51,2,3,this,organelle,"In this organelle , an enzyme called catalase is used to break down hydrogen peroxide into water and oxygen gas .","(ROOT (S (PP (IN In) (NP (DT this) (NN organelle))) (, ,) (NP (NP (DT an) (NN enzyme)) (VP (VBN called) (NP (NN catalase)))) (VP (VBZ is) (VP (VBN used) (S (VP (TO to) (VP (VB break) (PRT (RP down)) (NP (NN hydrogen) (NN peroxide)) (PP (IN into) (NP (NP (NN water) (CC and) (NN oxygen)) (NN gas)))))))) (. .))) "
69,4,5,these,element,"The difference between these elements is their respective atomic weights , electrons , and in general their chemical properties .","(ROOT (S (NP (NP (DT The) (NN difference)) (PP (IN between) (NP (DT these) (NNS elements)))) (VP (VBZ is) (NP (NP (NP (PRP$ their) (JJ respective) (JJ atomic) (NNS weights)) (, ,) (NP (NNS electrons))) (, ,) (CC and) (PP (IN in) (NP (JJ general))) (NP (NP (PRP$ their) (NN chemical)) (NP (NNS properties))))) (. .))) "
131,9,10,these,bacteriophage,-LSB- -RSB- -LRB- / / bits.wikimedia.org/static-1.22wmf18/skins/common/images/magnify-clip.png -RRB- Are these bacteriophages technically alive ?,(ROOT (SBARQ (WHADVP (-LRB- -LSB-) (-RRB- -RSB-)) (PRN (-LRB- -LRB-) (PP (: /) (NP (: /) (NN bits.wikimedia.org/static-1.22wmf18/skins/common/images/magnify-clip.png))) (-RRB- -RRB-)) (SQ (VBP Are) (NP (DT these) (NNS bacteriophages)) (ADJP (RB technically) (JJ alive))) (. ?))) 
135,14,15,these,virus,"When we suffer from any viral infection , we have the feeling that these viruses that cause or infection are alive .","(ROOT (S (SBAR (WHADVP (WRB When)) (S (NP (PRP we)) (VP (VBP suffer) (PP (IN from) (NP (DT any) (JJ viral) (NN infection)))))) (, ,) (NP (PRP we)) (VP (VBP have) (NP (NP (DT the) (NN feeling)) (SBAR (IN that) (S (NP (NP (NP (DT these) (NNS viruses)) (SBAR (WHNP (WDT that)) (S (VP (VBP cause))))) (CC or) (NP (NN infection))) (VP (VBP are) (ADJP (JJ alive))))))) (. .))) "
141,2,3,this,point,Keep this point in mind as we move on two the viruses .,(ROOT (S (VP (VB Keep) (NP (NP (DT this) (NN point)) (PP (IN in) (NP (NN mind)))) (SBAR (IN as) (S (NP (PRP we)) (VP (VBP move) (PP (IN on) (NP (NP (CD two)) (NP (DT the) (NNS viruses)))))))) (. .))) 
144,23,24,this,point,"Here , they release the genetic material they carry and , by a complex mechanism that should n't be explained further at this point , force their host cell to produce exact copies of the virus .","(ROOT (S (ADVP (RB Here)) (PRN (, ,) (S (NP (PRP they)) (VP (VBP release) (NP (NP (DT the) (JJ genetic) (NN material)) (SBAR (S (S (NP (PRP they)) (VP (VBP carry))) (CC and) (, ,) (PP (IN by) (NP (DT a) (JJ complex) (NN mechanism))))) (SBAR (WHNP (WDT that)) (S (VP (MD should) (RB n't) (VP (VB be) (VP (VBN explained) (ADVP (RB further)) (PP (IN at) (NP (DT this) (NN point))))))))))) (, ,)) (VP (VB force) (NP (PRP$ their) (NN host) (NN cell)) (S (VP (TO to) (VP (VB produce) (NP (NP (JJ exact) (NNS copies)) (PP (IN of) (NP (DT the) (NN virus)))))))) (. .))) "
151,12,13,this,definition,This example is just to illustrate the problems that arise using this definition .,(ROOT (S (NP (DT This) (NN example)) (VP (VBZ is) (ADVP (RB just)) (S (VP (TO to) (VP (VB illustrate) (NP (NP (DT the) (NNS problems)) (SBAR (WHNP (WDT that)) (S (VP (VBP arise) (S (VP (VBG using) (NP (DT this) (NN definition)))))))))))) (. .))) 
154,18,19,these,two,"When life can arise from dead matter , there ca n't be a precise border line between these two .","(ROOT (S (SBAR (WHADVP (WRB When)) (S (NP (NN life)) (VP (MD can) (VP (VB arise) (PP (IN from) (NP (JJ dead) (NN matter))))))) (, ,) (NP (EX there)) (VP (MD ca) (RB n't) (VP (VB be) (NP (NP (DT a) (JJ precise) (NN border) (NN line)) (PP (IN between) (NP (DT these) (CD two)))))) (. .))) "
169,17,18,that,cell,"They felt comfortable when living there , and gradually , they have become a part of that cell .","(ROOT (S (S (NP (PRP They)) (VP (VBD felt) (ADJP (JJ comfortable)) (SBAR (WHADVP (WRB when)) (S (VP (VBG living) (ADVP (RB there))))))) (, ,) (CC and) (S (ADVP (RB gradually)) (, ,) (NP (PRP they)) (VP (VBP have) (VP (VBN become) (NP (NP (DT a) (NN part)) (PP (IN of) (NP (DT that) (NN cell))))))) (. .))) "
171,8,9,these,cyanobacterium,At some point in their evolutionary history these cyanobacteria formed a mutual symbiosis with the proto-eukaryote ancestors of algae .,(ROOT (S (PP (IN At) (NP (NP (DT some) (NN point)) (PP (IN in) (NP (PRP$ their) (JJ evolutionary) (NN history))))) (NP (DT these) (NNS cyanobacteria)) (VP (VBD formed) (NP (DT a) (JJ mutual) (NN symbiosis)) (PP (IN with) (NP (NP (DT the) (JJ proto-eukaryote) (NNS ancestors)) (PP (IN of) (NP (NN algae)))))) (. .))) 
172,2,3,that,time,"Since that time , chloroplasts have been helping plant cells photosynthesize .","(ROOT (S (PP (IN Since) (NP (DT that) (NN time))) (, ,) (NP (NNS chloroplasts)) (VP (VBP have) (VP (VBN been) (VP (VBG helping) (SBAR (S (NP (NN plant) (NNS cells)) (VP (VBP photosynthesize))))))) (. .))) "
180,5,7,these,component,"During the 20th century these molecular components were identified -LRB- for example , see -LSB- Human Genome Project -RSB- -LRB- / / en.wikipedia.org/wiki/en:Human_Genome_Project -RRB- -RRB- , but research continues on the details of cellular processes like the control of -LSB- cell division -RSB- -LRB- / / en.wikipedia.org/wiki/en:Cell_division -RRB- and -LSB- cell differentiation -RSB- -LRB- / / en.wikipedia.org/wiki/en:Cellular_differentiation -RRB- .","(ROOT (S (S (PP (IN During) (NP (DT the) (JJ 20th) (NN century))) (NP (DT these) (JJ molecular) (NNS components)) (VP (VBD were) (VP (VBN identified) (PRN (-LRB- -LRB-) (PP (IN for) (NP (NP (NN example)) (, ,) (NP (VP (VB see) (NP (-LRB- -LSB-) (JJ Human) (NNP Genome) (NNP Project) (-RRB- -RSB-)) (PRN (-LRB- -LRB-) (PP (: /) (NP (: /) (NN en.wikipedia.org/wiki/en:Human_Genome_Project))) (-RRB- -RRB-)))))) (-RRB- -RRB-))))) (, ,) (CC but) (S (NP (NN research)) (VP (VBZ continues) (PP (IN on) (NP (NP (DT the) (NNS details)) (PP (IN of) (NP (JJ cellular) (NNS processes))))) (PP (IN like) (NP (NP (DT the) (NN control)) (PP (IN of) (NP (NP (-LRB- -LSB-) (NN cell) (NN division) (-RRB- -RSB-)) (PRN (-LRB- -LRB-) (NP (: /) (: /) (NN en.wikipedia.org/wiki/en:Cell_division)) (-RRB- -RRB-)) (CC and) (NP (-LRB- -LSB-) (NN cell) (NN differentiation) (-RRB- -RSB-)) (PRN (-LRB- -LRB-) (NP (: /) (: /) (NN en.wikipedia.org/wiki/en:Cellular_differentiation)) (-RRB- -RRB-)))))))) (. .))) "
188,7,8,these,cell,"In any case , all of these cells were developed from one special cell , a -LSB- zygote -RSB- -LRB- / / en.wikipedia.org/wiki/en:Zygote -RRB- .","(ROOT (S (PP (IN In) (NP (DT any) (NN case))) (, ,) (NP (NP (DT all)) (PP (IN of) (NP (DT these) (NNS cells)))) (VP (VBD were) (VP (VBN developed) (PP (IN from) (NP (NP (NP (CD one) (JJ special) (NN cell)) (, ,) (NP (DT a) (-LRB- -LSB-) (NN zygote)) (-RRB- -RSB-)) (PRN (-LRB- -LRB-) (NP (: /) (: /) (NN en.wikipedia.org/wiki/en:Zygote)) (-RRB- -RRB-)))))) (. .))) "
203,3,5,these,cell,"Most of these prokaryotic cells are small , ranging from 1 to 20 -LSB- microns -RSB- -LRB- / / en.wikipedia.org/wiki/micron -RRB- with a diameter no greater than 1 micron .","(ROOT (S (NP (NP (JJS Most)) (PP (IN of) (NP (DT these) (JJ prokaryotic) (NNS cells)))) (VP (VBP are) (ADJP (JJ small)) (, ,) (S (VP (VBG ranging) (PP (IN from) (NP (NP (QP (CD 1) (TO to) (CD 20)) (-LRB- -LSB-) (NNS microns) (-RRB- -RSB-)) (PRN (-LRB- -LRB-) (NP (: /) (: /) (NN en.wikipedia.org/wiki/micron)) (-RRB- -RRB-)))) (PP (IN with) (NP (DT a) (NN diameter))) (ADVP (RB no) (NP (QP (XS (JJR greater) (IN than)) (CD 1)) (NN micron)))))) (. .))) "
270,3,4,this,dna,Some of this DNA may subsequently replace the homologous region of the recipient cell 's chromosome by DNA recombination .,(ROOT (S (NP (NP (DT Some)) (PP (IN of) (NP (DT this) (NN DNA)))) (VP (MD may) (ADVP (RB subsequently)) (VP (VB replace) (NP (NP (DT the) (JJ homologous) (NN region)) (PP (IN of) (NP (NP (DT the) (JJ recipient) (NN cell) (POS 's)) (NN chromosome)))) (PP (IN by) (NP (NN DNA) (NN recombination))))) (. .))) 
290,36,39,that,variation,"php?title = Cell_Biology / Cell_types / Prokaryotes & action = edit & section = T-4 -RRB- -RSB- The mechanisms discussed in the previous section - rapid reproduction , mutation , and genetic recombination - underlie that extensive genetic variation found in prokaryotic populations .","(ROOT (S (NP (NP (NN php?title) (JJ =) (NN Cell_Biology)) (PP (: /) (NP (NNS Cell_types))) (PRN (: /) (S (NP (NNP Prokaryotes)) (NP (CC &) (NP (NN action) (JJ =) (NN edit)) (CC &) (NP (NN section) (JJ =) (NN T-4)))) (-RRB- -RRB-)) (PP (-RRB- -RSB-) (NP (NP (DT The) (NNS mechanisms)) (VP (VBN discussed) (PP (IN in) (NP (NP (DT the) (JJ previous) (NN section)) (PRN (: -) (NP (NP (JJ rapid) (NN reproduction)) (, ,) (NP (NN mutation)) (, ,) (CC and) (NP (JJ genetic) (NN recombination))) (: -)))))))) (VP (VB underlie) (NP (NP (DT that) (JJ extensive) (JJ genetic) (NN variation)) (VP (VBN found) (PP (IN in) (NP (JJ prokaryotic) (NNS populations)))))) (. .))) "
298,2,3,these,possibility,Combining these possibilities for energy sources and carbon sources results in four major modes of nutrition .,(ROOT (S (S (VP (VBG Combining) (NP (DT these) (NNS possibilities)) (PP (IN for) (NP (NP (NN energy) (NNS sources)) (CC and) (NP (NN carbon) (NNS sources)))))) (VP (VBZ results) (PP (IN in) (NP (NP (CD four) (JJ major) (NNS modes)) (PP (IN of) (NP (NN nutrition)))))) (. .))) 
322,5,6,this,cooperation,"In some cases , this cooperation takes place between specialized cells of a colony .","(ROOT (S (PP (IN In) (NP (DT some) (NNS cases))) (, ,) (NP (DT this) (NN cooperation)) (VP (VBZ takes) (NP (NP (NN place)) (PP (IN between) (NP (NP (JJ specialized) (NNS cells)) (PP (IN of) (NP (DT a) (NN colony))))))) (. .))) "
356,9,10,these,group,"Typically , microbiologists in the 21st century call these groups `` Archaea '' and `` Bacteria . ''","(ROOT (S (ADVP (RB Typically)) (, ,) (S (NP (NP (NNS microbiologists)) (PP (IN in) (NP (DT the) (JJ 21st) (NN century)))) (VP (VB call) (S (NP (DT these) (NNS groups)) (`` ``) (NP (NP (NNP Archaea)) ('' '') (CC and) (`` ``) (NP (NNS Bacteria)))))) (. .) ('' ''))) "
404,27,28,that,pathogen,"There are many other examples , however , and specific pathogens make a unique suite of virulence factors that lead to the particular disease caused by that pathogen .","(ROOT (S (S (NP (EX There)) (VP (VBP are) (NP (JJ many) (JJ other) (NNS examples)) (, ,) (ADVP (RB however)))) (, ,) (CC and) (S (NP (JJ specific) (NNS pathogens)) (VP (VBP make) (NP (NP (DT a) (JJ unique) (NN suite)) (PP (IN of) (NP (NN virulence) (NNS factors))) (SBAR (WHNP (WDT that)) (S (VP (VBP lead) (PP (TO to) (NP (NP (DT the) (JJ particular) (NN disease)) (VP (VBN caused) (PP (IN by) (NP (DT that) (NN pathogen)))))))))))) (. .))) "
492,4,5,this,system,The membrane of this system are related either through direct physical continuity or by the transfer of membrane segments as tiny vesicles .,(ROOT (S (NP (NP (DT The) (NN membrane)) (PP (IN of) (NP (DT this) (NN system)))) (VP (VBP are) (ADJP (JJ related)) (PP (CC either) (PP (IN through) (NP (JJ direct) (JJ physical) (NN continuity))) (CC or) (PP (IN by) (NP (NP (DT the) (NN transfer)) (PP (IN of) (NP (NP (NN membrane) (NNS segments)) (PP (IN as) (NP (JJ tiny) (NNS vesicles))))))))) (. .))) 
509,15,16,this,manner,"For example , sedative phenobarbital and other barbiturates are the drugs that metabolized in this manner by smooth ER in liver cells .","(ROOT (S (PP (IN For) (NP (NN example))) (, ,) (NP (NP (JJ sedative) (NN phenobarbital)) (CC and) (NP (JJ other) (NNS barbiturates))) (VP (VBP are) (NP (NP (DT the) (NNS drugs)) (SBAR (WHNP (WDT that)) (S (VP (VBD metabolized) (PP (IN in) (NP (DT this) (NN manner))) (PP (IN by) (NP (NP (JJ smooth) (NN ER)) (PP (IN in) (NP (NN liver) (NNS cells)))))))))) (. .))) "
547,18,19,these,product,"Before a Golgi stack dispatches its products by budding vesicles fromt he trans face , it sorts these products and targets them for various parts of the cell .","(ROOT (S (SBAR (IN Before) (S (NP (DT a) (NN Golgi)) (VP (VBP stack)))) (VP (VP (VBZ dispatches) (NP (PRP$ its) (NNS products)) (PP (IN by) (S (VP (VBG budding) (NP (NNS vesicles) (NN fromt)) (NP (PRP he) (JJ trans) (NN face)) (, ,) (NP (PRP it)) (NP (NNS sorts))) (NP (DT these) (NNS products))))) (CC and) (VP (VBZ targets) (NP (PRP them)) (PP (IN for) (NP (NP (JJ various) (NNS parts)) (PP (IN of) (NP (DT the) (NN cell))))))) (. .))) "
577,29,30,that,cell,php?title = Cell_Biology / Cell_types / Eukaryotes & action = edit & section = T-11 -RRB- -RSB- Mitochondria and chloroplasts are the organelles that convert energy to forms that cells can use for work .,(ROOT (S (NP (NP (NN php?title) (JJ =) (NN Cell_Biology)) (PP (: /) (NP (NP (NP (NNS Cell_types)) (PRN (: /) (S (NP (NNP Eukaryotes)) (NP (CC &) (NP (NN action) (JJ =) (NN edit)) (CC &) (NP (NN section) (JJ =) (NN T-11)))) (-RRB- -RRB-))) (PP (-RRB- -RSB-) (NP (NP (NNP Mitochondria)) (CC and) (NP (NNS chloroplasts))))))) (VP (VBP are) (NP (NP (DT the) (NNS organelles)) (SBAR (WHNP (WDT that)) (S (VP (VBP convert) (NP (NN energy)) (PP (TO to) (NP (NP (NNS forms)) (SBAR (WHNP (WDT that) (NNS cells)) (S (VP (MD can) (VP (VB use) (PP (IN for) (NP (NN work)))))))))))))) (. .))) 
583,30,31,these,organelle,"The membrane proteins of mitochondria and chloroplasts are made not by ribosomes bound to the ER , but by free ribosomes in the cyotosol and by ribosomes contained within these organelles themselves .","(ROOT (S (NP (NP (DT The) (NN membrane) (NNS proteins)) (PP (IN of) (NP (NN mitochondria) (CC and) (NNS chloroplasts)))) (VP (VBP are) (VP (VBN made) (PP (PP (RB not) (IN by) (NP (NP (NNS ribosomes)) (VP (VBN bound) (PP (TO to) (NP (DT the) (NN ER)))))) (, ,) (CC but) (PP (IN by) (NP (NP (JJ free) (NNS ribosomes)) (PP (IN in) (NP (DT the) (NN cyotosol))))) (CC and) (PP (IN by) (NP (NP (NNS ribosomes)) (VP (VBN contained) (PP (IN within) (NP (NP (DT these) (NNS organelles)) (ADVP (PRP themselves)))))))))) (. .))) "
584,8,9,that,program,They also contain small amount of DNA that programs the synthesis of the proteins made on the organelle 's ribosomes .,(ROOT (S (NP (PRP They)) (ADVP (RB also)) (VP (VBP contain) (NP (NP (JJ small) (NN amount)) (PP (IN of) (NP (NN DNA))) (SBAR (WHNP (WDT that) (NNS programs)) (S (NP (NP (DT the) (NN synthesis)) (PP (IN of) (NP (DT the) (NNS proteins)))) (VP (VBN made) (PP (IN on) (NP (NP (DT the) (NN organelle) (POS 's)) (NNS ribosomes)))))))) (. .))) 
626,27,28,this,function,"Before division , the centrioles replicate ; although centrosomes with centrioles may help organize microtubule assembly in animal cell , s they are not essential for this function in all eukaryotes .","(ROOT (S (S (PP (IN Before) (NP (NN division))) (, ,) (NP (DT the) (NNS centrioles)) (VP (VBP replicate))) (: ;) (S (SBAR (IN although) (S (NP (NP (NNS centrosomes)) (PP (IN with) (NP (NNS centrioles)))) (VP (MD may) (VP (VB help) (VP (VB organize) (NP (NN microtubule) (NN assembly)) (PP (IN in) (NP (NP (NN animal) (NN cell)) (, ,) (VP (VBZ s))))))))) (NP (PRP they)) (VP (VBP are) (RB not) (ADJP (JJ essential) (PP (IN for) (NP (NP (DT this) (NN function)) (PP (IN in) (NP (DT all) (NNS eukaryotes)))))))) (. .))) "
634,4,5,this,function,"Cilia that have this function are nonmotile , and there is only one per cell .","(ROOT (S (S (NP (NP (NNP Cilia)) (SBAR (WHNP (WDT that)) (S (VP (VBP have) (NP (DT this) (NN function)))))) (VP (VBP are) (ADJP (JJ nonmotile)))) (, ,) (CC and) (S (NP (EX there)) (VP (VBZ is) (NP (NP (QP (RB only) (CD one))) (PP (IN per) (NP (NN cell)))))) (. .))) "
635,4,5,this,kind,"Membrane proteins on this kind of cilium transmit molecular signals from the cell 's movement to its interior , triggering signaling pathways that may lead to changes int he cell 's activities .","(ROOT (S (NP (NP (NN Membrane) (NNS proteins)) (PP (IN on) (NP (NP (DT this) (NN kind)) (PP (IN of) (NP (NN cilium)))))) (VP (VBP transmit) (NP (NP (JJ molecular) (NNS signals)) (PP (IN from) (NP (NP (DT the) (NN cell) (POS 's)) (NN movement)))) (PP (TO to) (NP (NP (PRP$ its) (NN interior)) (, ,) (NP (NP (VBG triggering) (NN signaling) (NNS pathways)) (SBAR (WHNP (WDT that)) (S (VP (MD may) (VP (VB lead) (PP (TO to) (NP (NNS changes))) (PP (IN int) (NP (PRP he)) (NP (NP (NN cell) (POS 's)) (NNS activities))))))))))) (. .))) "
644,14,15,these,shape,"A dynein molecule performs a complex cycle of movements cause by changes in these shape of the proteins , with ATP providing the energy for these changes .","(ROOT (S (NP (DT A) (NN dynein) (NN molecule)) (VP (VBZ performs) (SBAR (S (NP (NP (DT a) (JJ complex) (NN cycle)) (PP (IN of) (NP (NNS movements)))) (VP (VBP cause) (PP (IN by) (NP (NP (NNS changes)) (PP (IN in) (NP (NP (DT these) (NN shape)) (PP (IN of) (NP (DT the) (NNS proteins))))))) (, ,) (PP (IN with) (NP (NP (NN ATP)) (VP (VBG providing) (NP (NP (DT the) (NN energy)) (PP (IN for) (NP (DT these) (NNS changes))))))))))) (. .))) "
644,26,27,these,change,"A dynein molecule performs a complex cycle of movements cause by changes in these shape of the proteins , with ATP providing the energy for these changes .","(ROOT (S (NP (DT A) (NN dynein) (NN molecule)) (VP (VBZ performs) (SBAR (S (NP (NP (DT a) (JJ complex) (NN cycle)) (PP (IN of) (NP (NNS movements)))) (VP (VBP cause) (PP (IN by) (NP (NP (NNS changes)) (PP (IN in) (NP (NP (DT these) (NN shape)) (PP (IN of) (NP (DT the) (NNS proteins))))))) (, ,) (PP (IN with) (NP (NP (NN ATP)) (VP (VBG providing) (NP (NP (DT the) (NN energy)) (PP (IN for) (NP (DT these) (NNS changes))))))))))) (. .))) "
704,2,3,this,way,In this way the cell can support itself without food .,(ROOT (S (PP (IN In) (NP (DT this) (NN way))) (NP (DT the) (NN cell)) (VP (MD can) (VP (VB support) (NP (PRP itself)) (PP (IN without) (NP (NN food))))) (. .))) 
725,17,18,these,figure,The two main components of -LSB- phospholipids -RSB- -LRB- / / en.wikipedia.org/wiki/Phospholipid -RRB- are shown in these figures by blue circles representing the hydrophilic head groups and by long thin lines representing the hydrophobic fatty acid tails .,(ROOT (S (NP (NP (DT The) (CD two) (JJ main) (NNS components)) (PP (IN of) (NP (-LRB- -LSB-) (NNS phospholipids)))) (VP (-RRB- -RSB-) (SBAR (S (-LRB- -LRB-) (NP (: /) (: /) (NN en.wikipedia.org/wiki/Phospholipid)) (-RRB- -RRB-) (VP (VBP are) (VP (VBN shown) (PP (IN in) (NP (DT these) (NNS figures))) (PP (PP (IN by) (NP (NP (JJ blue) (NNS circles)) (VP (VBG representing) (NP (DT the) (JJ hydrophilic) (NN head) (NNS groups))))) (CC and) (PP (IN by) (NP (NP (JJ long) (JJ thin) (NNS lines)) (VP (VBG representing) (NP (DT the) (JJ hydrophobic) (JJ fatty) (NN acid) (NNS tails))))))))))) (. .))) 
746,6,8,this,pass,The molecules or ions in this diffusion pass through the membrane by using specific transmembrane transport proteins .,(ROOT (NP (NP (DT The) (NNS molecules) (CC or) (NNS ions)) (PP (IN in) (NP (NP (DT this) (NN diffusion) (NN pass)) (PP (IN through) (NP (NP (DT the) (NN membrane)) (PP (IN by) (S (VP (VBG using) (NP (JJ specific) (NN transmembrane) (NN transport) (NNS proteins))))))))) (. .))) 
747,20,21,this,character,"** Membrane transport of small molecules ** Because animal membrane proteins are lipid bilayer which are inner hydrophobic , this character prohibits polar molecules .","(ROOT (S (S (X (X (SYM **)) (NP (NP (NN Membrane) (NN transport)) (PP (IN of) (NP (JJ small) (NNS molecules))))) (X (X (SYM **)) (PP (IN Because) (NP (JJ animal) (NN membrane)))) (NP (NNS proteins)) (VP (VBP are) (NP (NP (NN lipid) (NN bilayer)) (SBAR (WHNP (WDT which)) (S (VP (VBP are) (ADJP (NP (JJ inner)) (JJ hydrophobic)))))))) (, ,) (NP (DT this) (NN character)) (VP (VBZ prohibits) (NP (JJ polar) (NNS molecules))) (. .))) "
748,7,8,this,situation,Transport proteins can provide help for this situation .,(ROOT (S (NP (NN Transport) (NNS proteins)) (VP (MD can) (VP (VB provide) (NP (NN help)) (PP (IN for) (NP (DT this) (NN situation))))) (. .))) 
821,8,10,this,peroxide,Peroxisomes use peroxase enzyme to break down this hydrogen peroxide into water and oxygen .,(ROOT (S (NP (NNS Peroxisomes)) (VP (VBP use) (NP (JJ peroxase) (NN enzyme)) (S (VP (TO to) (VP (VB break) (PRT (RP down)) (NP (DT this) (NN hydrogen) (NN peroxide)) (PP (IN into) (NP (NN water) (CC and) (NN oxygen))))))) (. .))) 
844,10,11,these,organelle,It assumed that you already know the information about these organelles explained in the -LSB- organelles -RSB- -LRB- / wiki/Cell _ Biology/Organelles -RRB- section .,(ROOT (S (NP (PRP It)) (VP (VBD assumed) (SBAR (IN that) (S (NP (PRP you)) (ADVP (RB already)) (VP (VBP know) (SBAR (S (NP (NP (DT the) (NN information)) (PP (IN about) (NP (DT these) (NNS organelles)))) (VP (VBD explained) (PP (IN in) (NP (DT the) (ADJP (ADJP (NP (-LRB- -LSB-) (NNS organelles)) (-RRB- -RSB-)) (PRN (-LRB- -LRB-) (PP (: /) (NP (NNP wiki/Cell) (CD _) (NNS Biology/Organelles))) (-RRB- -RRB-))) (NN section)))))))))) (. .))) 
906,15,16,this,diagram,The duration of mitosis in relation to the other phases has been exaggerated in this diagram .,(ROOT (S (NP (NP (DT The) (NN duration)) (PP (IN of) (NP (NP (NN mitosis)) (PP (IN in) (NP (NP (NN relation)) (PP (TO to) (NP (DT the) (JJ other) (NNS phases)))))))) (VP (VBZ has) (VP (VBN been) (VP (VBN exaggerated) (PP (IN in) (NP (DT this) (NN diagram)))))) (. .))) 
929,21,22,those,microtubule,"After the microtubuels are attached to chromosome 's kinetochores , the chromosome begins to move towards the pole from which those microtubules extend .","(ROOT (S (SBAR (IN After) (S (NP (DT the) (NNS microtubuels)) (VP (VBP are) (VP (VBN attached) (PP (TO to) (NP (NP (NN chromosome) (POS 's)) (NNS kinetochores))))))) (, ,) (NP (DT the) (NN chromosome)) (VP (VBZ begins) (S (VP (TO to) (VP (VB move) (PP (IN towards) (NP (NP (DT the) (NN pole)) (SBAR (WHPP (IN from) (WHNP (WDT which))) (S (NP (DT those) (NNS microtubules)) (VP (VBP extend)))))))))) (. .))) "
983,31,32,that,mitosis,php?title = Cell_Biology / Cell_division / Cell_cycle & action = edit & section = T-8 -RRB- -RSB- Since the prokaryotes were on Earth more than a billion years than eukaryotes that mitosis had its origins in simpler prokaryotic mechanism of the cell reproduction can be assumed .,(ROOT (S (NP (NP (NN php?title) (JJ =) (NN Cell_Biology)) (: /) (NP (NP (NN Cell_division)) (PRN (: /) (S (NP (NNP Cell_cycle)) (NP (CC &) (NP (NN action) (JJ =) (NN edit)) (CC &) (NP (NN section) (JJ =) (NN T-8)))) (-RRB- -RRB-))) (-RRB- -RSB-)) (PP (IN Since) (NP (DT the) (NNS prokaryotes))) (VP (VBD were) (PP (IN on) (NP (NNP Earth))) (SBAR (NP (QP (XS (JJR more) (IN than)) (DT a) (CD billion)) (NNS years)) (IN than) (S (NP (NP (NNS eukaryotes)) (SBAR (WHNP (WDT that) (NN mitosis)) (S (VP (VBD had) (NP (PRP$ its) (NNS origins)) (PP (IN in) (NP (NP (JJR simpler) (JJ prokaryotic) (NN mechanism)) (PP (IN of) (NP (DT the) (NN cell) (NN reproduction))))))))) (VP (MD can) (VP (VB be) (VP (VBN assumed))))))) (. .))) 
988,2,3,this,experiment,In this experiment two cells in different phase of the cell cycle were fused to form a single cell with two nuclei .,(ROOT (S (PP (IN In) (NP (DT this) (NN experiment))) (NP (NP (CD two) (NNS cells)) (PP (IN in) (NP (NP (JJ different) (NN phase)) (PP (IN of) (NP (DT the) (NN cell) (NN cycle)))))) (VP (VBD were) (VP (VBN fused) (S (VP (TO to) (VP (VB form) (NP (DT a) (JJ single) (NN cell)) (PP (IN with) (NP (CD two) (NNS nuclei)))))))) (. .))) 
994,13,14,that,point,The signals report whether crucial cellular processes that should have occurred by that point have in fact been completed correctly and thus whether or not the cell cycle should proceed .,(ROOT (S (NP (DT The) (NNS signals)) (VP (VBP report) (SBAR (IN whether) (S (NP (NP (JJ crucial) (JJ cellular) (NNS processes)) (SBAR (WHNP (WDT that)) (S (VP (MD should) (VP (VB have) (VP (VBN occurred) (PP (IN by) (NP (DT that) (NN point))))))))) (VP (VBP have) (PP (IN in) (NP (NN fact))) (VP (VBN been) (VP (VBN completed) (ADVP (ADVP (RB correctly)) (CC and) (ADVP (RB thus))) (SBAR (IN whether) (CC or) (RB not) (S (NP (DT the) (NN cell) (NN cycle)) (VP (MD should) (VP (VB proceed))))))))))) (. .))) 
1053,13,14,this,point,-LRB- Some biology textbooks insert a phase called `` prometaphase '' at this point . -RRB-,(ROOT (S (-LRB- -LRB-) (NP (DT Some) (NN biology) (NNS textbooks)) (VP (VBP insert) (NP (NP (DT a) (NN phase)) (VP (VBN called) (NP (`` ``) (NP (NN prometaphase)) ('' '') (PP (IN at) (NP (DT this) (NN point))))))) (. .) (-RRB- -RRB-))) 
1090,35,36,this,phase,"php?title = Cell_Biology / Cell_division / Mitosis & action = edit & section = T-2 -RRB- -RSB- -LSB- File : InterphaseSH.png -RSB- -LRB- / / commons.wikimedia.org/wiki/Commons:Upload?wpDestFile=InterphaseSH.png -RRB- 300px Some biology texts do not include this phase , considering it a part of prophase .","(ROOT (NP (NP (NP (NP (NN php?title) (JJ =) (NN Cell_Biology)) (PP (: /) (NP (NN Cell_division)))) (PRN (: /) (S (NP (NNP Mitosis)) (NP (CC &) (NP (NN action) (JJ =) (NN edit)) (CC &) (NP (NN section) (JJ =) (NN T-2)))) (-RRB- -RRB-)) (-RRB- -RSB-) (PP (-LRB- -LSB-) (NP (NNP File)))) (: :) (NP (NP (NN InterphaseSH.png)) (-RRB- -RSB-) (PRN (-LRB- -LRB-) (NP (: /) (: /) (NN commons.wikimedia.org/wiki/Commons:Upload?wpDestFile=InterphaseSH.png)) (-RRB- -RRB-)) (NP (NP (CD 300px)) (SBAR (S (NP (DT Some) (NN biology) (NNS texts)) (VP (VBP do) (RB not) (VP (VB include) (NP (DT this) (NN phase)))))))) (, ,) (VP (VBG considering) (S (NP (PRP it)) (NP (DT a) (NN part)))) (PP (IN of) (NP (NN prophase))) (. .))) "
1091,2,3,this,phase,"In this phase , the nuclear membrane dissolves in some eukaryotes , reforming later once mitosis is complete .","(ROOT (S (PP (IN In) (NP (DT this) (NN phase))) (, ,) (NP (DT the) (JJ nuclear) (NN membrane)) (VP (VBZ dissolves) (PP (IN in) (NP (DT some) (NNS eukaryotes))) (, ,) (S (VP (VBG reforming) (ADVP (RB later)) (SBAR (RB once) (S (NP (NN mitosis)) (VP (VBZ is) (ADJP (JJ complete)))))))) (. .))) "
1104,8,9,this,process,It is thought that unattached kinetochores control this process by generating a signal - the mitotic spindle checkpoint - that tells the cell to wait before proceeding to anaphase .,(ROOT (S (NP (PRP It)) (VP (VBZ is) (VP (VBN thought) (SBAR (IN that) (S (NP (JJ unattached) (NNS kinetochores)) (VP (VBP control) (NP (DT this) (NN process)) (PP (IN by) (S (VP (VBG generating) (NP (NP (DT a) (NN signal)) (: -) (NP (DT the) (JJ mitotic) (NN spindle) (NN checkpoint)) (: -) (SBAR (WHNP (IN that)) (S (VP (VBZ tells) (NP (DT the) (NN cell) (S (VP (TO to) (VP (VB wait) (PP (IN before) (S (VP (VBG proceeding) (PP (TO to) (NP (NN anaphase)))))))))))))))))))))) (. .))) 
1124,2,3,this,point,"By this point , cytokinesis is fully under way .","(ROOT (S (PP (IN By) (NP (DT this) (NN point))) (, ,) (NP (NN cytokinesis)) (VP (VBZ is) (ADVP (RB fully)) (PP (IN under) (NP (NN way)))) (. .))) "
1134,2,4,this,plate,"When this cell plate solidifies and connects the two ends of the cell , a new cell wall is created and two daughter cells are produced .","(ROOT (S (S (SBAR (WHADVP (WRB When)) (S (NP (DT this) (NN cell) (NN plate)) (VP (VBZ solidifies) (CC and) (VBZ connects) (NP (NP (DT the) (CD two) (NNS ends)) (PP (IN of) (NP (DT the) (NN cell))))))) (, ,) (NP (DT a) (JJ new) (NN cell) (NN wall)) (VP (VBZ is) (VP (VBN created)))) (CC and) (S (NP (CD two) (NN daughter) (NNS cells)) (VP (VBP are) (VP (VBN produced)))) (. .))) "
1170,2,3,this,case,"In this case , the sequences can enhance coding -LRB- called `` enhancers '' -RRB- or they can inhibit -LRB- called `` represors '' .","(ROOT (S (PP (IN In) (NP (DT this) (NN case))) (, ,) (S (NP (DT the) (NNS sequences)) (VP (MD can) (VP (VB enhance) (NP (NP (NN coding)) (PRN (-LRB- -LRB-) (VP (VBN called) (S (`` ``) (NP (NNS enhancers)) ('' ''))) (-RRB- -RRB-)))))) (CC or) (S (NP (PRP they)) (VP (MD can) (VP (VB inhibit) (NP (NP (-LRB- -LRB-)) (VP (VBN called) (S (`` ``) (NP (NNS represors)) ('' ''))))))) (. .))) "
1171,7,8,these,gene,"When a protein is coupled with these genes , a substrate or hormone , they join together .","(ROOT (S (SBAR (WHADVP (WRB When)) (S (NP (DT a) (NN protein)) (VP (VBZ is) (VP (VBN coupled) (PP (IN with) (NP (NP (DT these) (NNS genes)) (, ,) (NP (DT a) (NN substrate)) (CC or) (NP (NN hormone)))))))) (, ,) (NP (PRP they)) (VP (VBP join) (ADVP (RB together))) (. .))) "
1174,6,7,this,information,Different cultures have often studied this information and used various forms of recording techniques to display it .,(ROOT (S (NP (JJ Different) (NNS cultures)) (VP (VBP have) (ADVP (RB often)) (VP (VP (VBN studied) (NP (DT this) (NN information))) (CC and) (VP (VBN used) (S (NP (NP (JJ various) (NNS forms)) (PP (IN of) (NP (VBG recording) (NNS techniques)))) (VP (TO to) (VP (VB display) (NP (PRP it)))))))) (. .))) 
1175,9,10,this,information,"Ancient Egyptians , in particular , referred to this information and its records as `` provider of attributes '' and determined it | | | to mean several , and that was earlier in human history of recording something that was known about nature .","(ROOT (S (S (NP (NP (JJ Ancient) (NNP Egyptians)) (, ,) (PP (IN in) (NP (JJ particular))) (, ,)) (VP (VP (VBN referred) (PP (TO to) (NP (NP (DT this) (NN information)) (CC and) (NP (PRP$ its) (NNS records)))) (PP (IN as) (`` ``) (NP (NP (NN provider)) (PP (IN of) (NP (NNS attributes)))) ('' ''))) (CC and) (VP (VBD determined) (SBAR (S (NP (PRP it)) (VP (VBD |) (NP (QP (CD |) (CD |))) (S (VP (TO to) (VP (VB mean) (NP (JJ several))))))))))) (, ,) (CC and) (S (NP (DT that)) (VP (VBD was) (ADVP (RBR earlier) (IN in)) (NP (NP (JJ human) (NN history)) (PP (IN of) (NP (VBG recording) (NN something) (SBAR (WHNP (WDT that)) (S (VP (VBD was) (VP (VBN known) (PP (IN about) (NP (NN nature)))))))))))) (. .))) "
1176,16,19,this,key,There were often other signs as well that accompanied Egyptian writings on the source of this `` information key of life '' .,(ROOT (S (NP (EX There)) (VP (VBD were) (ADVP (RB often)) (NP (JJ other) (NNS signs)) (ADVP (RB as) (RB well)) (SBAR (IN that) (S (VP (VBN accompanied) (NP (JJ Egyptian) (NNS writings)) (PP (IN on) (NP (NP (DT the) (NN source)) (PP (IN of) (NP (NP (DT this) (`` ``) (NN information) (NN key)) (PP (IN of) (NP (NN life) ('' ''))))))))))) (. .))) 
1184,7,8,these,basis,It is the triplet recipe of these bases that make up the ` dictionary ' we call in molecular biology genetic code .,(ROOT (S (NP (PRP It)) (VP (VBZ is) (NP (NP (DT the) (NN triplet) (NN recipe)) (PP (IN of) (NP (NP (DT these) (NNS bases)) (SBAR (WHNP (WDT that)) (S (VP (VBP make) (PRT (RP up)) (NP (NP (DT the) (`` `) (NN dictionary) ('' ')) (SBAR (S (NP (PRP we)) (VP (VBP call) (PP (IN in) (NP (JJ molecular) (NN biology) (JJ genetic) (NN code)))))))))))))) (. .))) 
1198,5,7,this,ldl,"In terms of nucleotides this -LRB- LDL -RRB- approximates to 45,000 nucleotides .","(ROOT (S (PP (IN In) (NP (NP (NNS terms)) (PP (IN of) (NP (NNS nucleotides))))) (NP (DT this) (-LRB- -LRB-) (NN LDL) (-RRB- -RRB-)) (VP (VBZ approximates) (PP (TO to) (NP (CD 45,000) (NNS nucleotides)))) (. .))) "
1212,5,6,that,protein,We can further say that proteins are concentration of heteropolymers manufactured from amino acids .,(ROOT (S (NP (PRP We)) (VP (MD can) (ADVP (RB further)) (VP (VB say) (SBAR (S (NP (DT that) (NNS proteins)) (VP (VBP are) (NP (NP (NN concentration)) (PP (IN of) (NP (NP (NNS heteropolymers)) (VP (VBN manufactured) (PP (IN from) (NP (NN amino) (NNS acids)))))))))))) (. .))) 
1222,3,4,this,concept,It is this concept of information current that is called the Central Dogma of molecular biology .,(ROOT (S (NP (PRP It)) (VP (VBZ is) (NP (NP (DT this) (NN concept)) (PP (IN of) (NP (NN information) (NN current))) (SBAR (WHNP (WDT that)) (S (VP (VBZ is) (VP (VBN called) (NP (NP (DT the) (NNP Central) (NN Dogma)) (PP (IN of) (NP (JJ molecular) (NN biology)))))))))) (. .))) 
1226,7,8,this,case,"And that a DNA , in this case , represents duplication process , -- DNA transfer .","(ROOT (FRAG (CC And) (SBAR (IN that) (S (NP (NP (DT a) (NN DNA)) (, ,) (PP (IN in) (NP (DT this) (NN case))) (, ,)) (VP (VBZ represents) (NP (NP (NP (NN duplication)) (NP (NN process)) (, ,)) (: --) (NP (NN DNA) (NN transfer)))))) (. .))) "
1227,3,4,this,case,Wherefore in this case it is known as DNA replication .,(ROOT (S (NP (NNP Wherefore)) (PP (IN in) (NP (DT this) (NN case))) (NP (PRP it)) (VP (VBZ is) (VP (VBN known) (PP (IN as) (NP (NN DNA) (NN replication))))) (. .))) 
1229,2,3,this,transcription,"With this transcription , we get a DNA molecule as a copy of the viral RNA genome .","(ROOT (S (PP (IN With) (NP (DT this) (NN transcription))) (, ,) (NP (PRP we)) (VP (VBP get) (NP (DT a) (NN DNA) (NN molecule)) (PP (IN as) (NP (NP (DT a) (NN copy)) (PP (IN of) (NP (DT the) (JJ viral) (NN RNA) (NN genome)))))) (. .))) "
1241,21,22,this,order,"With a few exceptions , which are in mitochondria , and as stated above , some viruses become exceptions to this order because in their genetic material , they have RNA instead of DNA as their initial information source .","(ROOT (S (PP (IN With) (NP (NP (DT a) (JJ few) (NNS exceptions)) (, ,) (SBAR (WHNP (WDT which)) (S (VP (VBP are) (UCP (PP (IN in) (NP (NN mitochondria))) (, ,) (CC and) (SBAR (IN as) (S (VP (VBN stated) (PP (IN above))))))))))) (, ,) (NP (DT some) (NNS viruses)) (VP (VBP become) (NP (NNS exceptions)) (PP (TO to) (NP (DT this) (NN order))) (SBAR (IN because) (S (PP (IN in) (NP (PRP$ their) (JJ genetic) (NN material))) (, ,) (NP (PRP they)) (VP (VBP have) (NP (NP (NN RNA)) (PP (RB instead) (IN of) (NP (NP (NN DNA)) (PP (IN as) (NP (PRP$ their) (JJ initial) (NN information) (NN source)))))))))) (. .))) "
1244,2,4,that,example,"With that viral example of transcription noted , we get DNA molecular information being copied from the genome of viral RNA .","(ROOT (S (SBAR (IN With) (S (NP (NP (DT that) (JJ viral) (NN example)) (PP (IN of) (NP (NN transcription)))) (VP (VBD noted)))) (, ,) (NP (PRP we)) (VP (VBP get) (NP (NP (NN DNA) (JJ molecular) (NN information)) (VP (VBG being) (VP (VBN copied) (PP (IN from) (NP (NP (DT the) (NN genome)) (PP (IN of) (NP (JJ viral) (NN RNA))))))))) (. .))) "
1245,3,4,this,clue,"Building on this clue that is provided by transcription processes , we can readily see that a three-nucleotide sense codon denotes each amino acid .","(ROOT (S (PP (NP (NN Building)) (IN on) (NP (NP (DT this) (NN clue)) (SBAR (WHNP (WDT that)) (S (VP (VBZ is) (VP (VBN provided) (PP (IN by) (NP (NN transcription) (NNS processes))))))))) (, ,) (NP (PRP we)) (VP (MD can) (ADVP (RB readily)) (VP (VB see) (SBAR (IN that) (S (NP (DT a) (JJ three-nucleotide) (NN sense) (NN codon)) (VP (VBZ denotes) (NP (DT each) (NN amino) (NN acid))))))) (. .))) "
1248,6,7,this,tyrosine,We will speak more about this tyrosine when expanding cell biology in the study of melanin .,(ROOT (S (NP (PRP We)) (VP (MD will) (VP (VB speak) (NP (JJR more)) (PP (IN about) (NP (DT this) (NN tyrosine))) (SBAR (WHADVP (WRB when)) (S (VP (VBG expanding) (NP (NN cell) (NN biology)) (PP (IN in) (NP (NP (DT the) (NN study)) (PP (IN of) (NP (NN melanin)))))))))) (. .))) 
1251,2,3,this,property,With this property the codons do not overlap and at the same time they do not separated by spacers .,(ROOT (S (S (PP (IN With) (NP (DT this) (NN property))) (NP (DT the) (NNS codons)) (VP (VBP do) (RB not) (VP (VB overlap)))) (CC and) (S (PP (IN at) (NP (DT the) (JJ same) (NN time))) (NP (PRP they)) (VP (VBP do) (S (VP (RB not) (VBN separated) (PP (IN by) (NP (NNS spacers))))))) (. .))) 
1254,2,4,this,code,"With this genetic code of unambiguity , each codon specifies only one amino acid .","(ROOT (S (PP (IN With) (NP (NP (DT this) (JJ genetic) (NN code)) (PP (IN of) (NP (NN unambiguity))))) (, ,) (NP (DT each) (NN codon)) (VP (VBZ specifies) (NP (QP (RB only) (CD one)) (NN amino) (NN acid))) (. .))) "
1277,14,15,this,page,php?title = Cell_Biology / Print_version & action = info -RRB- * -LSB- Cite this page -RSB- -LRB- / w/index .,(ROOT (S (VP (NN php?title) (NP (NP (NP (JJ =) (NN Cell_Biology)) (PRN (: /) (NP (NP (NNP Print_version)) (CC &) (NP (NN action) (JJ =) (NN info))) (-RRB- -RRB-))) (X (SYM *))) (S (VP (-LRB- -LSB-) (VP (VB Cite) (S (NP (DT this) (NN page)) (NP (NP (-RRB- -RSB-)) (-LRB- -LRB-) (PP (: /) (NP (NN w/index))))))))) (. .))) 
1283,3,4,this,site,"By using this site , you agree to the -LSB- Terms of Use -RSB- -LRB- / / wikimediafoundation.org/wiki/Terms_of_Use -RRB- and -LSB- Privacy Policy . -RSB-","(ROOT (S (PP (IN By) (S (VP (VBG using) (NP (DT this) (NN site))))) (, ,) (NP (PRP you)) (VP (VBP agree) (PP (PP (TO to) (NP (NP (DT the) (-LRB- -LSB-) (NNS Terms)) (PP (IN of) (NP (NP (NN Use) (-RRB- -RSB-)) (PRN (-LRB- -LRB-) (NP (: /) (: /) (NN wikimediafoundation.org/wiki/Terms_of_Use)) (-RRB- -RRB-)))))) (CC and) (PP (-LRB- -LSB-) (NP (NNP Privacy) (NNP Policy))))) (. .) (-RRB- -RSB-))) "
