2,7,8,this,page,-LSB- Unreviewed changes are displayed on this page -RSB- -LRB- / / bits.wikimedia.org/static-1.22wmf19/extensions/FlaggedRevs/frontend/modules/img/1.png -RRB- The -LSB- latest reviewed version -RSB- -LRB- / / en.wikibooks.org/w/index.php?title=Chess/Print_version&stable=1 -RRB- was -LSB- checked -RSB- -LRB- / / en.wikibooks.org/w/index.php?title=Special:Log&type=review&page=Chess/Print_version -RRB- on _ 6 March 2011 _ .,(ROOT (S (NP (-LRB- -LSB-) (JJ Unreviewed) (NNS changes)) (VP (VBP are) (VP (VBN displayed) (PP (IN on) (NP (NP (DT this) (NN page)) (-RRB- -RSB-) (PRN (-LRB- -LRB-) (NP (: /) (: /) (NN bits.wikimedia.org/static-1.22wmf19/extensions/FlaggedRevs/frontend/modules/img/1.png)) (-RRB- -RRB-)) (NP (DT The) (-LRB- -LSB-)))) (NP-TMP (NP (NP (JJS latest)) (VP (VBN reviewed) (NP (NN version)) (SBAR (-RRB- -RSB-) (S (-LRB- -LRB-) (NP (: /) (: /) (NN en.wikibooks.org/w/index.php?title=Chess/Print_version&stable=1)) (-RRB- -RRB-) (VP (VBD was) (-LRB- -LSB-) (VP (VBN checked) (PP (-RRB- -RSB-) (PRN (-LRB- -LRB-) (PP (: /) (NP (: /) (NN en.wikibooks.org/w/index.php?title=Special:Log&type=review&page=Chess/Print_version))) (-RRB- -RRB-))) (PP (IN on) (NP (NN _) (CD 6))) (NP-TMP (NNP March) (CD 2011)))))))) (NP (CD _))))) (. .))) 
5,36,37,this,message,-LSB- Printer.svg -RSB- -LRB- / / upload.wikimedia.org/wikipedia/commons/thumb/2/23/Printer.svg/40px-Printer.svg.png -RRB- ** This is the -LSB- print version -RSB- -LRB- / wiki/Help : Print_versions -RRB- of -LSB- Chess -RSB- -LRB- / wiki/Chess -RRB- ** You wo n't see this message or any elements not part of the book 's content when you print or -LSB- preview -RSB- -LRB- / / en.wikibooks.org/w/index.php?title=Chess/Print_version&action=purge&printable=yes -RRB- this page .,(ROOT (S (NP (-LRB- -LSB-) (NN Printer.svg)) (VP (-RRB- -RSB-) (PRN (-LRB- -LRB-) (PP (: /) (NP (: /) (NN upload.wikimedia.org/wikipedia/commons/thumb/2/23/Printer.svg/40px-Printer.svg.png))) (-RRB- -RRB-)) (SBAR (SBAR (X (SYM **)) (S (S (NP (DT This)) (VP (VBZ is) (NP (NP (NP (DT the) (-LRB- -LSB-) (NN print) (NN version) (-RRB- -RSB-)) (PRN (-LRB- -LRB-) (NP (NP (: /) (NN wiki/Help)) (: :) (NP (NNS Print_versions))) (-RRB- -RRB-))) (PP (IN of) (NP (-LRB- -LSB-) (NN Chess)))))) (-RRB- -RSB-) (PRN (-LRB- -LRB-) (PP (: /) (NP (NN wiki/Chess))) (-RRB- -RRB-)) (S (X (SYM **)) (NP (PRP You)) (VP (MD wo) (RB n't) (VP (VB see) (NP (NP (DT this) (NN message)) (CC or) (NP (DT any) (NNS elements))) (PP (RB not) (NP (NP (NN part)) (PP (IN of) (NP (NP (DT the) (NN book) (POS 's)) (NN content))))) (SBAR (WHADVP (WRB when)) (S (NP (PRP you)) (VP (VBP print))))))))) (CC or) (SBAR (-LRB- -LSB-) (S (NP (NN preview)) (VP (-RRB- -RSB-) (PRN (-LRB- -LRB-) (: /) (NX (: /) (NNS en.wikibooks.org/w/index.php?title=Chess/Print_version&action=purge&printable=yes)) (-RRB- -RRB-)) (NP (DT this) (NN page))))))) (. .))) 
5,60,61,this,page,-LSB- Printer.svg -RSB- -LRB- / / upload.wikimedia.org/wikipedia/commons/thumb/2/23/Printer.svg/40px-Printer.svg.png -RRB- ** This is the -LSB- print version -RSB- -LRB- / wiki/Help : Print_versions -RRB- of -LSB- Chess -RSB- -LRB- / wiki/Chess -RRB- ** You wo n't see this message or any elements not part of the book 's content when you print or -LSB- preview -RSB- -LRB- / / en.wikibooks.org/w/index.php?title=Chess/Print_version&action=purge&printable=yes -RRB- this page .,(ROOT (S (NP (-LRB- -LSB-) (NN Printer.svg)) (VP (-RRB- -RSB-) (PRN (-LRB- -LRB-) (PP (: /) (NP (: /) (NN upload.wikimedia.org/wikipedia/commons/thumb/2/23/Printer.svg/40px-Printer.svg.png))) (-RRB- -RRB-)) (SBAR (SBAR (X (SYM **)) (S (S (NP (DT This)) (VP (VBZ is) (NP (NP (NP (DT the) (-LRB- -LSB-) (NN print) (NN version) (-RRB- -RSB-)) (PRN (-LRB- -LRB-) (NP (NP (: /) (NN wiki/Help)) (: :) (NP (NNS Print_versions))) (-RRB- -RRB-))) (PP (IN of) (NP (-LRB- -LSB-) (NN Chess)))))) (-RRB- -RSB-) (PRN (-LRB- -LRB-) (PP (: /) (NP (NN wiki/Chess))) (-RRB- -RRB-)) (S (X (SYM **)) (NP (PRP You)) (VP (MD wo) (RB n't) (VP (VB see) (NP (NP (DT this) (NN message)) (CC or) (NP (DT any) (NNS elements))) (PP (RB not) (NP (NP (NN part)) (PP (IN of) (NP (NP (DT the) (NN book) (POS 's)) (NN content))))) (SBAR (WHADVP (WRB when)) (S (NP (PRP you)) (VP (VBP print))))))))) (CC or) (SBAR (-LRB- -LSB-) (S (NP (NN preview)) (VP (-RRB- -RSB-) (PRN (-LRB- -LRB-) (: /) (NX (: /) (NNS en.wikibooks.org/w/index.php?title=Chess/Print_version&action=purge&printable=yes)) (-RRB- -RRB-)) (NP (DT this) (NN page))))))) (. .))) 
10,10,11,this,document,"Permission is granted to copy , distribute and/or modify this document under the terms of the GNU Free Document License , version 1.2 .","(ROOT (S (NP (NN Permission)) (VP (VBZ is) (VP (VBN granted) (S (VP (TO to) (VP (VP (VB copy)) (, ,) (VP (VB distribute) (CC and/or) (VB modify) (NP (DT this) (NN document)) (PP (IN under) (NP (NP (DT the) (NNS terms)) (PP (IN of) (NP (NP (DT the) (NNP GNU) (NNP Free) (NNP Document) (NNP License)) (, ,) (NP (NN version) (CD 1.2)))))))))))) (. .))) "
12,6,7,this,file,"# Contents If you save this file to your computer , you can click on a link below to go to the chapter .","(ROOT (S (S (NP (# #) (NNS Contents)) (SBAR (IN If) (S (NP (PRP you)) (VP (VBP save) (NP (DT this) (NN file)) (PP (TO to) (NP (PRP$ your) (NN computer))))))) (, ,) (NP (PRP you)) (VP (MD can) (VP (VB click) (PP (IN on) (NP (DT a) (NN link) (IN below))) (S (VP (TO to) (VP (VB go) (PP (TO to) (NP (DT the) (NN chapter)))))))) (. .))) "
121,2,3,these,case,"In these cases , it is essential to specify which piece was moved .","(ROOT (S (PP (IN In) (NP (DT these) (NNS cases))) (, ,) (NP (PRP it)) (VP (VBZ is) (ADJP (JJ essential) (S (VP (TO to) (VP (VB specify) (SBAR (WHNP (WDT which)) (S (NP (NN piece)) (VP (VBD was) (VP (VBN moved)))))))))) (. .))) "
132,17,19,this,sequence,"## Sample game in algebraic notation If you have familiarized yourself with algebraic notation , consider this short sequence of moves .","(ROOT (S (SBAR (NP (NP (NN ##) (NN Sample) (NN game)) (PP (IN in) (NP (JJ algebraic) (NN notation)))) (IN If) (S (NP (PRP you)) (VP (VBP have) (VP (VBN familiarized) (NP (PRP yourself)) (PP (IN with) (NP (JJ algebraic) (NN notation))))))) (, ,) (VP (VB consider) (NP (NP (DT this) (JJ short) (NN sequence)) (PP (IN of) (NP (NNS moves))))) (. .))) "
354,2,3,this,form,"In this form , instead of the files being a , b , c etc. , they are Queen rook -LRB- QR -RRB- , Queen Knight -LRB- QN -RRB- , Queen Bishop -LRB- QB -RRB- , Queen -LRB- Q -RRB- , King -LRB- K -RRB- , King Bishop -LRB- KB -RRB- , King Knight -LRB- KN -RRB- and King Rook -LRB- KR -RRB- .","(ROOT (S (PP (IN In) (S (NP (NP (DT this) (NN form)) (, ,) (CONJP (RB instead) (IN of)) (NP (DT the) (NNS files))) (VP (VBG being) (NP (NP (DT a)) (, ,) (NP (NP (NN b)) (, ,) (NP (NN c) (NN etc.))))))) (, ,) (NP (PRP they)) (VP (VBP are) (NP (NP (NP (NNP Queen) (NN rook)) (PRN (-LRB- -LRB-) (NP (NN QR)) (-RRB- -RRB-))) (, ,) (NP (NP (NP (NNP Queen) (NNP Knight)) (PRN (-LRB- -LRB-) (NP (NNP QN)) (-RRB- -RRB-))) (, ,) (NP (NP (NNP Queen) (NNP Bishop)) (PRN (-LRB- -LRB-) (NP (NNP QB)) (-RRB- -RRB-))) (, ,) (NP (NP (NN Queen)) (PRN (-LRB- -LRB-) (NP (NNP Q)) (-RRB- -RRB-))) (, ,) (NP (NP (NNP King)) (PRN (-LRB- -LRB-) (NP (NNP K)) (-RRB- -RRB-))) (, ,) (NP (NP (NNP King) (NNP Bishop)) (PRN (-LRB- -LRB-) (NP (NN KB)) (-RRB- -RRB-))) (, ,) (NP (NP (NNP King) (NNP Knight)) (PRN (-LRB- -LRB-) (NP (NN KN)) (-RRB- -RRB-))) (CC and) (NP (NP (NNP King) (NNP Rook)) (PRN (-LRB- -LRB-) (NP (NNP KR)) (-RRB- -RRB-)))))) (. .))) "
380,25,26,that,square,"** ^ ** Note here that since only one bishop can move to QN5 , it is unnecessary to specify which bishop moved to that square .","(ROOT (FRAG (SBAR (X (SYM **)) (S (SBAR (X (SYM ^)) (S (SBAR (X (SYM **)) (S (S (VP (VB Note) (ADJP (ADVP (RB here)) (SBAR (IN that) (FRAG (PP (IN since) (NP (RB only) (CD one) (NN bishop)))))))) (VP (MD can) (VP (VB move) (PP (TO to) (NP (NN QN5))))))) (, ,) (NP (PRP it)) (VP (VBZ is) (ADJP (JJ unnecessary) (S (VP (TO to) (VP (VB specify) (NP (WDT which) (NN bishop))))))))) (VP (VBD moved) (PP (TO to) (NP (DT that) (NN square)))))) (. .))) "
462,2,3,this,notation,However this notation still depends on Arabic numerals .,(ROOT (S (ADVP (RB However)) (NP (DT this) (NN notation)) (VP (ADVP (RB still)) (VBZ depends) (PP (IN on) (NP (JJ Arabic) (NNS numerals)))) (. .))) 
477,14,15,this,page,php?title = Chess/Print _ version & action = info -RRB- * -LSB- Cite this page -RSB- -LRB- / w/index .,(ROOT (S (NP (NP (NN php?title)) (ADJP (ADJP (ADJP (JJ =)) (PRN (NP (NP (NNP Chess/Print) (CD _) (NN version)) (CC &) (NP (NN action) (JJ =) (NN info))) (-RRB- -RRB-))) (SBAR (X (SYM *)) (S (NP (-LRB- -LSB-)) (VP (VB Cite) (NP (DT this) (NN page))))))) (VP (-RRB- -RSB-) (-LRB- -LRB-) (VP (: /) (NP (NN w/index)))) (. .))) 
483,3,4,this,site,"By using this site , you agree to the -LSB- Terms of Use -RSB- -LRB- / / wikimediafoundation.org/wiki/Terms_of_Use -RRB- and -LSB- Privacy Policy . -RSB-","(ROOT (S (PP (IN By) (S (VP (VBG using) (NP (DT this) (NN site))))) (, ,) (NP (PRP you)) (VP (VBP agree) (PP (PP (TO to) (NP (NP (DT the) (-LRB- -LSB-) (NNS Terms)) (PP (IN of) (NP (NP (NN Use) (-RRB- -RSB-)) (PRN (-LRB- -LRB-) (NP (: /) (: /) (NN wikimediafoundation.org/wiki/Terms_of_Use)) (-RRB- -RRB-)))))) (CC and) (PP (-LRB- -LSB-) (NP (NNP Privacy) (NNP Policy))))) (. .) (-RRB- -RSB-))) "
