2,7,8,this,page,-LSB- Unreviewed changes are displayed on this page -RSB- -LRB- / / bits.wikimedia.org/static-1.22wmf19/extensions/FlaggedRevs/frontend/modules/img/1.png -RRB- This page may need to be -LSB- reviewed -RSB- -LRB- / wiki/Wikibooks : REVIEW -RRB- for quality .,(ROOT (S (SBAR (-LRB- -LSB-) (S (NP (JJ Unreviewed) (NNS changes)) (VP (VBP are) (VP (VBN displayed) (PP (IN on) (NP (DT this) (NN page) (-RRB- -RSB-))))))) (PRN (-LRB- -LRB-) (VP (: /) (NP (: /) (NN bits.wikimedia.org/static-1.22wmf19/extensions/FlaggedRevs/frontend/modules/img/1.png))) (-RRB- -RRB-)) (NP (DT This) (NN page)) (VP (MD may) (VP (VB need) (S (VP (TO to) (VP (VB be) (VP (-LRB- -LSB-) (VP (VBN reviewed) (NP (NP (NP (-RRB- -RSB-)) (PRN (-LRB- -LRB-) (NP (NP (: /) (NNS wiki/Wikibooks)) (: :) (NP (NNP REVIEW))) (-RRB- -RRB-))) (PP (IN for) (NP (NN quality))))))))))) (. .))) 
4,42,43,this,message,-LSB- Printer.svg -RSB- -LRB- / / upload.wikimedia.org/wikipedia/commons/thumb/2/23/Printer.svg/40px-Printer.svg.png -RRB- ** This is the -LSB- print version -RSB- -LRB- / wiki/Help : Print_versions -RRB- of -LSB- Choosing The Right File Format -RSB- -LRB- / wiki/Choosing _ The_Right_File_Format -RRB- ** You wo n't see this message or any elements not part of the book 's content when you print or -LSB- preview -RSB- -LRB- / / en.wikibooks.org/w/index.php?title=Choosing_The_Right_File_Format/Print_version&action=purge&printable=yes -RRB- this page .,(ROOT (S (NP (-LRB- -LSB-) (NN Printer.svg)) (VP (-RRB- -RSB-) (PRN (-LRB- -LRB-) (PP (: /) (NP (: /) (NN upload.wikimedia.org/wikipedia/commons/thumb/2/23/Printer.svg/40px-Printer.svg.png))) (-RRB- -RRB-)) (SBAR (SBAR (X (SYM **)) (S (NP (DT This)) (VP (VBZ is) (NP (NP (DT the) (-LRB- -LSB-) (NN print) (NN version) (-RRB- -RSB-)) (PRN (-LRB- -LRB-) (NP (NP (: /) (NN wiki/Help)) (: :) (NP (NNS Print_versions))) (-RRB- -RRB-)) (PP (IN of) (NP (NP (-LRB- -LSB-)) (VP (VBG Choosing) (NP (DT The) (NNP Right) (NNP File) (NNP Format) (-RRB- -RSB-))) (PRN (-LRB- -LRB-) (PP (: /) (S (VP (VBG wiki/Choosing) (NP (CD _) (NN The_Right_File_Format))))) (-RRB- -RRB-)))))) (SBAR (X (SYM **)) (S (NP (PRP You)) (VP (MD wo) (RB n't) (VP (VB see) (NP (NP (DT this) (NN message)) (CC or) (NP (DT any) (NNS elements))) (PP (RB not) (NP (NP (NN part)) (PP (IN of) (NP (NP (DT the) (NN book) (POS 's)) (NN content))))) (SBAR (WHADVP (WRB when)) (S (NP (PRP you)) (VP (VBP print)))))))))) (CC or) (SBAR (-LRB- -LSB-) (S (NP (NN preview)) (VP (-RRB- -RSB-) (PRN (-LRB- -LRB-) (: /) (NX (: /) (NNS en.wikibooks.org/w/index.php?title=Choosing_The_Right_File_Format/Print_version&action=purge&printable=yes)) (-RRB- -RRB-)) (NP (DT this) (NN page))))))) (. .))) 
4,66,67,this,page,-LSB- Printer.svg -RSB- -LRB- / / upload.wikimedia.org/wikipedia/commons/thumb/2/23/Printer.svg/40px-Printer.svg.png -RRB- ** This is the -LSB- print version -RSB- -LRB- / wiki/Help : Print_versions -RRB- of -LSB- Choosing The Right File Format -RSB- -LRB- / wiki/Choosing _ The_Right_File_Format -RRB- ** You wo n't see this message or any elements not part of the book 's content when you print or -LSB- preview -RSB- -LRB- / / en.wikibooks.org/w/index.php?title=Choosing_The_Right_File_Format/Print_version&action=purge&printable=yes -RRB- this page .,(ROOT (S (NP (-LRB- -LSB-) (NN Printer.svg)) (VP (-RRB- -RSB-) (PRN (-LRB- -LRB-) (PP (: /) (NP (: /) (NN upload.wikimedia.org/wikipedia/commons/thumb/2/23/Printer.svg/40px-Printer.svg.png))) (-RRB- -RRB-)) (SBAR (SBAR (X (SYM **)) (S (NP (DT This)) (VP (VBZ is) (NP (NP (DT the) (-LRB- -LSB-) (NN print) (NN version) (-RRB- -RSB-)) (PRN (-LRB- -LRB-) (NP (NP (: /) (NN wiki/Help)) (: :) (NP (NNS Print_versions))) (-RRB- -RRB-)) (PP (IN of) (NP (NP (-LRB- -LSB-)) (VP (VBG Choosing) (NP (DT The) (NNP Right) (NNP File) (NNP Format) (-RRB- -RSB-))) (PRN (-LRB- -LRB-) (PP (: /) (S (VP (VBG wiki/Choosing) (NP (CD _) (NN The_Right_File_Format))))) (-RRB- -RRB-)))))) (SBAR (X (SYM **)) (S (NP (PRP You)) (VP (MD wo) (RB n't) (VP (VB see) (NP (NP (DT this) (NN message)) (CC or) (NP (DT any) (NNS elements))) (PP (RB not) (NP (NP (NN part)) (PP (IN of) (NP (NP (DT the) (NN book) (POS 's)) (NN content))))) (SBAR (WHADVP (WRB when)) (S (NP (PRP you)) (VP (VBP print)))))))))) (CC or) (SBAR (-LRB- -LSB-) (S (NP (NN preview)) (VP (-RRB- -RSB-) (PRN (-LRB- -LRB-) (: /) (NX (: /) (NNS en.wikibooks.org/w/index.php?title=Choosing_The_Right_File_Format/Print_version&action=purge&printable=yes)) (-RRB- -RRB-)) (NP (DT this) (NN page))))))) (. .))) 
41,16,17,this,article,"That is an area of study in itself , and is not the subject of this article .","(ROOT (S (NP (DT That)) (VP (VP (VBZ is) (NP (NP (DT an) (NN area)) (PP (IN of) (NP (NP (NN study)) (PP (IN in) (NP (PRP itself))))))) (, ,) (CC and) (VP (VBZ is) (RB not) (NP (NP (DT the) (NN subject)) (PP (IN of) (NP (DT this) (NN article)))))) (. .))) "
64,38,40,this,tourist,"Recognizing a few words and realizing that the tourist must only speak English or is n't interested in trying his French , one of the employees goes off to find someone who might be able to help this ignorant tourist .","(ROOT (S (S (VP (VP (VBG Recognizing) (NP (DT a) (JJ few) (NNS words))) (CC and) (VP (VBG realizing) (SBAR (IN that) (S (NP (DT the) (NN tourist)) (VP (VP (MD must) (ADVP (RB only)) (VP (VB speak) (NP (NNP English)))) (CC or) (VP (VBZ is) (RB n't) (ADJP (JJ interested) (PP (IN in) (S (VP (VBG trying) (NP (PRP$ his) (JJ French))))))))))))) (, ,) (NP (NP (CD one)) (PP (IN of) (NP (DT the) (NNS employees)))) (VP (VBZ goes) (PRT (RP off)) (S (VP (TO to) (VP (VB find) (NP (NP (NN someone)) (SBAR (WHNP (WP who)) (S (VP (MD might) (VP (VB be) (ADJP (JJ able) (S (VP (TO to) (VP (VB help) (NP (DT this) (JJ ignorant) (NN tourist))))))))))))))) (. .))) "
71,79,80,this,language,"By now our hapless tourist is getting hungry and frustrated and , in just the way everyone gets when they are frustrated and hungry forgets their manners and blurts , `` By the way , I am going to order in English so I can be sure of what I am getting - and for the privilege of taking my order , I demand that you pay the Queen of England a small sum for the use of this language which you should really just learn to use like everyone else ! ''","(ROOT (S (S (PP (IN By) (NP (RB now))) (NP (PRP$ our) (JJ hapless) (NN tourist)) (VP (VBZ is) (VP (VBG getting) (ADJP (JJ hungry) (CC and) (JJ frustrated))))) (CC and) (, ,) (PRN (SBAR (IN in) (S (SBAR (RB just) (S (NP (DT the) (NN way) (NN everyone)) (VP (VBZ gets) (SBAR (WHADVP (WRB when)) (S (NP (PRP they)) (VP (VBP are) (ADJP (JJ frustrated) (CC and) (JJ hungry)))))))) (VP (VBZ forgets) (NP (PRP$ their) (NNS manners) (CC and) (NNS blurts)))))) (, ,) (`` ``) (S (S (PP (IN By) (NP (DT the) (NN way))) (, ,) (NP (PRP I)) (VP (VBP am) (VP (VBG going) (S (VP (TO to) (VP (VB order) (PP (IN in) (NP (NNP English))))))))) (IN so) (S (NP (PRP I)) (VP (MD can) (VP (VB be) (ADJP (JJ sure) (PP (IN of) (SBAR (WHNP (WP what)) (S (NP (PRP I)) (VP (VBP am) (VP (VBG getting)))))))))) (: -) (CC and) (S (PP (IN for) (NP (NP (DT the) (NN privilege)) (PP (IN of) (S (VP (VBG taking) (NP (PRP$ my) (NN order))))))) (, ,) (NP (PRP I)) (VP (VBP demand) (SBAR (IN that) (S (NP (PRP you)) (VP (VBP pay) (S (NP (NP (DT the) (NN Queen)) (PP (IN of) (NP (NNP England)))) (NP (NP (DT a) (JJ small) (NN sum)) (PP (IN for) (NP (NP (DT the) (NN use)) (PP (IN of) (NP (NP (DT this) (NN language)) (SBAR (WHNP (WDT which)) (S (NP (PRP you)) (VP (MD should) (ADVP (RB really)) (VP (ADVP (RB just)) (VB learn) (S (VP (TO to) (VP (VB use) (PP (IN like) (NP (NN everyone) (RB else)))))))))))))))))))))) (. !) ('' ''))) "
72,3,5,this,sentence,"> After this last sentence is finally translated back to the previously friendly proprietors , the kitchen is closed and the tourist is sent packing .","(ROOT (S (S (SBAR (ADJP (JJR >)) (IN After) (S (NP (DT this) (JJ last) (NN sentence)) (VP (VBZ is) (ADVP (RB finally)) (VP (VBN translated) (ADVP (RB back)) (PP (TO to) (NP (DT the) (ADJP (RB previously) (JJ friendly)) (NNS proprietors))))))) (, ,) (NP (DT the) (NN kitchen)) (VP (VBZ is) (VP (VBN closed)))) (CC and) (S (NP (DT the) (NN tourist)) (VP (VBZ is) (VP (VBN sent) (NP (NN packing))))) (. .))) "
73,7,8,this,tourist,In terms of file formats where this tourist has gone wrong is that although _ he _ is happy with the format he is using -LRB- unlike the Roman official in the next story -RRB- he has forgotten that different people do things differently .,(ROOT (S (PP (IN In) (NP (NP (NNS terms)) (PP (IN of) (NP (NN file) (NNS formats))) (SBAR (WHADVP (WRB where)) (S (NP (DT this) (NN tourist)) (VP (VBZ has) (VP (VBN gone) (ADJP (JJ wrong) (SBAR (S (VP (VBZ is) (SBAR (IN that) (S (SBAR (IN although) (S (NP (NP (NN _)) (SBAR (S (NP (PRP he)) (VP (VBP _))))) (VP (VBZ is) (ADJP (JJ happy) (PP (IN with) (NP (DT the) (NN format))))))) (NP (PRP he)) (VP (VBZ is) (VP (VBG using))))))))))))))) (PRN (-LRB- -LRB-) (PP (IN unlike) (NP (NP (DT the) (NNP Roman) (NN official)) (PP (IN in) (NP (DT the) (JJ next) (NN story))))) (-RRB- -RRB-)) (NP (PRP he)) (VP (VBZ has) (VP (VBN forgotten) (SBAR (IN that) (S (NP (JJ different) (NNS people)) (VP (VBP do) (NP (NNS things)) (ADVP (RB differently))))))) (. .))) 
81,39,40,these,document,"A few minutes later the assistant came out in tears explaining that he only knows a few words of Sanskrit , ca n't find any references to the dialect used and could never hope to make sense of these documents .","(ROOT (S (NP (DT A) (JJ few) (NNS minutes)) (VP (VP (ADVP (RB later) (NP (DT the) (NN assistant))) (VBD came) (PRT (RP out)) (PP (IN in) (NP (NP (NNS tears)) (VP (VBG explaining) (SBAR (IN that) (S (NP (PRP he)) (ADVP (RB only)) (VP (VBZ knows) (NP (NP (DT a) (JJ few) (NNS words)) (PP (IN of) (NP (NNP Sanskrit))))))))))) (, ,) (VP (MD ca) (RB n't) (VP (VB find) (NP (DT any) (NNS references)) (PP (TO to) (NP (NP (DT the) (NN dialect)) (VP (VBN used)))))) (CC and) (VP (MD could) (ADVP (RB never)) (VP (VB hope) (S (VP (TO to) (VP (VB make) (NP (NP (NN sense)) (PP (IN of) (NP (DT these) (NNS documents)))))))))) (. .))) "
86,6,7,this,format,He was then trapped by this format and forced to keep buying the software -LRB- the scribes services -RRB- at ever increasing cost .,(ROOT (S (NP (PRP He)) (VP (VBD was) (ADVP (RB then)) (VP (VP (VBN trapped) (PP (IN by) (NP (DT this) (NN format)))) (CC and) (VP (VBN forced) (S (VP (TO to) (VP (VB keep) (S (VP (VBG buying) (NP (NP (DT the) (NN software)) (PRN (-LRB- -LRB-) (NP (NP (DT the) (NNS scribes)) (NP (NNS services))) (-RRB- -RRB-))) (PP (IN at) (S (ADVP (RB ever)) (VP (VBG increasing) (NP (NN cost))))))))))))) (. .))) 
91,32,33,these,format,"... It is therefore highly desirable to identify the minimum set of formats which meet both the active business needs and the sustainability criteria below , and restrict data creation to these formats .","(ROOT (S (: ...) (NP (PRP It)) (VP (VBZ is) (ADVP (RB therefore)) (ADJP (RB highly) (JJ desirable)) (S (VP (TO to) (VP (VP (VB identify) (NP (NP (DT the) (NN minimum) (NN set)) (PP (IN of) (NP (NP (NNS formats)) (SBAR (WHNP (WDT which)) (S (VP (VBP meet) (NP (CC both) (NP (DT the) (JJ active) (NN business) (NNS needs)) (CC and) (NP (DT the) (NN sustainability) (NNS criteria))) (PP (IN below))))))))) (, ,) (CC and) (VP (VB restrict) (NP (NNS data) (NN creation)) (PP (TO to) (NP (DT these) (NNS formats)))))))) (. .))) "
92,23,24,this,challenge,"-LSB- -LSB- 1 -RSB- -RSB- -LRB- http://www.nationalarchives.gov.uk/preservation/advice/pdf/selecting_file_formats.pdf -RRB- -LRB- PDF -RRB- The approach of -LSB- Project Gutenberg -RSB- -LRB- http://www.gutenberg.org/ -RRB- to this challenge has been a strict criteria that all the 15,000 + books stored in their digital repository are stored in plain ASCII text .","(ROOT (S (PP (-LRB- -LSB-) (NP (NP (NP (QP (-LRB- -LSB-) (CD 1) (-RRB- -RSB-)) (-RRB- -RSB-)) (PRN (-LRB- -LRB-) (NP (NN http://www.nationalarchives.gov.uk/preservation/advice/pdf/selecting_file_formats.pdf)) (-RRB- -RRB-))) (PRN (-LRB- -LRB-) (NP (NN PDF)) (-RRB- -RRB-)))) (NP (NP (DT The) (NN approach)) (PP (IN of) (NP (NP (NP (-LRB- -LSB-) (NN Project) (NNP Gutenberg) (-RRB- -RSB-)) (PRN (-LRB- -LRB-) (NP (NN http://www.gutenberg.org/)) (-RRB- -RRB-))) (PP (TO to) (NP (DT this) (NN challenge)))))) (VP (VBZ has) (VP (VBN been) (NP (DT a) (JJ strict) (NNS criteria)) (SBAR (IN that) (S (NP (NP (PDT all)) (SBAR (S (NP (DT the) (NP (CD 15,000)) (CC +) (NP (NNS books))) (VP (VBN stored) (PP (IN in) (NP (PRP$ their) (JJ digital) (NN repository))))))) (VP (VBP are) (VP (VBN stored) (PP (IN in) (NP (JJ plain) (NNP ASCII) (NN text))))))))) (. .))) "
96,2,3,that,time,"In that time , dozens of widely used file formats have come and gone .","(ROOT (S (PP (IN In) (NP (DT that) (NN time))) (, ,) (NP (NP (NNS dozens)) (PP (IN of) (NP (ADJP (RB widely) (VBN used)) (NN file) (NNS formats)))) (VP (VBP have) (VP (VBN come) (CC and) (VBN gone))) (. .))) "
114,3,4,these,format,"However because these formats are not publically documented , you are held hostage to the company making the software .","(ROOT (S (SBAR (ADVP (RB However)) (IN because) (S (NP (DT these) (NNS formats)) (VP (VBP are) (RB not) (ADJP (RB publically) (VBN documented))))) (, ,) (NP (PRP you)) (VP (VBP are) (VP (VBN held) (NP (NN hostage)) (PP (TO to) (NP (NP (DT the) (NN company)) (VP (VBG making) (NP (DT the) (NN software))))))) (. .))) "
117,3,4,this,type,"Examples of this type of format are those from the Microsoft Office Word doc format and Excels xls format , and Adobe Photoshop 's Document -LRB- .","(ROOT (S (NP (NP (NNS Examples)) (PP (IN of) (NP (NP (DT this) (NN type)) (PP (IN of) (NP (NN format)))))) (VP (VBP are) (NP (NP (DT those)) (PP (IN from) (NP (NP (NP (DT the) (NNP Microsoft) (NNP Office) (NNP Word) (NN doc) (NN format)) (CC and) (NP (NNP Excels) (NNPS xls) (NN format))) (, ,) (CC and) (NP (NP (NNP Adobe) (NNP Photoshop) (POS 's)) (NNP Document) (-LRB- -LRB-)))))) (. .))) "
121,21,22,that,way,"In other words , a proprietary open specification is only open as long as the company wants to keep it that way .","(ROOT (S (PP (IN In) (NP (JJ other) (NNS words))) (, ,) (NP (DT a) (JJ proprietary) (JJ open) (NN specification)) (VP (VBZ is) (ADJP (RB only) (JJ open)) (ADVP (ADVP (RB as) (RB long)) (SBAR (IN as) (S (NP (DT the) (NN company)) (VP (VBZ wants) (S (VP (TO to) (VP (VB keep) (S (NP (PRP it)) (NP (DT that) (NN way))))))))))) (. .))) "
122,3,4,this,type,Examples of this type of format are Adobe 's Portable Document Format -LRB- .,(ROOT (S (NP (NP (NNS Examples)) (PP (IN of) (NP (NP (DT this) (NN type)) (PP (IN of) (NP (NN format)))))) (VP (VBP are) (NP (NP (NNP Adobe) (POS 's)) (NNP Portable) (NNP Document) (NNP Format) (-LRB- -LRB-))) (. .))) 
127,3,4,these,format,Once released these formats have a guaranteed reference point .,(ROOT (S (SBAR (RB Once) (S (VP (VBN released)))) (NP (DT these) (NNS formats)) (VP (VBP have) (NP (DT a) (VBN guaranteed) (NN reference) (NN point))) (. .))) 
128,3,4,this,type,Examples of this type of format are Portable Network graphic -LRB- .,(ROOT (S (NP (NP (NNS Examples)) (PP (IN of) (NP (NP (DT this) (NN type)) (PP (IN of) (NP (NN format)))))) (VP (VBP are) (NP (NNP Portable) (NNP Network) (JJ graphic) (-LRB- -LRB-))) (. .))) 
137,9,10,this,format,"I have not found any software which supports this format , so it is possibly only used in organisations where archival is their main concern .","(ROOT (S (S (NP (PRP I)) (VP (VBP have) (RB not) (VP (VBN found) (NP (NP (DT any) (NN software)) (SBAR (WHNP (WDT which)) (S (VP (VBZ supports) (NP (DT this) (NN format))))))))) (, ,) (IN so) (S (NP (PRP it)) (VP (VBZ is) (ADVP (RB possibly)) (VP (ADVP (RB only)) (VBN used) (PP (IN in) (NP (NP (NNS organisations)) (SBAR (WHADVP (WRB where)) (S (NP (JJ archival)) (VP (VBZ is) (NP (PRP$ their) (JJ main) (NN concern)))))))))) (. .))) "
182,3,4,this,type,"Applications for this type of text are found in popular office suites like -LSB- Microsoft Office -RSB- -LRB- http://office.microsoft.com/en-us/default.aspx -RRB- , -LSB- AppleWorks -RSB- -LRB- http://www.apple.com/appleworks/ -RRB- and [OpenOffice.org -RSB- -LRB- http://openoffice.org -RRB- .","(ROOT (S (NP (NP (NNS Applications)) (PP (IN for) (NP (NP (DT this) (NN type)) (PP (IN of) (NP (NN text)))))) (VP (VBP are) (VP (VBN found) (PP (IN in) (NP (JJ popular) (NN office) (NNS suites))) (PP (IN like) (NP (NP (NP (-LRB- -LSB-) (NNP Microsoft) (NNP Office) (-RRB- -RSB-)) (PRN (-LRB- -LRB-) (NP (NN http://office.microsoft.com/en-us/default.aspx)) (-RRB- -RRB-))) (, ,) (NP (NP (-LRB- -LSB-) (NNP AppleWorks) (-RRB- -RSB-)) (PRN (-LRB- -LRB-) (NP (NN http://www.apple.com/appleworks/)) (-RRB- -RRB-))) (CC and) (NP (NP (NN [OpenOffice.org) (-RRB- -RSB-)) (PRN (-LRB- -LRB-) (NP (NN http://openoffice.org)) (-RRB- -RRB-))))))) (. .))) "
193,20,21,this,area,If you spend time making ** Documents for presentation ** you 'll know that Word processors are limited in this area .,(ROOT (S (SBAR (IN If) (S (NP (PRP you)) (VP (VBP spend) (NP (NN time)) (S (VP (VBG making) (S (VP (SYM **) (NP (NNS Documents)))) (PP (IN for) (NP (NP (NN presentation)) (X (SYM **))))))))) (NP (PRP you)) (VP (MD 'll) (VP (VB know) (SBAR (IN that) (S (NP (NN Word) (NNS processors)) (VP (VBP are) (VP (VBN limited) (PP (IN in) (NP (DT this) (NN area))))))))) (. .))) 
228,2,3,this,reason,"For this reason , these optional features should not be used for long-term storage of valuable images .","(ROOT (S (PP (IN For) (NP (DT this) (NN reason))) (, ,) (NP (DT these) (JJ optional) (NNS features)) (VP (MD should) (RB not) (VP (VB be) (VP (VBN used) (PP (IN for) (NP (NP (JJ long-term) (NN storage)) (PP (IN of) (NP (JJ valuable) (NNS images)))))))) (. .))) "
228,5,7,these,feature,"For this reason , these optional features should not be used for long-term storage of valuable images .","(ROOT (S (PP (IN For) (NP (DT this) (NN reason))) (, ,) (NP (DT these) (JJ optional) (NNS features)) (VP (MD should) (RB not) (VP (VB be) (VP (VBN used) (PP (IN for) (NP (NP (JJ long-term) (NN storage)) (PP (IN of) (NP (JJ valuable) (NNS images)))))))) (. .))) "
229,8,9,that,jpeg,"-LSB- W3C -RSB- -LRB- http://www.w3.org/Graphics/JPEG/ -RRB- Remember that JPEG is a -LSB- lossy -RSB- -LRB- / / en.wikipedia.org/wiki/Lossy_data_compression -RRB- format , meaning that each time the image is modified and resaved there is some irretrievable data loss .","(ROOT (S (S (NP (-LRB- -LSB-) (NN W3C)) (VP (-RRB- -RSB-) (PRN (-LRB- -LRB-) (NP (NN http://www.w3.org/Graphics/JPEG/)) (-RRB- -RRB-)) (VP (VB Remember) (SBAR (S (NP (DT that) (NN JPEG)) (VP (VBZ is) (NP (NP (DT a) (-LRB- -LSB-) (NN lossy)) (PP (-RRB- -RSB-) (NP (PRN (-LRB- -LRB-) (NP (: /) (: /) (NN en.wikipedia.org/wiki/Lossy_data_compression)) (-RRB- -RRB-)) (NN format)))) (, ,) (S (VP (VBG meaning) (SBAR (IN that) (S (NP (NP (DT each) (NN time)) (NP (DT the) (NN image))) (VP (VBZ is) (VP (VBN modified) (CC and) (VBN resaved))))))))))))) (NP (EX there)) (VP (VBZ is) (NP (DT some) (JJ irretrievable) (NNS data) (NN loss))) (. .))) "
231,16,18,this,press,-LRB- Windows users should read -LSB- Microsoft Security Bulletin MS04-028 -RSB- -LRB- http://www.microsoft.com/technet/security/bulletin/MS04-028.mspx -RRB- and this -LSB- press release -RSB- -LRB- http://www.jpeg.org/newsrel10.html -RRB- -RRB- ** Recommendation ** * Use the PNG format .,(ROOT (S (-LRB- -LRB-) (NP (NNP Windows) (NNS users)) (VP (MD should) (VP (VB read) (NP (NP (NP (-LRB- -LSB-) (NNP Microsoft) (NNP Security) (NNP Bulletin) (NN MS04-028)) (PP (-RRB- -RSB-) (NP (NP (-LRB- -LRB-) (NN http://www.microsoft.com/technet/security/bulletin/MS04-028.mspx) (-RRB- -RRB-)) (CC and) (NP (NP (DT this) (-LRB- -LSB-) (NN press)) (VP (NP (NP (NP (NN release)) (-RRB- -RSB-) (PRN (-LRB- -LRB-) (NP (NN http://www.jpeg.org/newsrel10.html)) (-RRB- -RRB-)) (-RRB- -RRB-)) (X (SYM **))) (PP (NN Recommendation)))))) (X (SYM **))) (X (SYM *))))) (VP (VB Use) (NP (DT the) (NN PNG) (NN format))) (. .))) 
239,23,24,this,document,"The difference between vector and raster images , and when to use each , is important , but outside the scope of this document .","(ROOT (S (NP (NP (DT The) (NN difference)) (UCP (PP (IN between) (NP (NP (NN vector) (CC and) (NN raster)) (NNS images))) (, ,) (CC and) (SBAR (WHADVP (WRB when)) (S (VP (TO to) (VP (VB use) (NP (DT each)))))))) (, ,) (VP (VP (VBZ is) (ADJP (JJ important))) (, ,) (CC but) (VP (PP (IN outside) (NP (NP (DT the) (NN scope)) (PP (IN of) (NP (DT this) (NN document))))))) (. .))) "
262,7,8,this,article,"Although at the time of writing this article SVG was not a mainstream format , its use is growing and it seems likely to become a standard in wide use -LSB- 2 -RSB- .","(ROOT (S (S (SBAR (IN Although) (S (PP (IN at) (NP (NP (DT the) (NN time)) (PP (IN of) (S (VP (VBG writing) (NP (DT this) (NN article))))))) (NP (NNP SVG)) (VP (VBD was) (RB not) (NP (DT a) (NN mainstream) (NN format))))) (, ,) (NP (PRP$ its) (NN use)) (VP (VBZ is) (ADJP (VBG growing)))) (CC and) (S (NP (PRP it)) (VP (VBZ seems) (ADJP (JJ likely) (S (VP (TO to) (VP (VB become) (NP (DT a) (NN standard)) (PP (IN in) (NP (NP (JJ wide) (NN use)) (PP (-LRB- -LSB-) (NP (CD 2) (-RRB- -RSB-))))))))))) (. .))) "
267,5,6,this,field,The main players in this field are the PhotoShop Document -LRB- .,(ROOT (S (NP (NP (DT The) (JJ main) (NNS players)) (PP (IN in) (NP (DT this) (NN field)))) (VP (VBP are) (NP (DT the) (NNP PhotoShop) (NNP Document) (-LRB- -LRB-))) (. .))) 
303,11,12,this,format,Many competitors of AutoCAD now offer support for DWG via this format .,(ROOT (S (NP (NP (JJ Many) (NNS competitors)) (PP (IN of) (NP (NN AutoCAD)))) (ADVP (RB now)) (VP (VBP offer) (NP (NP (NN support)) (PP (IN for) (NP (NP (NNP DWG)) (PP (IN via) (NP (DT this) (NN format))))))) (. .))) 
309,37,38,that,program,"Many Adobe programs use a variety of formats which could well be very good working files in the parent program , but can be a problem to open later when , especially when a copy of that program is no longer available .","(ROOT (S (NP (JJ Many) (NNP Adobe) (NNS programs)) (VP (VBP use) (NP (NP (DT a) (NN variety)) (PP (IN of) (NP (NP (NNS formats)) (SBAR (WHNP (WDT which)) (S (VP (VP (MD could) (ADVP (RB well)) (VP (VB be) (ADJP (RB very) (JJ good)) (S (VP (VBG working) (NP (NNS files)) (PP (IN in) (NP (DT the) (NN parent) (NN program))))))) (, ,) (CC but) (VP (MD can) (VP (VB be) (NP (DT a) (NN problem) (S (VP (TO to) (VP (VB open) (SBARQ (WHADVP (ADVP (RB later)) (WRB when))))))))))))))) (, ,) (SBAR (WHADVP (RB especially) (WRB when)) (S (NP (NP (DT a) (NN copy)) (PP (IN of) (NP (DT that) (NN program)))) (VP (VBZ is) (ADVP (RB no) (RB longer)) (ADJP (JJ available)))))) (. .))) "
310,2,3,this,section,-LRB- this section needs expansion -RRB- ### Recommendations -LSB- -LSB- edit -RSB- -LRB- / w/index .,(ROOT (S (-LRB- -LRB-) (NP (DT this) (NN section)) (VP (VBZ needs) (S (NP (NN expansion)) (-RRB- -RRB-) (NP (CD ###) (NNS Recommendations)) (-LRB- -LSB-))) (S (VP (-LRB- -LSB-) (VP (VB edit) (NP (NP (-RRB- -RSB-) (-LRB- -LRB-) (: /)) (NP (NN w/index)))))) (. .))) 
314,30,31,this,section,php?title = Choosing_The_Right_File_Format / CAD & action = edit & section = T-5 -RRB- -RSB- -LSB- CAD Standards -RSB- -LRB- / / en.wikipedia.org/wiki/CAD_standards -RRB- -LRB- not fully incorporated in this section yet -RRB- ### Databases & Spreadsheets -LSB- -LSB- edit -RSB- -LRB- / w/index .,(ROOT (NP (NP (NN php?title) (JJ =) (NN Choosing_The_Right_File_Format)) (PRN (: /) (S (NP (NNP CAD)) (NP (CC &) (NP (NN action) (JJ =) (NN edit)) (CC &) (NP (NN section) (JJ =) (NN T-5)))) (-RRB- -RRB-)) (-RRB- -RSB-) (NP (NP (NP (-LRB- -LSB-) (NNP CAD) (NNPS Standards) (-RRB- -RSB-)) (PRN (-LRB- -LRB-) (NP (: /) (: /) (NNS en.wikipedia.org/wiki/CAD_standards)) (-RRB- -RRB-))) (PRN (-LRB- -LRB-) (VP (RB not) (ADVP (RB fully)) (VBN incorporated) (PP (IN in) (NP (NP (DT this) (NN section)) (ADVP (RB yet))))) (-RRB- -RRB-))) (NP (NP (CD ###)) (NP (NP (NNPS Databases) (CC &) (NNPS Spreadsheets)) (SBAR (S (VP (-LRB- -LSB-) (VP (-LRB- -LSB-) (VB edit) (-RRB- -RSB-) (-LRB- -LRB-) (PP (: /) (NP (NN w/index))))))))) (. .))) 
320,16,17,that,information,In other words a database stores your information and SQL is the language for retrieving that information .,(ROOT (S (PP (IN In) (NP (JJ other) (NNS words))) (NP (NP (DT a) (NN database) (NNS stores)) (NP (PRP$ your) (NN information) (CC and) (NN SQL))) (VP (VBZ is) (NP (NP (DT the) (NN language)) (PP (IN for) (S (VP (VBG retrieving) (NP (DT that) (NN information))))))) (. .))) 
323,24,25,that,information,Part of the beauty of the SQL standard is that you can extract your information together with the structural information needed to put that information into another database .,(ROOT (S (NP (NP (NN Part)) (PP (IN of) (NP (NP (DT the) (NN beauty)) (PP (IN of) (NP (DT the) (NNP SQL) (NN standard)))))) (VP (VBZ is) (SBAR (IN that) (S (NP (PRP you)) (VP (MD can) (VP (VB extract) (NP (PRP$ your) (NN information)) (ADVP (RB together)) (PP (IN with) (NP (NP (DT the) (JJ structural) (NN information)) (VP (VBN needed) (S (VP (TO to) (VP (VB put) (NP (DT that) (NN information)) (PP (IN into) (NP (DT another) (NN database)))))))))))))) (. .))) 
333,20,21,this,list,php?title = Choosing_The_Right_File_Format / Appendix & action = edit & section = T-3 -RRB- -RSB- Feel free to expand this list .,(ROOT (NP (NP (NN php?title) (JJ =) (NN Choosing_The_Right_File_Format)) (PRN (: /) (S (NP (NNP Appendix)) (NP (CC &) (NP (NN action) (JJ =) (NN edit)) (CC &) (NP (NN section) (JJ =) (NN T-3)))) (-RRB- -RRB-)) (-RRB- -RSB-) (NP (NP (NNP Feel)) (ADJP (JJ free) (S (VP (TO to) (VP (VB expand) (NP (DT this) (NN list))))))) (. .))) 
347,14,15,this,page,php?title = Choosing_The_Right_File_Format / Print_version & action = info -RRB- * -LSB- Cite this page -RSB- -LRB- / w/index .,(ROOT (S (VP (NN php?title) (NP (NP (NP (JJ =) (NN Choosing_The_Right_File_Format)) (PRN (: /) (NP (NP (NNP Print_version)) (CC &) (NP (NN action) (JJ =) (NN info))) (-RRB- -RRB-))) (X (SYM *))) (S (VP (-LRB- -LSB-) (VP (VB Cite) (S (NP (DT this) (NN page)) (NP (NP (-RRB- -RSB-)) (-LRB- -LRB-) (PP (: /) (NP (NN w/index))))))))) (. .))) 
353,3,4,this,site,"By using this site , you agree to the -LSB- Terms of Use -RSB- -LRB- / / wikimediafoundation.org/wiki/Terms_of_Use -RRB- and -LSB- Privacy Policy . -RSB-","(ROOT (S (PP (IN By) (S (VP (VBG using) (NP (DT this) (NN site))))) (, ,) (NP (PRP you)) (VP (VBP agree) (PP (PP (TO to) (NP (NP (DT the) (-LRB- -LSB-) (NNS Terms)) (PP (IN of) (NP (NP (NN Use) (-RRB- -RSB-)) (PRN (-LRB- -LRB-) (NP (: /) (: /) (NN wikimediafoundation.org/wiki/Terms_of_Use)) (-RRB- -RRB-)))))) (CC and) (PP (-LRB- -LSB-) (NP (NNP Privacy) (NNP Policy))))) (. .) (-RRB- -RSB-))) "
