2,7,8,this,page,-LSB- Unreviewed changes are displayed on this page -RSB- -LRB- / / bits.wikimedia.org/static-1.22wmf19/extensions/FlaggedRevs/frontend/modules/img/1.png -RRB- The -LSB- latest reviewed version -RSB- -LRB- / / en.wikibooks.org/w/index.php?title=College_Survival_Guide/Print_version&stable=1 -RRB- was -LSB- checked -RSB- -LRB- / / en.wikibooks.org/w/index.php?title=Special:Log&type=review&page=College_Survival_Guide/Print_version -RRB- on _ 27 April 2009 _ .,(ROOT (S (NP (-LRB- -LSB-) (JJ Unreviewed) (NNS changes)) (VP (VBP are) (VP (VBN displayed) (PP (IN on) (NP (NP (DT this) (NN page)) (-RRB- -RSB-) (PRN (-LRB- -LRB-) (NP (: /) (: /) (NN bits.wikimedia.org/static-1.22wmf19/extensions/FlaggedRevs/frontend/modules/img/1.png)) (-RRB- -RRB-)) (NP (DT The) (-LRB- -LSB-)))) (NP-TMP (NP (NP (JJS latest)) (VP (VBN reviewed) (NP (NN version)) (SBAR (-RRB- -RSB-) (S (-LRB- -LRB-) (NP (: /) (: /) (NN en.wikibooks.org/w/index.php?title=College_Survival_Guide/Print_version&stable=1)) (-RRB- -RRB-) (VP (VBD was) (-LRB- -LSB-) (VP (VBN checked) (PP (-RRB- -RSB-) (PRN (-LRB- -LRB-) (PP (: /) (NP (: /) (NN en.wikibooks.org/w/index.php?title=Special:Log&type=review&page=College_Survival_Guide/Print_version))) (-RRB- -RRB-))) (PP (IN on) (NP (CD _) (CD 27))) (NP-TMP (NNP April) (CD 2009)))))))) (NP (CD _))))) (. .))) 
15,2,3,this,education,Yet this education was mediocre at best and did n't help prepare students of early-America .,(ROOT (S (RB Yet) (NP (DT this) (NN education)) (VP (VP (VBD was) (ADJP (JJ mediocre) (PP (IN at) (ADJP (JJS best))))) (CC and) (VP (VBD did) (RB n't) (VP (VB help) (VP (VB prepare) (NP (NP (NNS students)) (PP (IN of) (NP (NN early-America)))))))) (. .))) 
24,8,9,this,background,It is the realization that people hold this background in high regard that creates a situation for college students .,(ROOT (S (NP (PRP It)) (VP (VBZ is) (NP (DT the) (NN realization)) (SBAR (IN that) (S (NP (NNS people)) (VP (VBP hold) (NP (NP (DT this) (NN background)) (PP (IN in) (NP (JJ high) (NN regard))) (SBAR (WHNP (WDT that)) (S (VP (VBZ creates) (NP (NP (DT a) (NN situation)) (PP (IN for) (NP (NN college) (NNS students)))))))))))) (. .))) 
28,5,8,this,conflict,Some people would call this `` institution conflict . '',(ROOT (S (NP (DT Some) (NNS people)) (VP (MD would) (VP (VB call) (NP (DT this) (`` ``) (NN institution) (NN conflict)))) (. .) ('' ''))) 
30,6,8,this,conflict,Many people wish to destroy this institution conflict by destroying the institutions .,(ROOT (S (NP (JJ Many) (NNS people)) (VP (VBP wish) (S (VP (TO to) (VP (VB destroy) (NP (DT this) (NN institution) (NN conflict)) (PP (IN by) (S (VP (VBG destroying) (NP (DT the) (NNS institutions))))))))) (. .))) 
35,3,4,these,people,It is these people who are guiding others to knowledge .,(ROOT (S (NP (PRP It)) (VP (VBZ is) (NP (NP (DT these) (NNS people)) (SBAR (WHNP (WP who)) (S (VP (VBP are) (NP (NP (VBG guiding) (NNS others)) (PP (TO to) (NP (NN knowledge))))))))) (. .))) 
37,7,8,that,college,"However , experience is the thing that colleges offer that the Internet does not .","(ROOT (S (ADVP (RB However)) (, ,) (NP (NN experience)) (VP (VBZ is) (NP (NP (DT the) (NN thing)) (SBAR (WHNP (WDT that) (NNS colleges)) (S (VP (VBP offer) (SBAR (IN that) (S (NP (DT the) (NN Internet)) (VP (VBZ does) (RB not))))))))) (. .))) "
45,4,5,these,people,"Whether or not these people are considered artists is up to aesthetics and debate , but a person does n't need a college degree to be considered an artist .","(ROOT (S (S (SBAR (IN Whether) (S (NP (ADVP (CC or) (RB not)) (DT these) (NNS people)) (VP (VBP are) (VP (VBN considered))))) (NP (NNS artists)) (VP (VBZ is) (ADVP (RB up) (PP (TO to) (NP (NNS aesthetics) (CC and) (NN debate)))))) (, ,) (CC but) (S (NP (DT a) (NN person)) (VP (VBZ does) (RB n't) (VP (VB need) (NP (DT a) (NN college) (NN degree)) (S (VP (TO to) (VP (VB be) (VP (VBN considered) (NP (DT an) (NN artist))))))))) (. .))) "
55,8,9,this,kind,The reason college is a necessity for this kind of person is for various reasons .,(ROOT (S (NP (DT The) (NN reason) (NN college)) (VP (VBZ is) (NP (NP (DT a) (NN necessity)) (PP (IN for) (NP (NP (DT this) (NN kind)) (PP (IN of) (NP (NN person))))) (SBAR (S (VP (VBZ is) (PP (IN for) (NP (JJ various) (NNS reasons)))))))) (. .))) 
71,8,9,these,type,Colleges and universities do n't really help these type of people .,(ROOT (S (NP (NNS Colleges) (CC and) (NNS universities)) (VP (VBP do) (RB n't) (ADVP (RB really)) (VP (VB help) (NP (NP (DT these) (NN type)) (PP (IN of) (NP (NNS people)))))) (. .))) 
95,4,5,these,effect,"To compensate for these effects of college , many join a school club .","(ROOT (S (S (VP (TO To) (VP (VB compensate) (PP (IN for) (NP (NP (DT these) (NNS effects)) (PP (IN of) (NP (NN college)))))))) (, ,) (NP (JJ many)) (VP (VBP join) (NP (DT a) (NN school) (NN club))) (. .))) "
134,6,8,this,system,"Although , many people despise this exam system , is better to take the course and get over with it than wasting three months studying the book , taking the test , and again , not passing .","(ROOT (S (SBAR (IN Although) (, ,) (S (NP (JJ many) (NNS people)) (VP (VBP despise) (NP (DT this) (NN exam) (NN system))))) (, ,) (S (VP (VBZ is) (ADJP (JJR better)) (S (VP (TO to) (VP (VB take) (NP (DT the) (NN course))))))) (CC and) (S (VP (VB get) (PRT (RP over)) (PP (IN with) (NP (PRP it))) (PP (IN than) (S (VP (VBG wasting) (NP (NP (CD three) (NNS months)) (VP (VBG studying) (NP (NP (NP (DT the) (NN book)) (, ,) (VP (VBG taking) (NP (DT the) (NN test)))) (, ,) (CC and) (NP (ADVP (RB again)) (, ,) (VP (RB not) (VBG passing))))))))))) (. .))) "
140,14,15,that,career,You are largely focusing on certain types of courses so you can get that career .,(ROOT (S (NP (PRP You)) (VP (VBP are) (ADVP (RB largely)) (VP (VBG focusing) (PP (IN on) (NP (NP (JJ certain) (NNS types)) (PP (IN of) (NP (NNS courses))))) (SBAR (IN so) (S (NP (PRP you)) (VP (MD can) (VP (VB get) (NP (DT that) (NN career)))))))) (. .))) 
141,15,16,that,career,The majority of courses in your course schedule are going to help you get that career .,(ROOT (S (NP (NP (DT The) (NN majority)) (PP (IN of) (NP (NP (NNS courses)) (PP (IN in) (NP (PRP$ your) (NN course) (NN schedule)))))) (VP (VBP are) (VP (VBG going) (S (VP (TO to) (VP (VB help) (S (NP (PRP you)) (VP (VB get) (NP (DT that) (NN career))))))))) (. .))) 
146,13,15,that,career,The minority of courses in your course schedule will lead you towards that fall-back career .,(ROOT (S (NP (NP (DT The) (NN minority)) (PP (IN of) (NP (NP (NNS courses)) (PP (IN in) (NP (PRP$ your) (NN course) (NN schedule)))))) (VP (MD will) (VP (VB lead) (NP (PRP you)) (PP (IN towards) (NP (DT that) (JJ fall-back) (NN career))))) (. .))) 
155,9,11,that,field,What type of things does a person in that career field know ?,(ROOT (SBARQ (WHNP (WHNP (WDT What) (NN type)) (PP (IN of) (NP (NNS things)))) (SQ (VBZ does) (NP (NP (DT a) (NN person)) (PP (IN in) (NP (DT that) (NN career) (NN field)))) (VP (VB know))) (. ?))) 
163,10,11,that,career,What courses do I need to take to get that career ?,(ROOT (SBARQ (WHNP (WDT What) (NNS courses)) (SQ (VBP do) (NP (PRP I)) (VP (VB need) (S (VP (TO to) (VP (VB take) (S (VP (TO to) (VP (VB get) (NP (DT that) (NN career)))))))))) (. ?))) 
168,8,9,that,career,Do the courses I take here for that career -- transfer to a different school ?,(ROOT (SQ (VP (VB Do) (NP (NP (DT the) (NNS courses)) (SBAR (S (NP (PRP I)) (VP (VBP take) (ADVP (RB here)) (PP (IN for) (NP (NP (DT that) (NN career)) (: --) (NP (NP (NN transfer)) (PP (TO to) (NP (DT a) (JJ different) (NN school))))))))))) (. ?))) 
172,5,6,that,school,What courses transfer to that school ?,(ROOT (SBARQ (WHNP (WDT What) (NNS courses)) (SQ (VP (VBP transfer) (PP (TO to) (NP (DT that) (NN school))))) (. ?))) 
183,11,12,that,career,I need to take certain types of courses to get that career .,(ROOT (S (NP (PRP I)) (VP (VBP need) (S (VP (TO to) (VP (VB take) (NP (NP (JJ certain) (NNS types)) (PP (IN of) (NP (NNS courses)))) (S (VP (TO to) (VP (VB get) (NP (DT that) (NN career))))))))) (. .))) 
184,10,11,those,course,"If my current school does not have all of those courses , but they have a few , what courses transfer to another school ?","(ROOT (SBARQ (SBAR (IN If) (S (S (NP (PRP$ my) (JJ current) (NN school)) (VP (VBZ does) (RB not) (VP (VB have) (NP (NP (DT all)) (PP (IN of) (NP (DT those) (NNS courses))))))) (, ,) (CC but) (S (NP (PRP they)) (VP (VBP have) (NP (DT a) (JJ few)))))) (, ,) (WHNP (WDT what) (NNS courses)) (SQ (VBP transfer) (PP (TO to) (NP (DT another) (NN school)))) (. ?))) "
185,6,7,these,course,How can I be assured these courses transfer ?,(ROOT (SBARQ (WHADVP (WRB How)) (SQ (MD can) (NP (PRP I)) (VP (VB be) (VP (VBN assured) (S (NP (DT these) (NNS courses)) (VP (VB transfer)))))) (. ?))) 
186,4,6,these,transfer,I need proof these courses transfer .,(ROOT (S (NP (PRP I)) (VP (VBP need) (S (NP (NN proof)) (NP (DT these) (NNS courses) (NN transfer)))) (. .))) 
191,2,3,this,wikibook,In this wikibook I recommend someone take a few years of a modern language and mathematics .,(ROOT (S (PP (IN In) (NP (DT this) (NN wikibook))) (NP (PRP I)) (VP (VBP recommend) (S (NP (NN someone)) (VP (VB take) (NP (NP (DT a) (JJ few) (NNS years)) (PP (IN of) (NP (DT a) (JJ modern) (NN language) (CC and) (NN mathematics))))))) (. .))) 
199,10,11,that,counsler,"Talk with one college 's counsler , and get that counsler to talk about courses being transferable or not .","(ROOT (NP (NP (NP (NN Talk)) (UCP (PP (IN with) (NP (NP (CD one) (NN college) (POS 's)) (NN counsler))) (, ,) (CC and) (S (VP (VB get) (NP (DT that) (NN counsler) (S (VP (TO to) (VP (VB talk))))))))) (PP (IN about) (NP (NP (NNS courses)) (VP (VBG being) (ADJP (JJ transferable) (CC or) (RB not))))) (. .))) "
205,14,16,those,course,The wise who want to transfer to a different college may not take those unrelated courses right away .,(ROOT (S (NP (NP (DT The) (JJ wise)) (SBAR (WHNP (WP who)) (S (VP (VBP want) (S (VP (TO to) (VP (VB transfer) (PP (TO to) (NP (DT a) (JJ different) (NN college)))))))))) (VP (MD may) (RB not) (VP (VB take) (NP (DT those) (JJ unrelated) (NNS courses)) (ADVP (RB right) (RB away)))) (. .))) 
216,19,20,these,course,"** Mathematics : ** * Calculus and above If a college were to be shrewd and not accept these courses , a person could simply test out ; the nice thing about choosing this type of courses is its ease to be quickly reviewed to pass a test .","(ROOT (FRAG (SBAR (X (SYM **)) (S (NP (NNPS Mathematics)) (: :) (SBAR (X (SYM **)) (S (SBAR (X (SYM *)) (S (PP (NP (NP (NNPS Calculus)) (CC and) (ADVP (IN above))) (IN If)) (NP (DT a) (NN college)) (VP (VBD were) (S (VP (TO to) (VP (VP (VB be) (ADJP (JJ shrewd))) (CC and) (RB not) (VP (VB accept) (NP (DT these) (NNS courses))))))))) (, ,) (NP (DT a) (NN person)) (VP (MD could) (ADVP (RB simply)) (VP (VB test) (PRT (RP out)) (NP (NP (: ;) (NP (DT the) (JJ nice) (NN thing)) (PP (IN about) (S (VP (VBG choosing) (NP (DT this) (NN type)))))) (PP (IN of) (NP (NNS courses)))))))) (VP (VBZ is) (NP (PRP$ its) (NN ease) (S (VP (TO to) (VP (VB be) (VP (ADVP (RB quickly)) (VBN reviewed) (S (VP (TO to) (VP (VB pass) (NP (DT a) (NN test))))))))))))) (. .))) "
216,34,35,this,type,"** Mathematics : ** * Calculus and above If a college were to be shrewd and not accept these courses , a person could simply test out ; the nice thing about choosing this type of courses is its ease to be quickly reviewed to pass a test .","(ROOT (FRAG (SBAR (X (SYM **)) (S (NP (NNPS Mathematics)) (: :) (SBAR (X (SYM **)) (S (SBAR (X (SYM *)) (S (PP (NP (NP (NNPS Calculus)) (CC and) (ADVP (IN above))) (IN If)) (NP (DT a) (NN college)) (VP (VBD were) (S (VP (TO to) (VP (VP (VB be) (ADJP (JJ shrewd))) (CC and) (RB not) (VP (VB accept) (NP (DT these) (NNS courses))))))))) (, ,) (NP (DT a) (NN person)) (VP (MD could) (ADVP (RB simply)) (VP (VB test) (PRT (RP out)) (NP (NP (: ;) (NP (DT the) (JJ nice) (NN thing)) (PP (IN about) (S (VP (VBG choosing) (NP (DT this) (NN type)))))) (PP (IN of) (NP (NNS courses)))))))) (VP (VBZ is) (NP (PRP$ its) (NN ease) (S (VP (TO to) (VP (VB be) (VP (ADVP (RB quickly)) (VBN reviewed) (S (VP (TO to) (VP (VB pass) (NP (DT a) (NN test))))))))))))) (. .))) "
224,4,5,those,group,"Whether you fit those group of people or not , this guide is to excel your learning in the English language .","(ROOT (S (SBAR (IN Whether) (S (NP (PRP you)) (VP (VBP fit) (NP (NP (DT those) (NN group)) (PP (IN of) (NP (NP (NNS people)) (CC or) (NP (RB not)))))))) (, ,) (NP (DT this) (NN guide)) (VP (VBZ is) (S (VP (TO to) (VP (VB excel) (NP (PRP$ your) (NN learning)) (PP (IN in) (NP (DT the) (NNP English) (NN language))))))) (. .))) "
224,11,12,this,guide,"Whether you fit those group of people or not , this guide is to excel your learning in the English language .","(ROOT (S (SBAR (IN Whether) (S (NP (PRP you)) (VP (VBP fit) (NP (NP (DT those) (NN group)) (PP (IN of) (NP (NP (NNS people)) (CC or) (NP (RB not)))))))) (, ,) (NP (DT this) (NN guide)) (VP (VBZ is) (S (VP (TO to) (VP (VB excel) (NP (PRP$ your) (NN learning)) (PP (IN in) (NP (DT the) (NNP English) (NN language))))))) (. .))) "
226,10,11,this,wikibook,"I ca n't make you a great writer in this wikibook , nor am I a `` great '' writer myself .","(ROOT (S (NP (PRP I)) (VP (VP (MD ca) (RB n't) (VP (VB make) (S (NP (PRP you)) (NP (NP (DT a) (JJ great) (NN writer)) (PP (IN in) (NP (DT this) (NN wikibook))))))) (, ,) (CC nor) (VP (VBP am) (NP (PRP I) (NP (NP (DT a) (`` ``) (JJ great) ('' '') (NN writer)) (NP (PRP myself)))))) (. .))) "
233,15,16,that,length,"A typical college paper will be about five pages in length ; and within that length , some grammar and spelling mistakes could be made .","(ROOT (S (S (NP (DT A) (JJ typical) (NN college) (NN paper)) (VP (MD will) (VP (VB be) (NP (NP (QP (RB about) (CD five)) (NNS pages)) (PP (IN in) (NP (NN length))))))) (: ;) (CC and) (S (PP (IN within) (NP (DT that) (NN length))) (, ,) (NP (DT some) (NP (NN grammar) (CC and) (NN spelling)) (NNS mistakes)) (VP (MD could) (VP (VB be) (VP (VBN made))))) (. .))) "
240,5,6,this,stuff,Do n't think learning this stuff is too much trouble .,(ROOT (S (S (VP (VBP Do) (RB n't) (VP (VB think) (S (VP (VBG learning) (NP (DT this) (NN stuff))))))) (VP (VBZ is) (NP (ADJP (RB too) (JJ much)) (NN trouble))) (. .))) 
254,11,12,this,stuff,"* * * By the time you 're done learning this stuff , you ought to be able to diagram a sentence , make corrections in Wikipedia projects , and make a coherent paragraph with style .","(ROOT (S (SBAR (X (SYM *)) (S (S (X (SYM *)) (X (X (SYM *)) (PP (IN By) (NP (DT the) (NN time)))) (NP (PRP you)) (VP (VBP 're) (VP (VBN done) (S (VP (VBG learning) (NP (DT this) (NN stuff))))))) (, ,) (S (NP (PRP you)) (VP (MD ought) (S (VP (TO to) (VP (VB be) (ADJP (JJ able) (PP (TO to) (NP (NP (NN diagram)) (NP (DT a) (NN sentence)))))))))))) (, ,) (S (VP (VBP make) (NP (NP (NNS corrections)) (PP (IN in) (NP (NNP Wikipedia) (NNS projects)))))) (, ,) (CC and) (S (VP (VB make) (NP (DT a) (JJ coherent) (NN paragraph)) (PP (IN with) (NP (NN style))))) (. .))) "
260,14,15,this,webpage,I wanted to create a systemized way of becoming a decent writer through this webpage .,(ROOT (S (NP (PRP I)) (VP (VBD wanted) (S (VP (TO to) (VP (VB create) (NP (NP (DT a) (JJ systemized) (NN way)) (PP (IN of) (S (VP (VBG becoming) (NP (DT a) (JJ decent) (NN writer)) (PP (IN through) (NP (DT this) (NN webpage))))))))))) (. .))) 
278,26,27,these,philosophy,"Regardless of their efforts , they tried their best to represent their ideal pathway : * < http://en.wikipedia.org/wiki/Philosophy_of_language > Every term you ever read from these philosophy webpages is very important ; however , remembering them all is daunting .","(ROOT (S (S (ADVP (RB Regardless) (PP (IN of) (NP (PRP$ their) (NNS efforts)))) (, ,) (NP (PRP they)) (VP (VBD tried) (NP (PRP$ their) (JJS best)) (S (VP (TO to) (VP (VB represent) (NP (PRP$ their) (JJ ideal) (NN pathway))))))) (: :) (S (SBAR (X (X (X (SYM *)) (NP (JJR <) (NN http://en.wikipedia.org/wiki/Philosophy_of_language))) (NP (NP (JJR >)) (NP (DT Every) (NN term)))) (S (NP (PRP you)) (ADVP (RB ever)) (VP (VBD read) (PP (IN from) (NP (DT these) (NN philosophy)))))) (NP (NNS webpages)) (VP (VBZ is) (ADJP (RB very) (JJ important)))) (: ;) (S (ADVP (RB however)) (, ,) (S (VP (VBG remembering) (NP (PRP them)))) (NP (DT all)) (VP (VBZ is) (NP (VBG daunting)))) (. .))) "
279,10,11,these,thing,"Therefore , it is suggested that you look over these things at least one hour a day and try to memorize and understand them .","(ROOT (S (ADVP (RB Therefore)) (, ,) (NP (PRP it)) (VP (VBZ is) (VP (VBN suggested) (SBAR (IN that) (S (NP (PRP you)) (VP (VP (VBP look) (PP (IN over) (NP (NP (DT these) (NNS things)) (ADVP (IN at) (JJS least)) (NP (NP (CD one) (NN hour)) (NP (DT a) (NN day)))))) (CC and) (VP (VB try) (S (VP (TO to) (VP (VB memorize) (CC and) (VB understand) (NP (PRP them))))))))))) (. .))) "
282,7,8,that,fact,And you might as well learn that fact by stepping up your knowledge of language .,(ROOT (S (CC And) (NP (PRP you)) (VP (MD might) (ADVP (RB as) (RB well)) (VP (VB learn) (NP (DT that) (NN fact)) (PP (IN by) (S (VP (VBG stepping) (PRT (RP up)) (NP (NP (PRP$ your) (NN knowledge)) (PP (IN of) (NP (NN language))))))))) (. .))) 
295,25,26,this,wikibook,"* Read this : < http://en.wikipedia.org/wiki/Prescription_and_description > * Review this : < http://en.wikipedia.org/wiki/Prescription_and_description#Prescription_and_description > * Read this : < http://en.wikipedia.org/wiki/Descriptive_linguistics > Note : Because this Wikibook is slanted and written mostly in English , it will be focusing on English grammar .","(ROOT (S (SBAR (X (SYM *)) (S (S (VP (VP (VB Read) (NP (NP (NP (DT this)) (: :) (NP (NP (JJR <) (NN http://en.wikipedia.org/wiki/Prescription_and_description)) (NP (JJR >)))) (X (X (SYM *)) (NP (NP (NN Review)) (NP (DT this)))))) (: :) (NP (NP (JJR <) (NN http://en.wikipedia.org/wiki/Prescription_and_description#Prescription_and_description)) (ADJP (ADJP (JJR >)) (SBAR (X (SYM *)) (S (S (VP (VB Read) (NP (NP (NP (DT this)) (: :) (NP (JJR <) (NNS http://en.wikipedia.org/wiki/Descriptive_linguistics))) (X (NP (JJR >) (NN Note)) (: :) (PP (IN Because) (NP (DT this) (NN Wikibook))))))) (VP (VBZ is) (VP (VBN slanted))))))))) (CC and) (S (VP (VBN written) (ADVP (RB mostly)) (PP (IN in) (NP (NNP English))))))) (, ,) (NP (PRP it)) (VP (MD will) (VP (VB be) (VP (VBG focusing) (PP (IN on) (NP (NNP English) (NN grammar)))))) (. .))) "
302,2,3,this,situation,"In this situation , you would walk through the library , find the book catalogue , grab some grammar books , and finally sit down somewhere to read them .","(ROOT (S (PP (IN In) (NP (DT this) (NN situation))) (, ,) (NP (PRP you)) (VP (MD would) (VP (VP (VB walk) (PP (IN through) (NP (DT the) (NN library)))) (, ,) (VP (VB find) (NP (DT the) (NN book) (NN catalogue))) (, ,) (VP (VB grab) (NP (DT some) (NN grammar) (NNS books))) (, ,) (CC and) (VP (ADVP (RB finally)) (VB sit) (ADVP (RP down) (RB somewhere)) (S (VP (TO to) (VP (VB read) (NP (PRP them)))))))) (. .))) "
303,2,3,those,intellectual,"For those intellectuals out there , you could look for multiple science books , take them to a desk , and start reading .","(ROOT (S (PP (IN For) (NP (NP (DT those) (NNS intellectuals)) (PP (IN out) (NP (RB there))))) (, ,) (NP (PRP you)) (VP (MD could) (VP (VP (VB look) (PP (IN for) (NP (JJ multiple) (NN science) (NNS books)))) (, ,) (VP (VB take) (NP (PRP them)) (PP (TO to) (NP (DT a) (NN desk)))) (, ,) (CC and) (VP (VB start) (S (VP (VBG reading)))))) (. .))) "
306,2,3,this,situation,"In this situation , one of the best things to do is consult a grammar book .","(ROOT (S (PP (IN In) (NP (DT this) (NN situation))) (, ,) (NP (NP (CD one)) (PP (IN of) (NP (DT the) (JJS best) (NNS things))) (S (VP (TO to) (VP (VB do))))) (VP (VBZ is) (VP (VB consult) (NP (DT a) (NN grammar) (NN book)))) (. .))) "
325,16,17,those,term,"As with most books , write down all terms you do n't understand ; research those terms to gain a better understanding of them .","(ROOT (S (S (PP (IN As) (PP (IN with) (NP (JJS most) (NNS books)))) (, ,) (S (VP (VB write) (PRT (RP down)) (NP (DT all) (NNS terms)))) (NP (PRP you)) (VP (VBP do) (RB n't) (VP (VB understand)))) (: ;) (S (NP (NP (NN research)) (NP (DT those) (NNS terms))) (VP (TO to) (VP (VB gain) (NP (NP (DT a) (JJR better) (NN understanding)) (PP (IN of) (NP (PRP them))))))) (. .))) "
328,10,11,this,term,"# Rhetoric You may or may not have heard this term , but it will be a valuable term .","(ROOT (S (S (NP (NP (# #) (NNP Rhetoric)) (ADVP (PRP You))) (VP (MD may) (CC or) (MD may) (RB not) (VP (VB have) (VP (VBN heard) (NP (DT this) (NN term)))))) (, ,) (CC but) (S (NP (PRP it)) (VP (MD will) (VP (VB be) (NP (DT a) (JJ valuable) (NN term))))) (. .))) "
364,24,26,that,meal,"By using rhetorical figures in different situations , and throwing them around like spices in a dish , you 'll be working toward that perfect meal that earns 5 stars on presentation and taste .","(ROOT (S (PP (IN By) (S (VP (VP (VBG using) (NP (JJ rhetorical) (NNS figures)) (PP (IN in) (NP (JJ different) (NNS situations)))) (, ,) (CC and) (VP (VBG throwing) (NP (PRP them)) (PRT (RP around)) (PP (IN like) (NP (NNS spices))) (PP (IN in) (NP (DT a) (NN dish))))))) (, ,) (NP (PRP you)) (VP (MD 'll) (VP (VB be) (VP (VBG working) (PP (IN toward) (NP (NP (DT that) (JJ perfect) (NN meal)) (SBAR (WHNP (WDT that)) (S (VP (VBZ earns) (NP (NP (CD 5) (NNS stars)) (PP (IN on) (NP (NN presentation) (CC and) (NN taste)))))))))))) (. .))) "
370,14,15,that,website,"However , we 're going to focus on a few main parts of that website -LRB- Silva Rhetoricae -RRB- : 1 .","(ROOT (S (ADVP (RB However)) (, ,) (NP (PRP we)) (VP (VBP 're) (VP (VBG going) (S (VP (TO to) (VP (VB focus) (PP (IN on) (NP (NP (DT a) (JJ few) (JJ main) (NNS parts)) (PP (IN of) (NP (NP (DT that) (NN website)) (PRN (-LRB- -LRB-) (NP (NNP Silva) (NNP Rhetoricae)) (-RRB- -RRB-)) (: :) (NP (CD 1))))))))))) (. .))) "
374,15,16,this,part,Practice -LRB- `` exercitatio '' `` imitatio '' -RRB- -LRB- These were taken from this part of that website : < http://humanities.byu.edu/rhetoric/Rhetorical%20Ability/ABILITY.HTM > -RRB- ## Content and Form You ever hear about a person analyzing a text ?,(ROOT (NP (NP (NP (NP (NN Practice)) (PRN (-LRB- -LRB-) (NP (NP (`` ``) (NN exercitatio) ('' '')) (NP (`` ``) (NN imitatio) ('' ''))) (-RRB- -RRB-))) (PRN (-LRB- -LRB-) (S (NP (DT These)) (VP (VBD were) (VP (VBN taken) (PP (IN from) (NP (NP (DT this) (NN part)) (PP (IN of) (NP (DT that) (NN website))))) (: :) (NP (NP (JJR <) (NN http://humanities.byu.edu/rhetoric/Rhetorical%20Ability/ABILITY.HTM)) (JJR >))))) (-RRB- -RRB-))) (NP (NP (CD ##) (NN Content)) (CC and) (NP (NP (NN Form)) (SBAR (S (NP (PRP You)) (ADVP (RB ever)) (VP (VBP hear) (PP (IN about) (NP (NP (DT a) (NN person)) (VP (VBG analyzing) (NP (DT a) (NN text)))))))))) (. ?))) 
374,18,19,that,website,Practice -LRB- `` exercitatio '' `` imitatio '' -RRB- -LRB- These were taken from this part of that website : < http://humanities.byu.edu/rhetoric/Rhetorical%20Ability/ABILITY.HTM > -RRB- ## Content and Form You ever hear about a person analyzing a text ?,(ROOT (NP (NP (NP (NP (NN Practice)) (PRN (-LRB- -LRB-) (NP (NP (`` ``) (NN exercitatio) ('' '')) (NP (`` ``) (NN imitatio) ('' ''))) (-RRB- -RRB-))) (PRN (-LRB- -LRB-) (S (NP (DT These)) (VP (VBD were) (VP (VBN taken) (PP (IN from) (NP (NP (DT this) (NN part)) (PP (IN of) (NP (DT that) (NN website))))) (: :) (NP (NP (JJR <) (NN http://humanities.byu.edu/rhetoric/Rhetorical%20Ability/ABILITY.HTM)) (JJR >))))) (-RRB- -RRB-))) (NP (NP (CD ##) (NN Content)) (CC and) (NP (NP (NN Form)) (SBAR (S (NP (PRP You)) (ADVP (RB ever)) (VP (VBP hear) (PP (IN about) (NP (NP (DT a) (NN person)) (VP (VBG analyzing) (NP (DT a) (NN text)))))))))) (. ?))) 
400,3,4,this,website,They use this website because the website will delete any articles or writings created when the writer wishes to delete the journal .,(ROOT (S (NP (PRP They)) (VP (VBP use) (NP (DT this) (NN website)) (SBAR (IN because) (S (NP (DT the) (NN website)) (VP (MD will) (VP (VB delete) (NP (NP (DT any) (NNS articles) (CC or) (NNS writings)) (VP (VBN created) (SBAR (WHADVP (WRB when)) (S (NP (DT the) (NN writer)) (VP (VBZ wishes) (S (VP (TO to) (VP (VB delete) (NP (DT the) (NN journal))))))))))))))) (. .))) 
402,4,5,this,behavior,The cause for this behavior is because of copyright infringement and other legal mumbo-jumbo .,(ROOT (S (NP (NP (DT The) (NN cause)) (PP (IN for) (NP (DT this) (NN behavior)))) (VP (VBZ is) (PP (IN because) (IN of) (NP (NP (NN copyright) (NN infringement)) (CC and) (NP (JJ other) (JJ legal) (NN mumbo-jumbo))))) (. .))) 
407,3,5,these,thing,Looking for these key things and correcting them is what helps establish a decent writer .,(ROOT (S (S (VP (VP (VBG Looking) (PP (IN for) (NP (DT these) (JJ key) (NNS things)))) (CC and) (VP (VBG correcting) (NP (PRP them))))) (VP (VBZ is) (SBAR (WHNP (WP what)) (S (VP (VBZ helps) (VP (VB establish) (NP (DT a) (JJ decent) (NN writer))))))) (. .))) 
419,33,34,this,belief,"## Style and Rhetoric Although this may be a simple commentary I created in light of style and rhetoric , it may be of use to some people : Social psychology holds this belief that there are a few ways to distract a person and persuade him or her .","(ROOT (NP (NP (NP (NN ##) (NN Style)) (CC and) (NP (NP (NNP Rhetoric)) (SBAR (S (SBAR (IN Although) (S (NP (DT this)) (VP (MD may) (VP (VB be) (NP (NP (DT a) (JJ simple) (NN commentary)) (SBAR (S (NP (PRP I)) (VP (VBD created) (PP (IN in) (NP (NP (NN light)) (PP (IN of) (NP (NN style) (CC and) (NN rhetoric))))))))))))) (, ,) (NP (PRP it)) (VP (MD may) (VP (VB be) (PP (IN of) (NP (NN use))) (PP (TO to) (NP (DT some) (NNS people))))))))) (: :) (S (NP (NNP Social) (NN psychology)) (VP (VBZ holds) (NP (DT this) (NN belief)) (SBAR (IN that) (S (NP (EX there)) (VP (VBP are) (NP (DT a) (JJ few) (NNS ways) (S (VP (TO to) (VP (VP (VB distract) (NP (DT a) (NN person))) (CC and) (VP (VB persuade) (NP (NP (PRP him)) (CC or) (NP (PRP her))))))))))))) (. .))) "
420,16,17,this,distraction,"A person is easier to persuade when he or she is distracted ; however , this distraction must not foreshadow manipulation .","(ROOT (S (S (NP (DT A) (NN person)) (VP (VBZ is) (ADJP (JJR easier)) (S (VP (TO to) (VP (VB persuade) (SBAR (WHADVP (WRB when)) (S (NP (PRP he) (CC or) (PRP she)) (VP (VBZ is) (VP (VBN distracted)))))))))) (: ;) (S (ADVP (RB however)) (, ,) (NP (DT this) (NN distraction)) (VP (MD must) (RB not) (VP (VB foreshadow) (NP (NN manipulation))))) (. .))) "
443,10,11,that,sentence,"Afterwards , you could use transitions to go from that sentence to this sentence .","(ROOT (S (ADVP (RB Afterwards)) (, ,) (NP (PRP you)) (VP (MD could) (VP (VB use) (S (NP (NNS transitions)) (VP (TO to) (VP (VB go) (PP (IN from) (NP (DT that) (NN sentence))) (PP (TO to) (NP (DT this) (NN sentence)))))))) (. .))) "
443,13,14,this,sentence,"Afterwards , you could use transitions to go from that sentence to this sentence .","(ROOT (S (ADVP (RB Afterwards)) (, ,) (NP (PRP you)) (VP (MD could) (VP (VB use) (S (NP (NNS transitions)) (VP (TO to) (VP (VB go) (PP (IN from) (NP (DT that) (NN sentence))) (PP (TO to) (NP (DT this) (NN sentence)))))))) (. .))) "
444,3,4,this,sentence,"However , this sentence may not be as apparent as the last sentence .","(ROOT (S (ADVP (RB However)) (, ,) (NP (DT this) (NN sentence)) (VP (MD may) (RB not) (VP (VB be) (ADJP (RB as) (JJ apparent) (PP (IN as) (NP (DT the) (JJ last) (NN sentence)))))) (. .))) "
445,10,11,that,statement,"Of course , one could make an argument about that statement ... Do you notice the coherence ?","(ROOT (S (S (PP (IN Of) (NP (NN course))) (, ,) (NP (CD one)) (VP (MD could) (VP (VB make) (NP (DT an) (NN argument)) (PP (IN about) (NP (DT that) (NN statement)))))) (: ...) (SQ (VBP Do) (NP (PRP you)) (VP (VB notice) (NP (DT the) (NN coherence)))) (. ?))) "
451,4,5,this,part,This is why this part of the wikibook suggests people read through the Internet texts recommended in the previous section .,(ROOT (S (NP (DT This)) (VP (VBZ is) (SBAR (WHADVP (WRB why)) (S (NP (NP (DT this) (NN part)) (PP (IN of) (NP (DT the) (NN wikibook)))) (VP (VBZ suggests) (S (NP (NNS people)) (VP (VB read) (PP (IN through) (NP (NP (DT the) (NN Internet) (NNS texts)) (VP (VBN recommended) (PP (IN in) (NP (DT the) (JJ previous) (NN section)))))))))))) (. .))) 
462,30,31,this,wikibook,"## My Favorite Way to Save Files * * * * -LRB- -LRB- Source : < http://www.writingforums.com/showthread.php?t=64789 > -RRB- -RRB- Thread was created by Cyberman -LRB- Kamisama -RRB- , this Wikibook 's creator .","(ROOT (S (S (NP (NN ##)) (VP (NP (PRP$ My) (JJ Favorite) (NN Way) (S (VP (TO to) (VP (VB Save) (NP (NP (NP (NNS Files)) (PP (SYM *) (X (SYM *))) (X (SYM *))) (X (SYM *))))))) (PRN (-LRB- -LRB-) (FRAG (-LRB- -LRB-) (NP (NN Source)) (: :) (NP (NP (JJR <)) (NP (NP (CD http://www.writingforums.com/showthread.php?t=64789)) (JJR >))) (-RRB- -RRB-)) (-RRB- -RRB-)))) (NP (NN Thread)) (VP (VBD was) (VP (VBN created) (PP (IN by) (NP (NP (NP (NNP Cyberman)) (PRN (-LRB- -LRB-) (NP (NNP Kamisama)) (-RRB- -RRB-))) (, ,) (NP (NP (DT this) (NN Wikibook) (POS 's)) (NN creator)))))) (. .))) "
467,13,14,this,disaster,And I had to hustle and move very quickly to recover from this disaster .,(ROOT (S (CC And) (NP (PRP I)) (VP (VBD had) (S (VP (TO to) (VP (VB hustle) (CC and) (VB move)))) (S (ADVP (RB very) (RB quickly)) (VP (TO to) (VP (VB recover) (PP (IN from) (NP (DT this) (NN disaster))))))) (. .))) 
470,10,11,those,thing,"But I lost my jumpdrive ; and even though those things are fun to use , they can be lost , too .","(ROOT (S (CC But) (S (NP (PRP I)) (VP (VBD lost) (NP (PRP$ my) (NN jumpdrive)))) (: ;) (CC and) (S (SBAR (RB even) (IN though) (S (NP (DT those) (NNS things)) (VP (VBP are) (NP (NN fun) (S (VP (TO to) (VP (VB use)))))))) (, ,) (NP (PRP they)) (VP (MD can) (VP (VB be) (VP (VBN lost) (, ,) (ADVP (RB too)))))) (. .))) "
482,8,9,that,day,So what was I to do from that day forward ?,(ROOT (SBARQ (RB So) (WHNP (WP what)) (SQ (VBD was) (NP (NP (PRP I)) (S (VP (TO to) (VP (VB do) (PP (IN from) (NP (DT that) (NN day))) (ADVP (RB forward))))))) (. ?))) 
486,4,5,this,predicament,I thought about this predicament ; I did n't want it to happen again .,(ROOT (S (S (NP (PRP I)) (VP (VBD thought) (NP (RB about) (DT this) (NN predicament)))) (: ;) (S (NP (PRP I)) (VP (VBD did) (RB n't) (VP (VB want) (S (NP (PRP it)) (VP (TO to) (VP (VB happen) (ADVP (RB again)))))))) (. .))) 
512,9,10,that,file,"When a person wishes to gain access to that file , all he or she has to do is go into the drafts folder and edit the file .","(ROOT (S (SBAR (WHADVP (WRB When)) (S (NP (DT a) (NN person)) (VP (VBZ wishes) (S (VP (TO to) (VP (VB gain) (NP (NN access)) (PP (TO to) (NP (DT that) (NN file))))))))) (, ,) (NP (NP (DT all)) (SBAR (S (NP (PRP he) (CC or) (PRP she)) (VP (VBZ has) (S (VP (TO to) (VP (VB do)))))))) (VP (VBZ is) (VP (VP (VB go) (PP (IN into) (NP (DT the) (NNS drafts) (NN folder)))) (CC and) (VP (VB edit) (NP (DT the) (NN file))))) (. .))) "
513,4,5,that,copy,"If someone wants that copy to be written in stone , then all one has to do is click `` send . ''","(ROOT (S (SBAR (IN If) (S (S (NP (NN someone)) (VP (VBZ wants) (NP (DT that) (NN copy) (S (VP (TO to) (VP (VB be) (VP (VBN written) (PP (IN in) (NP (NN stone)))))))))) (, ,) (RB then) (S (NP (DT all) (CD one)) (VP (VBZ has) (S (VP (TO to) (VP (VB do)))))))) (VP (VBZ is) (VP (VB click) (S (`` ``) (VP (VB send))))) (. .) ('' ''))) "
523,2,3,these,reason,"For these reasons , I have been using GMail whenever I have something important to type up .","(ROOT (S (PP (IN For) (NP (DT these) (NNS reasons))) (, ,) (NP (PRP I)) (VP (VBP have) (VP (VBN been) (VP (VBG using) (NP (NN GMail)) (SBAR (WHADVP (WRB whenever)) (S (NP (PRP I)) (VP (VBP have) (NP (NP (NN something)) (ADJP (JJ important) (PP (TO to) (NP (NN type))))) (PP (RP up)))))))) (. .))) "
532,16,18,this,transition,"By structure , I mean the way everything fits together in a smooth transition : this smooth transition is also known as style .","(ROOT (S (S (PP (IN By) (NP (NN structure))) (, ,) (NP (PRP I)) (VP (VBP mean) (SBAR (S (NP (DT the) (NN way) (NN everything)) (VP (VBZ fits) (ADVP (RB together)) (PP (IN in) (NP (DT a) (JJ smooth) (NN transition)))))))) (: :) (S (NP (DT this) (JJ smooth) (NN transition)) (VP (VBZ is) (ADVP (RB also)) (VP (VBN known) (PP (IN as) (NP (NN style)))))) (. .))) "
536,23,24,that,person,"Depending on one 's educational background , he or she may not remember how to use a semicolon or a colon ; that person may not even remember the difference between a semicolon and a colon .","(ROOT (S (S (PP (VBG Depending) (PP (IN on) (NP (NP (CD one) (POS 's)) (JJ educational) (NN background)))) (, ,) (NP (PRP he) (CC or) (PRP she)) (VP (MD may) (RB not) (VP (VB remember) (SBAR (WHADVP (WRB how)) (S (VP (TO to) (VP (VB use) (NP (NP (DT a) (NN semicolon)) (CC or) (NP (DT a) (NN colon)))))))))) (: ;) (S (NP (DT that) (NN person)) (VP (MD may) (RB not) (ADVP (RB even)) (VP (VB remember) (NP (NP (DT the) (NN difference)) (PP (IN between) (NP (NP (DT a) (NN semicolon)) (CC and) (NP (DT a) (NN colon)))))))) (. .))) "
537,2,10,that,writer,"Albeit that many early -LRB- before 1900 A.D. -RRB- writers used colons and semicolons in a fashionable way , it is recommended that someone flip through a grammar and style book for a definite way of writing with colons and semicolons .","(ROOT (S (PP (IN Albeit) (NP (NP (DT that) (ADJP (ADJP (JJ many) (JJ early)) (PRN (-LRB- -LRB-) (NP (ADVP (IN before) (NP (CD 1900))) (NNP A.D.)) (-RRB- -RRB-))) (NNS writers)) (VP (VBN used) (NP (NNS colons) (CC and) (NNS semicolons)) (PP (IN in) (NP (DT a) (JJ fashionable) (NN way)))))) (, ,) (NP (PRP it)) (VP (VBZ is) (VP (VBN recommended) (SBAR (IN that) (S (NP (NN someone)) (VP (VBP flip) (PP (IN through) (NP (NP (DT a) (NP (NN grammar) (CC and) (NN style)) (NN book)) (PP (IN for) (NP (NP (DT a) (JJ definite) (NN way)) (PP (IN of) (S (VP (VBG writing) (PP (IN with) (NP (NNS colons) (CC and) (NNS semicolons))))))))))))))) (. .))) "
571,4,5,these,thing,* What are these things connected to ?,(ROOT (FRAG (X (X (SYM *)) (NP (WP What))) (VP (VBP are) (ADJP (NP (DT these) (NNS things)) (VBN connected) (PP (TO to)))) (. ?))) 
580,8,9,this,environment,"They 'll question why they are in this environment , and they 'll want to get out of this odd and absurd predicament .","(ROOT (S (S (NP (PRP They)) (VP (MD 'll) (VP (VB question) (SBAR (WHADVP (WRB why)) (S (NP (PRP they)) (VP (VBP are) (PP (IN in) (NP (DT this) (NN environment))))))))) (, ,) (CC and) (S (NP (PRP they)) (VP (MD 'll) (VP (VB want) (S (VP (TO to) (VP (VB get) (PRT (IN out)) (PP (IN of) (NP (DT this) (ADJP (JJ odd) (CC and) (JJ absurd)) (NN predicament))))))))) (. .))) "
580,19,23,this,predicament,"They 'll question why they are in this environment , and they 'll want to get out of this odd and absurd predicament .","(ROOT (S (S (NP (PRP They)) (VP (MD 'll) (VP (VB question) (SBAR (WHADVP (WRB why)) (S (NP (PRP they)) (VP (VBP are) (PP (IN in) (NP (DT this) (NN environment))))))))) (, ,) (CC and) (S (NP (PRP they)) (VP (MD 'll) (VP (VB want) (S (VP (TO to) (VP (VB get) (PRT (IN out)) (PP (IN of) (NP (DT this) (ADJP (JJ odd) (CC and) (JJ absurd)) (NN predicament))))))))) (. .))) "
590,2,3,this,sense,"In this sense , understanding who created argumentation , what they intended it to be , and how it works will allow someone to better understand argumentation .","(ROOT (S (PP (IN In) (NP (DT this) (NN sense))) (, ,) (S (VP (VBG understanding) (SBAR (SBAR (WHNP (WP who)) (S (VP (VBD created) (NP (NP (NN argumentation)) (, ,) (SBAR (WHNP (WP what)) (S (NP (PRP they)) (VP (VBD intended) (S (NP (PRP it)) (VP (TO to) (VP (VB be))))))))))) (, ,) (CC and) (SBAR (WHADVP (WRB how)) (S (NP (PRP it)) (VP (VBZ works))))))) (VP (MD will) (VP (VB allow) (NP (NN someone)) (S (VP (TO to) (VP (ADVP (RBR better)) (VB understand) (NP (NN argumentation))))))) (. .))) "
605,17,18,that,version,"If there is an earlier version of the book , you might be able to use that version instead .","(ROOT (S (SBAR (IN If) (S (NP (EX there)) (VP (VBZ is) (NP (NP (DT an) (JJR earlier) (NN version)) (PP (IN of) (NP (DT the) (NN book))))))) (, ,) (NP (PRP you)) (VP (MD might) (VP (VB be) (ADJP (JJ able) (S (VP (TO to) (VP (VB use) (NP (DT that) (NN version)) (ADVP (RB instead)))))))) (. .))) "
612,12,13,this,topic,"However , it will give you a brief introduction to what this topic is all about .","(ROOT (S (ADVP (RB However)) (, ,) (NP (PRP it)) (VP (MD will) (VP (VB give) (NP (PRP you)) (NP (NP (DT a) (JJ brief) (NN introduction)) (SBAR (WHPP (TO to) (WHNP (WP what))) (S (NP (DT this) (NN topic)) (VP (VBZ is) (ADVP (DT all) (RB about)))))))) (. .))) "
613,6,7,this,first,I really suggest you read this first .,(ROOT (S (NP (PRP I)) (ADVP (RB really)) (VP (VBP suggest) (S (NP (PRP you)) (VP (VB read) (NP (DT this) (JJ first))))) (. .))) 
618,19,20,this,book,"If you 've read the previous book , you 'll be able to understand what 's discussed in this book .","(ROOT (S (SBAR (IN If) (S (NP (PRP you)) (VP (VBP 've) (VP (VBN read) (NP (DT the) (JJ previous) (NN book)))))) (, ,) (NP (PRP you)) (VP (MD 'll) (VP (VB be) (ADJP (JJ able) (S (VP (TO to) (VP (VB understand) (SBAR (WHNP (WP what)) (S (VP (VBZ 's) (VP (VBN discussed) (PP (IN in) (NP (DT this) (NN book))))))))))))) (. .))) "
637,17,18,this,research,"Although the previous book and other books might help help you scrutinize such a person , this research will help you get a better grasp to what 's expected of you as a student .","(ROOT (S (SBAR (IN Although) (S (NP (NP (DT the) (JJ previous) (NN book)) (CC and) (NP (JJ other) (NNS books))) (VP (MD might) (VP (VB help) (VP (VB help) (S (NP (PRP you)) (VP (VB scrutinize) (NP (PDT such) (DT a) (NN person))))))))) (, ,) (NP (DT this) (NN research)) (VP (MD will) (VP (VB help) (S (NP (PRP you)) (VP (VB get) (NP (DT a) (JJR better) (NN grasp)) (PP (TO to) (SBAR (WHNP (WP what)) (S (VP (VBZ 's) (VP (VBN expected) (PP (IN of) (NP (PRP you))) (PP (IN as) (NP (DT a) (NN student)))))))))))) (. .))) "
650,13,14,these,word,This history has so far allowed the person to live and read these words .,(ROOT (S (NP (DT This) (NN history)) (VP (VBZ has) (ADVP (RB so) (RB far)) (VP (VBN allowed) (NP (DT the) (NN person) (S (VP (TO to) (VP (VB live) (CC and) (VB read) (NP (DT these) (NNS words)))))))) (. .))) 
651,3,4,this,history,It is this history that enables a person to argue .,(ROOT (S (NP (PRP It)) (VP (VBZ is) (NP (NP (DT this) (NN history)) (SBAR (WHNP (WDT that)) (S (VP (VBZ enables) (NP (DT a) (NN person) (S (VP (TO to) (VP (VB argue)))))))))) (. .))) 
656,3,4,these,reason,"Along with these reasons comes out the conclusion , `` Therefore , I 'm not going to argue . ''","(ROOT (SINV (PP (IN Along) (PP (IN with) (NP (DT these) (NNS reasons)))) (VP (VBZ comes) (PRT (RP out))) (NP (DT the) (NN conclusion)) (, ,) (`` ``) (S (ADVP (RB Therefore)) (, ,) (NP (PRP I)) (VP (VBP 'm) (RB not) (VP (VBG going) (S (VP (TO to) (VP (VB argue))))))) (. .) ('' ''))) "
658,4,5,these,scenario,"In both of these scenarios , it is shown that argumentation is required in many cases .","(ROOT (S (PP (IN In) (NP (NP (DT both)) (PP (IN of) (NP (DT these) (NNS scenarios))))) (, ,) (NP (PRP it)) (VP (VBZ is) (VP (VBN shown) (SBAR (IN that) (S (NP (NN argumentation)) (VP (VBZ is) (VP (VBN required) (PP (IN in) (NP (JJ many) (NNS cases))))))))) (. .))) "
667,23,24,this,case,"One way to attack an argument is to attack one of its stated reasons -LRB- also called premises -RRB- , which in this case would be reason 1 .","(ROOT (S (NP (NP (CD One) (NN way)) (SBAR (S (VP (TO to) (VP (VB attack) (NP (DT an) (NN argument))))))) (VP (VBZ is) (S (VP (TO to) (VP (VB attack) (NP (NP (CD one)) (PP (IN of) (NP (NP (NP (PRP$ its) (VBN stated) (NNS reasons)) (PRN (-LRB- -LRB-) (VP (ADVP (RB also)) (VBN called) (NP (NNS premises))) (-RRB- -RRB-))) (, ,) (SBAR (WHNP (WDT which)) (S (PP (IN in) (NP (DT this) (NN case))) (VP (MD would) (VP (VB be) (NP (NN reason) (CD 1))))))))))))) (. .))) "
669,3,5,this,world,Things in this physical world are dependent on something else .,(ROOT (S (NP (NP (NNS Things)) (PP (IN in) (NP (DT this) (JJ physical) (NN world)))) (VP (VBP are) (ADJP (JJ dependent) (PP (IN on) (NP (NN something) (RB else))))) (. .))) 
670,5,6,this,universe,Nothing is independent in this universe .,(ROOT (S (NP (NN Nothing)) (VP (VBZ is) (ADJP (JJ independent) (PP (IN in) (NP (DT this) (NN universe))))) (. .))) 
672,7,9,this,world,* Premise 1 : Things in this physical world are dependent on other things .,(ROOT (FRAG (X (X (SYM *)) (NP (NN Premise) (CD 1))) (: :) (NP (NP (NNS Things)) (PP (IN in) (NP (NP (DT this) (JJ physical) (NN world)) (SBAR (S (VP (VBP are) (ADJP (JJ dependent) (PP (IN on) (NP (JJ other) (NNS things)))))))))) (. .))) 
673,9,10,this,universe,* Premise 2 : Nothing is independent in this universe .,(ROOT (FRAG (X (X (SYM *)) (NP (NN Premise) (CD 2))) (: :) (NP (NP (NN Nothing)) (SBAR (S (VP (VBZ is) (ADJP (JJ independent) (PP (IN in) (NP (DT this) (NN universe)))))))) (. .))) 
675,13,14,this,universe,"If you can somehow prove to me that you are independent of this universe , then maybe I 'll accept your conclusion .","(ROOT (S (SBAR (IN If) (S (NP (PRP you)) (VP (MD can) (ADVP (RB somehow)) (VP (VB prove) (PP (TO to) (NP (PRP me))) (SBAR (IN that) (S (NP (PRP you)) (VP (VBP are) (ADJP (JJ independent) (PP (IN of) (NP (DT this) (NN universe)))) (, ,) (ADVP (RB then) (RB maybe))))))))) (NP (PRP I)) (VP (MD 'll) (VP (VB accept) (NP (PRP$ your) (NN conclusion)))) (. .))) "
685,3,5,this,audience,"However , this ideal audience rarely , if ever , exists .","(ROOT (S (ADVP (RB However)) (, ,) (NP (NP (DT this) (JJ ideal) (NN audience)) (ADVP (RB rarely))) (, ,) (SBAR (IN if) (FRAG (ADVP (RB ever)))) (, ,) (VP (VBZ exists)) (. .))) "
708,23,24,this,case,"-LRB- unstated assumption -RRB- The unstated assumption -LRB- also known as `` warrant '' -RRB- is provided by the audience , in this case Person 2 .","(ROOT (S (NP (NP (NP (-LRB- -LRB-) (JJ unstated) (NN assumption) (-RRB- -RRB-)) (NP (DT The) (JJ unstated) (NN assumption))) (PRN (-LRB- -LRB-) (VP (ADVP (RB also)) (VBN known) (PP (IN as) (`` ``) (NP (NN warrant)) ('' ''))) (-RRB- -RRB-))) (VP (VBZ is) (VP (VBN provided) (PP (IN by) (NP (DT the) (NN audience))) (, ,) (PP (IN in) (NP (NP (DT this) (NN case)) (PP (NN Person) (NP (CD 2))))))) (. .))) "
719,8,9,these,people,"But the question is , Why do these people agree ?","(ROOT (S (CC But) (NP (DT the) (NN question)) (VP (VBZ is) (, ,) (SBARQ (WHADVP (WRB Why)) (SQ (VBP do) (NP (DT these) (NNS people)) (VP (VB agree))) (. ?))))) "
728,14,15,this,case,"Alonzo needs to pay a `` debt of respect , '' which in this case is a large sum of money , to the Russian gangster .","(ROOT (S (NP (NNP Alonzo)) (VP (VBZ needs) (S (VP (TO to) (VP (VB pay) (NP (NP (DT a) (`` ``) (NN debt)) (PP (IN of) (NP (NP (NN respect)) (, ,) ('' '') (SBAR (WHNP (WDT which)) (S (PP (IN in) (NP (DT this) (NN case))) (VP (VBZ is) (NP (NP (DT a) (JJ large) (NN sum)) (PP (IN of) (NP (NN money)))) (, ,) (PP (TO to) (NP (DT the) (JJ Russian) (NN gangster))))))))))))) (. .))) "
740,10,11,these,thing,* Reason 4 : Bad cops do n't do these things .,(ROOT (S (X (X (SYM *)) (NP (NN Reason) (CD 4))) (: :) (NP (JJ Bad) (NNS cops)) (VP (VBP do) (RB n't) (VP (VB do) (NP (DT these) (NNS things)))) (. .))) 
755,25,26,this,policy,< http://www.philosophy.eku.edu/Williams/RhetSum/default.htm > # Improving Reading Skills # Improving Reading Skills ### Read the Course Books Before the Semester Starts Many college students have this policy after learning `` the system '' to read the course books ahead of time .,(ROOT (S (NP (NP (JJR <) (NN http://www.philosophy.eku.edu/Williams/RhetSum/default.htm)) (SBAR (S (NP (NP (JJR >) (# #) (NN Improving)) (VP (VBG Reading) (NP (NNS Skills)) (NP-TMP (NP (NP (# #) (NN Improving)) (VP (VBG Reading) (NP (NNS Skills)))) (NP (CD ###))))) (VP (VB Read) (S (NP (DT the) (NNP Course) (NNPS Books)) (PP (IN Before) (NP (DT the) (NNP Semester)))))))) (VP (VBZ Starts) (SBAR (S (NP (JJ Many) (NN college) (NNS students)) (VP (VBP have) (NP (DT this) (NN policy)) (PP (IN after) (S (VP (VBG learning) (`` ``) (NP (DT the) (NN system)) ('' '') (S (VP (TO to) (VP (VB read) (NP (NP (DT the) (NN course) (NNS books)) (PP (RB ahead) (IN of) (NP (NN time)))))))))))))) (. .))) 
756,18,19,this,book,"Of course , this proposes many questions : * What am I suppose to be learning from this book ?","(ROOT (S (S (PP (IN Of) (NP (NN course))) (, ,) (NP (DT this)) (VP (VBZ proposes) (NP (JJ many) (NNS questions)))) (: :) (X (X (X (SYM *)) (NP (WP What))) (NP (SQ (VBP am) (NP (PRP I))) (VP (VB suppose) (S (VP (TO to) (VP (VB be) (VP (VBG learning) (PP (IN from) (NP (DT this) (NN book)))))))))) (. ?))) "
758,12,13,this,gibberish,Sometimes there is a lot of gibberish in college books ; this gibberish is put there to elongate things that could have been defined in three sentences instead of three paragraphs .,(ROOT (S (S (ADVP (RB Sometimes)) (NP (EX there)) (VP (VBZ is) (NP (NP (DT a) (NN lot)) (PP (IN of) (NP (NP (NN gibberish)) (PP (IN in) (NP (NN college) (NNS books)))))))) (: ;) (S (NP (DT this) (NN gibberish)) (VP (VBZ is) (VP (VBN put) (ADVP (RB there)) (S (VP (TO to) (VP (VB elongate) (NP (NP (NNS things)) (SBAR (WHNP (WDT that)) (S (VP (MD could) (VP (VB have) (VP (VBN been) (VP (VBN defined) (PP (IN in) (NP (NP (CD three) (NNS sentences)) (PP (RB instead) (IN of) (NP (CD three) (NNS paragraphs)))))))))))))))))) (. .))) 
769,19,21,this,page,"When you are done with 10 pages from one book , switch to the next book ; keep this 10 page revolving system going , until classes start or read a chapter and then switch books .","(ROOT (S (SBAR (WHADVP (WRB When)) (S (NP (PRP you)) (VP (VBP are) (VP (VBN done) (PP (IN with) (NP (NP (NP (CD 10) (NNS pages)) (PP (IN from) (NP (CD one) (NN book)))) (, ,) (NP (NP (NN switch)) (PP (TO to) (NP (DT the) (JJ next) (NN book)))) (: ;))))))) (VP (VB keep) (S (NP (DT this) (CD 10) (NN page)) (NP (NP (JJ revolving) (NN system)) (VP (VBG going) (, ,) (SBAR (IN until) (S (NP (NNS classes)) (VP (VP (VBP start) (CC or) (VBP read) (NP (DT a) (NN chapter))) (CC and) (VP (ADVP (RB then)) (VBP switch) (NP (NNS books)))))))))) (. .))) "
778,8,9,this,situation,_ The best thing to do in this situation is to write down the concept you do not understand _ .,(ROOT (S (NP (NP (NN _)) (SBAR (S (NP (DT The) (JJS best) (NN thing)) (VP (TO to) (VP (VB do) (PP (IN in) (NP (DT this) (NN situation)))))))) (VP (VBZ is) (S (VP (TO to) (VP (VB write) (PRT (RP down)) (NP (NP (DT the) (NN concept)) (SBAR (S (NP (PRP you)) (VP (VBP do) (RB not) (VP (VB understand) (NP (NN _))))))))))) (. .))) 
787,26,27,that,material,"Sometimes as a person moves on , he or she will find different material that is unrelated , so he or she can focus on that material , and later on the part he or she did not understand .","(ROOT (S (S (SBAR (ADVP (RB Sometimes)) (IN as) (S (NP (DT a) (NN person)) (VP (VBZ moves) (PP (IN on))))) (, ,) (NP (PRP he) (CC or) (PRP she)) (VP (MD will) (VP (VB find) (NP (NP (JJ different) (NN material)) (SBAR (WHNP (WDT that)) (S (VP (VBZ is) (ADJP (JJ unrelated))))))))) (, ,) (IN so) (S (NP (PRP he) (CC or) (PRP she)) (VP (MD can) (VP (VB focus) (PP (IN on) (NP (DT that) (NN material)))))) (, ,) (CC and) (S (ADVP (RB later) (PP (IN on) (NP (DT the) (NN part)))) (NP (PRP he) (CC or) (PRP she)) (VP (VBD did) (RB not) (VP (VB understand)))) (. .))) "
791,6,7,these,thing,"Otherwise , you could type these things in a word-processor .","(ROOT (S (ADVP (RB Otherwise)) (, ,) (NP (PRP you)) (VP (MD could) (VP (NN type) (NP (DT these) (NNS things)) (PP (IN in) (NP (DT a) (NN word-processor))))) (. .))) "
793,9,10,these,thing,"Afterwards , you could print another sheet of these things out and highlight the things you still do n't understand .","(ROOT (S (ADVP (RB Afterwards)) (, ,) (NP (PRP you)) (VP (MD could) (VP (VP (VB print) (NP (NP (DT another) (NN sheet)) (PP (IN of) (NP (DT these) (NNS things)))) (PRT (RP out))) (CC and) (VP (VB highlight) (NP (NP (DT the) (NNS things)) (SBAR (S (NP (PRP you)) (ADVP (RB still)) (VP (VBP do) (RB n't) (VP (VB understand))))))))) (. .))) "
830,10,11,these,day,"Finding things on the Internet has become very complex these days , and many people rant about having better information to offer than the competitor .","(ROOT (S (S (S (VP (VBG Finding) (NP (NNS things)) (PP (IN on) (NP (DT the) (NN Internet))))) (VP (VBZ has) (VP (VBN become) (S (ADJP (RB very) (JJ complex)) (NP-TMP (DT these) (NNS days)))))) (, ,) (CC and) (S (NP (JJ many) (NNS people)) (VP (NN rant) (PP (IN about) (S (VP (VBG having) (S (NP (JJR better) (NN information)) (VP (TO to) (VP (VB offer) (PP (IN than) (NP (DT the) (NN competitor))))))))))) (. .))) "
851,13,14,that,information,"If you want , you can use a scanner bed to copy that information from a book .","(ROOT (S (SBAR (IN If) (S (NP (PRP you)) (VP (VBP want)))) (, ,) (NP (PRP you)) (VP (MD can) (VP (VB use) (NP (DT a) (NN scanner) (NN bed)) (S (VP (TO to) (VP (VB copy) (NP (DT that) (NN information)) (PP (IN from) (NP (DT a) (NN book)))))))) (. .))) "
883,12,13,these,book,Yet the next question appears : * Where do I get these books ?,(ROOT (S (S (ADVP (RB Yet)) (NP (DT the) (JJ next) (NN question)) (VP (VBZ appears))) (: :) (SYM *) (SBARQ (WHADVP (WRB Where)) (SQ (VBP do) (NP (PRP I)) (VP (VB get) (NP (DT these) (NNS books))))) (. ?))) 
893,2,3,this,course,"If this course is listed in a college catalogue , you may be able to figure out what course book that course is using .","(ROOT (S (SBAR (IN If) (S (NP (DT this) (NN course)) (VP (VBZ is) (VP (VBN listed) (PP (IN in) (NP (DT a) (NN college) (NN catalogue))))))) (, ,) (NP (PRP you)) (VP (MD may) (VP (VB be) (ADJP (JJ able) (S (VP (TO to) (VP (VB figure) (PRT (RP out)) (NP (NP (WP what) (NN course)) (SBAR (WHNP (WHNP (NN book)) (NP (WDT that) (NN course))) (S (VP (VBZ is) (VP (VBG using)))))))))))) (. .))) "
893,21,22,that,course,"If this course is listed in a college catalogue , you may be able to figure out what course book that course is using .","(ROOT (S (SBAR (IN If) (S (NP (DT this) (NN course)) (VP (VBZ is) (VP (VBN listed) (PP (IN in) (NP (DT a) (NN college) (NN catalogue))))))) (, ,) (NP (PRP you)) (VP (MD may) (VP (VB be) (ADJP (JJ able) (S (VP (TO to) (VP (VB figure) (PRT (RP out)) (NP (NP (WP what) (NN course)) (SBAR (WHNP (WHNP (NN book)) (NP (WDT that) (NN course))) (S (VP (VBZ is) (VP (VBG using)))))))))))) (. .))) "
896,4,5,these,thing,To find out these things do the following : 1 .,(ROOT (S (S (VP (TO To) (VP (VB find) (PRT (RP out)) (NP (DT these) (NNS things))))) (VP (VBP do) (NP (DT the) (NN following)) (: :) (NP (CD 1))) (. .))) 
902,6,8,that,book,Write down the name of that course book ; write down the name of the author -LRB- s -RRB- ; and write down the edition of the book and the ISBN if there is one .,(ROOT (S (VP (VP (VB Write) (PRT (RP down)) (NP (NP (DT the) (NN name)) (PP (IN of) (NP (NP (DT that) (NN course) (NN book)) (: ;) (S (VP (VB write) (PRT (RP down)) (NP (NP (DT the) (NN name)) (PP (IN of) (NP (NP (DT the) (NN author)) (PRN (-LRB- -LRB-) (NNS s) (-RRB- -RRB-))))))) (: ;))))) (CC and) (VP (VB write) (PRT (RP down)) (NP (NP (DT the) (NN edition)) (PP (IN of) (NP (NP (DT the) (NN book)) (CC and) (NP (DT the) (NNP ISBN))))) (SBAR (IN if) (S (NP (EX there)) (VP (VBZ is) (NP (CD one))))))) (. .))) 
906,5,6,that,information,"Now that you have that information , you can go to the library .","(ROOT (S (SBAR (RB Now) (IN that) (S (NP (PRP you)) (VP (VBP have) (NP (DT that) (NN information))))) (, ,) (NP (PRP you)) (VP (MD can) (VP (VB go) (PP (TO to) (NP (DT the) (NN library))))) (. .))) "
909,5,6,those,book,"It might not have those book in the shelves , but it might be able to get those books for you .","(ROOT (S (S (NP (PRP It)) (VP (MD might) (RB not) (VP (VB have) (NP (NP (DT those) (NN book)) (PP (IN in) (NP (DT the) (NNS shelves))))))) (, ,) (CC but) (S (NP (PRP it)) (VP (MD might) (VP (VB be) (ADJP (JJ able) (S (VP (TO to) (VP (VB get) (NP (DT those) (NNS books)) (PP (IN for) (NP (PRP you)))))))))) (. .))) "
909,18,19,those,book,"It might not have those book in the shelves , but it might be able to get those books for you .","(ROOT (S (S (NP (PRP It)) (VP (MD might) (RB not) (VP (VB have) (NP (NP (DT those) (NN book)) (PP (IN in) (NP (DT the) (NNS shelves))))))) (, ,) (CC but) (S (NP (PRP it)) (VP (MD might) (VP (VB be) (ADJP (JJ able) (S (VP (TO to) (VP (VB get) (NP (DT those) (NNS books)) (PP (IN for) (NP (PRP you)))))))))) (. .))) "
915,6,7,this,book,"I 'd like to find this book and read it , '' as you point to the piece of paper .","(ROOT (S (NP (PRP I)) (VP (MD 'd) (VP (VB like) (S (VP (TO to) (VP (VP (VB find) (NP (DT this) (NN book))) (CC and) (VP (VB read) (NP (PRP it)))))) (, ,) ('' '') (SBAR (IN as) (S (NP (PRP you)) (VP (VBP point) (PP (TO to) (NP (NP (DT the) (NN piece)) (PP (IN of) (NP (NN paper)))))))))) (. .))) "
920,4,5,these,topic,Many librarians took these topics and college and regular school .,(ROOT (S (NP (JJ Many) (NNS librarians)) (VP (VBD took) (NP (NP (DT these) (NNS topics)) (CC and) (NP (NP (NN college) (CC and) (JJ regular)) (NN school)))) (. .))) 
923,18,19,that,book,"If you have a book title and author , they 'll know that you are looking for that book and author .","(ROOT (S (SBAR (IN If) (S (NP (PRP you)) (VP (VBP have) (NP (NP (DT a) (NN book) (NN title)) (CC and) (NP (NN author)))))) (, ,) (NP (PRP they)) (VP (MD 'll) (VP (VB know) (SBAR (IN that) (S (NP (PRP you)) (VP (VBP are) (VP (VBG looking) (PP (IN for) (NP (DT that) (NN book) (CC and) (NN author))))))))) (. .))) "
941,26,28,that,book,"If someone ca n't find a certain book at his or her library , he or she could look through a catalogue that lists where that certain book might be .","(ROOT (S (SBAR (IN If) (S (NP (NN someone)) (VP (MD ca) (RB n't) (VP (VB find) (NP (DT a) (JJ certain) (NN book)) (PP (IN at) (NP (ADJP (PRP$ his) (CC or) (PRP$ her)) (NN library))))))) (, ,) (NP (PRP he) (CC or) (PRP she)) (VP (MD could) (VP (VB look) (PP (IN through) (NP (NP (DT a) (NN catalogue)) (SBAR (WHNP (WDT that)) (S (VP (VBZ lists) (SBAR (WHADVP (WRB where)) (S (NP (DT that) (JJ certain) (NN book)) (VP (MD might) (VP (VB be)))))))))))) (. .))) "
944,4,5,these,library,"If one of these libraries has the book you are looking for , you can fill out a request for your library to obtain that book from a different library .","(ROOT (S (SBAR (IN If) (S (NP (NP (CD one)) (PP (IN of) (NP (DT these) (NNS libraries)))) (VP (VBZ has) (NP (NP (DT the) (NN book)) (SBAR (S (NP (PRP you)) (VP (VBP are) (VP (VBG looking) (PP (IN for)))))))))) (, ,) (NP (PRP you)) (VP (MD can) (VP (VB fill) (PRT (RP out)) (NP (NP (DT a) (NN request)) (PP (IN for) (NP (PRP$ your) (NN library) (S (VP (TO to) (VP (VB obtain) (NP (DT that) (NN book)) (PP (IN from) (NP (DT a) (JJ different) (NN library))))))))))) (. .))) "
944,25,26,that,book,"If one of these libraries has the book you are looking for , you can fill out a request for your library to obtain that book from a different library .","(ROOT (S (SBAR (IN If) (S (NP (NP (CD one)) (PP (IN of) (NP (DT these) (NNS libraries)))) (VP (VBZ has) (NP (NP (DT the) (NN book)) (SBAR (S (NP (PRP you)) (VP (VBP are) (VP (VBG looking) (PP (IN for)))))))))) (, ,) (NP (PRP you)) (VP (MD can) (VP (VB fill) (PRT (RP out)) (NP (NP (DT a) (NN request)) (PP (IN for) (NP (PRP$ your) (NN library) (S (VP (TO to) (VP (VB obtain) (NP (DT that) (NN book)) (PP (IN from) (NP (DT a) (JJ different) (NN library))))))))))) (. .))) "
946,22,23,that,book,"However , the Library of Congress will not loan a book to someone through interlibrary loan unless no other library has that book .","(ROOT (S (ADVP (RB However)) (, ,) (NP (NP (DT the) (NNP Library)) (PP (IN of) (NP (NNP Congress)))) (VP (MD will) (RB not) (VP (VB loan) (NP (NP (DT a) (NN book)) (PP (TO to) (NP (NN someone)))) (PP (IN through) (NP (JJ interlibrary) (NN loan))) (SBAR (IN unless) (S (NP (DT no) (JJ other) (NN library)) (VP (VBZ has) (NP (DT that) (NN book))))))) (. .))) "
947,12,13,this,wikibook,"If you do n't understand the idea of interlibrary loan in this wikibook , go up to a librarian and ask them all about interlibrary loan .","(ROOT (S (SBAR (IN If) (S (NP (PRP you)) (VP (VBP do) (RB n't) (VP (VB understand) (NP (NP (DT the) (NN idea)) (PP (IN of) (NP (JJ interlibrary) (NN loan)))) (PP (IN in) (NP (DT this) (NN wikibook))))))) (, ,) (VP (VP (VB go) (PRT (RP up)) (PP (TO to) (NP (DT a) (NN librarian)))) (CC and) (VP (VB ask) (NP (PRP them)) (PP (DT all) (IN about) (NP (JJ interlibrary) (NN loan))))) (. .))) "
968,14,16,that,book,"After the two week period , you could put in another request for that same book , but you 'll want to obtain it from a different library .","(ROOT (S (S (PP (IN After) (NP (DT the) (CD two) (NN week) (NN period))) (, ,) (NP (PRP you)) (VP (MD could) (VP (VB put) (PRT (RP in)) (NP (NP (DT another) (NN request)) (PP (IN for) (NP (DT that) (JJ same) (NN book))))))) (, ,) (CC but) (S (NP (PRP you)) (VP (MD 'll) (VP (VB want) (S (VP (TO to) (VP (VB obtain) (NP (PRP it)) (PP (IN from) (NP (DT a) (JJ different) (NN library))))))))) (. .))) "
983,9,10,this,cycle,"Also , if you want to keep up this cycle , you 'll get book 3 , too .","(ROOT (S (ADVP (RB Also)) (, ,) (SBAR (IN if) (S (NP (PRP you)) (VP (VBP want) (S (VP (TO to) (VP (VB keep) (PRT (RP up)) (NP (DT this) (NN cycle)))))))) (, ,) (NP (PRP you)) (VP (MD 'll) (VP (VB get) (NP (NN book) (CD 3)) (, ,) (ADVP (RB too)))) (. .))) "
986,20,21,that,book,You will be able to keep reading the same book title over and over until you 're done with that book .,(ROOT (S (NP (PRP You)) (VP (MD will) (VP (VB be) (ADJP (JJ able) (S (VP (TO to) (VP (VB keep) (S (VP (VBG reading) (NP (DT the) (JJ same) (NN book) (NN title)) (ADVP (IN over) (CC and) (IN over)))))))) (SBAR (IN until) (S (NP (PRP you)) (VP (VBP 're) (VP (VBN done) (PP (IN with) (NP (DT that) (NN book))))))))) (. .))) 
988,10,12,this,thing,Note : It 's not that easy to do this same thing with current college books used in college courses .,(ROOT (NP (NP (VB Note)) (: :) (S (NP (PRP It)) (VP (VBZ 's) (RB not) (ADJP (IN that) (JJ easy)) (S (VP (TO to) (VP (VB do) (NP (DT this) (JJ same) (NN thing)) (PP (IN with) (NP (NP (JJ current) (NN college) (NNS books)) (VP (VBN used) (PP (IN in) (NP (NN college) (NNS courses))))))))))) (. .))) 
992,5,7,this,system,"Some people already know this `` system , '' so they 'll check out current editions of college books .","(ROOT (S (NP (DT Some) (NNS people)) (ADVP (RB already)) (VP (VBP know) (NP (DT this) (`` ``) (NN system) (, ,) ('' '')) (SBAR (IN so) (S (NP (PRP they)) (VP (MD 'll) (VP (VB check) (PRT (RP out)) (NP (NP (JJ current) (NNS editions)) (PP (IN of) (NP (NN college) (NNS books))))))))) (. .))) "
1014,6,8,this,idea,"Nonetheless , most students have this preconceived idea that a laptop will solve all of their problems .","(ROOT (S (ADVP (RB Nonetheless)) (, ,) (NP (RBS most) (NNS students)) (VP (VBP have) (NP (NP (DT this) (JJ preconceived) (NN idea)) (SBAR (IN that) (S (NP (DT a) (NN laptop)) (VP (MD will) (VP (VB solve) (NP (NP (DT all)) (PP (IN of) (NP (PRP$ their) (NNS problems)))))))))) (. .))) "
1020,19,20,those,computer,The student could have saved hundreds of dollars by going to a room with school computers and using those computers .,(ROOT (S (NP (DT The) (NN student)) (VP (MD could) (VP (VB have) (VP (VBN saved) (NP (NP (NNS hundreds)) (PP (IN of) (NP (NNS dollars)))) (PP (IN by) (S (VP (VP (VBG going) (PP (TO to) (NP (NP (DT a) (NN room)) (PP (IN with) (NP (NN school) (NNS computers)))))) (CC and) (VP (VBG using) (NP (DT those) (NNS computers))))))))) (. .))) 
1021,2,3,this,incidence,"With this incidence , laptops seem to be a convenience and most importantly _ a want _ .","(ROOT (S (PP (IN With) (NP (DT this) (NN incidence))) (, ,) (S (NP (NNS laptops)) (VP (VBP seem) (S (VP (TO to) (VP (VB be) (NP (DT a) (NN convenience))))))) (CC and) (S (ADVP (RBS most) (RB importantly)) (NP (QP (IN _) (DT a))) (VP (VBP want) (NP (NN _)))) (. .))) "
1023,13,14,these,outlet,Some colleges and universities have cable ports located in different places ; these outlets -LRB- also known as ports -RRB- allow a student to connect his or her laptop to the school 's Internet server .,(ROOT (S (S (NP (DT Some) (NNS colleges) (CC and) (NNS universities)) (VP (VBP have) (S (NP (NN cable) (NNS ports)) (ADJP (JJ located) (PP (IN in) (NP (JJ different) (NNS places))))))) (: ;) (S (NP (NP (DT these) (NNS outlets)) (PRN (-LRB- -LRB-) (VP (ADVP (RB also)) (VBN known) (PP (IN as) (NP (NNS ports)))) (-RRB- -RRB-))) (VP (VBP allow) (S (NP (DT a) (NN student)) (VP (TO to) (VP (VB connect) (NP (ADJP (PRP$ his) (CC or) (PRP$ her)) (NN laptop)) (PP (TO to) (NP (NP (DT the) (NN school) (POS 's)) (NN Internet) (NN server)))))))) (. .))) 
1041,3,4,these,device,Some of these devices can connect to the Internet and send email .,(ROOT (S (NP (NP (DT Some)) (PP (IN of) (NP (DT these) (NNS devices)))) (VP (MD can) (VP (VP (VB connect) (PP (TO to) (NP (DT the) (NN Internet)))) (CC and) (VP (VB send) (NP (NN email))))) (. .))) 
1046,12,14,this,link,An example of the Texas Instruments keyboard can be seen at this external link : -LSB- click here to view . -RSB-,(ROOT (S (NP (NP (DT An) (NN example)) (PP (IN of) (NP (DT the) (NNP Texas) (NNP Instruments) (NN keyboard)))) (VP (MD can) (VP (VP (VB be) (VP (VBN seen) (PP (IN at) (NP (DT this) (JJ external) (NN link))))) (: :) (-LRB- -LSB-) (VP (VB click) (ADVP (RB here)) (S (VP (TO to) (VP (VB view))))))) (. .) (-RRB- -RSB-))) 
1075,28,29,those,thing,"Laptops are good for viewing PDF files , webpages , and other materials in privacy , but a person can find ways to save money and view those things on a desktop computer at home or at campus .","(ROOT (S (S (NP (NNS Laptops)) (VP (VBP are) (ADJP (JJ good) (PP (IN for) (NP (NP (VBG viewing) (NN PDF) (NNS files)) (, ,) (NP (NNS webpages)) (, ,) (CC and) (NP (NP (JJ other) (NNS materials)) (PP (IN in) (NP (NN privacy))))))))) (, ,) (CC but) (S (NP (DT a) (NN person)) (VP (MD can) (VP (VB find) (S (NP (NNS ways)) (VP (TO to) (VP (VP (VB save) (NP (NN money))) (CC and) (VP (VB view) (NP (DT those) (NNS things)) (PP (PP (IN on) (NP (NP (DT a) (NN desktop) (NN computer)) (PP (IN at) (NP (NN home))))) (CC or) (PP (IN at) (NP (NN campus))))))))))) (. .))) "
1109,12,13,these,thing,### Notes about the Jumpdrive I 've known people to lose these things extraordinarily quick .,(ROOT (S (NP (NP (NNP ###) (NNP Notes)) (PP (IN about) (NP (DT the) (NN Jumpdrive) (PRP I)))) (VP (VBP 've) (VP (VBN known) (NP (NNS people)) (S (VP (TO to) (VP (VB lose) (S (NP (DT these) (NNS things)) (ADJP (RB extraordinarily) (JJ quick)))))))) (. .))) 
1111,4,5,these,thing,"Either way , these things are the best thing around when it comes to transporting a storage medium .","(ROOT (S (NP (DT Either) (NN way)) (, ,) (NP (DT these) (NNS things)) (VP (VBP are) (NP (NP (DT the) (JJS best) (NN thing)) (PP (IN around) (SBAR (WHADVP (WRB when)) (S (NP (PRP it)) (VP (VBZ comes) (PP (TO to) (S (VP (VBG transporting) (NP (DT a) (NN storage) (NN medium))))))))))) (. .))) "
1125,3,4,that,website,Search around that website for information on how to use FTP for it 3 .,(ROOT (S (VP (VB Search) (PP (IN around) (NP (NP (DT that) (NN website)) (PP (IN for) (NP (NN information))))) (PP (IN on) (SBAR (WHADVP (WRB how)) (S (VP (TO to) (VP (VB use) (NP (NN FTP)) (SBAR (IN for) (S (NP (PRP it)) (VP (LS 3)))))))))) (. .))) 
1130,7,8,these,course,Many students do n't like taking these courses because they do not relate to their major .,(ROOT (S (NP (JJ Many) (NNS students)) (VP (VBP do) (RB n't) (VP (VB like) (S (VP (VBG taking) (NP (DT these) (NNS courses)))) (SBAR (IN because) (S (NP (PRP they)) (VP (VBP do) (RB not) (VP (VB relate) (PP (TO to) (NP (PRP$ their) (JJ major))))))))) (. .))) 
1140,5,6,those,people,"It was stated that those people may be linked to psychology , but how do you know the author was correct ?","(ROOT (S (NP (PRP It)) (VP (VBD was) (VP (VBN stated) (SBAR (SBAR (IN that) (S (NP (DT those) (NNS people)) (VP (MD may) (VP (VB be) (VP (VBN linked) (PP (TO to) (NP (NN psychology)))))))) (, ,) (CC but) (SBAR (WHADVP (WRB how)) (S (VP (VBP do) (S (NP (PRP you)) (VP (VB know) (SBAR (S (NP (DT the) (NN author)) (VP (VBD was) (ADJP (JJ correct))))))))))))) (. ?))) "
1170,18,19,that,hobby,Those who like to dabble in hobbies will try to find a college course that relates to that hobby .,(ROOT (S (NP (NP (DT Those)) (SBAR (WHNP (WP who)) (S (VP (VBP like) (S (VP (TO to) (VP (VB dabble) (PP (IN in) (NP (NNS hobbies)))))))))) (VP (MD will) (VP (VB try) (S (VP (TO to) (VP (VB find) (NP (NP (DT a) (NN college) (NN course)) (SBAR (WHNP (WDT that)) (S (VP (VBZ relates) (PP (TO to) (NP (DT that) (NN hobby)))))))))))) (. .))) 
1236,15,16,that,book,* This is typically how long it takes you to read 20 pages of that book .,(ROOT (FRAG (SBAR (X (SYM *)) (S (NP (DT This)) (VP (VBZ is) (ADVP (RB typically)) (SBAR (WHADVP (WRB how) (RB long)) (S (NP (PRP it)) (VP (VBZ takes) (S (NP (PRP you)) (VP (TO to) (VP (VB read) (NP (NP (CD 20) (NNS pages)) (PP (IN of) (NP (DT that) (NN book))))))))))))) (. .))) 
1269,3,4,this,area,Make sure this area has ample lighting ; lighting has an effect on the circadian system of the human body and keeps the mind awake and active .,(ROOT (S (S (S (VP (VB Make) (ADVP (RB sure)))) (NP (DT this) (NN area)) (VP (VBZ has) (NP (JJ ample) (NN lighting)))) (: ;) (S (NP (NN lighting)) (VP (VP (VBZ has) (NP (NP (DT an) (NN effect)) (PP (IN on) (NP (NP (DT the) (JJ circadian) (NN system)) (PP (IN of) (NP (DT the) (JJ human) (NN body))))))) (CC and) (VP (VBZ keeps) (S (NP (DT the) (NN mind)) (ADJP (ADJP (RB awake)) (CC and) (ADJP (JJ active))))))) (. .))) 
1298,14,15,this,page,php?title = College_Survival_Guide / Print_version & action = info -RRB- * -LSB- Cite this page -RSB- -LRB- / w/index .,(ROOT (S (VP (NN php?title) (NP (NP (NP (JJ =) (NN College_Survival_Guide)) (PRN (: /) (NP (NP (NNP Print_version)) (CC &) (NP (NN action) (JJ =) (NN info))) (-RRB- -RRB-))) (X (SYM *))) (S (VP (-LRB- -LSB-) (VP (VB Cite) (S (NP (DT this) (NN page)) (NP (NP (-RRB- -RSB-)) (-LRB- -LRB-) (PP (: /) (NP (NN w/index))))))))) (. .))) 
1304,3,4,this,site,"By using this site , you agree to the -LSB- Terms of Use -RSB- -LRB- / / wikimediafoundation.org/wiki/Terms_of_Use -RRB- and -LSB- Privacy Policy . -RSB-","(ROOT (S (PP (IN By) (S (VP (VBG using) (NP (DT this) (NN site))))) (, ,) (NP (PRP you)) (VP (VBP agree) (PP (PP (TO to) (NP (NP (DT the) (-LRB- -LSB-) (NNS Terms)) (PP (IN of) (NP (NP (NN Use) (-RRB- -RSB-)) (PRN (-LRB- -LRB-) (NP (: /) (: /) (NN wikimediafoundation.org/wiki/Terms_of_Use)) (-RRB- -RRB-)))))) (CC and) (PP (-LRB- -LSB-) (NP (NNP Privacy) (NNP Policy))))) (. .) (-RRB- -RSB-))) "
