2,7,8,this,page,-LSB- Unreviewed changes are displayed on this page -RSB- -LRB- / / bits.wikimedia.org/static-1.22wmf19/extensions/FlaggedRevs/frontend/modules/img/1.png -RRB- This page may need to be -LSB- reviewed -RSB- -LRB- / wiki/Wikibooks : REVIEW -RRB- for quality .,(ROOT (S (SBAR (-LRB- -LSB-) (S (NP (JJ Unreviewed) (NNS changes)) (VP (VBP are) (VP (VBN displayed) (PP (IN on) (NP (DT this) (NN page) (-RRB- -RSB-))))))) (PRN (-LRB- -LRB-) (VP (: /) (NP (: /) (NN bits.wikimedia.org/static-1.22wmf19/extensions/FlaggedRevs/frontend/modules/img/1.png))) (-RRB- -RRB-)) (NP (DT This) (NN page)) (VP (MD may) (VP (VB need) (S (VP (TO to) (VP (VB be) (VP (-LRB- -LSB-) (VP (VBN reviewed) (NP (NP (NP (-RRB- -RSB-)) (PRN (-LRB- -LRB-) (NP (NP (: /) (NNS wiki/Wikibooks)) (: :) (NP (NNP REVIEW))) (-RRB- -RRB-))) (PP (IN for) (NP (NN quality))))))))))) (. .))) 
4,38,39,this,message,-LSB- Printer.svg -RSB- -LRB- / / upload.wikimedia.org/wikipedia/commons/thumb/2/23/Printer.svg/40px-Printer.svg.png -RRB- ** This is the -LSB- print version -RSB- -LRB- / wiki/Help : Print_versions -RRB- of -LSB- Demystifying_Depression -RSB- -LRB- / wiki/Demystifying _ Depression -RRB- ** You wo n't see this message or any elements not part of the book 's content when you print or -LSB- preview -RSB- -LRB- / / en.wikibooks.org/w/index.php?title=Demystifying_Depression/Print_version&action=purge&printable=yes -RRB- this page .,(ROOT (S (NP (-LRB- -LSB-) (NN Printer.svg)) (VP (-RRB- -RSB-) (PRN (-LRB- -LRB-) (PP (: /) (NP (: /) (NN upload.wikimedia.org/wikipedia/commons/thumb/2/23/Printer.svg/40px-Printer.svg.png))) (-RRB- -RRB-)) (SBAR (SBAR (X (SYM **)) (S (NP (DT This)) (VP (VBZ is) (ADJP (ADJP (NP (NP (NP (DT the) (-LRB- -LSB-) (NN print) (NN version) (-RRB- -RSB-)) (PRN (-LRB- -LRB-) (NP (NP (: /) (NN wiki/Help)) (: :) (NP (NNS Print_versions))) (-RRB- -RRB-))) (PP (IN of) (NP (-LRB- -LSB-) (NN Demystifying_Depression)))) (-RRB- -RSB-)) (PRN (-LRB- -LRB-) (: /) (VP (VBG wiki/Demystifying) (NP (CD _) (NN Depression))) (-RRB- -RRB-)) (SBAR (X (SYM **)) (S (NP (PRP You)) (VP (MD wo) (RB n't) (VP (VB see) (NP (NP (DT this) (NN message)) (CC or) (NP (DT any) (NNS elements))) (PP (RB not) (NP (NP (NN part)) (PP (IN of) (NP (NP (DT the) (NN book) (POS 's)) (NN content))))) (SBAR (WHADVP (WRB when)) (S (NP (PRP you)) (VP (VBP print)))))))))))) (CC or) (SBAR (-LRB- -LSB-) (S (NP (NN preview)) (VP (-RRB- -RSB-) (PRN (-LRB- -LRB-) (: /) (NX (: /) (NNS en.wikibooks.org/w/index.php?title=Demystifying_Depression/Print_version&action=purge&printable=yes)) (-RRB- -RRB-)) (NP (DT this) (NN page))))))) (. .))) 
4,62,63,this,page,-LSB- Printer.svg -RSB- -LRB- / / upload.wikimedia.org/wikipedia/commons/thumb/2/23/Printer.svg/40px-Printer.svg.png -RRB- ** This is the -LSB- print version -RSB- -LRB- / wiki/Help : Print_versions -RRB- of -LSB- Demystifying_Depression -RSB- -LRB- / wiki/Demystifying _ Depression -RRB- ** You wo n't see this message or any elements not part of the book 's content when you print or -LSB- preview -RSB- -LRB- / / en.wikibooks.org/w/index.php?title=Demystifying_Depression/Print_version&action=purge&printable=yes -RRB- this page .,(ROOT (S (NP (-LRB- -LSB-) (NN Printer.svg)) (VP (-RRB- -RSB-) (PRN (-LRB- -LRB-) (PP (: /) (NP (: /) (NN upload.wikimedia.org/wikipedia/commons/thumb/2/23/Printer.svg/40px-Printer.svg.png))) (-RRB- -RRB-)) (SBAR (SBAR (X (SYM **)) (S (NP (DT This)) (VP (VBZ is) (ADJP (ADJP (NP (NP (NP (DT the) (-LRB- -LSB-) (NN print) (NN version) (-RRB- -RSB-)) (PRN (-LRB- -LRB-) (NP (NP (: /) (NN wiki/Help)) (: :) (NP (NNS Print_versions))) (-RRB- -RRB-))) (PP (IN of) (NP (-LRB- -LSB-) (NN Demystifying_Depression)))) (-RRB- -RSB-)) (PRN (-LRB- -LRB-) (: /) (VP (VBG wiki/Demystifying) (NP (CD _) (NN Depression))) (-RRB- -RRB-)) (SBAR (X (SYM **)) (S (NP (PRP You)) (VP (MD wo) (RB n't) (VP (VB see) (NP (NP (DT this) (NN message)) (CC or) (NP (DT any) (NNS elements))) (PP (RB not) (NP (NP (NN part)) (PP (IN of) (NP (NP (DT the) (NN book) (POS 's)) (NN content))))) (SBAR (WHADVP (WRB when)) (S (NP (PRP you)) (VP (VBP print)))))))))))) (CC or) (SBAR (-LRB- -LSB-) (S (NP (NN preview)) (VP (-RRB- -RSB-) (PRN (-LRB- -LRB-) (: /) (NX (: /) (NNS en.wikibooks.org/w/index.php?title=Demystifying_Depression/Print_version&action=purge&printable=yes)) (-RRB- -RRB-)) (NP (DT this) (NN page))))))) (. .))) 
46,3,4,this,meaning/understanding,-LRB- and this meaning/understanding is not for any form of medico-legal related fields . -RRB-,(ROOT (PRN (-LRB- -LRB-) (S (CC and) (NP (DT this) (NN meaning/understanding)) (VP (VBZ is) (RB not) (PP (IN for) (NP (NP (DT any) (NN form)) (PP (IN of) (NP (JJ medico-legal) (JJ related) (NNS fields))))))) (. .) (-RRB- -RRB-))) 
51,5,6,these,distinction,"_ The importance of these distinctions is paramount -LRB- most important -RRB- , you can not gain an understanding of these conditions without it .","(ROOT (S (NP-TMP (NP (NN _)) (SBAR (S (NP (NP (DT The) (NN importance)) (PP (IN of) (NP (DT these) (NNS distinctions)))) (VP (VBZ is) (ADJP (JJ paramount)) (PRN (-LRB- -LRB-) (ADJP (RBS most) (JJ important)) (-RRB- -RRB-)))))) (, ,) (NP (PRP you)) (VP (MD can) (RB not) (VP (VB gain) (NP (NP (DT an) (NN understanding)) (PP (IN of) (NP (DT these) (NNS conditions)))) (PP (IN without) (NP (PRP it))))) (. .))) "
51,21,22,these,condition,"_ The importance of these distinctions is paramount -LRB- most important -RRB- , you can not gain an understanding of these conditions without it .","(ROOT (S (NP-TMP (NP (NN _)) (SBAR (S (NP (NP (DT The) (NN importance)) (PP (IN of) (NP (DT these) (NNS distinctions)))) (VP (VBZ is) (ADJP (JJ paramount)) (PRN (-LRB- -LRB-) (ADJP (RBS most) (JJ important)) (-RRB- -RRB-)))))) (, ,) (NP (PRP you)) (VP (MD can) (RB not) (VP (VB gain) (NP (NP (DT an) (NN understanding)) (PP (IN of) (NP (DT these) (NNS conditions)))) (PP (IN without) (NP (PRP it))))) (. .))) "
52,22,23,this,distinction,"I will urge people who are reading this and who are fortunate not to have experienced clinical/bipolar depression , to keep this distinction clear in your minds while reading the rest of this book , any related material , and most of all when interacting with those who are diagnosed .","(ROOT (S (NP (PRP I)) (VP (MD will) (VP (VB urge) (NP (NNS people)) (SBAR (SBAR (WHNP (WP who)) (S (VP (VBP are) (VP (VBG reading) (NP (DT this)))))) (CC and) (SBAR (WHNP (WP who)) (S (VP (VBP are) (ADJP (JJ fortunate) (S (RB not) (VP (TO to) (VP (VB have) (VP (VBN experienced) (NP (JJ clinical/bipolar) (NN depression)) (, ,) (S (VP (TO to) (VP (VB keep) (S (NP (DT this) (NN distinction)) (ADJP (JJ clear) (PP (IN in) (NP (PRP$ your) (NNS minds)))) (SBAR (IN while) (S (VP (VBG reading) (NP (NP (DT the) (NN rest)) (PP (IN of) (NP (NP (DT this) (NN book)) (, ,) (NP (DT any) (JJ related) (NN material)) (, ,) (CC and) (NP (NP (JJS most)) (PP (IN of) (NP (DT all))))))))))))))))))) (SBAR (WHADVP (WRB when)) (S (VP (VBG interacting) (PP (IN with) (NP (NP (DT those)) (SBAR (WHNP (WP who)) (S (VP (VBP are) (VP (VBN diagnosed)))))))))))))))) (. .))) "
52,33,34,this,book,"I will urge people who are reading this and who are fortunate not to have experienced clinical/bipolar depression , to keep this distinction clear in your minds while reading the rest of this book , any related material , and most of all when interacting with those who are diagnosed .","(ROOT (S (NP (PRP I)) (VP (MD will) (VP (VB urge) (NP (NNS people)) (SBAR (SBAR (WHNP (WP who)) (S (VP (VBP are) (VP (VBG reading) (NP (DT this)))))) (CC and) (SBAR (WHNP (WP who)) (S (VP (VBP are) (ADJP (JJ fortunate) (S (RB not) (VP (TO to) (VP (VB have) (VP (VBN experienced) (NP (JJ clinical/bipolar) (NN depression)) (, ,) (S (VP (TO to) (VP (VB keep) (S (NP (DT this) (NN distinction)) (ADJP (JJ clear) (PP (IN in) (NP (PRP$ your) (NNS minds)))) (SBAR (IN while) (S (VP (VBG reading) (NP (NP (DT the) (NN rest)) (PP (IN of) (NP (NP (DT this) (NN book)) (, ,) (NP (DT any) (JJ related) (NN material)) (, ,) (CC and) (NP (NP (JJS most)) (PP (IN of) (NP (DT all))))))))))))))))))) (SBAR (WHADVP (WRB when)) (S (VP (VBG interacting) (PP (IN with) (NP (NP (DT those)) (SBAR (WHNP (WP who)) (S (VP (VBP are) (VP (VBN diagnosed)))))))))))))))) (. .))) "
54,6,8,this,_,"** For the remainder of this document _ for the sake of simplicity when the word `` depression '' is used it will refer to the medical condition of Clinical or Bipolar Depression _ , and the term _ `` normal depression '' will refer to the everyday non diagnosed human experience _ .","(ROOT (S (SBAR (X (SYM **)) (S (PP (IN For) (NP (NP (DT the) (NN remainder)) (PP (IN of) (NP (NP (DT this) (NN document) (NN _)) (PP (IN for) (NP (NP (DT the) (NN sake)) (PP (IN of) (NP (NN simplicity))))))) (SBAR (WHADVP (WRB when)) (S (NP (DT the) (NN word) (`` ``) (NN depression) ('' '')) (VP (VBZ is) (VP (VBN used))))))) (NP (PRP it)) (VP (MD will) (VP (VB refer) (PP (TO to) (NP (NP (NP (DT the) (JJ medical) (NN condition)) (PP (IN of) (NP (NP (JJ Clinical)) (CC or) (NP (JJ Bipolar) (NN Depression) (NN _))))) (, ,) (CC and) (NP (NP (DT the) (NN term)) (NP (CD _))))))))) (NP (`` ``) (JJ normal) (NN depression) ('' '')) (VP (MD will) (VP (VB refer) (PP (TO to) (NP (NP (DT the) (JJ everyday) (JJ non)) (VP (VBN diagnosed) (NP (JJ human) (NN experience) (NN _))))))) (. .))) "
69,31,32,this,book,"_ While there are some documented differences between MDD and the depressive phase of Bipolar Disorder , for our understanding they are not relevant and will not be addressed in this book .","(ROOT (S (NP (NNP _)) (SBAR (IN While) (S (NP (EX there)) (VP (VBP are) (NP (NP (NP (DT some) (VBN documented) (NNS differences)) (PP (IN between) (NP (NN MDD)))) (CC and) (NP (NP (DT the) (JJ depressive) (NN phase)) (PP (IN of) (NP (JJ Bipolar) (NN Disorder)))) (, ,) (PP (IN for) (NP (PRP$ our) (NN understanding))))))) (NP (PRP they)) (VP (VP (VBP are) (RB not) (ADJP (JJ relevant))) (CC and) (VP (MD will) (RB not) (VP (VB be) (VP (VBN addressed) (PP (IN in) (NP (DT this) (NN book))))))) (. .))) "
75,4,5,this,number,The magnitude of this number is all the more shocking if one confronts it with the general ignorance about the problem .,(ROOT (S (NP (NP (DT The) (NN magnitude)) (PP (IN of) (NP (DT this) (NN number)))) (VP (VBZ is) (ADJP (ADVP (PDT all) (DT the) (RBR more)) (JJ shocking)) (SBAR (IN if) (S (NP (CD one)) (VP (VBZ confronts) (NP (PRP it)) (PP (IN with) (NP (NP (DT the) (JJ general) (NN ignorance)) (PP (IN about) (NP (DT the) (NN problem))))))))) (. .))) 
81,5,6,this,document,"As you read through this document , please always bear in mind that whenever the term _ depression _ is used it refers specifically to the physical illness more properly described as _ -LSB- clinical depression -RSB- -LRB- / / en.wikipedia.org/wiki/en:clinical_depression -RRB- _ .","(ROOT (S (SBAR (IN As) (S (NP (PRP you)) (VP (VBP read) (PP (IN through) (NP (DT this) (NN document)))))) (, ,) (S (INTJ (VB please)) (VP (ADVP (RB always)) (VB bear) (PP (IN in) (NP (NN mind))) (SBAR (WHNP (WDT that)) (S (SBAR (WHADVP (WRB whenever)) (S (NP (DT the) (NN term) (NN _) (NN depression) (NN _)) (VP (VBZ is) (VP (VBN used))))) (NP (PRP it)) (VP (VBZ refers) (ADVP (RB specifically)) (PP (TO to) (NP (NP (DT the) (JJ physical) (NN illness)) (VP (ADVP (RBR more)) (ADVP (RB properly)) (VBN described) (PP (IN as) (NP (NN _))))))))))) (-LRB- -LSB-) (NP (JJ clinical) (NN depression)) (VP (-RRB- -RSB-) (PRN (-LRB- -LRB-) (PP (: /) (NP (: /) (NN en.wikipedia.org/wiki/en:clinical_depression))) (-RRB- -RRB-)) (NP (NN _))) (. .))) "
82,44,45,this,document,One also finds the very same word _ depression _ used in the context of other mental disorders -LRB- such as _ -LSB- manic depression -RSB- -LRB- / / en.wikipedia.org/wiki/en:manic-depression -RRB- _ -LSB- -LSB- 1 -RSB- -RSB- -LRB- http://www.nimh.nih.gov/publicat/bipolar.cfm -RRB- -RRB- of which this document does not cover .,(ROOT (S (NP (CD One)) (ADVP (RB also)) (VP (VBZ finds) (NP (NP (DT the) (ADJP (RB very) (JJ same)) (NN word) (NN _) (NN depression) (NN _)) (VP (VBN used) (PP (IN in) (NP (NP (DT the) (NN context)) (PP (IN of) (NP (JJ other) (JJ mental) (NNS disorders)))))) (PRN (-LRB- -LRB-) (PP (JJ such) (IN as) (NP (NP (NN _)) (PP (-LRB- -LSB-) (NP (NP (JJ manic) (NN depression)) (PP (-RRB- -RSB-) (PRN (-LRB- -LRB-) (PP (: /) (NP (: /) (NN en.wikipedia.org/wiki/en:manic-depression))) (-RRB- -RRB-)) (NP (NP (NN _)) (PP (-LRB- -LSB-) (NP (NP (QP (-LRB- -LSB-) (CD 1) (-RRB- -RSB-)) (-RRB- -RSB-)) (PRN (-LRB- -LRB-) (NP (NN http://www.nimh.nih.gov/publicat/bipolar.cfm)) (-RRB- -RRB-)))))))))) (-RRB- -RRB-)) (SBAR (WHPP (IN of) (WHNP (WDT which))) (S (NP (DT this) (NN document)) (VP (VBZ does) (RB not) (VP (VB cover))))))) (. .))) 
83,9,10,this,distinction,It is ** very important ** to keep this distinction in mind .,(ROOT (FRAG (NP (NP (PRP It)) (SBAR (S (VP (VBZ is))))) (X (X (SYM **)) (ADJP (ADJP (RB very) (JJ important)) (SBAR (X (SYM **)) (S (NP (TO to)) (VP (VB keep) (PP (NP (DT this) (NN distinction)) (IN in) (NP (NN mind))) (. .)))))))) 
88,21,22,that,life,One of the enduring myths about clinical depression is that you can cure it simply by convincing a depressed person that life is good and worth living .,(ROOT (S (NP (NP (CD One)) (PP (IN of) (NP (NP (DT the) (ADJP (JJ enduring)) (NNS myths)) (PP (IN about) (NP (JJ clinical) (NN depression)))))) (VP (VBZ is) (SBAR (IN that) (S (NP (PRP you)) (VP (MD can) (VP (VB cure) (NP (PRP it)) (ADVP (RB simply)) (PP (IN by) (S (VP (VBG convincing) (NP (NP (DT a) (JJ depressed) (NN person)) (SBAR (WHNP (WDT that) (NN life)) (S (VP (VBZ is) (NP (ADJP (JJ good) (CC and) (JJ worth)) (NN living)))))))))))))) (. .))) 
94,16,17,this,example,"It is far from my intention to dictate how people should use language , but this example illustrates my case .","(ROOT (S (S (NP (PRP It)) (VP (VBZ is) (ADVP (RB far) (PP (IN from) (NP (PRP$ my) (NN intention) (S (VP (TO to) (VP (VB dictate) (SBAR (WHADVP (WRB how)) (S (NP (NNS people)) (VP (MD should) (VP (VB use) (NP (NN language)))))))))))))) (, ,) (CC but) (S (NP (DT this) (NN example)) (VP (VBZ illustrates) (NP (PRP$ my) (NN case)))) (. .))) "
101,4,5,this,note,"Elaborating further on this note , the good news is that a very large number of people who strictly speaking are not depressed and have largely satisfactory lives , could still feel better and happier if they took better care of their brains .","(ROOT (S (S (VP (VBG Elaborating) (ADVP (RB further)) (PP (IN on) (NP (DT this) (NN note))))) (PRN (, ,) (S (NP (DT the) (JJ good) (NN news)) (VP (VBZ is) (SBAR (IN that) (S (NP (NP (DT a) (ADJP (RB very) (JJ large)) (NN number)) (PP (IN of) (NP (NP (NNS people)) (SBAR (WHNP (WP who)) (S (ADVP (RB strictly)) (VP (VBG speaking))))))) (VP (VP (VBP are) (RB not) (ADJP (JJ depressed))) (CC and) (VP (VBP have) (NP (ADJP (RB largely) (JJ satisfactory)) (NNS lives)))))))) (, ,)) (VP (MD could) (ADVP (RB still)) (VP (VB feel) (ADJP (ADJP (JJR better) (CC and) (JJR happier)) (SBAR (IN if) (S (NP (PRP they)) (VP (VBD took) (NP (NP (JJR better) (NN care)) (PP (IN of) (NP (PRP$ their) (NNS brains)))))))))) (. .))) "
104,14,15,this,document,"In a sense , you are asking for a _ rationale _ for this document .","(ROOT (S (PP (IN In) (NP (DT a) (NN sense))) (, ,) (NP (PRP you)) (VP (VBP are) (VP (VBG asking) (PP (IN for) (NP (NP (DT a) (NN _) (NN rationale) (NN _)) (PP (IN for) (NP (DT this) (NN document))))))) (. .))) "
108,7,8,this,fact,"If more people were aware of this fact , they would not be as complacent when the first symptoms appear .","(ROOT (S (SBAR (IN If) (S (NP (JJR more) (NNS people)) (VP (VBD were) (ADJP (JJ aware) (PP (IN of) (NP (DT this) (NN fact))))))) (, ,) (NP (PRP they)) (VP (MD would) (RB not) (VP (VB be) (ADJP (IN as) (JJ complacent)) (SBAR (WHADVP (WRB when)) (S (NP (DT the) (JJ first) (NNS symptoms)) (VP (VBP appear)))))) (. .))) "
120,4,5,this,instalment,The remainder of this instalment is structured as follows .,(ROOT (S (NP (NP (DT The) (NN remainder)) (PP (IN of) (NP (DT this) (NN instalment)))) (VP (VBZ is) (VP (VBN structured) (SBAR (IN as) (S (VP (VBZ follows)))))) (. .))) 
131,44,46,this,site,"** None of the individual contributors , system operators , developers , sponsors of Wikibooks nor anyone else connected to Wikibooks can take any responsibility for the results or consequences of any attempt to use or adopt any of the information presented on this web site .","(ROOT (S (NP (NP (FRAG (X (SYM **)) (NP (NN None)))) (PP (IN of) (NP (NP (DT the) (JJ individual) (NNS contributors)) (, ,) (NP (NP (NN system) (NNS operators)) (, ,) (NP (NNS developers)) (, ,) (NP (NP (NP (NNS sponsors)) (PP (IN of) (NP (NNP Wikibooks)))) (CC nor) (NP (NP (NN anyone) (RB else)) (VP (VBN connected) (PP (TO to) (NP (NNP Wikibooks)))))))))) (VP (MD can) (VP (VB take) (NP (NP (DT any) (NN responsibility)) (PP (IN for) (NP (NP (DT the) (NNS results) (CC or) (NNS consequences)) (PP (IN of) (NP (DT any) (NN attempt)))))) (S (VP (TO to) (VP (VB use) (CC or) (VB adopt) (NP (NP (DT any)) (PP (IN of) (NP (NP (DT the) (NN information)) (VP (VBN presented) (PP (IN on) (NP (DT this) (NN web) (NN site)))))))))))) (. .))) "
148,7,8,this,process,"Without going into the details of this process , it suffices to say that for a neuron to transmit information to another neuron , it must release a neurotransmitter in the small gap between the two neurons , called a synapse .","(ROOT (SINV (S (PP (IN Without) (S (VP (VBG going) (PP (IN into) (NP (NP (DT the) (NNS details)) (PP (IN of) (NP (DT this) (NN process)))))))) (, ,) (NP (PRP it)) (VP (VBZ suffices) (S (VP (TO to) (VP (VB say) (SBAR (IN that) (S (PP (IN for) (NP (DT a) (NN neuron) (S (VP (TO to) (VP (VB transmit) (NP (NN information)) (PP (TO to) (NP (DT another) (NN neuron)))))))) (, ,) (NP (PRP it)) (VP (MD must) (VP (VB release) (NP (DT a) (NN neurotransmitter)) (PP (IN in) (NP (NP (DT the) (JJ small) (NN gap)) (PP (IN between) (NP (DT the) (CD two) (NNS neurons)))))))))))))) (, ,) (VP (VBD called)) (NP (DT a) (NN synapse)) (. .))) "
154,6,7,these,drug,Although the effective use of these drugs shows that depression can be affected by physical changes in the Brain no one is sure exactly how these medication are effective .,(ROOT (S (SBAR (IN Although) (S (NP (NP (DT the) (JJ effective) (NN use)) (PP (IN of) (NP (DT these) (NNS drugs)))) (VP (VBZ shows) (SBAR (IN that) (S (NP (NN depression)) (VP (MD can) (VP (VB be) (VP (VBN affected) (PP (IN by) (NP (NP (JJ physical) (NNS changes)) (PP (IN in) (NP (DT the) (NN Brain))))))))))))) (NP (DT no) (NN one)) (VP (VBZ is) (ADJP (JJ sure)) (SBAR (WHADVP (RB exactly) (WRB how)) (S (NP (DT these) (NN medication)) (VP (VBP are) (ADJP (JJ effective)))))) (. .))) 
154,26,27,these,medication,Although the effective use of these drugs shows that depression can be affected by physical changes in the Brain no one is sure exactly how these medication are effective .,(ROOT (S (SBAR (IN Although) (S (NP (NP (DT the) (JJ effective) (NN use)) (PP (IN of) (NP (DT these) (NNS drugs)))) (VP (VBZ shows) (SBAR (IN that) (S (NP (NN depression)) (VP (MD can) (VP (VB be) (VP (VBN affected) (PP (IN by) (NP (NP (JJ physical) (NNS changes)) (PP (IN in) (NP (DT the) (NN Brain))))))))))))) (NP (DT no) (NN one)) (VP (VBZ is) (ADJP (JJ sure)) (SBAR (WHADVP (RB exactly) (WRB how)) (S (NP (DT these) (NN medication)) (VP (VBP are) (ADJP (JJ effective)))))) (. .))) 
170,27,28,these,event,"This is the so-called _ fight or flight _ response to the stressor event , and was quite adequate during most of our evolution , when these events were quite specific and usually short-term : escaping from a lion , chasing away a rival gang , or facing up to the impudent adolescent trying to woo your mate -LSB- -LSB- 5 -RSB- -RSB- -LRB- http://en.wikipedia.org/wiki/Fight-or-flight_response -RRB- .","(ROOT (S (NP (DT This)) (VP (VP (VBZ is) (NP (NP (NP (DT the) (JJ so-called) (CD _) (NN fight)) (CC or) (NP (NN flight) (NN _) (NN response))) (PP (TO to) (NP (DT the) (NN stressor) (NN event))))) (, ,) (CC and) (VP (VBD was) (ADJP (RB quite) (JJ adequate) (PP (IN during) (NP (NP (JJS most)) (PP (IN of) (NP (NP (PRP$ our) (NN evolution)) (, ,) (SBAR (WHADVP (WRB when)) (S (NP (DT these) (NNS events)) (VP (VBD were) (ADJP (ADJP (RB quite) (JJ specific)) (CC and) (ADJP (RB usually) (JJ short-term)))))))))))) (: :) (S (VP (VP (VBG escaping) (PP (IN from) (NP (DT a) (NN lion)))) (, ,) (VP (VBG chasing) (PRT (RP away)) (NP (DT a) (JJ rival) (NN gang))) (, ,) (CC or) (VP (VBG facing) (PRT (RP up)) (PP (TO to) (NP (DT the) (JJ impudent) (JJ adolescent))) (S (VP (VBG trying) (S (VP (TO to) (VP (VB woo) (NP (PRP$ your) (NN mate)) (PP (-LRB- -LSB-) (NP (NP (-LRB- -LSB-) (ADJP (CD 5) (-RRB- -RSB-)) (-RRB- -RSB-)) (PRN (-LRB- -LRB-) (NP (NN http://en.wikipedia.org/wiki/Fight-or-flight_response)) (-RRB- -RRB-))))))))))))) (. .))) "
183,6,7,this,feature,I have tried to capture this feature in Figure 2 .,(ROOT (S (NP (PRP I)) (VP (VBP have) (VP (VBN tried) (S (VP (TO to) (VP (VB capture) (NP (NP (DT this) (NN feature)) (PP (IN in) (NP (NN Figure) (CD 2))))))))) (. .))) 
185,4,5,this,moment,"It is at this moment that you feel bad , anxious , and having lots of negative thoughts .","(ROOT (S (NP (PRP It)) (VP (VBZ is) (PP (IN at) (NP (DT this) (NN moment))) (SBAR (IN that) (S (NP (PRP you)) (VP (VBP feel) (ADJP (ADJP (JJ bad) (, ,) (JJ anxious)) (, ,) (CC and) (VP (VBG having) (NP (NP (NNS lots)) (PP (IN of) (NP (JJ negative) (NNS thoughts)))))))))) (. .))) "
191,6,8,this,effect,Figure 3 tries to capture this reaction effect by showing the adrenaline response curve for three individuals subjected to the same physical exercise .,(ROOT (S (NP (NNP Figure) (CD 3)) (VP (VBZ tries) (S (VP (TO to) (VP (VB capture) (NP (DT this) (NN reaction) (NN effect)) (PP (IN by) (S (VP (VBG showing) (NP (NP (DT the) (NN adrenaline) (NN response) (NN curve)) (PP (IN for) (NP (NP (CD three) (NNS individuals)) (VP (VBN subjected) (PP (TO to) (NP (DT the) (JJ same) (JJ physical) (NN exercise)))))))))))))) (. .))) 
201,2,3,this,stage,At this stage you are in possession of all the ingredients necessary to understand how depression develops .,(ROOT (S (PP (IN At) (NP (DT this) (NN stage))) (NP (PRP you)) (VP (VBP are) (PP (IN in) (NP (NP (NN possession)) (PP (IN of) (NP (PDT all) (DT the) (NNS ingredients))))) (ADJP (JJ necessary) (S (VP (TO to) (VP (VB understand) (SBAR (WHADVP (WRB how)) (S (NP (NN depression)) (VP (VBZ develops))))))))) (. .))) 
211,43,45,this,spiral,"Psychology plays a role in the factors that lead to the initial dip of your work capacity , but after a certain stage the problem just feeds on itself , and it is crucial to understand that to avoid falling prey of this downward spiral .","(ROOT (S (S (NP (NN Psychology)) (VP (VBZ plays) (NP (NP (DT a) (NN role)) (PP (IN in) (NP (NP (DT the) (NNS factors)) (SBAR (WHNP (WDT that)) (S (VP (VBP lead) (PP (TO to) (NP (NP (DT the) (JJ initial) (NN dip)) (PP (IN of) (NP (PRP$ your) (NN work) (NN capacity))))))))))))) (, ,) (CC but) (S (S (PP (IN after) (NP (DT a) (JJ certain) (NN stage))) (NP (DT the) (NN problem)) (VP (ADVP (RB just)) (VBZ feeds) (PP (IN on) (NP (PRP itself))))) (, ,) (CC and) (S (NP (PRP it)) (VP (VBZ is) (ADJP (JJ crucial) (S (VP (TO to) (VP (VB understand) (SBAR (IN that) (S (VP (TO to) (VP (VB avoid) (NP (NP (VBG falling) (NN prey)) (PP (IN of) (NP (DT this) (JJ downward) (NN spiral))))))))))))))) (. .))) "
220,14,15,those,period,"Subjectively , you might feel a bit down and tired , especially during those periods when you are _ crashing down _ from the adrenaline , but most people would still not say that they feel depressed .","(ROOT (S (S (ADVP (RB Subjectively)) (, ,) (NP (PRP you)) (VP (VP (MD might) (VP (VB feel) (NP (DT a) (NN bit)) (ADVP (RB down)))) (CC and) (VP (VBD tired)) (, ,) (PP (RB especially) (IN during) (NP (NP (DT those) (NNS periods)) (SBAR (WHADVP (WRB when)) (S (NP (PRP you)) (VP (VBP are) (NP (NP (CD _)) (VP (VBG crashing) (PRT (RP down)) (NP (CD _)) (PP (IN from) (NP (DT the) (NN adrenaline)))))))))))) (, ,) (CC but) (S (NP (JJS most) (NNS people)) (VP (MD would) (ADVP (RB still)) (RB not) (VP (VB say) (SBAR (IN that) (S (NP (PRP they)) (VP (VBP feel) (ADJP (JJ depressed)))))))) (. .))) "
223,19,20,this,stage,There is some evidence that ** if done properly ** moderate amounts of aerobic exercise might help at this stage .,(ROOT (S (NP (EX There)) (VP (VBZ is) (NP (DT some) (NN evidence)) (SBAR (IN that) (X (X (SYM **)) (S (ADJP (IN if)) (S (VP (VBN done) (ADVP (RB properly)))))))) (SBAR (X (SYM **)) (S (NP (NP (JJ moderate) (NNS amounts)) (PP (IN of) (NP (JJ aerobic) (NN exercise)))) (VP (MD might) (VP (VB help) (PP (IN at) (NP (DT this) (NN stage))))))) (. .))) 
227,13,14,this,document,"If you do not believe now , read carefully both installments of this document and you might understand what I mean .","(ROOT (S (S (SBAR (IN If) (S (NP (PRP you)) (VP (VBP do) (RB not) (VP (VB believe) (ADVP (RB now)))))) (, ,) (VP (VB read) (NP (NP (ADJP (RB carefully) (DT both)) (NNS installments)) (PP (IN of) (NP (DT this) (NN document)))))) (CC and) (S (NP (PRP you)) (VP (MD might) (VP (VB understand) (SBAR (WHNP (WP what)) (S (NP (PRP I)) (VP (VBP mean))))))) (. .))) "
235,2,3,this,stage,"At this stage you are very clearly sleeping less than normal , waking up early in the morning , feeling tired and `` lazy '' about getting up .","(ROOT (S (PP (IN At) (NP (DT this) (NN stage))) (NP (PRP you)) (VP (VBP are) (ADVP (RB very) (RB clearly)) (VP (VP (VBG sleeping) (ADJP (ADVP (JJR less) (IN than)) (JJ normal))) (, ,) (VP (VBG waking) (ADVP (RB up) (RB early)) (PP (IN in) (NP (DT the) (NN morning)))) (, ,) (VP (VBG feeling) (ADJP (ADJP (JJ tired)) (CC and) (ADJP (`` ``) (JJ lazy) ('' ''))) (PP (IN about) (S (VP (VBG getting) (PRT (RP up)))))))) (. .))) "
238,2,3,this,stage,At this stage you should not be complacent about the problem .,(ROOT (S (PP (IN At) (NP (DT this) (NN stage))) (NP (PRP you)) (VP (MD should) (RB not) (VP (VB be) (ADJP (JJ complacent) (PP (IN about) (NP (DT the) (NN problem)))))) (. .))) 
242,6,7,this,stage,"Antidepressants are very effective at this stage , especially if combined with minor lifestyle changes .","(ROOT (S (NP (NNS Antidepressants)) (VP (VBP are) (ADJP (RB very) (JJ effective) (PP (IN at) (NP (DT this) (NN stage)))) (, ,) (SBAR (RB especially) (IN if) (S (VP (VBN combined) (PP (IN with) (NP (JJ minor) (NN lifestyle) (NNS changes))))))) (. .))) "
246,2,3,this,point,"At this point , most people start having serious problems with anxiety , stress , panic attacks , hyperventilation , bouts of psychosis , etc. .","(ROOT (S (PP (IN At) (NP (DT this) (NN point))) (, ,) (NP (JJS most) (NNS people)) (VP (VBP start) (S (VP (VBG having) (NP (JJ serious) (NNS problems)) (PP (IN with) (NP (NP (NN anxiety)) (, ,) (NP (NP (NN stress)) (, ,) (NP (NN panic) (NNS attacks)) (, ,) (NP (NN hyperventilation)) (, ,) (NP (NP (NNS bouts)) (PP (IN of) (NP (NN psychosis)))) (, ,) (NP (FW etc.)))))))) (. .))) "
248,9,10,this,stage,** One should definitely seek professional help at this stage ** .,(ROOT (FRAG (X (X (SYM **)) (NP (CD One))) (VP (MD should) (ADVP (RB definitely)) (VP (VB seek) (NP (NP (NP (JJ professional) (NN help)) (PP (IN at) (NP (DT this) (NN stage)))) (X (SYM **))))) (. .))) 
252,4,5,this,area,"My experience in this area was quite bad : I spent more than one year jumping from doctor to doctor , with the problem constantly aggravating , and getting all kinds of bad advice .","(ROOT (S (S (NP (NP (PRP$ My) (NN experience)) (PP (IN in) (NP (DT this) (NN area)))) (VP (VBD was) (ADJP (RB quite) (JJ bad)))) (: :) (S (NP (PRP I)) (VP (VBD spent) (NP (QP (XS (JJR more) (IN than)) (CD one))) (NP-TMP (NN year)) (S (VP (VP (VBG jumping) (PP (IN from) (NP (NN doctor))) (PP (TO to) (NP (NN doctor))) (, ,) (PP (IN with) (NP (NP (DT the) (NN problem)) (VP (ADVP (RB constantly)) (VBG aggravating))))) (, ,) (CC and) (VP (VBG getting) (NP (NP (DT all) (NNS kinds)) (PP (IN of) (NP (JJ bad) (NN advice))))))))) (. .))) "
260,22,23,that,regard,The -LSB- Recovery Guide -RSB- -LRB- / wiki/Demystifying _ Depression/Recovery _ Guide -RRB- section describes one author 's personal experience in that regard .,(ROOT (S (NP (NP (DT The) (-LRB- -LSB-) (NNP Recovery) (NNP Guide)) (PP (-RRB- -RSB-) (PRN (-LRB- -LRB-) (: /) (VP (VBG wiki/Demystifying) (NP (NP (CD _)) (NP (NNP Depression/Recovery) (NNP _) (NNP Guide)))) (-RRB- -RRB-)) (NP (NN section)))) (VP (VBZ describes) (NP (NP (NP (CD one) (NN author) (POS 's)) (JJ personal) (NN experience)) (PP (IN in) (NP (DT that) (NN regard))))) (. .))) 
265,2,3,this,stage,"During this stage , people can barely sleep , if at all .","(ROOT (S (PP (IN During) (NP (DT this) (NN stage))) (, ,) (NP (NNS people)) (VP (MD can) (ADVP (RB barely)) (VP (VB sleep) (, ,) (FRAG (IN if) (ADVP (IN at) (DT all))))) (. .))) "
270,7,8,this,stage,"Unfortunately , it is only at this stage that many people finally concede that they need professional help to treat them .","(ROOT (S (ADVP (RB Unfortunately)) (, ,) (NP (PRP it)) (VP (VBZ is) (ADVP (RB only)) (PP (IN at) (NP (DT this) (NN stage))) (SBAR (IN that) (S (NP (JJ many) (NNS people)) (ADVP (RB finally)) (VP (VBP concede) (SBAR (IN that) (S (NP (PRP they)) (VP (VBP need) (NP (JJ professional) (NN help)) (S (VP (TO to) (VP (VB treat) (NP (PRP them)))))))))))) (. .))) "
273,19,20,this,period,"** Most important of all , a clinical psychiatrist is the proper ** specialist to accompany you during this period .","(ROOT (X (X (SYM **)) (ADJP (ADJP (RBS Most) (JJ important)) (PP (IN of) (NP (NP (DT all)) (, ,) (SBAR (SBAR (S (NP (DT a) (JJ clinical) (NN psychiatrist)) (VP (VBZ is) (NP (DT the) (JJ proper))))) (SBAR (X (SYM **)) (S (NP (NN specialist)) (VP (TO to) (VP (VB accompany) (NP (PRP you)) (PP (IN during) (NP (DT this) (NN period)))))))))) (. .)))) "
277,7,9,this,process,Sleep seems to be fundamental for this renewal process -- perhaps neurogenesis happens during sleep .,(ROOT (S (S (NP (NNP Sleep)) (VP (VBZ seems) (S (VP (TO to) (VP (VB be) (ADJP (JJ fundamental) (PP (IN for) (NP (DT this) (NN renewal) (NN process))))))))) (: --) (S (NP (RB perhaps) (NN neurogenesis)) (VP (VBZ happens) (PP (IN during) (NP (NN sleep))))) (. .))) 
286,16,17,this,period,"Do not despair , however , because this certainly does not mean that during all this period you will feel as bad as in the beginning .","(ROOT (S (S (VP (VBP Do) (NP (RB not) (NN despair)) (, ,) (ADVP (RB however)) (, ,) (SBAR (IN because) (S (NP (DT this)) (ADVP (RB certainly)) (VP (VBZ does) (RB not) (VP (VB mean) (NP (DT that)) (PP (IN during) (NP (PDT all) (DT this) (NN period))))))))) (NP (PRP you)) (VP (MD will) (VP (VB feel) (ADJP (RB as) (JJ bad) (PP (IN as) (PP (IN in) (NP (DT the) (NN beginning))))))) (. .))) "
309,12,14,this,advice,"Moreover , remember that depression is not an on/off condition : this same advice is also useful for healthy people who wish to remain that way .","(ROOT (S (S (ADVP (RB Moreover)) (, ,) (VP (VBP remember) (SBAR (IN that) (S (NP (NN depression)) (VP (VBZ is) (RB not) (NP (DT an) (JJ on/off) (NN condition))))))) (: :) (S (NP (DT this) (JJ same) (NN advice)) (VP (VBZ is) (ADVP (RB also)) (ADJP (JJ useful) (PP (IN for) (NP (NP (JJ healthy) (NNS people)) (SBAR (WHNP (WP who)) (S (VP (VBP wish) (S (VP (TO to) (VP (VB remain) (NP (DT that) (NN way))))))))))))) (. .))) "
309,25,26,that,way,"Moreover , remember that depression is not an on/off condition : this same advice is also useful for healthy people who wish to remain that way .","(ROOT (S (S (ADVP (RB Moreover)) (, ,) (VP (VBP remember) (SBAR (IN that) (S (NP (NN depression)) (VP (VBZ is) (RB not) (NP (DT an) (JJ on/off) (NN condition))))))) (: :) (S (NP (DT this) (JJ same) (NN advice)) (VP (VBZ is) (ADVP (RB also)) (ADJP (JJ useful) (PP (IN for) (NP (NP (JJ healthy) (NNS people)) (SBAR (WHNP (WP who)) (S (VP (VBP wish) (S (VP (TO to) (VP (VB remain) (NP (DT that) (NN way))))))))))))) (. .))) "
318,41,42,this,_,"** Make a conscious effort to do things with pleasure ** This could take a fair amount of brainwashing , but the idea is that before each activity , no matter how small , you think _ I love doing this _ or _ I order myself to feel good , right now _ .","(ROOT (S (SBAR (X (SYM **)) (S (S (S (VP (VB Make) (NP (DT a) (JJ conscious) (NN effort) (S (VP (TO to) (VP (VB do) (NP (NP (NP (NNS things)) (PP (IN with) (NP (NN pleasure)))) (X (SYM **))))))))) (NP (DT This)) (VP (MD could) (VP (VB take) (NP (NP (DT a) (JJ fair) (NN amount)) (PP (IN of) (NP (NN brainwashing))))))) (, ,) (CC but) (S (NP (DT the) (NN idea)) (VP (VBZ is) (SBAR (IN that) (S (PP (IN before) (NP (NP (DT each) (NN activity)) (, ,) (RRC (ADVP (DT no) (NN matter)) (ADJP (WHADVP (WRB how)) (JJ small))))) (, ,) (NP (PRP you)) (VP (VBP think) (NP (CD _))))))))) (NP (PRP I)) (VP (VBP love) (S (VP (VBG doing) (NP (NP (DT this) (NN _) (CC or) (NN _)) (SBAR (S (NP (PRP I)) (VP (VBP order) (S (NP (PRP myself)) (VP (TO to) (VP (VB feel) (ADJP (JJ good)) (, ,) (ADVP (ADVP (RB right) (RB now)) (NP (CD _))))))))))))) (. .))) "
320,23,24,that,pleasure,"Also , only do things when you really feel pleasure in doing them , and do them only for as long as that pleasure remains .","(ROOT (S (ADVP (RB Also)) (, ,) (ADVP (RB only)) (VP (VBP do) (NP (NNS things)) (SBAR (WHADVP (WRB when)) (S (NP (PRP you)) (ADVP (RB really)) (VP (VBP feel) (NP (NN pleasure)) (PP (IN in) (S (VP (VBG doing) (NP (PRP them)))))))) (, ,) (CC and) (VBP do) (NP (NP (PRP them)) (PP (RB only) (IN for) (ADJP (ADJP (RB as) (JJ long)) (SBAR (IN as) (S (NP (DT that) (NN pleasure)) (VP (VBZ remains)))))))) (. .))) "
335,14,15,these,activity,"If it takes you less than one hour and a half to perform these activities , then you are doing them too quickly .","(ROOT (S (SBAR (IN If) (S (NP (PRP it)) (VP (VBZ takes) (S (NP (PRP you)) (NP (NP (QP (XS (JJR less) (IN than)) (CD one)) (NN hour)) (CC and) (NP (DT a) (NN half) (S (VP (TO to) (VP (VB perform) (NP (DT these) (NNS activities))))))))))) (, ,) (ADVP (RB then)) (NP (PRP you)) (VP (VBP are) (VP (VBG doing) (NP (PRP them)) (ADVP (RB too) (RB quickly)))) (. .))) "
381,15,16,these,worry,"Well , my personal opinion is that there is some substance to some of these worries , but they are largely exaggerated and fail to acknowledge one very important fact : antidepressants are very effective in treating clinical depression .","(ROOT (S (S (INTJ (RB Well)) (, ,) (NP (PRP$ my) (JJ personal) (NN opinion)) (VP (VBZ is) (SBAR (IN that) (S (NP (EX there)) (VP (VBZ is) (NP (NP (DT some) (NN substance)) (PP (TO to) (NP (NP (DT some)) (PP (IN of) (NP (DT these) (NNS worries))))))))))) (, ,) (CC but) (S (NP (PRP they)) (VP (VP (VBP are) (ADJP (RB largely) (JJ exaggerated))) (CC and) (VP (VBP fail) (S (VP (TO to) (VP (VB acknowledge) (NP (NP (CD one) (ADJP (RB very) (JJ important)) (NN fact)) (: :) (S (NP (NNS antidepressants)) (VP (VBP are) (ADJP (RB very) (JJ effective) (PP (IN in) (S (VP (VBG treating) (NP (JJ clinical) (NN depression))))))))))))))) (. .))) "
387,5,6,these,people,"In most cases , these people do not have a depression .","(ROOT (S (PP (IN In) (NP (JJS most) (NNS cases))) (, ,) (NP (DT these) (NNS people)) (VP (VBP do) (RB not) (VP (VB have) (NP (DT a) (NN depression)))) (. .))) "
390,2,3,these,case,"In these cases , antidepressants and all their unavoidable side effects are more likely to hurt than to help .","(ROOT (S (PP (IN In) (NP (NP (DT these) (NNS cases)) (, ,) (NP (NNS antidepressants)) (CC and) (NP (DT all)))) (NP (PRP$ their) (JJ unavoidable) (JJ side) (NNS effects)) (VP (VBP are) (ADJP (RBR more) (JJ likely) (S (VP (TO to) (VP (VB hurt) (SBAR (IN than) (S (VP (TO to) (VP (VB help)))))))))) (. .))) "
412,6,7,this,sentence,"There is much wisdom to this sentence , and it is probably the best advice you can give a depressed person .","(ROOT (S (S (NP (EX There)) (VP (VBZ is) (NP (NP (JJ much) (NN wisdom)) (PP (TO to) (NP (DT this) (NN sentence)))))) (, ,) (CC and) (S (NP (PRP it)) (VP (VBZ is) (ADVP (RB probably)) (NP (NP (DT the) (JJS best) (NN advice)) (SBAR (S (NP (PRP you)) (VP (MD can) (VP (VB give) (NP (DT a) (JJ depressed) (NN person))))))))) (. .))) "
413,4,6,that,stage,"Unfortunately , during that critical stage is difficult for them to visualise the temporary nature of the problem , and suicide is not uncommon .","(ROOT (S (S (ADVP (RB Unfortunately)) (, ,) (X (IN during)) (NP (DT that) (JJ critical) (NN stage)) (VP (VBZ is) (ADJP (JJ difficult) (PP (IN for) (NP (PRP them)))) (S (VP (TO to) (VP (VB visualise) (NP (NP (DT the) (JJ temporary) (NN nature)) (PP (IN of) (NP (DT the) (NN problem))))))))) (, ,) (CC and) (S (NP (NN suicide)) (VP (VBZ is) (RB not) (ADJP (JJ uncommon)))) (. .))) "
414,13,14,that,stage,"If you a have a friend or a loved one going through that stage of a depression , do take the possibility seriously and do what you can to prevent it from happening .","(ROOT (S (SBAR (IN If) (S (NP (PRP you) (DT a)) (VP (VBP have) (NP (NP (DT a) (NN friend)) (CC or) (NP (NP (DT a) (NN loved) (CD one)) (VP (VBG going) (PP (IN through) (NP (NP (DT that) (NN stage)) (PP (IN of) (NP (DT a) (NN depression)))))))))) (, ,)) (VP (VBP do) (VP (VP (VB take) (NP (DT the) (NN possibility)) (ADVP (RB seriously))) (CC and) (VP (VB do) (SBAR (WHNP (WP what)) (S (NP (PRP you)) (VP (MD can) (S (VP (TO to) (VP (VB prevent) (NP (PRP it)) (PP (IN from) (S (VP (VBG happening))))))))))))) (. .))) "
416,9,10,this,stage,"Fortunately , especially if people are young , this stage will not last very long , typically just a few days or weeks .","(ROOT (S (ADVP (RB Fortunately)) (, ,) (SBAR (RB especially) (IN if) (S (NP (NNS people)) (VP (VBP are) (ADJP (JJ young))))) (, ,) (NP (DT this) (NN stage)) (VP (MD will) (RB not) (VP (VB last) (ADVP (ADVP (RB very) (RB long)) (, ,) (ADVP (RB typically))) (NP (QP (RB just) (DT a) (JJ few)) (NNS days) (CC or) (NNS weeks)))) (. .))) "
421,10,11,this,section,"Consequently , beware that much of the material in this section is conjectural .","(ROOT (S (ADVP (RB Consequently)) (, ,) (NP (NP (NP (NP (NN beware)) (SBAR (WHNP (WDT that)))) (ADVP (RB much))) (PP (IN of) (NP (NP (DT the) (NN material)) (PP (IN in) (NP (DT this) (NN section)))))) (VP (VBZ is) (ADJP (JJ conjectural))) (. .))) "
442,3,4,this,statement,"Unfortunately , this statement is grossly incomplete , often tragically so .","(ROOT (S (ADVP (RB Unfortunately)) (, ,) (NP (DT this) (NN statement)) (VP (VBZ is) (ADJP (ADJP (RB grossly) (JJ incomplete)) (, ,) (ADJP (RB often) (RB tragically) (RB so)))) (. .))) "
449,8,9,that,antidepressant,This coincidence has led some to hypothesise that antidepressants work by stimulating neurogenesis -LSB- -LSB- 15 -RSB- -RSB- -LRB- http://www.biopsychiatry.com/newbraincell/ -RRB- .,(ROOT (S (NP (DT This) (NN coincidence)) (VP (VBZ has) (VP (VBN led) (NP (DT some)) (PP (TO to) (NP (NP (NN hypothesise)) (SBAR (WHNP (WDT that) (NNS antidepressants)) (S (VP (VBP work) (PP (IN by) (S (VP (VBG stimulating) (NP (NP (NN neurogenesis)) (PP (-LRB- -LSB-) (NP (NP (-LRB- -LSB-) (ADJP (CD 15) (-RRB- -RSB-)) (-RRB- -RSB-)) (PRN (-LRB- -LRB-) (NP (NN http://www.biopsychiatry.com/newbraincell/)) (-RRB- -RRB-))))))))))))))) (. .))) 
450,4,5,this,digression,The point of this digression is to emphasise that anything which has a positive effect on recovery from depression is likely to require at least three weeks to work and will often take longer to be noticeable .,(ROOT (S (NP (NP (DT The) (NN point)) (PP (IN of) (NP (DT this) (NN digression)))) (VP (VBZ is) (S (VP (TO to) (VP (VB emphasise) (SBAR (IN that) (S (NP (NP (NN anything)) (SBAR (WHNP (WDT which)) (S (VP (VBZ has) (NP (NP (DT a) (JJ positive) (NN effect)) (PP (IN on) (NP (NN recovery)))))))) (VP (VP (PP (IN from) (NP (NN depression))) (VBZ is) (ADJP (JJ likely) (S (VP (TO to) (VP (VB require) (NP (QP (XS (IN at) (JJS least)) (CD three)) (NNS weeks)) (S (VP (TO to) (VP (VB work))))))))) (CC and) (VP (MD will) (ADVP (RB often)) (VP (VB take) (ADVP (JJR longer)) (S (VP (TO to) (VP (VB be) (ADJP (JJ noticeable)))))))))))))) (. .))) 
481,17,18,this,scheme,"If you understood the role of sports in depression , you will also realise just how this scheme works : it basically gets their brains running on adrenaline .","(ROOT (S (S (SBAR (IN If) (S (NP (PRP you)) (VP (VBD understood) (NP (NP (DT the) (NN role)) (PP (IN of) (NP (NNS sports)))) (PP (IN in) (NP (NN depression)))))) (, ,) (NP (PRP you)) (VP (MD will) (ADVP (RB also)) (VP (VB realise) (ADVP (RB just)) (SBAR (WHADVP (WRB how)) (S (NP (DT this) (NN scheme)) (VP (VBZ works))))))) (: :) (S (NP (PRP it)) (ADVP (RB basically)) (VP (VBZ gets) (NP (PRP$ their) (NNS brains)) (S (VP (VBG running) (PP (IN on) (NP (NN adrenaline))))))) (. .))) "
484,4,5,this,scheme,The advantage of this scheme ?,(ROOT (NP (NP (DT The) (NN advantage)) (PP (IN of) (NP (DT this) (NN scheme))) (. ?))) 
486,2,3,this,point,At this point you might be wondering how they do not realise what is really happening .,(ROOT (S (PP (IN At) (NP (DT this) (NN point))) (NP (PRP you)) (VP (MD might) (VP (VB be) (VP (VBG wondering) (SBAR (WHADVP (WRB how)) (S (NP (PRP they)) (VP (VBP do) (RB not) (VP (VB realise) (SBAR (WHNP (WP what)) (S (VP (VBZ is) (ADVP (RB really)) (VP (VBG happening)))))))))))) (. .))) 
487,2,3,that,adrenaline,"Remember that adrenaline is an insidious hormone , which makes one feel good even as it revs up the body , and this scheme requires them to exercise _ every single day without exception _ .","(ROOT (S (S (S (VP (VB Remember) (SBAR (S (NP (DT that) (NN adrenaline)) (VP (VBZ is) (NP (NP (DT an) (ADJP (JJ insidious)) (NN hormone)) (, ,) (SBAR (WHNP (WDT which)) (S (VP (VBZ makes) (NP (CD one))))))))))) (VP (VBP feel) (ADJP (JJ good)) (SBAR (RB even) (IN as) (S (NP (PRP it)) (VP (VBZ revs) (PRT (RP up)) (NP (DT the) (NN body))))))) (, ,) (CC and) (S (NP (DT this) (NN scheme)) (VP (VBZ requires) (S (NP (PRP them)) (VP (TO to) (VP (VB exercise) (NP (CD _)) (NP-TMP (DT every) (JJ single) (NN day)) (PP (IN without) (NP (NN exception) (NN _)))))))) (. .))) "
487,23,24,this,scheme,"Remember that adrenaline is an insidious hormone , which makes one feel good even as it revs up the body , and this scheme requires them to exercise _ every single day without exception _ .","(ROOT (S (S (S (VP (VB Remember) (SBAR (S (NP (DT that) (NN adrenaline)) (VP (VBZ is) (NP (NP (DT an) (ADJP (JJ insidious)) (NN hormone)) (, ,) (SBAR (WHNP (WDT which)) (S (VP (VBZ makes) (NP (CD one))))))))))) (VP (VBP feel) (ADJP (JJ good)) (SBAR (RB even) (IN as) (S (NP (PRP it)) (VP (VBZ revs) (PRT (RP up)) (NP (DT the) (NN body))))))) (, ,) (CC and) (S (NP (DT this) (NN scheme)) (VP (VBZ requires) (S (NP (PRP them)) (VP (TO to) (VP (VB exercise) (NP (CD _)) (NP-TMP (DT every) (JJ single) (NN day)) (PP (IN without) (NP (NN exception) (NN _)))))))) (. .))) "
490,5,6,this,scheme,"Personally , I find this scheme to be utterly mad .","(ROOT (S (ADVP (RB Personally)) (, ,) (NP (PRP I)) (VP (VBP find) (S (NP (DT this) (NN scheme)) (VP (TO to) (VP (VB be) (ADJP (RB utterly) (JJ mad)))))) (. .))) "
492,6,7,this,scheme,"Should you be thinking that this scheme is also a perfectly viable alternative way of curing a depression -- one which takes longer , is potentially harmful to the general health , ** but ** does allow one to become active sooner rather than later -- I would even be tempted to agree with you .","(ROOT (S (SINV (MD Should) (NP (PRP you)) (VP (VB be) (VP (VBG thinking) (SBAR (IN that) (S (NP (DT this) (NN scheme)) (VP (VBZ is) (ADVP (RB also)) (NP (NP (DT a) (ADJP (RB perfectly) (JJ viable)) (JJ alternative) (NN way)) (PP (IN of) (S (VP (VBG curing) (NP (DT a) (NN depression)))))))))))) (: --) (S (NP (NP (CD one)) (SBAR (WHNP (WDT which)) (S (VP (VBZ takes) (ADVP (RBR longer)) (, ,) (SBAR (SBAR (S (VP (VBZ is) (ADJP (RB potentially) (JJ harmful) (PP (TO to) (NP (NP (DT the) (JJ general) (NN health) (, ,)) (X (SYM **)))))))) (CC but) (SBAR (X (SYM **)) (S (VP (VBZ does) (VP (VB allow) (NP (CD one)) (S (VP (TO to) (VP (VB become) (ADJP (JJ active)) (ADVP (RBR sooner)) (SBAR (RB rather) (IN than) (FRAG (ADVP (RB later)) (: --)))))))) (NP (PRP I))))))))) (VP (MD would) (ADVP (RB even)) (VP (VB be) (VP (VBN tempted) (S (VP (TO to) (VP (VB agree) (PP (IN with) (NP (PRP you)))))))))) (. .))) "
502,5,6,this,context,"Mind you , in this context I will speak only of the brain 's endurance , not of the general cognitive abilities .","(ROOT (S (FRAG (VP (VB Mind) (NP (PRP you)))) (, ,) (S (PP (IN in) (NP (DT this) (NN context))) (NP (PRP I)) (VP (MD will) (VP (VB speak) (ADVP (RB only)) (PP (IN of) (NP (NP (DT the) (NN brain) (POS 's)) (JJ endurance)))))) (, ,) (FRAG (RB not) (PP (IN of) (NP (DT the) (JJ general) (JJ cognitive) (NNS abilities)))) (. .))) "
530,2,3,these,case,"In these cases , the conditional probability of having a depression knowing that your relative had a depression is higher than the above mentioned absolute probability of about one third .","(ROOT (S (PP (IN In) (NP (DT these) (NNS cases))) (, ,) (NP (NP (DT the) (JJ conditional) (NN probability)) (PP (IN of) (S (VP (VBG having) (S (NP (DT a) (NN depression)) (VP (VBG knowing) (SBAR (IN that) (S (NP (PRP$ your) (JJ relative)) (VP (VBD had) (NP (DT a) (NN depression))))))))))) (VP (VBZ is) (ADJP (ADJP (JJR higher)) (PP (IN than) (NP (NP (DT the) (JJ above)) (VP (VBN mentioned) (NP (NP (JJ absolute) (NN probability)) (PP (IN of) (PP (IN about) (NP (CD one) (JJ third)))))))))) (. .))) "
537,5,6,that,way,"Statistics seem to point that way -LSB- -LSB- 18 -RSB- -RSB- -LRB- http://en.wikipedia.org/wiki/Clinical_depression -RRB- , and considering the risk factors , that should not be altogether surprising .","(ROOT (S (S (NP (NNPS Statistics)) (VP (VBP seem) (S (VP (TO to) (VP (VB point) (NP (NP (DT that) (NN way)) (PP (-LRB- -LSB-) (NP (NP (-LRB- -LSB-) (ADJP (CD 18) (-RRB- -RSB-)) (-RRB- -RSB-)) (PRN (-LRB- -LRB-) (NP (NN http://en.wikipedia.org/wiki/Clinical_depression)) (-RRB- -RRB-)))))))))) (, ,) (CC and) (S (S (VP (VBG considering) (NP (DT the) (NN risk) (NNS factors)))) (, ,) (NP (DT that)) (VP (MD should) (RB not) (VP (VB be) (ADJP (RB altogether) (JJ surprising))))) (. .))) "
555,5,6,this,section,"In fact , in this section I intend to propose the means by which they could be developed .","(ROOT (S (PP (IN In) (NP (NN fact))) (, ,) (PP (IN in) (NP (DT this) (NN section))) (NP (PRP I)) (VP (VBP intend) (S (VP (TO to) (VP (VB propose) (NP (DT the) (NNS means)) (PP (IN by) (SBAR (WHNP (WDT which)) (S (NP (PRP they)) (VP (MD could) (VP (VB be) (VP (VBN developed))))))))))) (. .))) "
556,2,3,this,point,At this point you might be thinking that blood pressure already provides a fine estimation .,(ROOT (S (PP (IN At) (NP (DT this) (NN point))) (NP (PRP you)) (VP (MD might) (VP (VB be) (VP (VBG thinking) (SBAR (IN that) (S (NP (NN blood) (NN pressure)) (ADVP (RB already)) (VP (VBZ provides) (NP (DT a) (JJ fine) (NN estimation)))))))) (. .))) 
562,16,17,that,variable,"My suggested test also relies on blood pressure , but adds a dynamic measure of that variable .","(ROOT (S (NP (PRP$ My) (VBN suggested) (NN test)) (ADVP (RB also)) (VP (VP (VBZ relies) (PP (IN on) (NP (NN blood) (NN pressure)))) (, ,) (CC but) (VP (VBZ adds) (NP (NP (DT a) (JJ dynamic) (NN measure)) (PP (IN of) (NP (DT that) (NN variable)))))) (. .))) "
589,15,16,this,discussion,"And as is often the case , there is more noise than signal in this discussion .","(ROOT (S (CC And) (SBAR (RB as) (S (VP (VBZ is) (ADVP (RB often)) (NP (DT the) (NN case))))) (, ,) (NP (EX there)) (VP (VBZ is) (NP (NP (JJR more) (NN noise)) (PP (IN than) (NP (NP (NN signal)) (PP (IN in) (NP (DT this) (NN discussion))))))) (. .))) "
598,7,8,this,issue,"I made a section out of this issue precisely because the general attitude in this country is to dismiss _ burnout _ as just a psychological problem , thus being handled with a lot of complacency , or just ignored .","(ROOT (S (NP (PRP I)) (VP (VBD made) (PP (ADVP (NP (DT a) (NN section)) (IN out)) (IN of) (NP (DT this) (NN issue))) (ADVP (RB precisely)) (SBAR (IN because) (S (NP (NP (DT the) (JJ general) (NN attitude)) (PP (IN in) (NP (DT this) (NN country)))) (VP (VBZ is) (S (VP (TO to) (VP (VB dismiss) (NP (CD _) (NN burnout)) (ADVP (RB _)) (SBAR (RB as) (FRAG (NP (RB just) (DT a) (JJ psychological) (NN problem)))) (, ,) (S (S (ADVP (RB thus)) (VP (VBG being) (VP (VBN handled) (PP (IN with) (NP (NP (DT a) (NN lot)) (PP (IN of) (NP (NN complacency)))))))) (, ,) (CC or) (S (ADVP (RB just)) (VP (VBN ignored))))))))))) (. .))) "
598,15,16,this,country,"I made a section out of this issue precisely because the general attitude in this country is to dismiss _ burnout _ as just a psychological problem , thus being handled with a lot of complacency , or just ignored .","(ROOT (S (NP (PRP I)) (VP (VBD made) (PP (ADVP (NP (DT a) (NN section)) (IN out)) (IN of) (NP (DT this) (NN issue))) (ADVP (RB precisely)) (SBAR (IN because) (S (NP (NP (DT the) (JJ general) (NN attitude)) (PP (IN in) (NP (DT this) (NN country)))) (VP (VBZ is) (S (VP (TO to) (VP (VB dismiss) (NP (CD _) (NN burnout)) (ADVP (RB _)) (SBAR (RB as) (FRAG (NP (RB just) (DT a) (JJ psychological) (NN problem)))) (, ,) (S (S (ADVP (RB thus)) (VP (VBG being) (VP (VBN handled) (PP (IN with) (NP (NP (DT a) (NN lot)) (PP (IN of) (NP (NN complacency)))))))) (, ,) (CC or) (S (ADVP (RB just)) (VP (VBN ignored))))))))))) (. .))) "
599,27,28,this,problem,This is all the more tragic if one considers the statistics which show the Netherlands to have some of the highest percentages of people affected by this problem .,(ROOT (S (NP (DT This)) (VP (VBZ is) (ADJP (ADVP (PDT all) (DT the) (RBR more)) (JJ tragic)) (SBAR (IN if) (S (NP (CD one)) (VP (VBZ considers) (NP (NP (DT the) (NNS statistics)) (SBAR (WHNP (WDT which)) (S (VP (VBP show) (S (NP (DT the) (NNPS Netherlands)) (VP (TO to) (VP (VB have) (NP (NP (DT some)) (PP (IN of) (NP (NP (DT the) (JJS highest) (NNS percentages)) (PP (IN of) (NP (NP (NNS people)) (VP (VBN affected) (PP (IN by) (NP (DT this) (NN problem)))))))))))))))))))) (. .))) 
605,25,26,this,document,php?title = Demystifying_Depression / Facing_the_Prejudice & action = edit & section = T-1 -RRB- -RSB- Most of the advice contained in both instalments of this document is based on one very important assumption : society will give you the means to recover .,(ROOT (S (S (NP (NP (NP (NN php?title) (JJ =) (NN Demystifying_Depression)) (PRN (: /) (S (NP (NNP Facing_the_Prejudice)) (NP (CC &) (NP (NN action) (JJ =) (NN edit)) (CC &) (NP (NN section) (JJ =) (NN T-1)))) (-RRB- -RRB-))) (PP (-RRB- -RSB-) (NP (NP (JJS Most)) (PP (IN of) (NP (DT the) (NN advice)))))) (VP (VBD contained) (PP (IN in) (NP (NP (DT both) (NNS instalments)) (PP (IN of) (NP (NP (DT this) (NN document)) (SBAR (S (VP (VBZ is) (VP (VBN based) (PP (IN on) (NP (CD one))))))))))) (NP (ADJP (RB very) (JJ important)) (NN assumption)))) (: :) (S (NP (NN society)) (VP (MD will) (VP (VB give) (NP (PRP you)) (NP (DT the) (NNS means) (S (VP (TO to) (VP (VB recover)))))))) (. .))) 
684,14,15,this,page,php?title = Demystifying_Depression / Print_version & action = info -RRB- * -LSB- Cite this page -RSB- -LRB- / w/index .,(ROOT (S (VP (NN php?title) (NP (NP (NP (JJ =) (NN Demystifying_Depression)) (PRN (: /) (NP (NP (NNP Print_version)) (CC &) (NP (NN action) (JJ =) (NN info))) (-RRB- -RRB-))) (X (SYM *))) (S (VP (-LRB- -LSB-) (VP (VB Cite) (S (NP (DT this) (NN page)) (NP (NP (-RRB- -RSB-)) (-LRB- -LRB-) (PP (: /) (NP (NN w/index))))))))) (. .))) 
690,3,4,this,site,"By using this site , you agree to the -LSB- Terms of Use -RSB- -LRB- / / wikimediafoundation.org/wiki/Terms_of_Use -RRB- and -LSB- Privacy Policy . -RSB-","(ROOT (S (PP (IN By) (S (VP (VBG using) (NP (DT this) (NN site))))) (, ,) (NP (PRP you)) (VP (VBP agree) (PP (PP (TO to) (NP (NP (DT the) (-LRB- -LSB-) (NNS Terms)) (PP (IN of) (NP (NP (NN Use) (-RRB- -RSB-)) (PRN (-LRB- -LRB-) (NP (: /) (: /) (NN wikimediafoundation.org/wiki/Terms_of_Use)) (-RRB- -RRB-)))))) (CC and) (PP (-LRB- -LSB-) (NP (NNP Privacy) (NNP Policy))))) (. .) (-RRB- -RSB-))) "
