2,7,8,this,page,-LSB- Unreviewed changes are displayed on this page -RSB- -LRB- / / bits.wikimedia.org/static-1.22wmf19/extensions/FlaggedRevs/frontend/modules/img/1.png -RRB- This page may need to be -LSB- reviewed -RSB- -LRB- / wiki/Wikibooks : REVIEW -RRB- for quality .,(ROOT (S (SBAR (-LRB- -LSB-) (S (NP (JJ Unreviewed) (NNS changes)) (VP (VBP are) (VP (VBN displayed) (PP (IN on) (NP (DT this) (NN page) (-RRB- -RSB-))))))) (PRN (-LRB- -LRB-) (VP (: /) (NP (: /) (NN bits.wikimedia.org/static-1.22wmf19/extensions/FlaggedRevs/frontend/modules/img/1.png))) (-RRB- -RRB-)) (NP (DT This) (NN page)) (VP (MD may) (VP (VB need) (S (VP (TO to) (VP (VB be) (VP (-LRB- -LSB-) (VP (VBN reviewed) (NP (NP (NP (-RRB- -RSB-)) (PRN (-LRB- -LRB-) (NP (NP (: /) (NNS wiki/Wikibooks)) (: :) (NP (NNP REVIEW))) (-RRB- -RRB-))) (PP (IN for) (NP (NN quality))))))))))) (. .))) 
4,41,42,this,message,-LSB- Printer.svg -RSB- -LRB- / / upload.wikimedia.org/wikipedia/commons/thumb/2/23/Printer.svg/40px-Printer.svg.png -RRB- ** This is the -LSB- print version -RSB- -LRB- / wiki/Help : Print_versions -RRB- of -LSB- Designing Sound in SuperCollider -RSB- -LRB- / wiki/Designing _ Sound_in_SuperCollider -RRB- ** You wo n't see this message or any elements not part of the book 's content when you print or -LSB- preview -RSB- -LRB- / / en.wikibooks.org/w/index.php?title=Designing_Sound_in_SuperCollider/Print_version&action=purge&printable=yes -RRB- this page .,(ROOT (S (NP (-LRB- -LSB-) (NN Printer.svg)) (VP (-RRB- -RSB-) (PRN (-LRB- -LRB-) (PP (: /) (NP (: /) (NN upload.wikimedia.org/wikipedia/commons/thumb/2/23/Printer.svg/40px-Printer.svg.png))) (-RRB- -RRB-)) (SBAR (SBAR (X (SYM **)) (S (NP (DT This)) (VP (VBZ is) (ADJP (ADJP (NP (NP (NP (DT the) (-LRB- -LSB-) (NN print) (NN version) (-RRB- -RSB-)) (PRN (-LRB- -LRB-) (NP (NP (: /) (NN wiki/Help)) (: :) (NP (NNS Print_versions))) (-RRB- -RRB-))) (PP (IN of) (NP (NP (-LRB- -LSB-) (NNP Designing) (NNP Sound)) (PP (IN in) (NP (NNP SuperCollider)))))) (-RRB- -RSB-)) (PRN (-LRB- -LRB-) (: /) (VP (VBG wiki/Designing) (NP (CD _) (NN Sound_in_SuperCollider))) (-RRB- -RRB-)) (SBAR (X (SYM **)) (S (NP (PRP You)) (VP (MD wo) (RB n't) (VP (VB see) (NP (NP (DT this) (NN message)) (CC or) (NP (DT any) (NNS elements))) (PP (RB not) (NP (NP (NN part)) (PP (IN of) (NP (NP (DT the) (NN book) (POS 's)) (NN content))))) (SBAR (WHADVP (WRB when)) (S (NP (PRP you)) (VP (VBP print)))))))))))) (CC or) (SBAR (-LRB- -LSB-) (S (NP (NN preview)) (VP (-RRB- -RSB-) (PRN (-LRB- -LRB-) (: /) (NX (: /) (NNS en.wikibooks.org/w/index.php?title=Designing_Sound_in_SuperCollider/Print_version&action=purge&printable=yes)) (-RRB- -RRB-)) (NP (DT this) (NN page))))))) (. .))) 
4,65,66,this,page,-LSB- Printer.svg -RSB- -LRB- / / upload.wikimedia.org/wikipedia/commons/thumb/2/23/Printer.svg/40px-Printer.svg.png -RRB- ** This is the -LSB- print version -RSB- -LRB- / wiki/Help : Print_versions -RRB- of -LSB- Designing Sound in SuperCollider -RSB- -LRB- / wiki/Designing _ Sound_in_SuperCollider -RRB- ** You wo n't see this message or any elements not part of the book 's content when you print or -LSB- preview -RSB- -LRB- / / en.wikibooks.org/w/index.php?title=Designing_Sound_in_SuperCollider/Print_version&action=purge&printable=yes -RRB- this page .,(ROOT (S (NP (-LRB- -LSB-) (NN Printer.svg)) (VP (-RRB- -RSB-) (PRN (-LRB- -LRB-) (PP (: /) (NP (: /) (NN upload.wikimedia.org/wikipedia/commons/thumb/2/23/Printer.svg/40px-Printer.svg.png))) (-RRB- -RRB-)) (SBAR (SBAR (X (SYM **)) (S (NP (DT This)) (VP (VBZ is) (ADJP (ADJP (NP (NP (NP (DT the) (-LRB- -LSB-) (NN print) (NN version) (-RRB- -RSB-)) (PRN (-LRB- -LRB-) (NP (NP (: /) (NN wiki/Help)) (: :) (NP (NNS Print_versions))) (-RRB- -RRB-))) (PP (IN of) (NP (NP (-LRB- -LSB-) (NNP Designing) (NNP Sound)) (PP (IN in) (NP (NNP SuperCollider)))))) (-RRB- -RSB-)) (PRN (-LRB- -LRB-) (: /) (VP (VBG wiki/Designing) (NP (CD _) (NN Sound_in_SuperCollider))) (-RRB- -RRB-)) (SBAR (X (SYM **)) (S (NP (PRP You)) (VP (MD wo) (RB n't) (VP (VB see) (NP (NP (DT this) (NN message)) (CC or) (NP (DT any) (NNS elements))) (PP (RB not) (NP (NP (NN part)) (PP (IN of) (NP (NP (DT the) (NN book) (POS 's)) (NN content))))) (SBAR (WHADVP (WRB when)) (S (NP (PRP you)) (VP (VBP print)))))))))))) (CC or) (SBAR (-LRB- -LSB-) (S (NP (NN preview)) (VP (-RRB- -RSB-) (PRN (-LRB- -LRB-) (: /) (NX (: /) (NNS en.wikibooks.org/w/index.php?title=Designing_Sound_in_SuperCollider/Print_version&action=purge&printable=yes)) (-RRB- -RRB-)) (NP (DT this) (NN page))))))) (. .))) 
5,8,9,this,book,_ Note : the latest version of this book can be found at < http://en.wikibooks.org/wiki/Designing_Sound_in_SuperCollider > _ !,(ROOT (S (NP (NN _)) (VP (NN Note) (: :) (S (NP (NP (DT the) (JJS latest) (NN version)) (PP (IN of) (NP (DT this) (NN book)))) (VP (MD can) (VP (VB be) (VP (VBN found) (PP (IN at) (NP (NP (JJR <) (NN http://en.wikibooks.org/wiki/Designing_Sound_in_SuperCollider)) (NP (NP (JJR >)) (NP (CD _)))))))))) (. !))) 
77,16,17,this,time,"play -RRB- And here 's an alternative way of doing exactly the same thing , this time using a matrix to represent the cross-mixing of the delayed streams .","(ROOT (S (LST (NN play) (-RRB- -RRB-)) (S (CC And) (NP (RB here)) (VP (VBZ 's) (NP (NP (DT an) (JJ alternative) (NN way)) (PP (IN of) (S (VP (VBG doing) (NP (RB exactly) (DT the) (JJ same) (NN thing)))))))) (, ,) (S (NP (DT this) (NN time)) (VP (VBG using) (NP (DT a) (NN matrix) (S (VP (TO to) (VP (VB represent) (NP (NP (DT the) (NN cross-mixing)) (PP (IN of) (NP (DT the) (VBN delayed) (NNS streams)))))))))) (. .))) "
78,6,7,those,pluss,The single matrix replaces all those plusses and minusses so it 's a neat way to represent the mixing - see which you find most readable .,(ROOT (S (NP (DT The) (JJ single) (NN matrix)) (VP (VBZ replaces) (NP (PDT all) (DT those) (NNS plusses) (CC and) (NNS minusses)) (SBAR (IN so) (S (NP (PRP it)) (VP (VBZ 's) (NP (DT a) (JJ neat) (NN way) (S (VP (TO to) (VP (VB represent) (NP (DT the) (S (S (VP (VBG mixing))) (: -) (S (VP (VB see) (SBAR (WHNP (WDT which)) (S (NP (PRP you)) (VP (VBP find) (ADJP (RBS most) (JJ readable))))))))))))))))) (. .))) 
79,33,34,these,line,"-LRB- Ndef -LRB- \ verb , -LCB- var input , output , delrd , sig , deltimes ; / / Choose which sort of input you want by -LRB- un -RRB- commenting these lines : input = Pan2.ar -LRB- PlayBuf.ar -LRB- 1 , b , loop : 0 -RRB- , -0.5 -RRB- ; / / buffer playback , panned halfway left / / input = SoundIn.ar -LRB- -LSB- 0,1 -RSB- -RRB- ; / / TAKE CARE of feedback - use headphones / / input = Dust2.ar -LRB- -LSB- 0.1 , 0.01 -RSB- -RRB- ; / / Occasional clicks / / Read our 4-channel delayed signals back from the feedback loop delrd = LocalIn.ar -LRB- 4 -RRB- ; / / This will be our eventual output , which will also be recirculated output = input + delrd -LSB- -LSB- 0,1 -RSB- -RSB- ; sig = output + + delrd -LSB- -LSB- 2,3 -RSB- -RSB- ; / / Cross-fertilise the four delay lines with each other : sig = -LRB- -LSB- -LSB- 1 , 1 , 1 , 1 -RSB- , -LSB- 1 , -1 , 1 , -1 -RSB- , -LSB- 1 , 1 , -1 , -1 -RSB- , -LSB- 1 , -1 , -1 , 1 -RSB- -RSB- * sig -RRB- .","(ROOT (S (-LRB- -LRB-) (NP (NP (NP (NN Ndef)) (-LRB- -LRB-) (NP (NP (CD \)) (SBAR (S (VP (VBP verb))))) (, ,)) (PRN (-LRB- -LCB-) (NP (NN var) (NN input)) (, ,) (NP (NN output) (, ,) (NN delrd) (, ,) (NN sig)))) (, ,) (S (NP (NP (NNS deltimes)) (: ;) (SBAR (WHNP (: /)) (S (VP (: /) (VP (VB Choose) (SBAR (WHNP (WHNP (WDT which) (NN sort)) (PP (IN of) (NP (NN input)))) (S (NP (PRP you)) (VP (VBP want) (PP (IN by) (S (-LRB- -LRB-) (NP (NN un)) (-RRB- -RRB-) (VP (VBG commenting) (NP (NP (DT these) (NNS lines)) (: :) (NP (NP (NN input) (JJ =) (NN Pan2.ar)) (PRN (-LRB- -LRB-) (NP (NP (NP (NN PlayBuf.ar)) (PRN (-LRB- -LRB-) (NP (NP (CD 1)) (, ,) (NP (NN b))) (, ,) (NP (NP (NN loop)) (: :) (NP (CD 0))) (-RRB- -RRB-))) (, ,) (NP (CD -0.5))) (-RRB- -RRB-))) (: ;)) (PP (: /) (NP (: /) (NN buffer) (NN playback))))))))))))) (, ,)) (VP (VBD panned) (S (S (ADVP (RB halfway)) (VP (VBN left) (NP (: /) (: /) (NN input)) (NP (NP (JJ =) (NN SoundIn.ar)) (PRN (-LRB- -LRB-) (NP (QP (-LRB- -LSB-) (CD 0,1) (-RRB- -RSB-))) (-RRB- -RRB-)) (: ;) (: /) (S (S (VP (: /) (VP (VB TAKE) (NP (NP (NNP CARE)) (PP (IN of) (NP (NN feedback))))))) (: -) (S (VP (VB use) (NP (NP (NNS headphones)) (PP (: /) (NP (NP (: /) (NN input) (JJ =) (NN Dust2.ar)) (PRN (-LRB- -LRB-) (NP (-LRB- -LSB-) (CD 0.1)) (, ,) (NP (CD 0.01) (-RRB- -RSB-)) (-RRB- -RRB-))))))) (: ;) (S (VP (: /) (VP (: /) (NP (JJ Occasional) (NNS clicks))))))))) (: /) (: /) (S (VP (VB Read) (NP (NP (PRP$ our) (NN 4-channel)) (VP (VBN delayed) (NP (NNS signals)) (ADVP (RB back)) (PP (IN from) (NP (NP (DT the) (NN feedback) (NN loop) (NN delrd) (JJ =) (NN LocalIn.ar)) (PRN (-LRB- -LRB-) (NP (CD 4)) (-RRB- -RRB-))))))) (: ;))))) (: /) (: /) (NP (DT This)) (VP (MD will) (VP (VB be) (NP (NP (PRP$ our) (JJ eventual) (NN output)) (, ,) (SBAR (WHNP (WDT which)) (S (VP (MD will) (ADVP (RB also)) (VP (VB be) (VP (VBN recirculated) (NP (NP (NN output) (JJ =) (NN input)) (CC +) (NP (NP (NP (NN delrd)) (PP (-LRB- -LSB-) (NP (QP (-LRB- -LSB-) (CD 0,1) (-RRB- -RSB-)) (-RRB- -RSB-)))) (: ;) (NP (NP (NN sig) (JJ =) (NN output)) (CC +) (NP (CC +) (NN delrd))) (-LRB- -LSB-) (NP (NP (-LRB- -LSB-) (CD 2,3)) (NP (-RRB- -RSB-) (-RRB- -RSB-))) (: ;) (NP (NP (: /) (: /) (NN Cross-fertilise)) (NP (NP (DT the) (CD four) (NN delay) (NNS lines)) (PP (IN with) (NP (DT each) (JJ other))))) (: :) (NP (NP (NN sig)) (ADJP (ADJP (ADJP (JJ =)) (PRN (-LRB- -LRB-) (NP (NP (-LRB- -LSB-) (-LRB- -LSB-) (CD 1) (, ,) (CD 1) (, ,) (CD 1)) (, ,) (NP (CD 1) (-RRB- -RSB-)) (, ,) (NP (-LRB- -LSB-) (CD 1) (, ,) (CD -1) (, ,) (CD 1) (, ,) (CD -1) (-RRB- -RSB-)) (, ,) (NP (-LRB- -LSB-) (CD 1) (, ,) (CD 1) (, ,) (CD -1) (, ,) (CD -1) (-RRB- -RSB-)) (, ,) (NP (-LRB- -LSB-) (CD 1) (, ,) (CD -1) (, ,) (CD -1) (, ,) (CD 1))) (-RRB- -RSB-))) (PRN (-RRB- -RSB-) (FRAG (X (SYM *)) (NP (NN sig))) (-RRB- -RRB-)))))))))))))) (. .))) "
85,12,13,this,time,"First start the server , if you have n't already - this time making sure it 's the server which lets use the oscilloscopes : Server.default = s = GUI.stethoscope.defaultServer ; s.boot ; In the following we use '' .","(ROOT (S (S (S (VP (ADVP (RB First)) (VB start) (NP (DT the) (NN server)))) (, ,) (SBAR (IN if) (S (NP (PRP you)) (VP (VBP have) (RB n't) (ADVP (RB already)) (: -) (NP (NP (DT this) (NN time)) (VP (VBG making) (ADJP (JJ sure))))))) (NP (PRP it)) (VP (VBZ 's) (NP (NP (DT the) (NN server)) (SBAR (WHNP (WDT which)) (S (VP (VBZ lets) (VP (VB use) (NP (DT the) (NP (NNS oscilloscopes)) (: :) (NP (NP (NN Server.default) (JJ =) (NNS s)) (NP (JJ =) (NN GUI.stethoscope.defaultServer))) (: ;) (NP (NN s.boot)))))))))) (: ;) (S (PP (IN In) (NP (DT the) (VBG following))) (NP (PRP we)) (VP (VBP use) ('' ''))) (. .))) "
89,4,5,these,parameter,"Here we connect these parameters to the mouse - left/right for freq , up/down for harmonic decay .","(ROOT (S (ADVP (RB Here)) (NP (PRP we)) (VP (VBP connect) (NP (DT these) (NP (NP (NNS parameters)) (PP (TO to) (NP (DT the) (NN mouse)))) (: -) (NP (NP (NN left/right)) (PP (IN for) (NP (NN freq)))) (, ,) (NP (NP (NN up/down)) (PP (IN for) (NP (JJ harmonic) (NN decay)))))) (. .))) "
99,18,19,this,case,"-LRB- LFPulse outputs a low of zero and a high of one , which is handy in this case so we do n't need to re-scale it before we can use it as the multiplier . -RRB-","(ROOT (S (-LRB- -LRB-) (NP (NN LFPulse)) (VP (VBZ outputs) (NP (NP (NP (DT a) (JJ low)) (PP (IN of) (NP (CD zero)))) (CC and) (NP (NP (DT a) (JJ high)) (PP (IN of) (NP (NP (CD one)) (, ,) (SBAR (WHNP (WDT which)) (S (VP (VBZ is) (ADJP (JJ handy) (PP (IN in) (NP (DT this) (NN case)))) (SBAR (IN so) (S (NP (PRP we)) (VP (VBP do) (RB n't) (VP (VB need) (S (VP (TO to) (VP (VB re-scale) (NP (PRP it)) (SBAR (IN before) (S (NP (PRP we)) (VP (MD can) (VP (VB use) (NP (PRP it)) (PP (IN as) (NP (DT the) (NN multiplier)))))))))))))))))))))) (. .) (-RRB- -RRB-))) "
118,20,21,this,block,php?title = Designing_Sound_in_SuperCollider / Phone_tones & action = edit & section = T-6 -RRB- -RSB- / / First run this block to create the synth ... -LRB- the filter from earlier on should still be running ! -RRB-,(ROOT (S (NP (NP (NN php?title) (JJ =) (NN Designing_Sound_in_SuperCollider)) (PRN (: /) (S (NP (NNP Phone_tones)) (NP (CC &) (NP (NN action) (JJ =) (NN edit)) (CC &) (NP (NN section) (JJ =) (NN T-6)))) (-RRB- -RRB-))) (VP (-RRB- -RSB-) (SBAR (SBAR (: /) (S (NP (NP (: /) (JJ First) (NN run)) (NP (DT this) (NN block))) (VP (TO to) (VP (VB create) (NP (DT the) (NN synth)))))) (: ...) (PRN (-LRB- -LRB-) (S (NP (NP (DT the) (NN filter)) (PP (IN from) (NP (NP (JJR earlier)) (PP (IN on))))) (VP (MD should) (ADVP (RB still)) (VP (VB be) (VP (VBG running))))) (. !) (-RRB- -RRB-)))))) 
120,46,47,this,line,"onoff = Trig1.ar -LRB- t_trig , number * 0.1 -RRB- ; trigs = Impulse.ar -LRB- 10 -RRB- * onoff ; son = Trig1.ar -LRB- trigs , 0.04 -RRB- ; son ; -RCB- -RRB- ; -RRB- / / ... then dial some numbers by repeatedly running this line : Ndef -LRB- \ phonesource -RRB- .","(ROOT (S (SBAR (PRN (NP (NP (NN onoff)) (NP (NP (JJ =)) (SBAR (S (NP (NP (NP (NN Trig1.ar)) (-LRB- -LRB-) (NP (NN t_trig)) (, ,) (NP (NP (NN number)) (SBAR (S (VP (SYM *) (NP (CD 0.1)))))) (-RRB- -RRB-)) (: ;) (NP (NP (NP (NNS trigs)) (SBAR (S (VP (JJ =) (NP (NP (NP (NN Impulse.ar)) (PRN (-LRB- -LRB-) (NP (CD 10)) (-RRB- -RRB-))) (X (SYM *))))))) (NP (NP (NN onoff)) (: ;) (NP (NP (NN son)) (NP (NP (JJ =) (NN Trig1.ar)) (-LRB- -LRB-) (NP (NP (NP (NNS trigs)) (, ,) (ADJP (CD 0.04)) (-RRB- -RRB-)) (PRN (: ;) (NP (NN son)) (: ;))) (-RRB- -RCB-))) (-RRB- -RRB-))) (: ;)))))) (-RRB- -RRB-)) (S (NP (: /)) (VP (: /)))) (: ...) (NP (RB then)) (VP (VBP dial) (NP (DT some) (NNS numbers)) (PP (IN by) (S (ADVP (RB repeatedly)) (VP (VBG running) (NP (NP (DT this) (NN line)) (: :) (NP (NP (NN Ndef)) (PRN (-LRB- -LRB-) (NP (CD \) (NN phonesource)) (-RRB- -RRB-)))))))) (. .))) "
125,6,7,these,frequency,/ / We can push these frequencies to a synth .,(ROOT (S (ADVP (: /)) (: /) (NP (PRP We)) (VP (MD can) (VP (VB push) (NP (DT these) (NNS frequencies)) (PP (TO to) (NP (DT a) (NN synth))))) (. .))) 
162,14,16,these,example,play -RRB- _ ** Exercise : ** _ work out why some of these multialarm examples do n't quite sound like Andy 's audio examples !,(ROOT (S (S (NP (NN play)) (VP (-RRB- -RRB-) (NP (CD _)) (FRAG (X (SYM **)) (NP (NNP Exercise))))) (: :) (X (X (X (SYM **)) (NP (CD _) (NN work))) (PP (IN out) (SBAR (WHADVP (WRB why)) (S (NP (NP (DT some)) (PP (IN of) (NP (DT these) (JJ multialarm) (NNS examples)))) (VP (VBP do) (RB n't) (ADVP (RB quite)) (VP (VB sound) (PP (IN like) (NP (NP (NNP Andy) (POS 's)) (JJ audio) (NNS examples))))))))) (. !))) 
170,20,21,this,technique,"php?title = Designing_Sound_in_SuperCollider / Sirens & action = edit & section = T-3 -RRB- -RSB- Now let 's use this technique both for the pitch curve , and for waveform synthesis .","(ROOT (S (NP (NP (NN php?title) (JJ =) (NN Designing_Sound_in_SuperCollider)) (PRN (: /) (S (NP (NNP Sirens)) (NP (CC &) (NP (NN action) (JJ =) (NN edit)) (CC &) (NP (NN section) (JJ =) (NN T-3)))) (-RRB- -RRB-))) (VP (-RRB- -RSB-) (ADVP (RB Now)) (VP (VB let) (S (NP (POS 's)) (VP (VB use) (NP (NP (DT this) (NN technique)) (PP (CC both) (PP (IN for) (NP (DT the) (NN pitch) (NN curve))) (, ,) (CC and) (PP (IN for) (NP (NN waveform))) (PRN (FRAG (NP (NN synthesis)))))))))) (. .))) "
186,31,32,this,part,"php?title = Designing_Sound_in_SuperCollider / Telephone_bell & action = edit & section = T-3 -RRB- -RSB- As described in the book , a brief click is all we need to approximate this part of the sound .","(ROOT (S (NP (NP (NN php?title) (JJ =) (NN Designing_Sound_in_SuperCollider)) (PRN (: /) (S (NP (NNP Telephone_bell)) (NP (CC &) (NP (NN action) (JJ =) (NN edit)) (CC &) (NP (NN section) (JJ =) (NN T-3)))) (-RRB- -RRB-))) (VP (-RRB- -RSB-) (SBAR (S (SBAR (IN As) (S (VP (VBN described) (PP (IN in) (NP (DT the) (NN book)))))) (, ,) (NP (DT a) (JJ brief)) (VP (VBP click) (SBAR (S (VP (VBZ is) (NP (NP (DT all)) (SBAR (S (NP (PRP we)) (VP (VBP need) (S (VP (TO to) (VP (JJ approximate) (NP (NP (DT this) (NN part)) (PP (IN of) (NP (DT the) (NN sound)))))))))))))))))) (. .))) "
194,49,51,this,visualisation,"memStore ; -RRB- y = Synth -LRB- \ dsaf_phonecase1 , target : x , addAction : \ addAfter -RRB- ; If you have sc3 .3 or later , you can visualise a frequency representation of the filter 's effect : GUI.stethoscope.defaultServer.boot ; -LRB- / / Notice that for this shortcut visualisation , we define the filter as a function taking its / / input as an argument , and returning its output -LRB- we do n't use In.ar or Out.ar -RRB- -LCB- | casein | var delayA = CombC.ar -LRB- casein , 0.00077 , 0.00077 , 0.1 -RRB- ; var delayB = CombC.ar -LRB- delayA , 0.00088 , 0.00088 , 0.1 -RRB- ; var bands = BPF.ar -LRB- delayB , -LSB- 1243 , 287 , 431 -RSB- , 1/12 -RRB- .","(ROOT (NP (NP (NN memStore)) (: ;) (NP (NP (NP (-RRB- -RRB-) (NN y)) (NP (NP (JJ =) (NN Synth)) (PRN (-LRB- -LRB-) (FRAG (NP-TMP (NP (CD \) (NN dsaf_phonecase1)) (, ,) (NP (NN target))) (: :) (NP (NP (NN x)) (, ,) (NP (NN addAction)) (: :) (NP (CD \) (NN addAfter)))) (-RRB- -RRB-)))) (: ;) (S (SBAR (IN If) (S (NP (PRP you)) (VP (VBP have) (NP (NP (NN sc3) (NN .3)) (ADVP (CC or) (RB later)))))) (, ,) (NP (PRP you)) (VP (MD can) (VP (VB visualise) (NP (NP (DT a) (NN frequency) (NN representation)) (PP (IN of) (NP (NP (DT the) (NN filter) (POS 's)) (NN effect)))))))) (: :) (NP (NP (NN GUI.stethoscope.defaultServer.boot)) (: ;) (NP (NP (-LRB- -LRB-) (: /) (: /) (NNP Notice)) (SBAR (IN that) (S (PP (IN for) (NP (DT this) (NN shortcut) (NN visualisation))) (, ,) (NP (PRP we)) (VP (VBP define) (NP (NP (DT the) (NN filter)) (PP (IN as) (NP (NP (DT a) (NN function)) (VP (VP (VBG taking) (NP (PRP$ its) (: /) (: /) (NN input)) (PP (IN as) (NP (DT an) (NN argument)))) (, ,) (CC and) (VP (VBG returning) (NP (PRP$ its) (NN output))))))) (PRN (-LRB- -LRB-) (S (NP (PRP we)) (VP (VBP do) (RB n't) (VP (VB use) (NP (NN In.ar) (CC or) (NN Out.ar))))) (-RRB- -RRB-))))) (PRN (-LRB- -LCB-) (NP (NP (NP (NP (NP (NN |) (NN casein)) (NP (NP (ADJP (CD |) (NN var) (NN delayA)) (JJ =) (NN CombC.ar)) (PRN (-LRB- -LRB-) (NP (NP (NN casein)) (, ,) (NP (CD 0.00077)) (, ,) (NP (CD 0.00077)) (, ,) (NP (CD 0.1))) (-RRB- -RRB-)))) (: ;) (NP (NP (NN var) (NN delayB)) (NP (NP (JJ =) (NN CombC.ar)) (PRN (-LRB- -LRB-) (NP (NP (NN delayA)) (, ,) (NP (CD 0.00088)) (, ,) (NP (CD 0.00088)) (, ,) (NP (CD 0.1))) (-RRB- -RRB-)))) (: ;) (NP (NP (NN var) (NNS bands)) (NP (JJ =) (NN BPF.ar)))) (PRN (-LRB- -LRB-) (NP (NP (NN delayB)) (, ,) (NP (-LRB- -LSB-) (CD 1243) (, ,) (CD 287) (, ,) (CD 431))) (-RRB- -RSB-))) (, ,) (NP (CD 1/12))) (-RRB- -RRB-)))) (. .))) "
197,37,38,that,synthdef,"php?title = Designing_Sound_in_SuperCollider / Telephone_bell & action = edit & section = T-6 -RRB- -RSB- We will re-use the SynthDef from fig 29.14 , so make sure you have run that so that the server has that SynthDef .","(ROOT (S (NP (NP (NN php?title) (JJ =) (NN Designing_Sound_in_SuperCollider)) (PRN (: /) (S (NP (NNP Telephone_bell)) (NP (CC &) (NP (NN action) (JJ =) (NN edit)) (CC &) (NP (NN section) (JJ =) (NN T-6)))) (-RRB- -RRB-))) (VP (-RRB- -RSB-) (SBAR (S (NP (PRP We)) (VP (MD will) (VP (VB re-use) (NP (NP (DT the) (NN SynthDef)) (PP (IN from) (NP (NN fig) (CD 29.14)))) (, ,) (S (RB so) (VP (VB make) (ADJP (JJ sure) (SBAR (S (NP (PRP you)) (VP (VBP have) (VP (VBN run) (ADVP (IN that) (RB so)) (SBAR (IN that) (S (NP (DT the) (NN server)) (VP (VBZ has) (NP (DT that) (NN SynthDef))))))))))))))))) (. .))) "
214,15,16,this,line,"play ; -RRB- x.set -LRB- \ t_trig , 1 -RRB- ; / / Run this line to hit the can !","(ROOT (S (NP (NP (NN play)) (: ;) (NP (NP (-RRB- -RRB-) (NN x.set)) (PRN (-LRB- -LRB-) (NP (CD \) (NN t_trig)) (, ,) (NP (LS 1)) (-RRB- -RRB-))) (: ;)) (VP (: /) (PP (: /) (NP (NNP Run))) (NP (DT this) (NN line) (S (VP (TO to) (VP (VB hit) (NP (DT the) (MD can))))))) (. !))) "
220,5,6,this,function,/ / We evaluate this function multiple times using .,(ROOT (S (ADVP (: /)) (: /) (NP (PRP We)) (VP (VBP evaluate) (NP (DT this) (NN function)) (NP-TMP (JJ multiple) (NNS times)) (S (VP (VBG using)))) (. .))) 
237,35,36,these,freq,"php?title = Designing_Sound_in_SuperCollider / Creaking_door & action = edit & section = T-1 -RRB- -RSB- -LRB- ~ woodfilter = -LCB- | input | var freqs , rqs , output ; / / Note : these freqs are as given in the diagram : freqs = -LSB- 62.5 , 125 , 250 , 395 , 560 , 790 -RSB- ; / / The Q values given in the diagram -LRB- we take reciprocal , since that 's what BPF unit wants -RRB- rqs = 1 / -LSB- 1 , 1 , 2 , 2 , 3 , 3 -RSB- ; / / in the text , andrew says that the freqs follow these ratios , / / which give a very different set of freqs ... : / / freqs = 125 * -LSB- 0.5 , 1 , 1.58 , 2.24 , 2.92 , 2 , 2.55 , 3.16 -RSB- ; / / Now let 's apply the parallel bandpass filters , plus mix in a bit of the original : output = BPF.ar -LRB- input , freqs , rqs -RRB- .","(ROOT (S (NP (NP (NN php?title) (JJ =) (NN Designing_Sound_in_SuperCollider)) (PRN (: /) (S (NP (NNP Creaking_door)) (NP (CC &) (NP (NN action) (JJ =) (NN edit)) (CC &) (NP (NN section) (JJ =) (NN T-1)))) (-RRB- -RRB-))) (VP (-RRB- -RSB-) (-LRB- -LRB-) (NP (CD ~)) (PP (NN woodfilter) (NP (JJ =) (-LRB- -LCB-) (CD |) (NN input) (CD |) (NN var) (NNS freqs))) (, ,) (NP (NP (NP (NNS rqs)) (, ,) (NP (NN output))) (: ;) (S (S (VP (: /) (NP (: /) (VB Note)))) (: :) (S (NP (DT these) (NNS freqs)) (VP (VBP are) (ADVP (IN as)) (VP (VBN given) (PP (IN in) (NP (NP (DT the) (NN diagram)) (: :) (NP (NP (NNS freqs)) (ADJP (JJ =))))) (NP-TMP (-LRB- -LSB-) (CD 62.5) (, ,) (CD 125) (, ,) (CD 250) (, ,) (CD 395) (, ,) (CD 560) (, ,) (CD 790) (-RRB- -RSB-))))) (: ;) (S (VP (: /) (VP (: /) (NP (DT The) (NNP Q) (NNS values)) (PP (VBN given) (PP (IN in) (NP (NP (DT the) (NN diagram)) (PRN (-LRB- -LRB-) (S (NP (PRP we)) (VP (VBP take) (ADJP (JJ reciprocal)) (, ,) (SBAR (IN since) (S (NP (DT that)) (VP (VBZ 's) (SBAR (WHNP (WP what)) (S (NP (NNP BPF) (NN unit)) (VP (VBZ wants))))))))) (-RRB- -RRB-)) (NP (NP (NN rqs)) (ADJP (JJ =) (NP (NP (QP (CD 1) (: /))) (-LRB- -LSB-) (NP (LST (LS 1)) (, ,) (NP (NP (CD 1)) (, ,) (NP (NP (CD 2) (, ,) (CD 2) (, ,) (CD 3) (, ,) (CD 3) (-RRB- -RSB-)) (: ;) (: /) (PRN (: /) (S (PP (IN in) (NP (DT the) (NN text))) (, ,) (NP (NN andrew)) (VP (VBZ says) (SBAR (IN that) (S (NP (DT the) (NNS freqs)) (VP (VBP follow) (NP (DT these) (NNS ratios))))))) (, ,)) (NP (: /)) (: /) (SBAR (WHNP (WDT which)) (S (VP (VBP give) (NP (NP (DT a) (ADJP (RB very) (JJ different)) (NN set)) (PP (IN of) (NP (NNS freqs))))))) (: ...))))))))))))) (: :) (S (VP (: /) (NP (NP (NP (: /) (NNS freqs)) (ADJP (JJ =) (NP-TMP (CD 125)))) (X (SYM *))) (NP-TMP (-LRB- -LSB-) (CD 0.5) (, ,) (CD 1) (, ,) (CD 1.58) (, ,) (CD 2.24) (, ,) (CD 2.92) (, ,) (CD 2) (, ,) (CD 2.55) (, ,) (CD 3.16) (-RRB- -RSB-)))) (: ;) (S (VP (: /) (PRN (: /) (ADVP (RB Now)) (ADVP (VB let))) (S (NP (POS 's)) (VP (VB apply) (NP (DT the) (NP (JJ parallel) (NN bandpass) (NNS filters)) (, ,) (CC plus) (NP (NP (NN mix)) (PP (IN in) (NP (NP (DT a) (NN bit)) (PP (IN of) (NP (DT the) (JJ original)))))) (: :) (NP (NP (NN output)) (NP (NP (JJ =) (NN BPF.ar)) (PRN (-LRB- -LRB-) (NP (NP (NN input)) (, ,) (NP (NNS freqs)) (, ,) (NP (NNS rqs))) (-RRB- -RRB-)))))))))))) (. .))) "
237,112,113,these,ratio,"php?title = Designing_Sound_in_SuperCollider / Creaking_door & action = edit & section = T-1 -RRB- -RSB- -LRB- ~ woodfilter = -LCB- | input | var freqs , rqs , output ; / / Note : these freqs are as given in the diagram : freqs = -LSB- 62.5 , 125 , 250 , 395 , 560 , 790 -RSB- ; / / The Q values given in the diagram -LRB- we take reciprocal , since that 's what BPF unit wants -RRB- rqs = 1 / -LSB- 1 , 1 , 2 , 2 , 3 , 3 -RSB- ; / / in the text , andrew says that the freqs follow these ratios , / / which give a very different set of freqs ... : / / freqs = 125 * -LSB- 0.5 , 1 , 1.58 , 2.24 , 2.92 , 2 , 2.55 , 3.16 -RSB- ; / / Now let 's apply the parallel bandpass filters , plus mix in a bit of the original : output = BPF.ar -LRB- input , freqs , rqs -RRB- .","(ROOT (S (NP (NP (NN php?title) (JJ =) (NN Designing_Sound_in_SuperCollider)) (PRN (: /) (S (NP (NNP Creaking_door)) (NP (CC &) (NP (NN action) (JJ =) (NN edit)) (CC &) (NP (NN section) (JJ =) (NN T-1)))) (-RRB- -RRB-))) (VP (-RRB- -RSB-) (-LRB- -LRB-) (NP (CD ~)) (PP (NN woodfilter) (NP (JJ =) (-LRB- -LCB-) (CD |) (NN input) (CD |) (NN var) (NNS freqs))) (, ,) (NP (NP (NP (NNS rqs)) (, ,) (NP (NN output))) (: ;) (S (S (VP (: /) (NP (: /) (VB Note)))) (: :) (S (NP (DT these) (NNS freqs)) (VP (VBP are) (ADVP (IN as)) (VP (VBN given) (PP (IN in) (NP (NP (DT the) (NN diagram)) (: :) (NP (NP (NNS freqs)) (ADJP (JJ =))))) (NP-TMP (-LRB- -LSB-) (CD 62.5) (, ,) (CD 125) (, ,) (CD 250) (, ,) (CD 395) (, ,) (CD 560) (, ,) (CD 790) (-RRB- -RSB-))))) (: ;) (S (VP (: /) (VP (: /) (NP (DT The) (NNP Q) (NNS values)) (PP (VBN given) (PP (IN in) (NP (NP (DT the) (NN diagram)) (PRN (-LRB- -LRB-) (S (NP (PRP we)) (VP (VBP take) (ADJP (JJ reciprocal)) (, ,) (SBAR (IN since) (S (NP (DT that)) (VP (VBZ 's) (SBAR (WHNP (WP what)) (S (NP (NNP BPF) (NN unit)) (VP (VBZ wants))))))))) (-RRB- -RRB-)) (NP (NP (NN rqs)) (ADJP (JJ =) (NP (NP (QP (CD 1) (: /))) (-LRB- -LSB-) (NP (LST (LS 1)) (, ,) (NP (NP (CD 1)) (, ,) (NP (NP (CD 2) (, ,) (CD 2) (, ,) (CD 3) (, ,) (CD 3) (-RRB- -RSB-)) (: ;) (: /) (PRN (: /) (S (PP (IN in) (NP (DT the) (NN text))) (, ,) (NP (NN andrew)) (VP (VBZ says) (SBAR (IN that) (S (NP (DT the) (NNS freqs)) (VP (VBP follow) (NP (DT these) (NNS ratios))))))) (, ,)) (NP (: /)) (: /) (SBAR (WHNP (WDT which)) (S (VP (VBP give) (NP (NP (DT a) (ADJP (RB very) (JJ different)) (NN set)) (PP (IN of) (NP (NNS freqs))))))) (: ...))))))))))))) (: :) (S (VP (: /) (NP (NP (NP (: /) (NNS freqs)) (ADJP (JJ =) (NP-TMP (CD 125)))) (X (SYM *))) (NP-TMP (-LRB- -LSB-) (CD 0.5) (, ,) (CD 1) (, ,) (CD 1.58) (, ,) (CD 2.24) (, ,) (CD 2.92) (, ,) (CD 2) (, ,) (CD 2.55) (, ,) (CD 3.16) (-RRB- -RSB-)))) (: ;) (S (VP (: /) (PRN (: /) (ADVP (RB Now)) (ADVP (VB let))) (S (NP (POS 's)) (VP (VB apply) (NP (DT the) (NP (JJ parallel) (NN bandpass) (NNS filters)) (, ,) (CC plus) (NP (NP (NN mix)) (PP (IN in) (NP (NP (DT a) (NN bit)) (PP (IN of) (NP (DT the) (JJ original)))))) (: :) (NP (NP (NN output)) (NP (NP (JJ =) (NN BPF.ar)) (PRN (-LRB- -LRB-) (NP (NP (NN input)) (, ,) (NP (NNS freqs)) (, ,) (NP (NNS rqs))) (-RRB- -RRB-)))))))))))) (. .))) "
238,17,18,this,function,"sum + -LRB- input * 0.2 -RRB- ; -RCB- ; / / Now let 's use this function in something - some dust impulses tap-tap-tapping on the door : x = -LCB- Pan2.ar -LRB- ~ woodfilter.value -LRB- LPF.ar -LRB- Dust.ar -LRB- 10 -RRB- , 10000 -RRB- -RRB- -RRB- -RCB- .","(ROOT (NP (NP (NP (NN sum) (CC +)) (-LRB- -LRB-) (NP (NP (NN input)) (SBAR (S (VP (SYM *) (NP (CD 0.2)))))) (-RRB- -RRB-)) (: ;) (NP (NP (-RRB- -RCB-)) (: ;) (SBAR (WHNP (: /)) (S (VP (: /) (ADVP (RB Now)) (VP (VB let) (S (NP (POS 's)) (VP (VB use) (NP (NP (DT this) (NN function)) (PP (IN in) (NP (NP (NN something)) (: -) (NP (NP (NP (DT some) (NN dust) (NNS impulses)) (VP (VBG tap-tap-tapping) (PP (IN on) (NP (DT the) (NN door))))) (: :) (NP (NP (NN x) (JJ =)) (-LRB- -LCB-) (NP (NN Pan2.ar)) (PRN (-LRB- -LRB-) (NP (NP (CD ~)) (NP (NP (NN woodfilter.value)) (-LRB- -LRB-) (NP (NP (NN LPF.ar)) (PRN (-LRB- -LRB-) (NP (NP (NP (NN Dust.ar)) (PRN (-LRB- -LRB-) (NP (CD 10)) (-RRB- -RRB-))) (, ,) (NP (CD 10000))) (-RRB- -RRB-))))) (-RRB- -RRB-)) (-RRB- -RRB-))) (-RRB- -RCB-))))))))))) (. .))) "
250,4,5,that,square-root,"/ / Remember that square-root is computationally intensive , so for efficient / / generation we might want to change it to -LRB- e.g. -RRB- a pre-calculated envelope .","(ROOT (S (NP (: /)) (VP (: /) (VP (VB Remember) (SBAR (S (NP (DT that) (NN square-root)) (VP (VBZ is) (ADJP (RB computationally) (JJ intensive)) (, ,) (SBAR (RB so) (IN for) (S (ADJP (JJ efficient)))) (: /) (SBAR (WHNP (: /) (NN generation)) (S (NP (PRP we)) (VP (MD might) (VP (VB want) (S (VP (TO to) (VP (VB change) (NP (PRP it)) (PP (TO to) (PRN (-LRB- -LRB-) (ADJP (FW e.g.)) (-RRB- -RRB-)) (NP (DT a) (JJ pre-calculated) (NN envelope))))))))))))))) (. .))) "
257,24,25,this,page,"php?title = Designing_Sound_in_SuperCollider / Creaking_door & action = edit & section = T-4 -RRB- -RSB- The following re-uses the functions defined further up this page in combination , to create a door which _ ** you can push yourself !","(ROOT (NP (NP (NN php?title) (JJ =) (NN Designing_Sound_in_SuperCollider)) (PRN (: /) (S (NP (NNP Creaking_door)) (NP (CC &) (NP (NN action) (JJ =) (NN edit)) (CC &) (NP (NN section) (JJ =) (NN T-4)))) (-RRB- -RRB-)) (-RRB- -RSB-) (NP (NP (DT The) (VBG following) (NNS re-uses)) (SBAR (SBAR (S (NP (DT the) (NNS functions)) (VP (VBN defined) (ADVP (RB further)) (PP (IN up) (NP (NP (DT this) (NN page)) (PP (IN in) (NP (NN combination))))) (, ,) (S (VP (TO to) (VP (VB create) (NP (NP (DT a) (NN door)) (SBAR (WHNP (WDT which)) (S (VP (VBP _))))))))))) (SBAR (X (SYM **)) (S (NP (PRP you)) (VP (MD can) (VP (VB push) (NP (PRP yourself)))))))) (. !))) "
258,16,17,this,code,** _ Put the mouse over to the left of the screen before you run this code .,(ROOT (FRAG (X (X (SYM **)) (NP (CD _))) (VP (VBD Put) (NP (DT the) (NN mouse)) (PP (IN over) (PP (TO to) (NP (NP (DT the) (NN left)) (PP (IN of) (NP (DT the) (NN screen)))))) (SBAR (IN before) (S (NP (PRP you)) (VP (VBP run) (NP (DT this) (NN code)))))) (. .))) 
266,42,44,these,relationship,"php?title = Designing_Sound_in_SuperCollider / Boing & action = edit & section = T-2 -RRB- -RSB- -LRB- ~ freemodes = -LCB- | input , basefreq = 100 , res = 80 | var filtfreqs ; / / The actual filter freqs take these harmonic relationships : filtfreqs = basefreq * -LSB- 1 , 2.7565 , 5.40392 , 8.93295 , 13.3443 , 18.6379 -RSB- ; BPF.ar -LRB- input , filtfreqs , 1/res -RRB- .","(ROOT (S (NP (NP (NN php?title) (JJ =) (NN Designing_Sound_in_SuperCollider)) (: /) (NP (NP (NNP Boing) (CC &) (NP (NN action) (JJ =) (NN edit))) (CC &) (NP (NP (NN section)) (NP (NP (JJ =) (NN T-2) (-RRB- -RRB-) (-RRB- -RSB-)) (-LRB- -LRB-) (NP (NP (CD ~) (NNS freemodes) (JJ =)) (-LRB- -LCB-) (NP (NP (CD |) (NN input)) (, ,) (NP (NP (NN basefreq)) (ADJP (JJ =) (NP-TMP (CD 100))))))))) (, ,)) (VP (VBZ res) (NP (NP (JJ =) (ADJP (QP (CD 80) (CD |)) (NN var)) (NNS filtfreqs)) (: ;) (NP (S (VP (: /) (VP (: /) (NP (NP (DT The) (JJ actual) (NN filter)) (SBAR (S (NP (NNS freqs)) (VP (VBP take) (NP (DT these) (ADJP (JJ harmonic)) (NNS relationships)) (: :) (NP (NP (NP (NNS filtfreqs)) (NP (JJ =) (NN basefreq))) (X (SYM *))))))) (NP-TMP (-LRB- -LSB-) (CD 1) (, ,) (CD 2.7565) (, ,) (CD 5.40392) (, ,) (CD 8.93295) (, ,) (CD 13.3443) (, ,) (CD 18.6379) (-RRB- -RSB-))))) (: ;) (NP (NP (NN BPF.ar)) (PRN (-LRB- -LRB-) (NP (NP (NN input)) (, ,) (NP (NNS filtfreqs)) (, ,) (NP (NNS 1/res))) (-RRB- -RRB-)))))) (. .))) "
280,26,27,this,datum,"php?title = Designing_Sound_in_SuperCollider / Boing & action = edit & section = T-4 -RRB- -RSB- OK , so now we need to make sound from this data .","(ROOT (S (NP (NP (NN php?title) (JJ =) (NN Designing_Sound_in_SuperCollider)) (PRN (: /) (S (NP (NNP Boing)) (NP (CC &) (NP (NN action) (JJ =) (NN edit)) (CC &) (NP (NN section) (JJ =) (NN T-4)))) (-RRB- -RRB-))) (VP (-RRB- -RSB-) (S (INTJ (UH OK)) (, ,) (ADVP (RB so) (RB now)) (NP (PRP we)) (VP (VBP need) (S (VP (TO to) (VP (VB make) (NP (NN sound)) (PP (IN from) (NP (DT this) (NNS data))))))))) (. .))) "
332,22,23,this,line,"store -RRB- x = Synth -LRB- \ bubblebub -RRB- ; x.set -LRB- \ t_trig , 1 -RRB- ; / / run this line multiple times , to get multiple -LRB- very similar -RRB- bubbles !","(ROOT (S (LST (NN store) (-RRB- -RRB-)) (NP (NP (NP (NN x)) (NP (NP (JJ =) (NN Synth)) (PRN (-LRB- -LRB-) (NP (CD \) (NN bubblebub)) (-RRB- -RRB-)))) (: ;) (VP (VBN x.set) (PRN (-LRB- -LRB-) (NP (CD \) (NN t_trig)) (, ,) (NP (LS 1)) (-RRB- -RRB-))) (: ;)) (VP (: /) (: /) (VP (VB run) (NP (DT this) (NN line)) (NP-TMP (JJ multiple) (NNS times)) (, ,) (S (VP (TO to) (VP (VB get) (NP (JJ multiple) (PRN (-LRB- -LRB-) (ADJP (RB very) (JJ similar)) (-RRB- -RRB-)) (NNS bubbles))))))) (. !))) "
347,3,4,these,value,To connect these values together we define a `` sizefactor '' and use Pkey to reuse it in each of the args .,(ROOT (S (S (VP (TO To) (VP (VB connect) (NP (DT these) (NNS values)) (ADVP (RB together))))) (NP (PRP we)) (VP (VP (VBP define) (NP (DT a) (`` ``) (NN sizefactor) ('' ''))) (CC and) (VP (VB use) (NP (NN Pkey)) (S (VP (TO to) (VP (VB reuse) (NP (PRP it)) (PP (IN in) (NP (NP (DT each)) (PP (IN of) (NP (DT the) (NNS args)))))))))) (. .))) 
394,14,15,this,page,php?title = Designing_Sound_in_SuperCollider / Print_version & action = info -RRB- * -LSB- Cite this page -RSB- -LRB- / w/index .,(ROOT (S (VP (NN php?title) (NP (NP (NP (JJ =) (NN Designing_Sound_in_SuperCollider)) (PRN (: /) (NP (NP (NNP Print_version)) (CC &) (NP (NN action) (JJ =) (NN info))) (-RRB- -RRB-))) (X (SYM *))) (S (VP (-LRB- -LSB-) (VP (VB Cite) (S (NP (DT this) (NN page)) (NP (NP (-RRB- -RSB-)) (-LRB- -LRB-) (PP (: /) (NP (NN w/index))))))))) (. .))) 
400,3,4,this,site,"By using this site , you agree to the -LSB- Terms of Use -RSB- -LRB- / / wikimediafoundation.org/wiki/Terms_of_Use -RRB- and -LSB- Privacy Policy . -RSB-","(ROOT (S (PP (IN By) (S (VP (VBG using) (NP (DT this) (NN site))))) (, ,) (NP (PRP you)) (VP (VBP agree) (PP (PP (TO to) (NP (NP (DT the) (-LRB- -LSB-) (NNS Terms)) (PP (IN of) (NP (NP (NN Use) (-RRB- -RSB-)) (PRN (-LRB- -LRB-) (NP (: /) (: /) (NN wikimediafoundation.org/wiki/Terms_of_Use)) (-RRB- -RRB-)))))) (CC and) (PP (-LRB- -LSB-) (NP (NNP Privacy) (NNP Policy))))) (. .) (-RRB- -RSB-))) "
