2,7,8,this,page,-LSB- Unreviewed changes are displayed on this page -RSB- -LRB- / / bits.wikimedia.org/static-1.22wmf19/extensions/FlaggedRevs/frontend/modules/img/1.png -RRB- The -LSB- latest reviewed version -RSB- -LRB- / / en.wikibooks.org/w/index.php?title=Drafting/Print_version&stable=1 -RRB- was -LSB- checked -RSB- -LRB- / / en.wikibooks.org/w/index.php?title=Special:Log&type=review&page=Drafting/Print_version -RRB- on _ 15 November 2011 _ .,(ROOT (S (NP (-LRB- -LSB-) (JJ Unreviewed) (NNS changes)) (VP (VBP are) (VP (VBN displayed) (PP (IN on) (NP (NP (DT this) (NN page)) (-RRB- -RSB-) (PRN (-LRB- -LRB-) (NP (: /) (: /) (NN bits.wikimedia.org/static-1.22wmf19/extensions/FlaggedRevs/frontend/modules/img/1.png)) (-RRB- -RRB-)) (NP (DT The) (-LRB- -LSB-)))) (NP-TMP (NP (NP (JJS latest)) (VP (VBN reviewed) (NP (NN version)) (SBAR (-RRB- -RSB-) (S (-LRB- -LRB-) (NP (: /) (: /) (NN en.wikibooks.org/w/index.php?title=Drafting/Print_version&stable=1)) (-RRB- -RRB-) (VP (VBD was) (-LRB- -LSB-) (VP (VBN checked) (PP (-RRB- -RSB-) (PRN (-LRB- -LRB-) (PP (: /) (NP (: /) (NN en.wikibooks.org/w/index.php?title=Special:Log&type=review&page=Drafting/Print_version))) (-RRB- -RRB-))) (PP (IN on) (NP (QP (CD _) (CD 15)))) (NP-TMP (NNP November) (CD 2011)))))))) (NP (CD _))))) (. .))) 
5,36,37,this,message,-LSB- Printer.svg -RSB- -LRB- / / upload.wikimedia.org/wikipedia/commons/thumb/2/23/Printer.svg/40px-Printer.svg.png -RRB- ** This is the -LSB- print version -RSB- -LRB- / wiki/Help : Print_versions -RRB- of -LSB- Drafting -RSB- -LRB- / wiki/Drafting -RRB- ** You wo n't see this message or any elements not part of the book 's content when you print or -LSB- preview -RSB- -LRB- / / en.wikibooks.org/w/index.php?title=Drafting/Print_version&action=purge&printable=yes -RRB- this page .,(ROOT (S (NP (-LRB- -LSB-) (NN Printer.svg)) (VP (-RRB- -RSB-) (PRN (-LRB- -LRB-) (PP (: /) (NP (: /) (NN upload.wikimedia.org/wikipedia/commons/thumb/2/23/Printer.svg/40px-Printer.svg.png))) (-RRB- -RRB-)) (SBAR (SBAR (X (SYM **)) (S (NP (DT This)) (VP (VBZ is) (NP (NP (DT the) (-LRB- -LSB-) (NN print) (NN version) (-RRB- -RSB-)) (PRN (-LRB- -LRB-) (NP (NP (: /) (NN wiki/Help)) (: :) (NP (NNS Print_versions))) (-RRB- -RRB-)) (PP (IN of) (NP (NP (-LRB- -LSB-) (VBG Drafting) (-RRB- -RSB-)) (PRN (-LRB- -LRB-) (NP (: /) (NN wiki/Drafting)) (-RRB- -RRB-)))))) (SBAR (X (SYM **)) (S (NP (PRP You)) (VP (MD wo) (RB n't) (VP (VB see) (NP (NP (DT this) (NN message)) (CC or) (NP (DT any) (NNS elements))) (PP (RB not) (NP (NP (NN part)) (PP (IN of) (NP (NP (DT the) (NN book) (POS 's)) (NN content))))) (SBAR (WHADVP (WRB when)) (S (NP (PRP you)) (VP (VBP print)))))))))) (CC or) (SBAR (-LRB- -LSB-) (S (NP (NN preview)) (VP (-RRB- -RSB-) (PRN (-LRB- -LRB-) (: /) (NX (: /) (NNS en.wikibooks.org/w/index.php?title=Drafting/Print_version&action=purge&printable=yes)) (-RRB- -RRB-)) (NP (DT this) (NN page))))))) (. .))) 
5,60,61,this,page,-LSB- Printer.svg -RSB- -LRB- / / upload.wikimedia.org/wikipedia/commons/thumb/2/23/Printer.svg/40px-Printer.svg.png -RRB- ** This is the -LSB- print version -RSB- -LRB- / wiki/Help : Print_versions -RRB- of -LSB- Drafting -RSB- -LRB- / wiki/Drafting -RRB- ** You wo n't see this message or any elements not part of the book 's content when you print or -LSB- preview -RSB- -LRB- / / en.wikibooks.org/w/index.php?title=Drafting/Print_version&action=purge&printable=yes -RRB- this page .,(ROOT (S (NP (-LRB- -LSB-) (NN Printer.svg)) (VP (-RRB- -RSB-) (PRN (-LRB- -LRB-) (PP (: /) (NP (: /) (NN upload.wikimedia.org/wikipedia/commons/thumb/2/23/Printer.svg/40px-Printer.svg.png))) (-RRB- -RRB-)) (SBAR (SBAR (X (SYM **)) (S (NP (DT This)) (VP (VBZ is) (NP (NP (DT the) (-LRB- -LSB-) (NN print) (NN version) (-RRB- -RSB-)) (PRN (-LRB- -LRB-) (NP (NP (: /) (NN wiki/Help)) (: :) (NP (NNS Print_versions))) (-RRB- -RRB-)) (PP (IN of) (NP (NP (-LRB- -LSB-) (VBG Drafting) (-RRB- -RSB-)) (PRN (-LRB- -LRB-) (NP (: /) (NN wiki/Drafting)) (-RRB- -RRB-)))))) (SBAR (X (SYM **)) (S (NP (PRP You)) (VP (MD wo) (RB n't) (VP (VB see) (NP (NP (DT this) (NN message)) (CC or) (NP (DT any) (NNS elements))) (PP (RB not) (NP (NP (NN part)) (PP (IN of) (NP (NP (DT the) (NN book) (POS 's)) (NN content))))) (SBAR (WHADVP (WRB when)) (S (NP (PRP you)) (VP (VBP print)))))))))) (CC or) (SBAR (-LRB- -LSB-) (S (NP (NN preview)) (VP (-RRB- -RSB-) (PRN (-LRB- -LRB-) (: /) (NX (: /) (NNS en.wikibooks.org/w/index.php?title=Drafting/Print_version&action=purge&printable=yes)) (-RRB- -RRB-)) (NP (DT this) (NN page))))))) (. .))) 
60,16,17,those,art,"The _ practical arts _ are also called useful , functional or manual arts since those arts were created by people for use in their daily lives .","(ROOT (S (NP (DT The) (CD _) (JJ practical) (NNS arts)) (ADVP (RB _)) (VP (VBP are) (ADVP (RB also)) (VP (VBN called) (NP (ADJP (JJ useful) (, ,) (JJ functional) (CC or) (JJ manual)) (NNS arts)) (SBAR (IN since) (S (NP (DT those) (NNS arts)) (VP (VBD were) (VP (VBN created) (PP (IN by) (NP (NP (NNS people)) (PP (IN for) (NP (NN use))))) (PP (IN in) (NP (PRP$ their) (JJ daily) (NNS lives))))))))) (. .))) "
70,27,28,these,art,"In the third and fourth years , however , the practical arts are chiefly offered to prepare the students for `` initial gainful employment '' in these arts .","(ROOT (S (PP (IN In) (NP (DT the) (ADJP (JJ third) (CC and) (JJ fourth)) (NNS years))) (, ,) (ADVP (RB however)) (, ,) (NP (DT the) (JJ practical) (NNS arts)) (VP (VBP are) (ADVP (RB chiefly)) (VP (VBN offered) (S (VP (TO to) (VP (VB prepare) (NP (DT the) (NNS students)) (PP (IN for) (NP (`` ``) (NP (JJ initial) (JJ gainful) (NN employment)) ('' '') (PP (IN in) (NP (DT these) (NNS arts)))))))))) (. .))) "
127,3,4,this,feeling,It is this feeling of pressure exerted by the fingers on the pencil that must be developed in order to acquire the `` feel '' of the pencil .,(ROOT (S (NP (PRP It)) (VP (VBZ is) (NP (NP (DT this) (NN feeling)) (PP (IN of) (NP (NP (NN pressure)) (VP (VBN exerted) (PP (IN by) (NP (DT the) (NNS fingers))) (PP (IN on) (NP (NP (NP (DT the) (NN pencil)) (SBAR (WHNP (WDT that)) (S (VP (MD must) (VP (VB be) (VP (VBN developed) (PP (IN in) (NP (NN order))) (S (VP (TO to) (VP (VB acquire) (S (NP (DT the)) (`` ``) (VP (VB feel)))))))))))) ('' '') (PP (IN of) (NP (DT the) (NN pencil)))))))))) (. .))) 
138,13,14,these,pencil,Between H and B pencils are the HB and F. All of these pencils are available in the market .,(ROOT (S (S (PP (IN Between) (NP (NN H) (CC and) (NN B))) (NP (NNS pencils)) (VP (VBP are) (NP (DT the) (NN HB)))) (CC and) (S (NP (NP (NNP F.) (NNP All)) (PP (IN of) (NP (DT these) (NNS pencils)))) (VP (VBP are) (ADJP (JJ available) (PP (IN in) (NP (DT the) (NN market)))))) (. .))) 
173,6,7,these,letter,Shortcuts are often taken making these letters with one stroke .,(ROOT (S (NP (NNS Shortcuts)) (VP (VBP are) (ADVP (RB often)) (VP (VBN taken) (S (VP (VBG making) (NP (DT these) (NNS letters)) (PP (IN with) (NP (CD one) (NN stroke))))))) (. .))) 
507,2,3,this,writing,"At this writing , however , lumber , shoes , paper , and machine parts are still measured by the English system .","(ROOT (S (PP (IN At) (NP (DT this) (NN writing))) (, ,) (ADVP (RB however)) (, ,) (NP (NP (NN lumber)) (, ,) (NP (NNS shoes)) (, ,) (NP (NN paper)) (, ,) (CC and) (NP (NN machine) (NNS parts))) (VP (VBP are) (ADVP (RB still)) (VP (VBN measured) (PP (IN by) (NP (DT the) (JJ English) (NN system))))) (. .))) "
510,3,5,these,measurement,"To read these fractional measurements which are given in decimal figures , it is suggested that the following simple rule be followed : All numbers at the left side of the decimal point are in meters ; the first two numbers to the right of the decimal point are in centimeters ; the third number to the right of that is in millimeters ; and the rest of the numbers to the right of the third number are a fraction of a millimeter .","(ROOT (S (S (S (VP (TO To) (VP (VB read) (NP (NP (DT these) (JJ fractional) (NNS measurements)) (SBAR (WHNP (WDT which)) (S (VP (VBP are) (VP (VBN given) (PP (IN in) (NP (JJ decimal) (NNS figures))))))))))) (, ,) (NP (PRP it)) (VP (VBZ is) (VP (VBN suggested) (SBAR (IN that) (S (NP (DT the) (JJ following) (JJ simple) (NN rule)) (VP (VB be) (VP (VBN followed)))))))) (: :) (S (NP (NP (DT All) (NNS numbers)) (PP (IN at) (NP (NP (DT the) (JJ left) (NN side)) (PP (IN of) (NP (DT the) (JJ decimal) (NN point)))))) (VP (VBP are) (PP (IN in) (NP (NNS meters))))) (: ;) (S (NP (NP (DT the) (JJ first) (CD two) (NNS numbers)) (PP (TO to) (NP (NP (DT the) (NN right)) (PP (IN of) (NP (DT the) (JJ decimal) (NN point)))))) (VP (VBP are) (PP (IN in) (NP (NNS centimeters))))) (: ;) (S (NP (NP (DT the) (JJ third) (NN number)) (PP (TO to) (NP (NP (DT the) (NN right)) (PP (IN of) (NP (DT that)))))) (VP (VBZ is) (PP (IN in) (NP (NNS millimeters))))) (: ;) (CC and) (S (NP (NP (DT the) (NN rest)) (PP (IN of) (NP (NP (DT the) (NNS numbers)) (PP (TO to) (NP (NP (DT the) (NN right)) (PP (IN of) (NP (DT the) (JJ third) (NN number)))))))) (VP (VBP are) (NP (NP (DT a) (NN fraction)) (PP (IN of) (NP (DT a) (NN millimeter)))))) (. .))) "
515,2,3,this,case,"In this case , we have 1/8 '' = 0.0032 3 '' = 0.0762 0.0794 which reads : seven centimeters , nine millimeters , and 4/10 , or 2/5 , of a millimeter ## Table I Inches To Meter -LSB- -LSB- edit -RSB- -LRB- / w/index .","(ROOT (S (PP (IN In) (NP (DT this) (NN case))) (, ,) (NP (PRP we)) (VP (VBP have) (NP (NP (CD 1/8)) ('' '') (SBAR (S (VP (JJ =) (NP (NP (CD 0.0032) (CD 3)) ('' '') (NP (NP (NP (JJ =) (QP (CD 0.0762) (CD 0.0794))) (SBAR (WHNP (WDT which)) (S (VP (VBZ reads))))) (: :) (NP (NP (CD seven) (NNS centimeters)) (, ,) (NP (CD nine) (NNS millimeters)) (, ,) (CC and) (NP (CD 4/10)))) (, ,) (CC or) (NP (CD 2/5)))))) (, ,) (PP (IN of) (NP (NP (DT a) (JJ millimeter) (NN ##) (NNP Table)) (SBAR (S (NP (PRP I) (NNPS Inches)) (VP (TO To) (VP (VB Meter) (S (VP (-LRB- -LSB-) (VP (-LRB- -LSB-) (VB edit) (-RRB- -RSB-) (-LRB- -LRB-) (PP (: /) (NP (NN w/index)))))))))))))) (. .))) "
531,14,15,this,page,php?title = Drafting/Print _ version & action = info -RRB- * -LSB- Cite this page -RSB- -LRB- / w/index .,(ROOT (S (NP (NP (NN php?title)) (ADJP (ADJP (ADJP (JJ =)) (PRN (NP (NP (NN Drafting/Print) (NN _) (NN version)) (CC &) (NP (NN action) (JJ =) (NN info))) (-RRB- -RRB-))) (SBAR (X (SYM *)) (S (NP (-LRB- -LSB-)) (VP (VB Cite) (NP (DT this) (NN page))))))) (VP (-RRB- -RSB-) (-LRB- -LRB-) (VP (: /) (NP (NN w/index)))) (. .))) 
537,3,4,this,site,"By using this site , you agree to the -LSB- Terms of Use -RSB- -LRB- / / wikimediafoundation.org/wiki/Terms_of_Use -RRB- and -LSB- Privacy Policy . -RSB-","(ROOT (S (PP (IN By) (S (VP (VBG using) (NP (DT this) (NN site))))) (, ,) (NP (PRP you)) (VP (VBP agree) (PP (PP (TO to) (NP (NP (DT the) (-LRB- -LSB-) (NNS Terms)) (PP (IN of) (NP (NP (NN Use) (-RRB- -RSB-)) (PRN (-LRB- -LRB-) (NP (: /) (: /) (NN wikimediafoundation.org/wiki/Terms_of_Use)) (-RRB- -RRB-)))))) (CC and) (PP (-LRB- -LSB-) (NP (NNP Privacy) (NNP Policy))))) (. .) (-RRB- -RSB-))) "
