2,39,40,this,message,-LSB- Printer.svg -RSB- -LRB- / / upload.wikimedia.org/wikipedia/commons/thumb/2/23/Printer.svg/40px-Printer.svg.png -RRB- ** This is the -LSB- print version -RSB- -LRB- / wiki/Help : Print_versions -RRB- of -LSB- Dutch Empire -RSB- -LRB- / wiki/Dutch _ Empire -RRB- ** You wo n't see this message or any elements not part of the book 's content when you print or -LSB- preview -RSB- -LRB- / / en.wikibooks.org/w/index.php?title=Dutch_Empire/Print_Version&action=purge&printable=yes -RRB- this page .,(ROOT (S (NP (-LRB- -LSB-) (NN Printer.svg)) (VP (-RRB- -RSB-) (PRN (-LRB- -LRB-) (PP (: /) (NP (: /) (NN upload.wikimedia.org/wikipedia/commons/thumb/2/23/Printer.svg/40px-Printer.svg.png))) (-RRB- -RRB-)) (SBAR (SBAR (X (SYM **)) (S (S (NP (DT This)) (VP (VBZ is) (NP (NP (NP (DT the) (-LRB- -LSB-) (NN print) (NN version) (-RRB- -RSB-)) (PRN (-LRB- -LRB-) (NP (NP (: /) (NN wiki/Help)) (: :) (NP (NNS Print_versions))) (-RRB- -RRB-))) (PP (IN of) (NP (-LRB- -LSB-) (JJ Dutch) (NN Empire)))))) (-RRB- -RSB-) (PRN (-LRB- -LRB-) (PP (: /) (NP (NNP wiki/Dutch) (NNP _) (NNP Empire))) (-RRB- -RRB-)) (S (X (SYM **)) (NP (PRP You)) (VP (MD wo) (RB n't) (VP (VB see) (NP (NP (DT this) (NN message)) (CC or) (NP (DT any) (NNS elements))) (PP (RB not) (NP (NP (NN part)) (PP (IN of) (NP (NP (DT the) (NN book) (POS 's)) (NN content))))) (SBAR (WHADVP (WRB when)) (S (NP (PRP you)) (VP (VBP print))))))))) (CC or) (SBAR (-LRB- -LSB-) (S (NP (NN preview)) (VP (-RRB- -RSB-) (PRN (-LRB- -LRB-) (: /) (NX (: /) (NNS en.wikibooks.org/w/index.php?title=Dutch_Empire/Print_Version&action=purge&printable=yes)) (-RRB- -RRB-)) (NP (DT this) (NN page))))))) (. .))) 
2,63,64,this,page,-LSB- Printer.svg -RSB- -LRB- / / upload.wikimedia.org/wikipedia/commons/thumb/2/23/Printer.svg/40px-Printer.svg.png -RRB- ** This is the -LSB- print version -RSB- -LRB- / wiki/Help : Print_versions -RRB- of -LSB- Dutch Empire -RSB- -LRB- / wiki/Dutch _ Empire -RRB- ** You wo n't see this message or any elements not part of the book 's content when you print or -LSB- preview -RSB- -LRB- / / en.wikibooks.org/w/index.php?title=Dutch_Empire/Print_Version&action=purge&printable=yes -RRB- this page .,(ROOT (S (NP (-LRB- -LSB-) (NN Printer.svg)) (VP (-RRB- -RSB-) (PRN (-LRB- -LRB-) (PP (: /) (NP (: /) (NN upload.wikimedia.org/wikipedia/commons/thumb/2/23/Printer.svg/40px-Printer.svg.png))) (-RRB- -RRB-)) (SBAR (SBAR (X (SYM **)) (S (S (NP (DT This)) (VP (VBZ is) (NP (NP (NP (DT the) (-LRB- -LSB-) (NN print) (NN version) (-RRB- -RSB-)) (PRN (-LRB- -LRB-) (NP (NP (: /) (NN wiki/Help)) (: :) (NP (NNS Print_versions))) (-RRB- -RRB-))) (PP (IN of) (NP (-LRB- -LSB-) (JJ Dutch) (NN Empire)))))) (-RRB- -RSB-) (PRN (-LRB- -LRB-) (PP (: /) (NP (NNP wiki/Dutch) (NNP _) (NNP Empire))) (-RRB- -RRB-)) (S (X (SYM **)) (NP (PRP You)) (VP (MD wo) (RB n't) (VP (VB see) (NP (NP (DT this) (NN message)) (CC or) (NP (DT any) (NNS elements))) (PP (RB not) (NP (NP (NN part)) (PP (IN of) (NP (NP (DT the) (NN book) (POS 's)) (NN content))))) (SBAR (WHADVP (WRB when)) (S (NP (PRP you)) (VP (VBP print))))))))) (CC or) (SBAR (-LRB- -LSB-) (S (NP (NN preview)) (VP (-RRB- -RSB-) (PRN (-LRB- -LRB-) (: /) (NX (: /) (NNS en.wikibooks.org/w/index.php?title=Dutch_Empire/Print_Version&action=purge&printable=yes)) (-RRB- -RRB-)) (NP (DT this) (NN page))))))) (. .))) 
6,15,16,that,good,"So any help would be appreciated , particularly with my spelling which is not that good .","(ROOT (S (IN So) (NP (DT any) (NN help)) (VP (MD would) (VP (VB be) (VP (VBN appreciated) (, ,) (PP (RB particularly) (IN with) (NP (NP (PRP$ my) (NN spelling)) (SBAR (WHNP (WDT which)) (S (VP (VBZ is) (RB not) (NP (DT that) (JJ good)))))))))) (. .))) "
10,10,11,these,territory,It is important to note that not all of these territories were held at once .,(ROOT (S (NP (PRP It)) (VP (VBZ is) (ADJP (JJ important) (S (VP (TO to) (VP (VB note) (SBAR (IN that) (S (NP (NP (RB not) (DT all)) (PP (IN of) (NP (DT these) (NNS territories)))) (VP (VBD were) (VP (VBN held) (PP (IN at) (NP (RB once)))))))))))) (. .))) 
18,14,16,these,network,"This brought the Dutch into direct competition with Portugal , which had dominated these trade networks for several decades , and had established colonial outposts on the coasts of Brazil , Africa and the Indian Ocean to facilitate them .","(ROOT (S (NP (DT This)) (VP (VP (VBD brought) (NP (DT the) (NNP Dutch)) (PP (IN into) (NP (JJ direct) (NN competition))) (PP (IN with) (NP (NP (NNP Portugal)) (, ,) (SBAR (WHNP (WDT which)) (S (VP (VBD had) (VP (VBN dominated) (NP (DT these) (NN trade) (NNS networks)) (PP (IN for) (NP (JJ several) (NNS decades)))))))))) (, ,) (CC and) (VP (VBD had) (VP (VBN established) (NP (JJ colonial) (NNS outposts)) (PP (IN on) (NP (NP (DT the) (NNS coasts)) (PP (IN of) (NP (NP (NNP Brazil)) (, ,) (NP (NNP Africa)) (CC and) (NP (DT the) (JJ Indian) (NN Ocean)))))) (S (VP (TO to) (VP (VB facilitate) (NP (PRP them)))))))) (. .))) "
27,4,5,these,voyage,The success of these voyages led to the founding of a number of companies competing for the trade .,(ROOT (S (NP (NP (DT The) (NN success)) (PP (IN of) (NP (DT these) (NNS voyages)))) (VP (VBD led) (PP (TO to) (NP (NP (DT the) (NN founding)) (PP (IN of) (NP (NP (DT a) (NN number)) (PP (IN of) (NP (NNS companies))))))) (S (VP (VBG competing) (PP (IN for) (NP (DT the) (NN trade)))))) (. .))) 
51,7,8,these,measure,"Rather than pacifying the Netherlands , these measures helped to fuel the unrest .","(ROOT (S (PP (RB Rather) (IN than) (S (VP (VBG pacifying) (NP (DT the) (NNP Netherlands))))) (, ,) (NP (DT these) (NNS measures)) (VP (VBD helped) (S (VP (TO to) (VP (VB fuel) (NP (DT the) (NN unrest)))))) (. .))) "
70,7,9,this,penny,"Catholics and Protestants protested together against this Tenth Penny , in vain .","(ROOT (NP (NP (NNPS Catholics) (CC and) (NNPS Protestants)) (VP (VBN protested) (ADVP (RB together)) (PP (IN against) (NP (DT this) (NNP Tenth) (NNP Penny))) (, ,) (PP (IN in) (NP (JJ vain)))) (. .))) "
104,11,12,this,partition,"The 17 provinces of the Netherlands were now divided and this partition into what is now the Netherlands and Belgium would prove permanent , despite a brief and emphatically unsuccessful attempt at reunification from 1814-1831 .","(ROOT (S (S (NP (NP (DT The) (CD 17) (NNS provinces)) (PP (IN of) (NP (DT the) (NNPS Netherlands)))) (VP (VBD were) (VP (ADVP (RB now)) (VBN divided)))) (CC and) (S (NP (NP (DT this) (NN partition)) (PP (IN into) (SBAR (WHNP (WP what)) (S (VP (VBZ is) (ADVP (RB now)) (NP (DT the) (NNP Netherlands) (CC and) (NNP Belgium))))))) (VP (MD would) (VP (VB prove) (NP (ADJP (ADJP (JJ permanent) (, ,) (PP (IN despite) (NP (DT a) (NN brief)))) (CC and) (ADJP (ADVP (RB emphatically)) (JJ unsuccessful))) (NN attempt)) (PP (IN at) (NP (NN reunification))) (PP (IN from) (NP (CD 1814-1831)))))) (. .))) "
108,14,16,this,people,"William 's dying words were `` Oh my God , have mercy on this poor people '' .","(ROOT (S (S (NP (NP (NNP William) (POS 's)) (VBG dying) (NNS words)) (VP (VBD were) (NP (INTJ (`` ``) (UH Oh)) (NP (PRP$ my) (NNP God))))) (, ,) (VP (VBP have) (NP (NP (NN mercy)) (PP (IN on) (NP (DT this) (JJ poor) (NNS people))))) ('' '') (. .))) "
138,2,3,this,time,"Around this time , Maurice , son of William , launched a number of campaigns and over the next 12 years captured the cities of Breda -LRB- 1590 -RRB- , Zutphen , Deventer , Delfzijl and Nijmegen -LRB- 1591 -RRB- , Steenwijk , Coevorden -LRB- 1592 -RRB- Geertruidenberg -LRB- 1593 -RRB- Groningen -LRB- 1594 -RRB- Grol , Enschede , Ootmarsum , Oldenzaal -LRB- 1597 -RRB- and Grave -LRB- 1602 -RRB- .","(ROOT (S (PP (IN Around) (NP (DT this) (NN time))) (, ,) (NP (NP (NNP Maurice)) (, ,) (NP (NP (NN son)) (PP (IN of) (NP (NNP William)))) (, ,)) (VP (VBD launched) (NP (DT a) (NN number)) (PP (PP (IN of) (NP (NNS campaigns))) (CC and) (PP (IN over) (NP (NP (NP (NP (DT the) (JJ next) (CD 12) (NNS years)) (VP (VBN captured) (NP (NP (DT the) (NNS cities)) (PP (IN of) (NP (NP (NP (NNP Breda)) (PRN (-LRB- -LRB-) (NP (CD 1590)) (-RRB- -RRB-))) (, ,) (NP (NP (NNP Zutphen) (, ,) (NNP Deventer) (, ,) (NNP Delfzijl) (CC and) (NNP Nijmegen)) (PRN (-LRB- -LRB-) (NP (CD 1591)) (-RRB- -RRB-))) (, ,) (NP (NN Steenwijk)) (, ,) (NP (NP (NN Coevorden)) (PRN (-LRB- -LRB-) (NP (CD 1592)) (-RRB- -RRB-)) (NP (NN Geertruidenberg)))))))) (PRN (-LRB- -LRB-) (NP (CD 1593)) (-RRB- -RRB-))) (NP (NP (NNP Groningen) (PRN (-LRB- -LRB-) (NP (CD 1594)) (-RRB- -RRB-)) (NNP Grol)) (, ,) (NP (NNP Enschede) (, ,) (NNP Ootmarsum)) (, ,)) (NP (NP (JJ Oldenzaal)) (PRN (-LRB- -LRB-) (NP (CD 1597)) (-RRB- -RRB-))) (CC and) (NP (NP (NN Grave)) (PRN (-LRB- -LRB-) (NP (CD 1602)) (-RRB- -RRB-))))))) (. .))) "
139,4,5,this,time,"It was during this time when the fighting had left the heart of the republic , that the Dutch advanced into their Golden Age .","(ROOT (S (NP (PRP It)) (VP (VBD was) (PP (IN during) (NP (DT this) (NN time))) (SBAR (WHADVP (WRB when)) (S (NP (DT the) (NN fighting)) (VP (VBD had) (VP (VBN left) (NP (NP (DT the) (NN heart)) (PP (IN of) (NP (DT the) (NN republic)))) (, ,) (SBAR (IN that) (S (NP (DT the) (NNP Dutch)) (VP (VBD advanced) (PP (IN into) (NP (PRP$ their) (JJ Golden) (NN Age))))))))))) (. .))) "
143,4,5,this,ceasefire,"It was during this ceasefire the Dutch made great efforts to build their navy , which was later to have a crucial bearing on the course of the war .","(ROOT (S (NP (PRP It)) (VP (VBD was) (PP (IN during) (NP (NP (DT this) (NN ceasefire)) (SBAR (S (NP (DT the) (NNPS Dutch)) (VP (VBD made) (NP (JJ great) (NNS efforts)) (S (VP (TO to) (VP (VB build) (NP (PRP$ their) (NN navy)))))))) (, ,) (SBAR (WHNP (WDT which)) (S (VP (VBD was) (ADVP (RB later)) (S (VP (TO to) (VP (VB have) (NP (NP (DT a) (JJ crucial) (NN bearing)) (PP (IN on) (NP (NP (DT the) (NN course)) (PP (IN of) (NP (DT the) (NN war))))))))))))))) (. .))) "
154,2,4,this,victory,"Despite this major victory , the Spanish would face a string of losses , including the Dutch capture of the cities of Groenlo , and Hertogenbosch .","(ROOT (S (PP (IN Despite) (NP (DT this) (JJ major) (NN victory))) (, ,) (NP (DT the) (NNP Spanish)) (VP (MD would) (VP (VB face) (NP (NP (DT a) (NN string)) (PP (IN of) (NP (NNS losses))) (, ,) (PP (VBG including) (NP (NP (DT the) (JJ Dutch) (NN capture)) (PP (IN of) (NP (NP (NP (DT the) (NNS cities)) (PP (IN of) (NP (NNP Groenlo)))) (, ,) (CC and) (NP (NNP Hertogenbosch))))))))) (. .))) "
158,5,6,these,conflict,The most important of these conflicts would become known as the Dutch-Portuguese War .,(ROOT (S (NP (NP (DT The) (ADJP (RBS most) (JJ important))) (PP (IN of) (NP (DT these) (NNS conflicts)))) (VP (MD would) (VP (VB become) (VP (VBN known) (PP (IN as) (NP (DT the) (NNP Dutch-Portuguese) (NNP War)))))) (. .))) 
177,18,19,those,part,"In 1621 the Dutch West India Company was set up and given a twenty-five year monopoly to those parts of the world that were not controlled by its East India counterpart : the Atlantic , the Americas and the west coast of Africa .","(ROOT (S (PP (IN In) (NP (CD 1621))) (NP (DT the) (JJ Dutch) (NNP West) (NNP India) (NNP Company)) (VP (VBD was) (VP (VP (VBN set) (PRT (RP up))) (CC and) (VP (VBN given) (NP (NP (NP (DT a) (CD twenty-five) (NN year) (NN monopoly)) (PP (TO to) (NP (NP (DT those) (NNS parts)) (PP (IN of) (NP (NP (DT the) (NN world)) (SBAR (WHNP (WDT that)) (S (VP (VBD were) (RB not) (VP (VBN controlled) (PP (IN by) (NP (PRP$ its) (NNP East) (NNP India) (NN counterpart)))))))))))) (: :) (NP (NP (DT the) (NNP Atlantic)) (, ,) (NP (DT the) (NNPS Americas))) (CC and) (NP (NP (DT the) (NN west) (NN coast)) (PP (IN of) (NP (NNP Africa)))))))) (. .))) "
181,29,30,these,fort,"The settlements were isolated , difficult to reinforce if attacked , and prone to being picked off one by one , and the Dutch enjoyed great success attacking these forts .","(ROOT (S (S (NP (DT The) (NNS settlements)) (VP (VBD were) (VP (VBN isolated) (, ,) (S (ADJP (ADJP (JJ difficult) (S (VP (TO to) (VP (VB reinforce) (SBAR (IN if) (S (VP (VBN attacked)))))))) (, ,) (CC and) (ADJP (JJ prone) (PP (TO to) (S (VP (VBG being) (VP (VBN picked) (PP (IN off) (NP (CD one))) (PP (IN by) (NP (CD one))))))))))))) (, ,) (CC and) (S (NP (DT the) (JJ Dutch)) (VP (VBN enjoyed) (NP (NP (JJ great) (NN success)) (VP (VBG attacking) (NP (DT these) (NNS forts)))))) (. .))) "
249,2,3,this,point,"At this point , both sides were completely exhausted from war and signed the Treaty of Westminster -LRB- 1654 -RRB- .","(ROOT (S (PP (IN At) (NP (DT this) (NN point))) (, ,) (NP (DT both) (NNS sides)) (VP (VP (VBD were) (VP (ADVP (RB completely)) (VBN exhausted) (PP (IN from) (NP (NN war))))) (CC and) (VP (VBD signed) (NP (NP (DT the) (NNP Treaty)) (PP (IN of) (NP (NP (NNP Westminster)) (PRN (-LRB- -LRB-) (NP (CD 1654)) (-RRB- -RRB-))))))) (. .))) "
264,3,4,this,day,Even to this day it is the worst defeat in Dutch Naval History .,(ROOT (S (ADVP (RB Even) (PP (TO to) (NP (DT this) (NN day)))) (NP (PRP it)) (VP (VBZ is) (NP (NP (DT the) (JJS worst) (NN defeat)) (PP (IN in) (NP (JJ Dutch) (NNP Naval) (NN History))))) (. .))) 
304,2,3,this,time,"At this time , Prince William III of Orange is assumed to have had the leading Dutch politician Johan de Witt deposed and murdered and was acclaimed stadtholder .","(ROOT (S (PP (IN At) (NP (DT this) (NN time))) (, ,) (NP (NP (NNP Prince) (NNP William) (NNP III)) (PP (IN of) (NP (NNP Orange)))) (VP (VP (VBZ is) (VP (VP (VBN assumed) (S (VP (TO to) (VP (VB have) (VP (VBD had) (NP (NP (DT the) (VBG leading)) (SBAR (S (NP (JJ Dutch) (NN politician) (NNP Johan) (IN de) (NNP Witt)) (VP (VBD deposed)))))))))) (CC and) (VP (VBN murdered)))) (CC and) (VP (VBD was) (NP (JJ acclaimed) (NN stadtholder)))) (. .))) "
322,6,7,these,possession,The French would soon retake these possessions .,(ROOT (S (NP (DT The) (NNP French)) (VP (MD would) (ADVP (RB soon)) (VP (VB retake) (NP (DT these) (NNS possessions)))) (. .))) 
378,3,4,this,time,Also at this time the French continued their advance into Italy .,(ROOT (S (ADVP (RB Also)) (PP (IN at) (NP (DT this) (NN time))) (NP (DT the) (JJ French)) (VP (VBD continued) (NP (PRP$ their) (NN advance)) (PP (IN into) (NP (NNP Italy)))) (. .))) 
410,6,7,this,treaty,"Included in the terms of this treaty , the Duke of Savoy was forced to exchange his throne in Sicily for that of the less important Kingdom of Sardinia Napoleonic Era -LRB- 1795-1815 -RRB- # Batavian Republic !","(ROOT (S (S (VP (VBN Included) (PP (IN in) (NP (NP (DT the) (NNS terms)) (PP (IN of) (NP (DT this) (NN treaty))))))) (, ,) (NP (NP (DT the) (NNP Duke)) (PP (IN of) (NP (NNP Savoy)))) (VP (VBD was) (VP (VBN forced) (S (VP (TO to) (VP (VB exchange) (NP (PRP$ his) (NN throne)) (PP (IN in) (NP (NP (NNP Sicily)) (PP (IN for) (NP (NP (DT that)) (PP (IN of) (NP (NP (DT the) (ADJP (RBR less) (JJ important)) (NNP Kingdom)) (PP (IN of) (NP (NP (NP (NNP Sardinia) (NNP Napoleonic) (NNP Era)) (PRN (-LRB- -LRB-) (NP (CD 1795-1815)) (-RRB- -RRB-))) (PP (# #) (NP (NNP Batavian) (NNP Republic)))))))))))))))) (. !))) "
471,2,3,this,time,"During this time the Dutch army continued its advance , capturing the cities of Geel , Diest , Boutersem , Hasselt , and Leuven .","(ROOT (S (PP (IN During) (NP (DT this) (NN time))) (NP (DT the) (JJ Dutch) (NN army)) (VP (VBD continued) (NP (PRP$ its) (NN advance)) (, ,) (S (VP (VBG capturing) (NP (NP (DT the) (NNS cities)) (PP (IN of) (NP (NP (NNP Geel) (, ,) (NNP Diest) (, ,) (NNP Boutersem) (, ,) (NNP Hasselt) (, ,)) (CC and) (NP (NNP Leuven)))))))) (. .))) "
557,5,6,this,time,"## Smaller Islands During this time , the lesser islands came under Dutch control .","(ROOT (S (NP-TMP (NP (NN ##)) (NP (JJR Smaller) (NNS Islands))) (PP (IN During) (NP (DT this) (NN time))) (, ,) (NP (DT the) (JJR lesser) (NNS islands)) (VP (VBD came) (PP (IN under) (NP (JJ Dutch) (NN control)))) (. .))) "
563,4,5,this,time,"It was by this time that the Dutch East Indies would reach their greatest extent , stretching over 3,000 miles from Sumatra , to New Guinea .","(ROOT (S (NP (PRP It)) (VP (VBD was) (PP (IN by) (NP (DT this) (NN time))) (SBAR (IN that) (S (NP (DT the) (NNP Dutch) (NNP East) (NNP Indies)) (VP (MD would) (VP (VB reach) (NP (NP (PRP$ their) (JJS greatest) (NN extent)) (, ,) (VP (VBG stretching) (PP (IN over) (NP (NP (CD 3,000) (NNS miles)) (PP (IN from) (NP (NNP Sumatra)))))) (, ,)) (PP (TO to) (NP (NNP New) (NNP Guinea)))))))) (. .))) "
568,23,24,this,time,"Slavery was not abolished in the Dutch Caribbean colonies until 1863 , long after those of Britain and France , though by this time only 6,500 slaves remained .","(ROOT (S (NP (NN Slavery)) (VP (VBD was) (RB not) (VP (VBN abolished) (PP (IN in) (NP (DT the) (JJ Dutch) (NNP Caribbean) (NNS colonies))) (PP (IN until) (NP (CD 1863))) (, ,) (ADVP (RB long) (PP (IN after) (NP (NP (DT those)) (PP (IN of) (NP (NNP Britain) (CC and) (NNP France)))) (, ,) (ADVP (RB though)))) (PP (IN by) (NP (NP (DT this) (NN time)) (SBAR (S (NP (QP (RB only) (CD 6,500)) (NNS slaves)) (VP (VBD remained)))))))) (. .))) "
579,28,30,that,day,"The airfields surrounding the city -LRB- Ypenburg , Ockenburg , and Valkenburg -RRB- were taken with heavy casualties and transport aircraft losses , only to be lost that same day to counterattacks by the two Dutch reserve infantry divisions .","(ROOT (S (NP (NP (DT The) (NNS airfields)) (VP (VBG surrounding) (NP (NP (DT the) (NN city)) (PRN (-LRB- -LRB-) (NP (NP (NNP Ypenburg)) (, ,) (NP (NNP Ockenburg)) (, ,) (CC and) (NP (NNP Valkenburg))) (-RRB- -RRB-))))) (VP (VBD were) (VP (VBN taken) (PP (IN with) (NP (NP (JJ heavy) (NNS casualties)) (CC and) (NP (NN transport) (NN aircraft) (NNS losses)))) (, ,) (S (ADVP (RB only)) (VP (TO to) (VP (VB be) (VP (VBN lost) (NP (DT that) (JJ same) (NN day)) (PP (TO to) (NP (NNS counterattacks))) (PP (IN by) (NP (DT the) (CD two) (JJ Dutch) (NN reserve) (NN infantry) (NNS divisions))))))))) (. .))) "
583,3,4,these,transport,"Most of these transports were destroyed on the ground , and some whilst trying to land under fire , as German forces had not properly secured the airfields and landing zones .","(ROOT (S (S (NP (NP (JJS Most)) (PP (IN of) (NP (DT these) (NNS transports)))) (VP (VBD were) (VP (VBN destroyed) (PP (IN on) (NP (DT the) (NN ground)))))) (, ,) (CC and) (S (NP (DT some)) (PP (IN whilst) (S (VP (VBG trying) (S (VP (TO to) (VP (VB land) (PP (IN under) (NP (NN fire))) (, ,) (SBAR (IN as) (S (NP (JJ German) (NNS forces)) (VP (VBD had) (RB not) (ADVP (RB properly)) (VP (VBN secured) (NP (NP (DT the) (NNS airfields)) (CC and) (NP (NN landing) (NNS zones)))))))))))))) (. .))) "
660,2,3,this,time,"During this time , the Dutch commander Karel Doorman was killed .","(ROOT (S (PP (IN During) (NP (DT this) (NN time))) (, ,) (NP (DT the) (JJ Dutch) (NN commander) (NNP Karel) (NNP Doorman)) (VP (VBD was) (VP (VBN killed))) (. .))) "
685,3,4,this,time,Also during this time the invades captured Keboemen and Purwokerto .,(ROOT (S (ADVP (RB Also)) (PP (IN during) (NP (DT this) (NN time))) (NP (DT the)) (VP (VBZ invades) (VP (VBN captured) (NP (NNP Keboemen) (CC and) (NNP Purwokerto)))) (. .))) 
689,41,42,that,afternoon,"The Dutch Governor , Jonkheer Dr. A.W.L. Tjarda Van Starkenborgh Stachouwer and Lieutenant-General Ter Poorten , together with Major-General Jacob J. Pesman , the commander of the Bandoeng District , met the Japanese Commander-in-Chief , Lieutenant-General Hitoshi Imamura at Kalidjati that afternoon and agreed to the capitulation of all the troops .","(ROOT (S (NP (NP (DT The) (JJ Dutch) (NN Governor)) (, ,) (NP (NP (NNP Jonkheer) (NNP Dr.) (NNP A.W.L.) (NNP Tjarda) (NNP Van) (NNP Starkenborgh) (NNP Stachouwer)) (CC and) (NP (NNP Lieutenant-General) (NN Ter) (NNP Poorten))) (, ,)) (VP (VP (ADVP (RB together) (PP (IN with) (NP (NP (NNP Major-General) (NNP Jacob) (NNP J.) (NNP Pesman)) (, ,) (NP (NP (DT the) (NN commander)) (PP (IN of) (NP (DT the) (NNP Bandoeng) (NNP District)))) (, ,)))) (VBD met) (NP (NP (DT the) (JJ Japanese) (NN Commander-in-Chief)) (, ,) (NP (NNP Lieutenant-General) (NNP Hitoshi) (NNP Imamura))) (PP (IN at) (NP (NNP Kalidjati))) (NP-TMP (DT that) (NN afternoon))) (CC and) (VP (VBD agreed) (PP (TO to) (NP (NP (DT the) (NN capitulation)) (PP (IN of) (NP (PDT all) (DT the) (NNS troops))))))) (. .))) "
724,34,35,that,decade,"Elections were held across Dutch New Guinea in 1959 and an elected New Guinea Council officially took office on April 5 , 1961 , to prepare for full independence by the end of that decade .","(ROOT (S (NP (NP (NP (NNS Elections)) (SBAR (S (VP (VBD were) (VP (VBN held) (PP (IN across) (NP (NP (JJ Dutch) (NNP New) (NNP Guinea)) (PP (IN in) (NP (CD 1959)))))))))) (CC and) (NP (DT an) (VBN elected) (NNP New) (NNP Guinea) (NNP Council))) (ADVP (RB officially)) (VP (VBD took) (NP (NN office)) (PP (IN on) (NP (NNP April) (CD 5) (, ,) (CD 1961))) (, ,) (S (VP (TO to) (VP (VB prepare) (PP (IN for) (NP (JJ full) (NN independence))) (PP (IN by) (NP (NP (DT the) (NN end)) (PP (IN of) (NP (DT that) (NN decade))))))))) (. .))) "
746,46,47,these,island,"In Aruba , Bonaire , and Curaçao , Dutch is the official language but spoken as a first language by only by seven to eight percent of the population , although most people on the islands can speak the language and the education system on these islands is in Dutch at some or all levels .","(ROOT (S (PP (IN In) (NP (NNP Aruba) (, ,) (NNP Bonaire) (, ,) (CC and) (NNP Curaçao))) (, ,) (NP (NNP Dutch)) (VP (VBZ is) (NP (NP (DT the) (JJ official) (NN language)) (CC but) (VP (VBN spoken) (PP (IN as) (NP (DT a) (JJ first) (NN language))) (PP (IN by) (ADVP (RB only))) (PP (IN by) (NP (NP (QP (CD seven) (TO to) (CD eight)) (NN percent)) (PP (IN of) (NP (DT the) (NN population))))))) (, ,) (SBAR (IN although) (S (S (NP (NP (JJS most) (NNS people)) (PP (IN on) (NP (DT the) (NNS islands)))) (VP (MD can) (VP (VB speak) (NP (DT the) (NN language))))) (CC and) (S (NP (NP (DT the) (NN education) (NN system)) (PP (IN on) (NP (DT these) (NNS islands)))) (VP (VBZ is) (PP (IN in) (NP (NNP Dutch))) (PP (IN at) (NP (NP (DT some)) (CC or) (NP (DT all) (NNS levels))))))))) (. .))) "
836,18,19,this,post,4 Sebastiaen Jansen Krol 1632-1633 Was commander of Fort Orange -LRB- present day Albany -RRB- previous to this post .,(ROOT (S (NP (NP (CD 4) (NNP Sebastiaen) (NNP Jansen) (NNP Krol)) (NP (CD 1632-1633))) (VP (VBD Was) (NP (NP (NP (NP (NN commander)) (PP (IN of) (NP (NP (NNP Fort) (NNP Orange)) (PRN (-LRB- -LRB-) (NP (NP (JJ present) (NN day)) (NP (NNP Albany))) (-RRB- -RRB-))))) (JJ previous)) (PP (TO to) (NP (DT this) (NN post))))) (. .))) 
857,2,3,this,time,"During this time , he was promoted to Lieutenant-General .","(ROOT (S (PP (IN During) (NP (DT this) (NN time))) (, ,) (NP (PRP he)) (VP (VBD was) (VP (VBN promoted) (PP (TO to) (NP (NNP Lieutenant-General))))) (. .))) "
859,17,18,this,time,"His force was defeated and he was forced to surrender Cape Colony to the British , this time permanently .","(ROOT (S (S (NP (PRP$ His) (NN force)) (VP (VBD was) (VP (VBN defeated)))) (CC and) (S (NP (PRP he)) (VP (VBD was) (VP (VBN forced) (S (VP (TO to) (VP (VB surrender) (NP (NNP Cape) (NNP Colony)) (PP (TO to) (NP (NP (DT the) (JJ British)) (, ,) (ADVP (NP (DT this) (NN time)) (RB permanently)))))))))) (. .))) "
861,11,12,this,list,"Also , if you wish to add your name to this list , you may , and become a full-time contributor to this book .","(ROOT (S (ADVP (RB Also)) (, ,) (SBAR (IN if) (S (NP (PRP you)) (VP (VBP wish) (S (VP (TO to) (VP (VB add) (NP (PRP$ your) (NN name)) (PP (TO to) (NP (DT this) (NN list))))))))) (, ,) (NP (PRP you)) (VP (VP (MD may)) (, ,) (CC and) (VP (VB become) (NP (DT a) (JJ full-time) (NN contributor)) (PP (TO to) (NP (DT this) (NN book))))) (. .))) "
861,23,24,this,book,"Also , if you wish to add your name to this list , you may , and become a full-time contributor to this book .","(ROOT (S (ADVP (RB Also)) (, ,) (SBAR (IN if) (S (NP (PRP you)) (VP (VBP wish) (S (VP (TO to) (VP (VB add) (NP (PRP$ your) (NN name)) (PP (TO to) (NP (DT this) (NN list))))))))) (, ,) (NP (PRP you)) (VP (VP (MD may)) (, ,) (CC and) (VP (VB become) (NP (DT a) (JJ full-time) (NN contributor)) (PP (TO to) (NP (DT this) (NN book))))) (. .))) "
977,14,15,this,page,php?title = Dutch_Empire / Print_Version & action = info -RRB- * -LSB- Cite this page -RSB- -LRB- / w/index .,(ROOT (S (VP (NN php?title) (NP (NP (NP (JJ =) (NN Dutch_Empire)) (PRN (: /) (NP (NP (NNP Print_Version)) (CC &) (NP (NN action) (JJ =) (NN info))) (-RRB- -RRB-))) (X (SYM *))) (S (VP (-LRB- -LSB-) (VP (VB Cite) (S (NP (DT this) (NN page)) (NP (NP (-RRB- -RSB-)) (-LRB- -LRB-) (PP (: /) (NP (NN w/index))))))))) (. .))) 
983,3,4,this,site,"By using this site , you agree to the -LSB- Terms of Use -RSB- -LRB- / / wikimediafoundation.org/wiki/Terms_of_Use -RRB- and -LSB- Privacy Policy . -RSB-","(ROOT (S (PP (IN By) (S (VP (VBG using) (NP (DT this) (NN site))))) (, ,) (NP (PRP you)) (VP (VBP agree) (PP (PP (TO to) (NP (NP (DT the) (-LRB- -LSB-) (NNS Terms)) (PP (IN of) (NP (NP (NN Use) (-RRB- -RSB-)) (PRN (-LRB- -LRB-) (NP (: /) (: /) (NN wikimediafoundation.org/wiki/Terms_of_Use)) (-RRB- -RRB-)))))) (CC and) (PP (-LRB- -LSB-) (NP (NNP Privacy) (NNP Policy))))) (. .) (-RRB- -RSB-))) "
