2,7,8,this,page,-LSB- Unreviewed changes are displayed on this page -RSB- -LRB- / / bits.wikimedia.org/static-1.22wmf19/extensions/FlaggedRevs/frontend/modules/img/1.png -RRB- The -LSB- latest reviewed version -RSB- -LRB- / / en.wikibooks.org/w/index.php?title=Engineering_Thermodynamics/Print_version&stable=1 -RRB- was -LSB- checked -RSB- -LRB- / / en.wikibooks.org/w/index.php?title=Special:Log&type=review&page=Engineering_Thermodynamics/Print_version -RRB- on _ 14 November 2012 _ .,(ROOT (S (NP (-LRB- -LSB-) (JJ Unreviewed) (NNS changes)) (VP (VBP are) (VP (VBN displayed) (PP (IN on) (NP (NP (DT this) (NN page)) (-RRB- -RSB-) (PRN (-LRB- -LRB-) (NP (: /) (: /) (NN bits.wikimedia.org/static-1.22wmf19/extensions/FlaggedRevs/frontend/modules/img/1.png)) (-RRB- -RRB-)) (NP (DT The) (-LRB- -LSB-)))) (NP-TMP (NP (NP (JJS latest)) (VP (VBN reviewed) (NP (NN version)) (SBAR (-RRB- -RSB-) (S (-LRB- -LRB-) (NP (: /) (: /) (NN en.wikibooks.org/w/index.php?title=Engineering_Thermodynamics/Print_version&stable=1)) (-RRB- -RRB-) (VP (VBD was) (-LRB- -LSB-) (VP (VBN checked) (PP (-RRB- -RSB-) (PRN (-LRB- -LRB-) (PP (: /) (NP (: /) (NN en.wikibooks.org/w/index.php?title=Special:Log&type=review&page=Engineering_Thermodynamics/Print_version))) (-RRB- -RRB-))) (PP (IN on) (NP (CD _) (CD 14))) (NP-TMP (NNP November) (CD 2012)))))))) (NP (CD _))))) (. .))) 
10,10,11,these,technique,"However , with the advent of computers most of these techniques are transparent to the engineer , and instead of looking data up in tables , computer applications can be queried to retrieve the required values and use them in calculations .","(ROOT (S (ADVP (RB However)) (, ,) (PP (PP (IN with) (NP (NP (DT the) (NN advent)) (PP (IN of) (NP (NP (NNS computers)) (SBAR (WHNP (WHNP (JJS most)) (PP (IN of) (NP (DT these) (NNS techniques)))) (S (VP (VBP are) (ADJP (JJ transparent) (PP (TO to) (NP (DT the) (NN engineer))))))))))) (, ,) (CC and) (PP (RB instead) (IN of) (S (VP (VBG looking) (NP (NNS data)) (ADVP (RB up) (PP (IN in) (NP (NNS tables)))))))) (, ,) (NP (NN computer) (NNS applications)) (VP (MD can) (VP (VB be) (VP (VBN queried) (S (VP (TO to) (VP (VP (VB retrieve) (NP (DT the) (VBN required) (NNS values))) (CC and) (VP (VB use) (NP (PRP them)) (PP (IN in) (NP (NNS calculations)))))))))) (. .))) "
43,17,18,that,energy,"This was a hindrance to getting things accomplished , because it turned out that most of that energy went to growing and cultivating more carbohydrates -LRB- e.g. crops and livestock -RRB- .","(ROOT (S (NP (DT This)) (VP (VBD was) (NP (DT a) (NN hindrance)) (PP (TO to) (S (VP (VBG getting) (NP (NP (NNS things)) (VP (VBN accomplished)))))) (, ,) (SBAR (IN because) (S (NP (PRP it)) (VP (VBD turned) (PRT (RP out)) (SBAR (IN that) (S (NP (NP (JJS most)) (PP (IN of) (NP (DT that) (NN energy)))) (VP (VBD went) (PP (TO to) (S (VP (VBG growing) (CC and) (VBG cultivating) (NP (NP (JJR more) (NNS carbohydrates)) (PRN (-LRB- -LRB-) (NP (NP (FW e.g.)) (NP (NP (NNS crops)) (CC and) (NP (NN livestock)))) (-RRB- -RRB-))))))))))))) (. .))) "
53,13,15,this,rhetoric,"Given the reader -LRB- and editor -RRB- has read this far through this aggrandizing rhetoric , I welcome your interest and hope to see it continue until the end .","(ROOT (S (PP (VBN Given) (NP (NP (NP (DT the) (NN reader)) (PRN (-LRB- -LRB-) (CC and) (ADJP (NN editor)) (-RRB- -RRB-))) (SBAR (S (VP (VBZ has) (VP (VBN read) (ADVP (DT this) (RB far)) (PP (IN through) (NP (DT this) (VBG aggrandizing) (NN rhetoric))))))))) (, ,) (NP (PRP I)) (VP (VBP welcome) (NP (PRP$ your) (NN interest) (CC and) (NN hope)) (S (VP (TO to) (VP (VB see) (S (NP (PRP it)) (VP (VB continue) (PP (IN until) (NP (DT the) (NN end))))))))) (. .))) "
74,13,15,this,energy,"Since each atom or molecule is acting on its own accord , this internal energy is different from the bulk kinetic energy associated with the movement of the entire solid .","(ROOT (S (SBAR (IN Since) (S (NP (DT each) (NN atom) (CC or) (NN molecule)) (VP (VBZ is) (VP (VBG acting) (PP (IN on) (NP (PRP$ its) (JJ own) (NN accord))))))) (, ,) (NP (DT this) (JJ internal) (NN energy)) (VP (VBZ is) (ADJP (JJ different) (PP (IN from) (NP (NP (DT the) (NN bulk) (JJ kinetic) (NN energy)) (VP (VBN associated) (PP (IN with) (NP (NP (DT the) (NN movement)) (PP (IN of) (NP (DT the) (JJ entire) (JJ solid)))))))))) (. .))) "
124,5,6,this,configuration,Thus the model of this configuration is a closed system .,(ROOT (S (ADVP (RB Thus)) (NP (NP (DT the) (NN model)) (PP (IN of) (NP (DT this) (NN configuration)))) (VP (VBZ is) (NP (DT a) (JJ closed) (NN system))) (. .))) 
170,4,5,this,case,"The standard in this case is the _ International Temperature Scale _ , which was introduced in 1927 , and revised in 1948 , 1968 , and 1990 .","(ROOT (S (NP (NP (DT The) (NN standard)) (PP (IN in) (NP (DT this) (NN case)))) (VP (VBZ is) (NP (NP (DT the) (NNP _) (NNP International) (NNP Temperature) (NNP Scale) (NNP _)) (, ,) (SBAR (WHNP (WDT which)) (S (VP (VBD was) (VP (VP (VBN introduced) (PP (IN in) (NP (CD 1927)))) (, ,) (CC and) (VP (VBN revised) (PP (IN in) (NP (NP (CD 1948)) (, ,) (NP (CD 1968)) (, ,) (CC and) (NP (CD 1990))))))))))) (. .))) "
201,11,12,this,experiment,This may seem obvious as we are quite familiar with this experiment .,(ROOT (S (NP (DT This)) (VP (MD may) (VP (VB seem) (ADJP (JJ obvious)) (SBAR (IN as) (S (NP (PRP we)) (VP (VBP are) (ADJP (RB quite) (JJ familiar) (PP (IN with) (NP (DT this) (NN experiment))))))))) (. .))) 
216,2,4,this,work,In this case work done is mechanical .,(ROOT (S (PP (IN In) (NP (DT this) (NN case) (NN work))) (S (VP (VBN done))) (VP (VBZ is) (ADJP (JJ mechanical))) (. .))) 
219,64,65,this,relationship,"In the case of the piston-cylinder system , the work done during a cycle is given by _ W _ , where _ W = − ∫ F dx = − ∫ p dV _ , where _ F = p A _ , and _ p _ is the pressure on the inside of the piston -LRB- note the minus sign in this relationship -RRB- .","(ROOT (S (PP (IN In) (NP (NP (DT the) (NN case)) (PP (IN of) (NP (DT the) (JJ piston-cylinder) (NN system))))) (, ,) (NP (NP (DT the) (NN work)) (VP (VBN done) (PP (IN during) (NP (DT a) (NN cycle))))) (VP (VBZ is) (VP (VBN given) (PP (IN by) (NP (NP (CD _) (NN W) (NN _)) (, ,) (SBAR (WHADVP (WRB where)) (S (NP (NN _) (NN W)) (VP (JJ =) (NP (NP (NP (QP (CD −) (CD ∫)) (NN F) (NN dx) (JJ =) (ADJP (QP (CD −) (CD ∫))) (NN p) (NN dV)) (NP (CD _))) (, ,) (SBAR (WHADVP (WRB where)) (S (NP (NP (NN _) (NN F)) (NP (JJ =) (NN p)) (NP (NP (DT A) (NN _)) (, ,) (CC and) (NP (NN _) (NN p) (NN _)))) (VP (VBZ is) (NP (NP (DT the) (NN pressure)) (PP (IN on) (NP (NP (DT the) (NN inside)) (PP (IN of) (NP (NP (DT the) (NN piston)) (PRN (-LRB- -LRB-) (NP (NP (NN note) (DT the)) (PP (CC minus) (NP (NP (NN sign)) (PP (IN in) (NP (DT this) (NN relationship)))))) (-RRB- -RRB-)))))))))))))))))) (. .))) "
233,38,39,this,book,"-LSB- W = - \ \ oint p dV -RSB- -LRB- / / upload.wikimedia.org/math/2/6/4/264754f661cc3fc3ef5957f1db9ec270.png -RRB- Work done by the system is negative , and work done on the system is positive , by the convention used in this book .","(ROOT (X (S (VP (-LRB- -LSB-) (NP (NN W)) (X (SYM =)))) (: -) (NP (NP (QP (CD \) (CD \)) (NN oint) (NN p) (ADJP (ADJP (NN dV) (-RRB- -RSB-)) (PRN (-LRB- -LRB-) (PP (: /) (NP (: /) (NN upload.wikimedia.org/math/2/6/4/264754f661cc3fc3ef5957f1db9ec270.png))) (-RRB- -RRB-))) (NN Work)) (VP (VBN done) (PP (IN by) (S (S (NP (DT the) (NN system)) (VP (VBZ is) (ADJP (JJ negative)))) (, ,) (CC and) (S (NP (NP (NN work)) (VP (VBN done) (PP (IN on) (NP (DT the) (NN system))))) (VP (VBZ is) (ADJP (JJ positive)) (, ,) (PP (IN by) (NP (NP (DT the) (NN convention)) (VP (VBN used) (PP (IN in) (NP (DT this) (NN book)))))))))))) (. .))) "
244,24,25,this,process,"The equations given above will give the values of work for quasi-static processes , and many real world processes can be approximated by this process .","(ROOT (S (S (NP (NP (DT The) (NNS equations)) (VP (VBN given) (ADVP (RB above)))) (VP (MD will) (VP (VB give) (NP (NP (DT the) (NNS values)) (PP (IN of) (NP (NN work)))) (PP (IN for) (NP (JJ quasi-static) (NNS processes)))))) (, ,) (CC and) (S (NP (JJ many) (JJ real) (NN world) (NNS processes)) (VP (MD can) (VP (VB be) (VP (VBN approximated) (PP (IN by) (NP (DT this) (NN process))))))) (. .))) "
250,20,21,this,fluid,"Thus , it was thought that a hot body transferred heat to a cold body by transferring some of this fluid to it .","(ROOT (S (ADVP (RB Thus)) (, ,) (NP (PRP it)) (VP (VBD was) (VP (VBN thought) (SBAR (IN that) (S (NP (DT a) (JJ hot) (NN body)) (VP (VBN transferred) (NP (NP (NN heat)) (PP (TO to) (NP (DT a) (JJ cold) (NN body)))) (PP (IN by) (S (VP (VBG transferring) (NP (NP (DT some)) (PP (IN of) (NP (DT this) (NN fluid)))) (PP (TO to) (NP (PRP it))))))))))) (. .))) "
256,2,3,this,quantity,"If this quantity is to be of any use , the amount of heat transferred should be a linear function of temperature .","(ROOT (S (SBAR (IN If) (S (NP (DT this) (NN quantity)) (VP (VBZ is) (S (VP (TO to) (VP (VB be) (PP (IN of) (NP (DT any) (NN use))))))))) (, ,) (NP (NP (DT the) (NN amount)) (PP (IN of) (NP (NP (NN heat)) (VP (VBN transferred))))) (VP (MD should) (VP (VB be) (NP (NP (DT a) (JJ linear) (NN function)) (PP (IN of) (NP (NN temperature)))))) (. .))) "
262,29,30,that,material,"For instance , for finding the amount of heat transferred , it would have been simple to give a chart of _ Q -LRB- ΔT -RRB- _ for that material .","(ROOT (S (PP (IN For) (NP (NN instance))) (, ,) (PP (IN for) (S (VP (VBG finding) (NP (NP (DT the) (NN amount)) (PP (IN of) (NP (NP (NN heat)) (VP (VBN transferred)))))))) (, ,) (NP (PRP it)) (VP (MD would) (VP (VB have) (VP (VBN been) (ADJP (JJ simple) (S (VP (TO to) (VP (VB give) (NP (DT a) (NN chart)) (NP (NP (QP (IN of) (CD _)) (NNP Q) (PRN (-LRB- -LRB-) (NP (NNP ΔT)) (-RRB- -RRB-)) (NN _)) (PP (IN for) (NP (DT that) (NN material))))))))))) (. .))) "
279,3,4,this,vessel,"Later , this vessel was placed in a bath and cooled .","(ROOT (S (ADVP (RB Later)) (, ,) (NP (DT this) (NN vessel)) (VP (VBD was) (VP (VP (VBN placed) (PP (IN in) (NP (DT a) (NN bath)))) (CC and) (VP (VBN cooled)))) (. .))) "
294,30,31,this,case,"Thermodynamics does not define the nature of the internal energy , but it can be rationalised using other theories -LRB- i.e. the gas kinetic theory -RRB- , but in this case is due to the KE and PE of the gas molecules within the ball , not to be mistaken with the KE and PE of the ball itself .","(ROOT (S (S (NP (NNS Thermodynamics)) (VP (VBZ does) (RB not) (VP (VB define) (NP (NP (DT the) (NN nature)) (PP (IN of) (NP (DT the) (JJ internal) (NN energy))))))) (, ,) (CC but) (S (NP (PRP it)) (VP (MD can) (VP (VB be) (VP (VP (VBN rationalised) (S (VP (VBG using) (NP (NP (JJ other) (NNS theories)) (PRN (-LRB- -LRB-) (NP (NP (FW i.e.)) (NP (DT the) (NN gas) (JJ kinetic) (NN theory))) (-RRB- -RRB-)))))) (, ,) (CC but) (VP (PP (IN in) (S (S (NP (DT this) (NN case)) (VP (VBZ is) (ADJP (JJ due) (PP (TO to) (NP (NP (DT the) (NNP KE) (CC and) (NNP PE)) (PP (IN of) (NP (NP (DT the) (NN gas) (NNS molecules)) (PP (IN within) (NP (DT the) (NN ball)))))))) (, ,) (S (RB not) (VP (TO to) (VP (VB be) (VP (VBN mistaken) (PP (IN with) (NP (DT the) (NNP KE))))))))) (CC and) (S (NP (NP (NNP PE)) (PP (IN of) (NP (DT the) (NN ball)))) (NP (PRP itself)))))))))) (. .))) "
297,2,4,this,dependence,Introducing this temperature dependence explicitly is important in many calculations .,(ROOT (S (S (VP (VBG Introducing) (NP (DT this) (NN temperature) (NN dependence)) (ADVP (RB explicitly)))) (VP (VBZ is) (ADJP (JJ important) (PP (IN in) (NP (JJ many) (NNS calculations))))) (. .))) 
298,2,3,this,purpose,"For this purpose , the constant-volume heat capacity is defined as follows : _ cv = -LRB- ∂ u / ∂ t -RRB- v _ , where _ cv _ is the specific heat at constant volume .","(ROOT (S (PP (IN For) (NP (DT this) (NN purpose))) (, ,) (NP (DT the) (JJ constant-volume) (NN heat) (NN capacity)) (VP (VBZ is) (VP (VBN defined) (SBAR (IN as) (S (VP (VBZ follows) (: :) (NP (NP (CD _) (NN cv)) (ADJP (ADJP (JJ =)) (PRN (-LRB- -LRB-) (NP (NP (CD ∂) (NN u)) (: /) (NP (CD ∂) (NN t))) (-RRB- -RRB-))) (PP (LS v) (NP (CD _))) (, ,) (SBAR (WHADVP (WRB where)) (S (NP (NP (NN _) (NN cv)) (NP (CD _))) (VP (VBZ is) (NP (NP (DT the) (JJ specific) (NN heat)) (PP (IN at) (NP (JJ constant) (NN volume))))))))))))) (. .))) "
421,10,11,this,process,A series of isothermal and adiabatic processes can replace this process if the heat and work interaction in those processes is the same as that in the process _ a-b _ .,(ROOT (S (NP (NP (DT A) (NN series)) (PP (IN of) (NP (NP (NN isothermal) (CC and) (JJ adiabatic)) (NNS processes)))) (VP (MD can) (VP (VB replace) (NP (DT this) (NN process)) (SBAR (IN if) (S (NP (NP (DT the) (NP (NN heat) (CC and) (NN work)) (NN interaction)) (PP (IN in) (NP (DT those) (NNS processes)))) (VP (VBZ is) (NP (DT the) (ADJP (JJ same) (PP (IN as) (NP (NP (DT that)) (PP (IN in) (NP (DT the) (NN process))))) (NP-TMP (CD _))) (JJ a-b) (NN _))))))) (. .))) 
421,19,20,those,process,A series of isothermal and adiabatic processes can replace this process if the heat and work interaction in those processes is the same as that in the process _ a-b _ .,(ROOT (S (NP (NP (DT A) (NN series)) (PP (IN of) (NP (NP (NN isothermal) (CC and) (JJ adiabatic)) (NNS processes)))) (VP (MD can) (VP (VB replace) (NP (DT this) (NN process)) (SBAR (IN if) (S (NP (NP (DT the) (NP (NN heat) (CC and) (NN work)) (NN interaction)) (PP (IN in) (NP (DT those) (NNS processes)))) (VP (VBZ is) (NP (DT the) (ADJP (JJ same) (PP (IN as) (NP (NP (DT that)) (PP (IN in) (NP (DT the) (NN process))))) (NP-TMP (CD _))) (JJ a-b) (NN _))))))) (. .))) 
422,2,3,this,process,"Let this process be replaced by the process _ a-c-d-b _ , where _ a-c _ and _ d-b _ are reversible adiabatic processes , while _ c-d _ is a reversible isothermal process .","(ROOT (S (VP (VB Let) (S (NP (DT this) (NN process)) (VP (VB be) (VP (VBN replaced) (PP (IN by) (NP (NP (DT the) (NN process) (CD _) (JJ a-c-d-b) (NN _)) (, ,) (SBAR (WHADVP (WRB where)) (S (NP (NP (NN _) (JJ a-c) (NN _)) (CC and) (NP (NN _) (JJ d-b) (NN _))) (VP (VBP are) (NP (JJ reversible) (JJ adiabatic) (NNS processes)) (, ,) (SBAR (IN while) (S (NP (NP (NN _) (NN c-d)) (NP (CD _))) (VP (VBZ is) (NP (DT a) (JJ reversible) (JJ isothermal) (NN process)))))))))))))) (. .))) "
429,4,5,this,theorem,A corollary of this theorem is that any reversible cycle can be replaced by a series of Carnot cycles .,(ROOT (S (NP (NP (DT A) (NN corollary)) (PP (IN of) (NP (DT this) (NN theorem)))) (VP (VBZ is) (SBAR (IN that) (S (NP (DT any) (JJ reversible) (NN cycle)) (VP (MD can) (VP (VB be) (VP (VBN replaced) (PP (IN by) (NP (NP (DT a) (NN series)) (PP (IN of) (NP (NNP Carnot) (NNS cycles))))))))))) (. .))) 
430,4,6,these,cycle,Suppose each of these Carnot cycles absorbs heat _ dQ1i _ at temperature _ T1i _ and rejects heat _ dQ2i _ at _ T2i _ .,(ROOT (S (S (VP (VB Suppose) (NP (NP (DT each)) (PP (IN of) (NP (DT these) (NNP Carnot) (NNS cycles)))))) (VP (VP (VBZ absorbs) (NP (NP (NN heat) (CD _) (NN dQ1i) (NN _)) (PP (IN at) (NP (NN temperature) (CD _) (NN T1i) (NN _))))) (CC and) (VP (VBZ rejects) (NP (NP (NN heat) (CD _) (NN dQ2i) (NN _)) (PP (IN at) (NP (CD _) (NN T2i) (NN _)))))) (. .))) 
431,6,7,these,engine,"Then , for each of these engines , we have _ dQ1i/dQ2i = − T1i/T2i _ .","(ROOT (S (ADVP (RB Then)) (, ,) (PP (IN for) (NP (NP (DT each)) (PP (IN of) (NP (DT these) (NNS engines))))) (, ,) (NP (PRP we)) (VP (VBP have) (VP (VBN _) (NP (NN dQ1i/dQ2i)) (ADVP (JJ =) (NP (CD −) (NN T1i/T2i) (NN _))))) (. .))) "
433,7,8,these,cycle,"Summing over a large number of these cycles , we have , in the limit , !","(ROOT (S (S (VP (VBG Summing) (PP (IN over) (NP (NP (DT a) (JJ large) (NN number)) (PP (IN of) (NP (DT these) (NNS cycles))))))) (, ,) (NP (PRP we)) (VP (VBP have) (S (PP (, ,) (IN in) (NP (DT the) (NN limit)) (, ,)))) (. !))) "
453,37,42,that,_,"Further , for the whole universe , we have _ ΔS = ΔSsys \ + ΔSsurr > 0 _ For a reversible process , _ ΔSsys = -LRB- Q/T -RRB- rev = − ΔSsurr _ So that _ ΔSuniverse = 0 _ for a reversible process .","(ROOT (S (ADVP (RB Further)) (, ,) (PP (IN for) (NP (DT the) (JJ whole) (NN universe))) (, ,) (NP (PRP we)) (VP (VBP have) (VP (VBN _) (S (NP (NP (NN ΔS)) (NP (JJ =) (NNS ΔSsys)) (NP (NP (NN \)) (CC +) (NP (NN ΔSsurr)))) (ADJP (JJR >)) (NP (CD 0) (NN _)) (PP (IN For) (NP (NP (NP (DT a) (ADJP (JJ reversible) (NP-TMP (NP (NN process)) (, ,) (ADJP (NP (CD _) (NNS ΔSsys)) (JJ =)))) (PRN (-LRB- -LRB-) (NP (NN Q/T)) (-RRB- -RRB-)) (NN rev)) (ADJP (JJ =) (NP-TMP (CD −)))) (NP (NP (NN ΔSsurr) (CD _)) (RRC (ADVP (IN So)) (NP (NP (DT that) (NN _) (NN ΔSuniverse) (JJ =) (CD 0) (NN _)) (PP (IN for) (NP (DT a) (JJ reversible) (NN process))))))))))) (. .))) "
487,12,13,this,analysis,"-LSB- One Component System -RSB- -LRB- / / upload.wikimedia.org/wikibooks/en/7/74/Onecompon_Engineering_Thermodynamics.png -RRB- For this analysis , we consider heat transferred to the substance at constant pressure .","(ROOT (S (PP (-LRB- -LSB-) (NP (NP (CD One) (NNP Component) (NNP System) (-RRB- -RSB-)) (PRN (-LRB- -LRB-) (NP (: /) (: /) (NN upload.wikimedia.org/wikibooks/en/7/74/Onecompon_Engineering_Thermodynamics.png)) (-RRB- -RRB-)))) (PP (IN For) (NP (DT this) (NN analysis))) (, ,) (NP (PRP we)) (VP (VBP consider) (NP (NP (NN heat)) (VP (VBN transferred) (PP (TO to) (NP (NP (DT the) (NN substance)) (PP (IN at) (NP (JJ constant) (NN pressure)))))))) (. .))) "
507,2,4,that,c,"At that point C , called the _ critical point _ , the liquid and vapor states merge together and all their thermodynamic properties become the same .","(ROOT (S (PP (IN At) (NP (DT that) (NN point) (NN C))) (, ,) (S (S (VP (VBD called) (NP (DT the) (NN _) (JJ critical) (NN point) (NN _)))) (, ,) (NP (DT the) (NP (NN liquid) (CC and) (NN vapor)) (NNS states)) (VP (VBP merge) (ADVP (RB together)))) (CC and) (S (ADVP (DT all)) (NP (PRP$ their) (JJ thermodynamic) (NNS properties)) (VP (VBP become) (NP (DT the) (JJ same)))) (. .))) "
525,2,3,this,application,"For this application , air is taken to be a mixture of nitrogen and oxygen with the other gases being small enough so that they can be approximated by more of nitrogen and oxygen without much error .","(ROOT (S (PP (IN For) (NP (DT this) (NN application))) (, ,) (NP (NN air)) (VP (VBZ is) (VP (VBN taken) (S (VP (TO to) (VP (VB be) (NP (NP (DT a) (NN mixture)) (PP (IN of) (NP (NN nitrogen) (CC and) (NN oxygen))))))) (PP (IN with) (S (NP (DT the) (JJ other) (NNS gases)) (VP (VBG being) (ADJP (JJ small) (RB enough) (SBAR (IN so) (IN that) (S (NP (PRP they)) (VP (MD can) (VP (VB be) (VP (VBN approximated) (PP (IN by) (NP (NP (JJR more)) (PP (IN of) (NP (NN nitrogen) (CC and) (NN oxygen))))) (PP (IN without) (NP (JJ much) (NN error)))))))))))))) (. .))) "
526,2,4,this,section,"In this psychrometry section , vapor refers to water vapor .","(ROOT (S (PP (IN In) (NP (DT this) (NN psychrometry) (NN section))) (, ,) (NP (NN vapor)) (VP (VBZ refers) (PP (TO to) (NP (NN water) (NN vapor)))) (. .))) "
528,12,13,those,condition,"Also , air is far away from its critical point in those conditions .","(ROOT (S (ADVP (RB Also)) (, ,) (NP (NN air)) (VP (VBZ is) (ADVP (RB far) (RB away)) (PP (IN from) (NP (NP (PRP$ its) (JJ critical) (NN point)) (PP (IN in) (NP (DT those) (NNS conditions)))))) (. .))) "
530,17,18,that,temperature,"If the partial pressure of the vapor is smaller than the saturation pressure for water for that temperature , the mixture is called unsaturated .","(ROOT (S (SBAR (IN If) (S (NP (NP (DT the) (JJ partial) (NN pressure)) (PP (IN of) (NP (DT the) (NN vapor)))) (VP (VBZ is) (ADJP (ADJP (JJR smaller)) (PP (IN than) (NP (NP (DT the) (NN saturation) (NN pressure)) (PP (IN for) (NP (NP (NN water)) (PP (IN for) (NP (DT that) (NN temperature))))))))))) (, ,) (NP (DT the) (NN mixture)) (VP (VBZ is) (VP (VBN called) (S (ADJP (JJ unsaturated))))) (. .))) "
535,22,23,that,temperature,"The _ relative humidity _ _ φ _ is the ratio of the vapor pressure to the saturation vapor pressure at that temperature , _ i.e. _ , _ φ = pv/pv , sat _ .","(ROOT (S (S (NP (NP (DT The) (NN _)) (PRN (ADVP (JJ relative) (NN humidity)) (NP (QP (CD _) (CD _)) (NN φ) (NN _)))) (VP (VBZ is) (NP (NP (DT the) (NN ratio)) (PP (IN of) (NP (NP (DT the) (NN vapor) (NN pressure)) (PP (TO to) (NP (NP (DT the) (NN saturation) (NN vapor) (NN pressure)) (PP (IN at) (NP (DT that) (NN temperature)))))))))) (, ,) (NP (NP (NP (CD _)) (ADJP (FW i.e.) (FW _))) (, ,) (NP (NP (CD _) (NN φ)) (NP (JJ =) (NN pv/pv))) (, ,)) (VP (VBD sat) (NP (NN _))) (. .))) "
558,2,3,this,chart,From this chart you can determine the relative humidity given the dry and wet bulb temperatures .,(ROOT (S (PP (IN From) (NP (DT this) (NN chart))) (NP (PRP you)) (VP (MD can) (VP (VB determine) (NP (NP (DT the) (JJ relative) (NN humidity)) (VP (VBN given) (NP (DT the) (ADJP (JJ dry) (CC and) (JJ wet)) (NN bulb)) (NP (NNS temperatures)))))) (. .))) 
569,11,12,this,situation,The wet bulb temperature is about 34.2 ° C for this situation .,(ROOT (S (NP (DT The) (JJ wet) (NN bulb) (NN temperature)) (VP (VBZ is) (PP (IN about) (NP (NP (QP (CD 34.2) (CD °)) (NN C)) (PP (IN for) (NP (DT this) (NN situation)))))) (. .))) 
570,15,16,this,situation,"Thus , you can not use an ordinary cooler to reduce room temperature in this situation .","(ROOT (S (ADVP (RB Thus)) (, ,) (NP (PRP you)) (VP (MD can) (RB not) (VP (VB use) (NP (DT an) (JJ ordinary) (NN cooler)) (S (VP (TO to) (VP (VB reduce) (NP (NN room) (NN temperature)) (PP (IN in) (NP (DT this) (NN situation)))))))) (. .))) "
579,11,12,this,case,A humidity level of 50 % is more acceptable in this case .,(ROOT (S (NP (NP (DT A) (NN humidity) (NN level)) (PP (IN of) (NP (CD 50) (NN %)))) (VP (VBZ is) (ADJP (RBR more) (JJ acceptable) (PP (IN in) (NP (DT this) (NN case))))) (. .))) 
703,14,15,this,page,php?title = Engineering_Thermodynamics / Print_version & action = info -RRB- * -LSB- Cite this page -RSB- -LRB- / w/index .,(ROOT (S (VP (NN php?title) (NP (NP (NP (JJ =) (NNS Engineering_Thermodynamics)) (PRN (: /) (NP (NP (NNP Print_version)) (CC &) (NP (NN action) (JJ =) (NN info))) (-RRB- -RRB-))) (X (SYM *))) (S (VP (-LRB- -LSB-) (VP (VB Cite) (S (NP (DT this) (NN page)) (NP (NP (-RRB- -RSB-)) (-LRB- -LRB-) (PP (: /) (NP (NN w/index))))))))) (. .))) 
709,3,4,this,site,"By using this site , you agree to the -LSB- Terms of Use -RSB- -LRB- / / wikimediafoundation.org/wiki/Terms_of_Use -RRB- and -LSB- Privacy Policy . -RSB-","(ROOT (S (PP (IN By) (S (VP (VBG using) (NP (DT this) (NN site))))) (, ,) (NP (PRP you)) (VP (VBP agree) (PP (PP (TO to) (NP (NP (DT the) (-LRB- -LSB-) (NNS Terms)) (PP (IN of) (NP (NP (NN Use) (-RRB- -RSB-)) (PRN (-LRB- -LRB-) (NP (: /) (: /) (NN wikimediafoundation.org/wiki/Terms_of_Use)) (-RRB- -RRB-)))))) (CC and) (PP (-LRB- -LSB-) (NP (NNP Privacy) (NNP Policy))))) (. .) (-RRB- -RSB-))) "
