2,7,8,this,page,-LSB- Unreviewed changes are displayed on this page -RSB- -LRB- / / bits.wikimedia.org/static-1.22wmf19/extensions/FlaggedRevs/frontend/modules/img/1.png -RRB- The -LSB- latest reviewed version -RSB- -LRB- / / en.wikibooks.org/w/index.php?title=English_as_an_Additional_Language/Print_version&stable=1 -RRB- was -LSB- checked -RSB- -LRB- / / en.wikibooks.org/w/index.php?title=Special:Log&type=review&page=English_as_an_Additional_Language/Print_version -RRB- on _ 8 March 2009 _ .,(ROOT (S (NP (-LRB- -LSB-) (JJ Unreviewed) (NNS changes)) (VP (VBP are) (VP (VBN displayed) (PP (IN on) (NP (NP (DT this) (NN page)) (-RRB- -RSB-) (PRN (-LRB- -LRB-) (NP (: /) (: /) (NN bits.wikimedia.org/static-1.22wmf19/extensions/FlaggedRevs/frontend/modules/img/1.png)) (-RRB- -RRB-)) (NP (DT The) (-LRB- -LSB-)))) (NP-TMP (NP (NP (JJS latest)) (VP (VBN reviewed) (NP (NN version)) (SBAR (-RRB- -RSB-) (S (-LRB- -LRB-) (NP (: /) (: /) (NN en.wikibooks.org/w/index.php?title=English_as_an_Additional_Language/Print_version&stable=1)) (-RRB- -RRB-) (VP (VBD was) (-LRB- -LSB-) (VP (VBN checked) (PP (-RRB- -RSB-) (PRN (-LRB- -LRB-) (PP (: /) (NP (: /) (NN en.wikibooks.org/w/index.php?title=Special:Log&type=review&page=English_as_an_Additional_Language/Print_version))) (-RRB- -RRB-))) (PP (IN on) (NP (NN _) (CD 8))) (NP-TMP (NNP March) (CD 2009)))))))) (NP (CD _))))) (. .))) 
10,5,6,this,language,"The benefits of learning this language are manifold : English is spoken in more countries than any other language , and is considered the `` lingua franca , '' or international language of the world .","(ROOT (S (S (NP (NP (DT The) (NNS benefits)) (PP (IN of) (S (VP (VBG learning) (NP (DT this) (NN language)))))) (VP (VBP are) (NP (NN manifold)))) (: :) (S (NP (NNP English)) (VP (VP (VBZ is) (VP (VBN spoken) (PP (IN in) (NP (NP (JJR more) (NNS countries)) (PP (IN than) (NP (DT any) (JJ other) (NN language))))))) (, ,) (CC and) (VP (VBZ is) (VP (VBN considered) (NP (NP (DT the) (`` ``) (NN lingua) (NN franca) (, ,) ('' '')) (CC or) (NP (NP (JJ international) (NN language)) (PP (IN of) (NP (DT the) (NN world))))))))) (. .))) "
19,20,21,these,situation,"### Terminology English as a Foreign Language -LRB- EFL -RRB- refers to English for use in the second of these situations , in a non-English-speaking region .","(ROOT (S (NP (NP (CD ###) (NNP Terminology) (NNP English)) (PP (IN as) (NP (NP (DT a) (JJ Foreign) (NN Language)) (PRN (-LRB- -LRB-) (NP (NN EFL)) (-RRB- -RRB-))))) (VP (VBZ refers) (PP (TO to) (NP (NP (NNP English)) (PP (IN for) (NP (NP (NN use)) (PP (IN in) (NP (NP (DT the) (NN second)) (PP (IN of) (NP (DT these) (NNS situations))))))))) (, ,) (PP (IN in) (NP (DT a) (JJ non-English-speaking) (NN region)))) (. .))) "
24,33,34,this,information,"* _ Chapter 0 : Morphology and Spelling _ # The English alphabet _ Note : if the target audience 's native language already uses the Latin alphabet , then much of this information can be omitted .","(ROOT (FRAG (X (X (X (SYM *)) (NP (CD _))) (NP (NN Chapter) (CD 0))) (: :) (NP (NP (NP (NN Morphology) (CC and) (NN Spelling)) (NN _)) (SBAR (# #) (S (NP (DT The) (JJ English) (NN alphabet) (CD _)) (VP (NN Note) (: :) (S (SBAR (IN if) (S (NP (NP (DT the) (NN target) (NN audience) (POS 's)) (JJ native) (NN language)) (ADVP (RB already)) (VP (VBZ uses) (NP (DT the) (JJ Latin) (NN alphabet))))) (, ,) (NP (NP (RB then) (RB much)) (PP (IN of) (NP (DT this) (NN information)))) (VP (MD can) (VP (VB be) (VP (VBN omitted))))))))) (. .))) "
33,2,3,this,reason,"For this reason , the English spelling system is notorious for being one of the hardest to learn of all the alphabetic scripts .","(ROOT (S (PP (IN For) (NP (DT this) (NN reason))) (, ,) (NP (DT the) (NNP English) (NN spelling) (NN system)) (VP (VBZ is) (NP (NP (JJ notorious)) (PP (IN for) (S (VP (VBG being) (NP (NP (CD one)) (PP (IN of) (NP (NP (DT the) (RBS hardest)) (SBAR (S (VP (TO to) (VP (VB learn) (PP (IN of) (NP (PDT all) (DT the) (JJ alphabetic) (NNS scripts))))))))))))))) (. .))) "
35,3,4,this,sound,-LSB- About this sound -RSB- -LRB- / / upload.wikimedia.org/wikipedia/commons/thumb/8/8a/Loudspeaker.svg/11px-Loudspeaker.svg.png -RRB- -LSB- click here -RSB- -LRB- / / upload.wikimedia.org/wikibooks/en/f/fa/Alphabet_1.ogg -RRB- -LRB- -LSB- help -RSB- -LRB- / / en.wikipedia.org/wiki/Wikipedia:Media_help -RRB- · -LSB- info -RSB- -LRB- / wiki/File : Alphabet_1 .,(ROOT (S (-LRB- -LSB-) (PP (IN About) (NP (DT this) (NN sound) (-RRB- -RSB-))) (PRN (-LRB- -LRB-) (PP (: /) (NP (: /) (NN upload.wikimedia.org/wikipedia/commons/thumb/8/8a/Loudspeaker.svg/11px-Loudspeaker.svg.png))) (-RRB- -RRB-)) (VP (-LRB- -LSB-) (VP (VB click) (ADVP (RB here) (NP (NP (-RRB- -RSB-)) (PRN (-LRB- -LRB-) (NP (: /) (: /) (NN upload.wikimedia.org/wikibooks/en/f/fa/Alphabet_1.ogg)) (-RRB- -RRB-)) (PRN (-LRB- -LRB-) (NP (NP (-LRB- -LSB-) (NN help)) (PP (-RRB- -RSB-) (NP (-LRB- -LRB-) (: /) (: /) (NN en.wikipedia.org/wiki/Wikipedia:Media_help)))) (-RRB- -RRB-)))) (NP (ADJP (NN ·) (PP (-LRB- -LSB-) (NP (NP (NN info) (-RRB- -RSB-)) (-LRB- -LRB-) (PP (: /) (NP (NNP wiki/File))) (: :)))) (NN Alphabet_1)))) (. .))) 
114,2,4,these,sentence,Consider these two sentences : ** Charles ** picks flowers from the garden .,(ROOT (S (S (VP (VB Consider) (NP (NP (NP (DT these) (CD two) (NNS sentences)) (PRN (: :) (FRAG (X (SYM **)) (NP (NNP Charles))))) (X (SYM **))))) (VP (VBZ picks) (NP (NNS flowers)) (PP (IN from) (NP (DT the) (NN garden)))) (. .))) 
122,2,3,these,two,Consider these two sentences : * ** BIRDS FROM CANADA ** fly south in the winter .,(ROOT (S (VP (VB Consider) (NP (DT these) (NX (NP (NP (CD two)) (NP (NNS sentences))) (: :) (SBAR (X (SYM *)) (S (NP (NP (FRAG (X (SYM **)) (NP (NNS BIRDS)))) (PP (IN FROM) (NP (NP (NNP CANADA)) (SBAR (FRAG (X (SYM **)) (VP (VBP fly) (ADVP (RB south)))))))) (VP (IN in) (NP (DT the) (NN winter)))))))) (. .))) 
132,2,4,these,sentence,Consider these two sentences : * ** JOHN AND I ** went to the movies .,(ROOT (S (S (VP (VB Consider) (NP (DT these) (CD two) (NNS sentences)))) (: :) (S (X (SYM *)) (X (SYM **)) (NP (NNPS JOHN)) (VP (CC AND) (NP (NP (PRP I)) (FRAG (X (SYM **)) (VP (VBD went) (PP (TO to) (NP (DT the) (NNS movies)))))))) (. .))) 
147,2,3,these,sentence,Consider these sentences : * ** CINDY ** ran three miles on the beach .,(ROOT (S (S (VP (VB Consider) (NP (DT these) (NNS sentences)))) (: :) (S (X (SYM *)) (X (SYM **)) (NP (NNP CINDY) (SYM **)) (VP (VBD ran) (NP (CD three) (NNS miles)) (PP (IN on) (NP (DT the) (NN beach))))) (. .))) 
154,2,3,these,sentence,Consider these sentences : * ** BOB ** watched nine hours of television .,(ROOT (S (S (VP (VB Consider) (NP (DT these) (NNS sentences)))) (: :) (S (X (SYM *)) (X (SYM **)) (NP (NNP BOB)) (VP (SYM **) (VP (VBN watched) (NP (NP (CD nine) (NNS hours)) (PP (IN of) (NP (NN television))))))) (. .))) 
198,27,28,this,textbook,"## Irregular Verbs English has a large number of irregular verbs , most significantly the verb `` to be , '' which you are learning throughout this textbook .","(ROOT (S (NP (NP (NN ##) (JJ Irregular) (NNS Verbs)) (NP (NNP English))) (VP (VBZ has) (NP (NP (DT a) (JJ large) (NN number)) (PP (IN of) (NP (NP (JJ irregular) (NNS verbs)) (, ,) (NP (NP (JJS most)) (SBAR (S (NP (RB significantly) (DT the)) (VP (VB verb))))))) (SBAR (`` ``) (S (VP (TO to) (VP (VB be)))))) (, ,) ('' '') (SBAR (WHNP (WDT which)) (S (NP (PRP you)) (VP (VBP are) (VP (VBG learning) (PP (IN throughout) (NP (DT this) (NN textbook)))))))) (. .))) "
200,34,35,this,case,"* Verbs like ** try ** add ** ies ** instead of ** s. ** * The verb ** have ** use a completely different form in the 3rd person singular , in this case ** has .","(ROOT (S (S (SBAR (X (SYM *)) (S (NP (NP (NNS Verbs)) (PP (IN like) (X (SYM **)))) (VP (VB try)))) (VP (SYM **) (VP (VP (VB add) (X (SYM **))) (NP (NP (NP (NP (NNS ies)) (SBAR (S (VP (SYM **) (NP (RB instead)))))) (PP (IN of) (X (SYM **)))) (X (SYM s.)))))) (S (X (SYM **)) (X (SYM *)) (NP (DT The)) (VP (VBP verb) (FRAG (X (SYM **)) (VP (VBP have) (S (SBAR (X (SYM **)) (S (S (VP (VB use) (NP (NP (NP (DT a) (ADJP (RB completely) (JJ different)) (NN form)) (PP (IN in) (NP (DT the) (JJ 3rd) (NN person))) (ADJP (JJ singular)) (, ,) (PP (IN in) (NP (DT this) (NN case)))) (X (SYM **))))) (VP (VBZ has))))))))) (. .))) "
239,4,5,that,child,Homework is assignments that children do outside of class .,(ROOT (S (NP (NN Homework)) (VP (VBZ is) (NP (NP (NNS assignments)) (SBAR (WHNP (WDT that) (NNS children)) (S (VP (VBP do) (ADVP (IN outside)) (PP (IN of) (NP (NN class)))))))) (. .))) 
256,3,4,these,group,They call these groups study groups .,(ROOT (S (NP (PRP They)) (VP (VBP call) (S (NP (DT these) (NNS groups)) (NP (NN study) (NNS groups)))) (. .))) 
293,35,36,these,ticket,"A quick check now can save problems later : The traveller rushes back to the ticket office , and tries to speak to the same Ticket Clerk : * Traveller : `` Sorry , these tickets say Daventry not Coventry '' * Clerk : `` You said Daventry , sir . ''","(ROOT (S (S (NP (DT A) (JJ quick) (NN check)) (ADVP (RB now)) (VP (MD can) (VP (VB save) (NP (NNS problems)) (ADVP (RB later))))) (: :) (S (NP (DT The) (NN traveller)) (VP (VP (VBZ rushes) (ADVP (RB back)) (PP (TO to) (NP (DT the) (NN ticket) (NN office)))) (, ,) (CC and) (VP (VBZ tries) (S (VP (TO to) (VP (VB speak) (FRAG (FRAG (X (TO to)) (NP (DT the) (JJ same) (NN Ticket) (NN Clerk))) (: :) (FRAG (X (SYM *)) (NP (NNP Traveller)))))))))) (: :) (`` ``) (S (NP (NNP Sorry)) (, ,) (NP (DT these) (NNS tickets)) (VP (VBP say) (NP (NP (NNP Daventry)) (PP (RB not) (NP (NNP Coventry) ('' '')))) (FRAG (X (SYM *)) (NP (NNP Clerk))))) (: :) (`` ``) (S (NP (PRP You)) (VP (VBD said) (NP (NP (NNP Daventry)) (, ,) (NP (NN sir))))) (. .) ('' ''))) "
308,4,5,this,train,* `` Does this train go to Liverpool ? '',(ROOT (FRAG (X (SYM *)) (VP (`` ``) (VBZ Does) (S (NP (NP (DT this) (NN train)) (SBAR (FRAG (S (VP (VB go) (PP (TO to) (NP (NNP Liverpool))))) (. ?) ('' '')))))))) 
314,6,7,these,sentence,"-LRB- Note that some of these sentences are technically incorrect , but are acceptable in general speech .","(ROOT (S (-LRB- -LRB-) (NP (NN Note)) (PP (IN that) (NP (NP (DT some)) (PP (IN of) (NP (DT these) (NNS sentences))))) (VP (VP (VBP are) (ADJP (RB technically) (JJ incorrect))) (, ,) (CC but) (VP (VBP are) (ADJP (JJ acceptable) (PP (IN in) (NP (JJ general) (NN speech)))))) (. .))) "
342,14,15,this,page,php?title = English_as_an_Additional_Language / Print_version & action = info -RRB- * -LSB- Cite this page -RSB- -LRB- / w/index .,(ROOT (S (VP (NN php?title) (NP (NP (NP (JJ =) (NN English_as_an_Additional_Language)) (PRN (: /) (NP (NP (NNP Print_version)) (CC &) (NP (NN action) (JJ =) (NN info))) (-RRB- -RRB-))) (X (SYM *))) (S (VP (-LRB- -LSB-) (VP (VB Cite) (S (NP (DT this) (NN page)) (NP (NP (-RRB- -RSB-)) (-LRB- -LRB-) (PP (: /) (NP (NN w/index))))))))) (. .))) 
348,3,4,this,site,"By using this site , you agree to the -LSB- Terms of Use -RSB- -LRB- / / wikimediafoundation.org/wiki/Terms_of_Use -RRB- and -LSB- Privacy Policy . -RSB-","(ROOT (S (PP (IN By) (S (VP (VBG using) (NP (DT this) (NN site))))) (, ,) (NP (PRP you)) (VP (VBP agree) (PP (PP (TO to) (NP (NP (DT the) (-LRB- -LSB-) (NNS Terms)) (PP (IN of) (NP (NP (NN Use) (-RRB- -RSB-)) (PRN (-LRB- -LRB-) (NP (: /) (: /) (NN wikimediafoundation.org/wiki/Terms_of_Use)) (-RRB- -RRB-)))))) (CC and) (PP (-LRB- -LSB-) (NP (NNP Privacy) (NNP Policy))))) (. .) (-RRB- -RSB-))) "
