2,7,8,this,page,-LSB- Unreviewed changes are displayed on this page -RSB- -LRB- / / bits.wikimedia.org/static-1.22wmf19/extensions/FlaggedRevs/frontend/modules/img/1.png -RRB- The -LSB- latest reviewed version -RSB- -LRB- / / en.wikibooks.org/w/index.php?title=General_Genetics/Print_version&stable=1 -RRB- was -LSB- checked -RSB- -LRB- / / en.wikibooks.org/w/index.php?title=Special:Log&type=review&page=General_Genetics/Print_version -RRB- on _ 2 December 2012 _ .,(ROOT (S (NP (-LRB- -LSB-) (JJ Unreviewed) (NNS changes)) (VP (VBP are) (VP (VBN displayed) (PP (IN on) (NP (NP (DT this) (NN page)) (-RRB- -RSB-) (PRN (-LRB- -LRB-) (NP (: /) (: /) (NN bits.wikimedia.org/static-1.22wmf19/extensions/FlaggedRevs/frontend/modules/img/1.png)) (-RRB- -RRB-)) (NP (DT The) (-LRB- -LSB-)))) (NP-TMP (NP (NP (JJS latest)) (VP (VBN reviewed) (NP (NN version)) (SBAR (-RRB- -RSB-) (S (-LRB- -LRB-) (NP (: /) (: /) (NN en.wikibooks.org/w/index.php?title=General_Genetics/Print_version&stable=1)) (-RRB- -RRB-) (VP (VBD was) (-LRB- -LSB-) (VP (VBN checked) (PP (-RRB- -RSB-) (PRN (-LRB- -LRB-) (PP (: /) (NP (: /) (NN en.wikibooks.org/w/index.php?title=Special:Log&type=review&page=General_Genetics/Print_version))) (-RRB- -RRB-))) (PP (IN on) (NP (NN _) (CD 2))) (NP-TMP (NNP December) (CD 2012)))))))) (NP (CD _))))) (. .))) 
13,9,10,these,range,There are many other types of traits and these range from aspects of behavior to resistance to disease .,(ROOT (S (NP (EX There)) (VP (VBP are) (NP (NP (JJ many) (JJ other) (NNS types)) (PP (IN of) (NP (NP (NNS traits)) (CC and) (NP (DT these) (NN range))))) (PP (IN from) (NP (NP (NNS aspects)) (PP (IN of) (NP (NN behavior))))) (PP (TO to) (NP (NP (NN resistance)) (PP (TO to) (NP (NN disease)))))) (. .))) 
23,15,16,these,unit,"DNA is made of a sequence of simple units , with the order of these units spelling out instructions in the genetic code .","(ROOT (S (NP (NN DNA)) (VP (VBZ is) (VP (VBN made) (PP (IN of) (NP (NP (DT a) (NN sequence)) (PP (IN of) (NP (JJ simple) (NNS units))))) (, ,) (PP (IN with) (S (NP (NP (DT the) (NN order)) (PP (IN of) (NP (DT these) (NNS units)))) (VP (VBG spelling) (PRT (RP out)) (NP (NP (NNS instructions)) (PP (IN in) (NP (DT the) (JJ genetic) (NN code))))))))) (. .))) "
25,9,10,these,unit,The organism `` reads '' the sequence of these units and decodes the instruction .,(ROOT (S (S (NP (DT The) (NN organism)) (VP (`` ``) (VBZ reads) ('' ''))) (NP (NP (DT the) (NN sequence)) (PP (IN of) (NP (DT these) (NX (NX (NNS units)) (CC and))))) (VP (VBZ decodes) (NP (DT the) (NN instruction))) (. .))) 
27,13,14,that,gene,Different forms of one type of gene are called different alleles of that gene .,(ROOT (S (NP (NP (JJ Different) (NNS forms)) (PP (IN of) (NP (NP (CD one) (NN type)) (PP (IN of) (NP (NN gene)))))) (VP (VBP are) (VP (VBN called) (NP (NP (JJ different) (NNS alleles)) (PP (IN of) (NP (DT that) (NN gene)))))) (. .))) 
28,38,39,this,instruction,"As an example , one allele of a gene for hair color could carry the instruction to produce a lot of the pigment in black hair , while a different allele could give a garbled version of this instruction , so that no pigment is produced and the hair is white .","(ROOT (S (PP (IN As) (NP (DT an) (NN example))) (, ,) (NP (NP (CD one) (NN allele)) (PP (IN of) (NP (NP (DT a) (NN gene)) (PP (IN for) (NP (NN hair) (NN color)))))) (VP (MD could) (VP (VB carry) (NP (DT the) (NN instruction) (S (VP (TO to) (VP (VB produce) (NP (NP (DT a) (NN lot)) (PP (IN of) (NP (DT the) (NN pigment)))) (PP (IN in) (NP (JJ black) (NN hair))) (, ,) (SBAR (IN while) (S (NP (DT a) (JJ different) (NN allele)) (VP (MD could) (VP (VB give) (NP (NP (DT a) (JJ garbled) (NN version)) (PP (IN of) (NP (DT this) (NN instruction)))))))) (, ,) (SBAR (RB so) (IN that) (S (S (NP (DT no) (NN pigment)) (VP (VBZ is) (VP (VBN produced)))) (CC and) (S (NP (DT the) (NN hair)) (VP (VBZ is) (ADJP (JJ white)))))))))))) (. .))) "
44,2,3,these,chromosome,From these chromosomes and through DNA cells can construct an entire organism .,(ROOT (S (NP (UCP (PP (IN From) (NP (DT these) (NNS chromosomes))) (CC and) (ADVP (IN through))) (NN DNA) (NNS cells)) (VP (MD can) (VP (VB construct) (NP (DT an) (JJ entire) (NN organism)))) (. .))) 
57,40,41,this,case,"One chromosome has the allele for blue stem color and the other chromosome has an allele for green stem color -LRB- an allele is a subunit of a chromosome , its an alternate version of a gene - in this case stem color -RRB- .","(ROOT (S (S (NP (CD One) (NN chromosome)) (VP (VBZ has) (NP (NP (DT the) (NN allele)) (PP (IN for) (NP (JJ blue) (NN stem) (NN color)))))) (CC and) (S (NP (DT the) (JJ other) (NN chromosome)) (VP (VBZ has) (NP (NP (DT an) (NN allele)) (PP (IN for) (NP (NP (JJ green) (NN stem) (NN color)) (PRN (-LRB- -LRB-) (S (NP (DT an) (NN allele)) (VP (VBZ is) (NP (NP (DT a) (NN subunit)) (PP (IN of) (NP (NP (DT a) (NN chromosome)) (, ,) (NP (PRP$ its) (NAC (NP (DT an) (JJ alternate) (NN version)) (PP (IN of) (NP (DT a) (NN gene)) (: -)) (PP (IN in) (NP (DT this) (NN case)))) (NN stem) (NN color))))))) (-RRB- -RRB-))))))) (. .))) "
58,8,9,these,allele,"In the end , only one of these alleles are expressed -LRB- more on this later -RRB- but they are both present in this organism .","(ROOT (S (PP (IN In) (NP (DT the) (NN end))) (, ,) (NP (NP (RB only) (CD one)) (PP (IN of) (NP (DT these) (NNS alleles)))) (VP (VBP are) (VP (VBN expressed) (PRN (-LRB- -LRB-) (PP (ADVP (RBR more)) (IN on) (NP (DT this) (JJ later))) (-RRB- -RRB-)) (SBAR (CC but) (S (NP (PRP they)) (VP (VBP are) (DT both) (ADJP (JJ present) (PP (IN in) (NP (DT this) (NN organism))))))))) (. .))) "
58,15,16,this,later,"In the end , only one of these alleles are expressed -LRB- more on this later -RRB- but they are both present in this organism .","(ROOT (S (PP (IN In) (NP (DT the) (NN end))) (, ,) (NP (NP (RB only) (CD one)) (PP (IN of) (NP (DT these) (NNS alleles)))) (VP (VBP are) (VP (VBN expressed) (PRN (-LRB- -LRB-) (PP (ADVP (RBR more)) (IN on) (NP (DT this) (JJ later))) (-RRB- -RRB-)) (SBAR (CC but) (S (NP (PRP they)) (VP (VBP are) (DT both) (ADJP (JJ present) (PP (IN in) (NP (DT this) (NN organism))))))))) (. .))) "
58,24,25,this,organism,"In the end , only one of these alleles are expressed -LRB- more on this later -RRB- but they are both present in this organism .","(ROOT (S (PP (IN In) (NP (DT the) (NN end))) (, ,) (NP (NP (RB only) (CD one)) (PP (IN of) (NP (DT these) (NNS alleles)))) (VP (VBP are) (VP (VBN expressed) (PRN (-LRB- -LRB-) (PP (ADVP (RBR more)) (IN on) (NP (DT this) (JJ later))) (-RRB- -RRB-)) (SBAR (CC but) (S (NP (PRP they)) (VP (VBP are) (DT both) (ADJP (JJ present) (PP (IN in) (NP (DT this) (NN organism))))))))) (. .))) "
74,11,12,these,trait,Mendel went on to breed pea plants to see how these traits acted .,(ROOT (S (NP (NNP Mendel)) (VP (VBD went) (PP (IN on)) (S (VP (TO to) (VP (VB breed) (NP (NN pea) (NNS plants)) (S (VP (TO to) (VP (VB see) (SBAR (WHADVP (WRB how)) (S (NP (DT these) (NNS traits)) (VP (VBD acted))))))))))) (. .))) 
75,2,3,these,experiment,Through these experiments Mendel created 3 laws that govern how traits are passed on from parents to offspring .,(ROOT (S (PP (IN Through) (NP (DT these) (NNS experiments))) (NP (NNP Mendel)) (VP (VBD created) (NP (NP (CD 3) (NNS laws)) (SBAR (WHNP (WDT that)) (S (VP (VBP govern) (SBAR (WHADVP (WRB how)) (S (NP (NNS traits)) (VP (VBP are) (VP (VBN passed) (PRT (RP on)) (PP (IN from) (NP (NNS parents))) (PP (TO to) (NP (NN offspring)))))))))))) (. .))) 
76,84,85,these,change,"## Mendel 's Laws Law of Dominance - In a cross between contrasting traits only 1 appears in the F1 generation this is the dominant trait ; the other is recessive Law of Segregation - During gamete formation the 2 traits responsible for each trait separate so each gamete has only 1 gene for each trait Law of Independent Assortment - when dihybrid plants are crossed the factors for 1 trait are distributed separately from other traits so that one can find all these changes Chromosomes , alleles and Mendel 's law : the behavior of homologous chromosomes during meiosis can account for the segregation of the alleles at each genetic locus to different gametes .","(ROOT (S (S (NP (NP (NP (NNP ##) (NNP Mendel) (POS 's)) (NNP Laws) (NNP Law)) (PP (IN of) (X (NP (NNP Dominance)) (: -) (PP (IN In) (NP (NP (DT a) (NN cross)) (PP (IN between) (NP (NP (JJ contrasting) (NNS traits)) (QP (RB only) (CD 1))))))))) (VP (VBZ appears) (PP (IN in) (NP (NP (DT the) (NN F1) (NN generation)) (SBAR (S (NP (DT this)) (VP (VBZ is) (NP (DT the) (JJ dominant) (NN trait))))))))) (: ;) (S (NP (DT the) (JJ other)) (VP (VBZ is) (NP (NP (JJ recessive) (NN Law)) (PP (IN of) (NP (NN Segregation)))))) (: -) (S (PP (IN During) (NP (NN gamete) (NN formation))) (NP (DT the) (ADJP (ADJP (ADJP (NP (CD 2) (NNS traits)) (JJ responsible)) (PP (IN for) (NP (DT each) (NN trait) (JJ separate)))) (SBAR (IN so) (S (NP (DT each) (NN gamete)) (VP (VBZ has) (NP (NP (QP (RB only) (CD 1)) (NN gene)) (PP (IN for) (NP (NP (DT each) (NN trait) (NN Law)) (PP (IN of) (NP (NNP Independent) (NNP Assortment))))) (: -) (SBAR (WHADVP (WRB when)) (S (NP (JJ dihybrid) (NNS plants)) (VP (VBP are) (VP (VBN crossed) (NP (NP (DT the) (NNS factors)) (PP (IN for) (NP (CD 1))))))))))))) (NN trait)) (VP (VBP are) (VP (VBN distributed) (ADVP (RB separately)) (PP (IN from) (NP (JJ other) (NNS traits))) (SBAR (IN so) (IN that) (S (NP (PRP one)) (VP (MD can) (VP (VB find) (NP (PDT all) (DT these) (NNS changes)) (NP (NP (NNS Chromosomes)) (, ,) (NP (NNS alleles)) (CC and) (NP (NP (NNP Mendel) (POS 's)) (NN law)))))))))) (: :) (S (NP (NP (DT the) (NN behavior)) (PP (IN of) (NP (NP (JJ homologous) (NNS chromosomes)) (PP (IN during) (NP (NN meiosis)))))) (VP (MD can) (VP (VB account) (PP (IN for) (NP (NP (DT the) (NN segregation)) (PP (IN of) (NP (NP (DT the) (NNS alleles)) (PP (IN at) (NP (DT each) (JJ genetic) (NN locus))))))) (PP (TO to) (NP (JJ different) (NNS gametes)))))) (. .))) "
80,49,50,this,locus,"If we look at pea height , and denote the gene for short as _ s _ and the gene for tall as _ S _ , then as every plant has two sets -LSB- chromosomes -RSB- -LRB- / wiki/General _ Genetics/Chromosomes -RRB- each has two genes at this locus .","(ROOT (S (SBAR (IN If) (S (NP (PRP we)) (VP (VP (VBP look) (PP (IN at) (NP (NN pea) (NN height)))) (, ,) (CC and) (VP (VBP denote) (NP (NP (NP (DT the) (NN gene)) (PP (IN for) (NP (ADVP (JJ short) (PP (IN as) (NP (CD _) (NNS s)))) (CD _)))) (CC and) (NP (NP (DT the) (NN gene)) (PP (IN for) (NP (ADJP (JJ tall) (PP (IN as) (NP (CD _) (NN S)))) (NN _)))))) (, ,) (SBAR (ADVP (RB then)) (IN as) (S (NP (DT every) (NN plant)) (VP (VBZ has) (NP (NP (CD two) (NNS sets)) (PP (-LRB- -LSB-) (NP (NNS chromosomes)))))))))) (-RRB- -RSB-) (PRN (-LRB- -LRB-) (VP (: /) (NP (JJ wiki/General) (NN _) (NNS Genetics/Chromosomes))) (-RRB- -RRB-)) (NP (DT each)) (VP (VBZ has) (NP (NP (CD two) (NNS genes)) (PP (IN at) (NP (DT this) (NN locus))))) (. .))) "
81,21,22,this,case,"So there are three possibilities : _ SS , Ss , ss _ -LRB- order does n't matter -RRB- In this case _ S _ was fully dominant over _ s _ , so _ Ss _ individuals were phenotypically identical to _ SS _ individuals .","(ROOT (S (RB So) (S (NP (EX there)) (VP (VBP are) (NP (NP (CD three) (NNS possibilities)) (: :) (S (NP (NP (CD _) (NN SS)) (, ,) (NP (NNS Ss)) (, ,)) (VP (VBP ss) (NP (NN _))))))) (PRN (-LRB- -LRB-) (S (NP (NN order)) (VP (VBZ does) (RB n't) (VP (NN matter)))) (-RRB- -RRB-)) (S (PP (IN In) (NP (DT this) (NN case))) (NP (CD _) (NN S) (NN _)) (VP (VBD was) (ADJP (RB fully) (JJ dominant)) (PP (IN over) (NP (CD _) (NNS s))) (NP-TMP (CD _)) (, ,) (SBAR (RB so) (S (NP (JJ _) (NNS Ss)) (VP (VBP _) (SBAR (S (NP (NNS individuals)) (VP (VBD were) (ADJP (RB phenotypically) (JJ identical) (PP (TO to) (NP (NP (CD _) (NN SS)) (NP (CD _) (NNS individuals))))))))))))) (. .))) "
87,10,12,this,dominance,## Alternative Patterns of Inheritance Not all loci show this simple dominance .,(ROOT (S (NP (NP (JJ ##) (JJ Alternative) (NN Patterns)) (PP (IN of) (NP (NNP Inheritance)))) (RB Not) (NP (DT all) (NNS loci)) (VP (VBP show) (NP (DT this) (JJ simple) (NN dominance))) (. .))) 
98,2,3,this,mendel,"From this Mendel realised that there were two versions of each loci , one of which expressed -LSB- dominance -RSB- -LRB- / wiki/General _ Genetics/Dominant _ and_Recessive_Genes -RRB- over the other .","(ROOT (SINV (PP (IN From) (NP (DT this) (NN Mendel))) (VP (VBD realised) (SBAR (IN that) (S (NP (EX there)) (VP (VBD were) (NP (NP (CD two) (NNS versions)) (PP (IN of) (NP (DT each)))))))) (NP (NP (NNS loci)) (, ,) (SBAR (WHNP (CD one) (WHPP (IN of) (WHNP (WDT which)))) (S (VP (VBD expressed) (NP (NP (-LRB- -LSB-) (NN dominance) (-RRB- -RSB-)) (PRN (-LRB- -LRB-) (NP (NP (: /) (JJ wiki/General) (NN _) (NN Genetics/Dominant)) (NP (CD _) (NNS and_Recessive_Genes))) (-RRB- -RRB-))) (PP (IN over) (NP (DT the) (JJ other))))))) (. .))) "
99,3,5,this,inheritance,He called this Biparticulate Inheritance .,(ROOT (S (NP (PRP He)) (VP (VBD called) (NP (DT this) (NNP Biparticulate) (NNP Inheritance))) (. .))) 
100,6,8,this,pattern,If a gene was following this 3:1 pattern it was said to be segregating Normally .,(ROOT (S (SBAR (IN If) (S (NP (DT a) (NN gene)) (VP (VBD was) (VP (VBG following) (NP (DT this) (CD 3:1) (NN pattern)))))) (NP (PRP it)) (VP (VBD was) (VP (VBN said) (S (VP (TO to) (VP (VB be) (VP (VBG segregating) (ADVP (RB Normally)))))))) (. .))) 
102,3,5,this,assortment,He called this Independent assortment .,(ROOT (S (NP (PRP He)) (VP (VBD called) (NP (DT this) (JJ Independent) (NN assortment))) (. .))) 
131,29,30,these,pair,Watson and Crick 's insight into the double helical structure of the DNA molecule was based upon -LSB- Erwin Chargaff -RSB- -LRB- / / en.wikipedia.org/wiki/Erwin_Chargaff -RRB- noting that these pairs of bases were always in the same concentration .,(ROOT (S (NP (NP (NP (NP (NNP Watson) (CC and) (NNP Crick)) (POS 's)) (NN insight)) (PP (IN into) (NP (NP (DT the) (JJ double) (JJ helical) (NN structure)) (PP (IN of) (NP (DT the) (NN DNA) (NN molecule)))))) (VP (VBD was) (VP (VBN based) (PP (IN upon) (NP (-LRB- -LSB-) (NNP Erwin) (NNP Chargaff))) (PP (-RRB- -RSB-) (S (-LRB- -LRB-) (NP (: /) (: /) (NN en.wikipedia.org/wiki/Erwin_Chargaff)) (-RRB- -RRB-) (VP (VBG noting) (SBAR (IN that) (S (NP (NP (DT these) (NNS pairs)) (PP (IN of) (NP (NNS bases)))) (VP (VBD were) (ADVP (RB always)) (PP (IN in) (NP (DT the) (JJ same) (NN concentration))))))))))) (. .))) 
160,3,4,these,adenine,Many of these adenines will be lost before translation - but enough are added to prevent degradation of the script prior to translation .,(ROOT (S (S (NP (NP (JJ Many)) (PP (IN of) (NP (DT these) (NNS adenines)))) (VP (MD will) (VP (VB be) (VP (VBN lost) (PP (IN before) (NP (NN translation))))))) (: -) (CC but) (S (NP (RB enough)) (VP (VBP are) (VP (VBN added) (S (VP (TO to) (VP (VB prevent) (NP (NP (NN degradation)) (PP (IN of) (NP (DT the) (NN script)))) (PP (RB prior) (PP (TO to) (NP (NN translation)))))))))) (. .))) 
176,3,4,these,construct,"By inserting these constructs into 2 strains of flies , you will have 1 strain with the transposable Gal-4 gene and another strain with the stationary UAS construct .","(ROOT (S (PP (IN By) (S (VP (VBG inserting) (NP (DT these) (NNS constructs)) (PP (IN into) (NP (NP (CD 2) (NNS strains)) (PP (IN of) (NP (NNS flies)))))))) (, ,) (NP (PRP you)) (VP (MD will) (VP (VB have) (NP (NP (NP (CD 1) (NN strain)) (PP (IN with) (NP (DT the) (JJ transposable) (NN Gal-4) (NN gene)))) (CC and) (NP (NP (DT another) (NN strain)) (PP (IN with) (NP (DT the) (JJ stationary) (NNS UAS) (NN construct))))))) (. .))) "
204,22,23,this,chapter,-LSB- TODO -RSB- -LRB- / / upload.wikimedia.org/wikipedia/commons/thumb/1/1f/Clipboard.svg/45px-Clipboard.svg.png -RRB- ** Editor 's note ** Chapter or book approach : The approach of this chapter / book is to work through a series of models .,(ROOT (VP (-LRB- -LSB-) (NP (NP (NP (NN TODO) (-RRB- -RSB-)) (PRN (-LRB- -LRB-) (NP (: /) (: /) (NN upload.wikimedia.org/wikipedia/commons/thumb/1/1f/Clipboard.svg/45px-Clipboard.svg.png)) (-RRB- -RRB-))) (X (SYM **))) (NP (NP (NP (NNP Editor) (POS 's)) (NN note)) (SBAR (FRAG (X (X (SYM **)) (NP (NP (NN Chapter)) (CC or) (NP (NN book) (NN approach)))) (: :) (NP (NP (DT The) (NN approach)) (PP (IN of) (NP (DT this) (NN chapter))) (SBAR (WHNP (: /) (NN book)) (S (VP (VBZ is) (S (VP (TO to) (VP (VB work) (PP (IN through) (NP (NP (DT a) (NN series)) (PP (IN of) (NP (NNS models)))))))))))) (. .)))))) 
220,3,5,this,group,"It is this primary group that population geneticists generally study , as it is generally stable .","(ROOT (S (NP (PRP It)) (VP (VBZ is) (NP (NP (DT this) (JJ primary) (NN group)) (SBAR (WHNP (WDT that)) (S (NP (NN population) (NNS geneticists)) (NP (RB generally) (NN study))))) (, ,) (SBAR (IN as) (S (NP (PRP it)) (VP (VBZ is) (ADJP (RB generally) (JJ stable)))))) (. .))) "
225,3,5,this,pool,"By studying this gene pool , geneticists can determine the frequency of alleles , and or groups of alleles in the population and how they are changing over time .","(ROOT (S (PP (IN By) (S (VP (VBG studying) (NP (DT this) (NN gene) (NN pool))))) (, ,) (NP (NNS geneticists)) (VP (MD can) (VP (VP (VB determine) (NP (NP (DT the) (NN frequency)) (PP (IN of) (NP (NNS alleles))))) (, ,) (CC and) (VP (CC or) (NP (NNS groups)) (PP (IN of) (NP (NP (NP (NNS alleles)) (PP (IN in) (NP (DT the) (NN population)))) (CC and) (SBAR (WHADVP (WRB how)) (S (NP (PRP they)) (VP (VBP are) (VP (VBG changing) (PP (IN over) (NP (NN time)))))))))))) (. .))) "
228,8,9,these,template,"In the case of living life , these templates are genes .","(ROOT (S (PP (IN In) (NP (NP (DT the) (NN case)) (PP (IN of) (NP (VBG living) (NN life))))) (, ,) (NP (DT these) (NNS templates)) (VP (VBP are) (NP (NNS genes))) (. .))) "
237,7,8,this,test,#### Testing for Hardy-Weinberg To do this test you do what is known as a -LSB- Chi Square -RSB- -LRB- / w/index .,(ROOT (S (NP (NP (CD ####)) (VP (VBG Testing) (PP (IN for) (NP (JJ Hardy-Weinberg))) (S (VP (TO To) (VP (VB do) (NP (NP (DT this) (NN test)) (SBAR (S (NP (PRP you)) (VP (VBP do) (SBAR (WHNP (WP what)) (S (VP (VBZ is) (VP (VBN known) (PP (IN as) (NP (DT a) (-LRB- -LSB-) (NNP Chi) (NNP Square)))))))))))))))) (VP (-RRB- -RSB-) (-LRB- -LRB-) (VP (: /) (NP (NN w/index)))) (. .))) 
251,36,37,these,allele,-LSB- \ \ chi ^ 2 = 0.002 < 3.84 -RSB- -LRB- / / upload.wikimedia.org/math/3/3/1/33134730c167ae6bb6bf4103eb3d305c.png -RRB- Therefore we can accept the hypothesis is in Hardy-Weinberg Equilibrium and that there are no forces of equilibrium on these alleles .,(ROOT (S (S (NP (NP (-LRB- -LSB-) (ADJP (QP (CD \) (CD \))) (NN chi) (NN ^)) (ADJP (CD 2) (JJ =))) (ADJP (NP (CD 0.002)) (JJR <))) (PRN (NP (CD 3.84)) (VP (-RRB- -RSB-) (S (-LRB- -LRB-) (NP (: /) (: /) (NN upload.wikimedia.org/math/3/3/1/33134730c167ae6bb6bf4103eb3d305c.png)) (-RRB- -RRB-) (ADVP (RB Therefore))))) (NP (PRP we)) (VP (MD can) (VP (VB accept) (SBAR (SBAR (S (NP (DT the) (NN hypothesis)) (VP (VBZ is) (PP (IN in) (NP (JJ Hardy-Weinberg) (NN Equilibrium)))))) (CC and) (SBAR (IN that) (S (NP (EX there)) (VP (VBP are) (NP (NP (DT no) (NNS forces)) (PP (IN of) (NP (NP (NN equilibrium)) (PP (IN on) (NP (DT these) (NNS alleles)))))))))))) (. .))) 
253,5,6,this,discussion,"For the purpose of this discussion , the first locus will have alleles _ A _ and _ a _ and the second locus will have _ B _ and _ b _ .","(ROOT (S (PP (IN For) (NP (NP (DT the) (NN purpose)) (PP (IN of) (NP (DT this) (NN discussion))))) (, ,) (NP (DT the) (JJ first) (NN locus)) (VP (VP (MD will) (VP (VB have) (NP (NP (NNS alleles) (CD _)) (NP (DT A) (NN _))))) (CC and) (VP (VBD _) (SBAR (S (NP (NP (DT a) (NN _)) (CC and) (NP (DT the) (JJ second) (NN locus))) (VP (MD will) (VP (VB have) (NP (NP (NP (NN _) (NN B) (NN _)) (CC and) (NP (NN _) (NN b))) (NP (CD _))))))))) (. .))) "
276,4,5,this,section,#### Recombination -LRB- this section is used to discuss how we get term _ r _ -RRB- ##### Homozygous Case AB/AB or ab/ab or aB/aB or Ab/Ab ##### Single Heterozygous Case AB/Ab or AB/aB aB/ab or Ab/ab ##### Double Heterozygous Case AB/ab or Ab/aB Note that recombination is only noticeable in double heterozygotes .,(ROOT (NP (NP (NP (NN ####) (NN Recombination)) (PRN (-LRB- -LRB-) (S (NP (DT this) (NN section)) (VP (VBZ is) (VP (VBN used) (S (VP (TO to) (VP (VB discuss) (SBAR (WHADVP (WRB how)) (S (NP (PRP we)) (VP (VBP get) (NP (NN term) (NN _) (NN r) (NN _))))))))))) (-RRB- -RRB-))) (NP (NP (NP (CD #####) (NNP Homozygous) (NNP Case) (NNP AB/AB)) (CC or) (NP (NP (ADJP (JJ ab/ab) (CC or) (NN aB/aB)) (CC or) (NP (NN Ab/Ab))) (NP (CD #####) (JJ Single) (JJ Heterozygous) (NN Case) (NN AB/Ab)))) (CC or) (NP (NP (NN AB/aB) (NN aB/ab) (CC or) (NN Ab/ab)) (SBAR (S (NP (NP (CD #####) (JJ Double) (JJ Heterozygous) (NN Case) (NN AB/ab)) (CC or) (NP (NN Ab/aB))) (VP (VBP Note) (SBAR (IN that) (S (NP (NN recombination)) (VP (VBZ is) (NP (NP (RB only) (JJ noticeable)) (PP (IN in) (NP (JJ double) (NNS heterozygotes)))))))))))) (. .))) 
277,5,6,this,section,"#### Linkage Disequilibrium -LRB- this section is used to discuss how we get term D -RRB- ##### Linkage disequilibrium measure , !","(ROOT (NP (NP (NN ####) (NN Linkage) (NN Disequilibrium)) (SBAR (S (-LRB- -LRB-) (NP (DT this) (NN section)) (VP (VBZ is) (ADJP (VBN used) (S (VP (TO to) (VP (VP (VB discuss) (NP (WRB how))) (PRN (S (NP (PRP we)) (VP (VBP get) (NP (NN term) (NN D)))) (-RRB- -RRB-)) (NP (CD #####) (NN Linkage) (NN disequilibrium) (NN measure)))))) (, ,)))) (. !))) "
288,4,5,this,parameter,Various derivatives of this parameter have been developed .,(ROOT (S (NP (NP (JJ Various) (NNS derivatives)) (PP (IN of) (NP (DT this) (NN parameter)))) (VP (VBP have) (VP (VBN been) (VP (VBN developed)))) (. .))) 
311,5,6,this,section,To study genetic drift this section will create a simplified model and expand upon it .,(ROOT (S (S (VP (TO To) (VP (VB study) (NP (JJ genetic) (NN drift))))) (NP (DT this) (NN section)) (VP (MD will) (VP (VP (VB create) (NP (DT a) (VBN simplified) (NN model))) (CC and) (VP (VB expand) (PP (IN upon) (NP (PRP it)))))) (. .))) 
317,12,13,this,figure,"Jones and Bartlett , Sudbury , MA -RRB- Note that in this figure , variance is increasing , but mean allele frequency over populations is staying relatively the same .","(ROOT (S (S (NP (NP (NNP Jones)) (CC and) (NP (NNP Bartlett) (, ,) (NNP Sudbury) (, ,) (NNP MA)) (-RRB- -RRB-)) (VP (VBP Note) (SBAR (IN that) (S (PP (IN in) (NP (DT this) (NN figure))) (, ,) (NP (NN variance)) (VP (VBZ is) (VP (VBG increasing))))))) (, ,) (CC but) (S (S (VP (VB mean) (NP (NN allele) (NN frequency)) (PP (IN over) (NP (NNS populations))))) (VP (VBZ is) (VP (VBG staying) (NP (RB relatively) (DT the) (JJ same))))) (. .))) "
319,28,29,that,allele,-LRB- See Figure 6.2 in Hedrick -RRB- The proportion of populations expected to go to fixation for a given allele is equal to the initial frequency of that allele Only the allele frequencies are changing and the distribution of the allele frequency .,(ROOT (S (-LRB- -LRB-) (NP (NP (VP (VB See) (NP (NNP Figure)) (PRN (NP (NP (CD 6.2)) (PP (IN in) (NP (NNP Hedrick)))) (-RRB- -RRB-)) (S (NP (NP (DT The) (NN proportion)) (PP (IN of) (NP (NP (NNS populations)) (VP (VBN expected) (S (VP (TO to) (VP (VB go)))))))))) (PP (TO to) (NP (NN fixation)))) (PP (IN for) (NP (DT a) (VBN given) (NN allele)))) (VP (VBZ is) (ADJP (JJ equal) (PP (TO to) (NP (NP (DT the) (JJ initial) (NN frequency)) (PP (IN of) (NP (NP (NP (DT that) (NN allele)) (RB Only) (SBAR (S (NP (DT the) (NN allele) (NNS frequencies)) (VP (VBP are) (VP (VBG changing)))))) (CC and) (NP (NP (DT the) (NN distribution)) (PP (IN of) (NP (DT the) (NN allele) (NN frequency)))))))))) (. .))) 
325,73,74,these,number,## Furthur Reading in Wikipedia * -LSB- Hardy-Weinberg Principle -RSB- -LRB- / / en.wikipedia.org/wiki/Hardy-Weinberg_principle -RRB- * -LSB- Chi-square test -RSB- -LRB- / / en.wikipedia.org/wiki/Chi-square_test -RRB- * -LSB- Founder Effect -RSB- -LRB- / / en.wikipedia.org/wiki/Founder_effect -RRB- ## Glossary Gene Pool - p. 37 and p. 38 of Templeton 's book ## Formulas ### Hardy Weinberg #### Example 1 Homozygotes Heterozygotes Sum Observed 85 15 100 Expected 60 40 100 The probability of observing these numbers is : !,(ROOT (S (S (NP (NP (NN ##) (NNP Furthur) (NNP Reading)) (PP (IN in) (NP (NNP Wikipedia)) (X (SYM *)))) (VP (-LRB- -LSB-) (NP (NP (NP (JJ Hardy-Weinberg) (NN Principle) (-RRB- -RSB-)) (PRN (-LRB- -LRB-) (NP (: /) (: /) (NN en.wikipedia.org/wiki/Hardy-Weinberg_principle)) (-RRB- -RRB-))) (X (SYM *))) (PP (-LRB- -LSB-) (NP (NP (JJ Chi-square) (NN test) (-RRB- -RSB-)) (PRN (-LRB- -LRB-) (NP (: /) (: /) (NN en.wikipedia.org/wiki/Chi-square_test)) (-RRB- -RRB-)))) (X (X (SYM *)) (NP (NP (-LRB- -LSB-) (NN Founder) (NN Effect)) (PP (-RRB- -RSB-) (PRN (-LRB- -LRB-) (S (VP (: /) (NP (: /) (NN en.wikipedia.org/wiki/Founder_effect)))) (-RRB- -RRB-)) (NP (CD ##) (NNP Glossary) (NNP Gene) (NNP Pool))))))) (: -) (S (NP (NP (NN p.) (CD 37)) (CC and) (NP (NP (NN p.) (CD 38)) (PP (IN of) (NP (NP (NNP Templeton) (POS 's)) (NN book) (NN ##) (NNS Formulas))))) (VP (VBP ###) (NP (NP (NNP Hardy) (NNP Weinberg) (NNP ####) (NNP Example) (CD 1) (NNS Homozygotes) (NNS Heterozygotes)) (NP (NP (NP (NNP Sum) (NNP Observed)) (NP (QP (CD 85) (CD 15)) (CD 100))) (VP (VBN Expected) (NP (NP (CD 60)) (SBAR (S (NP (NP (QP (CD 40) (CD 100)) (DT The) (NN probability)) (PP (IN of) (S (VP (VBG observing) (NP (DT these) (NNS numbers)))))) (VP (VBZ is)))))))))) (: :) (. !))) 
348,59,60,this,case,"-LSB- G = 2 \ \ sum \ \ limits ^ -LCB- i = 1 -RCB- _ -LCB- n -RCB- observed_i \ \ cdot \ \ ln -LCB- \ \ frac -LCB- observed_i -RCB- -LCB- expected_i -RCB- -RCB- -RSB- -LRB- / / upload.wikimedia.org/math/8/3/6/83635933e265da4ef054f177ff86669b.png -RRB- If χ2 greater than degree of freedom , then the null hypothesis , in this case it fits H.W. can be rejected .","(ROOT (S (VP (-LRB- -LSB-) (NP (NN G)) (NP (JJ =) (ADJP (QP (CD 2) (CD \)) (NN \)) (NN sum)) (NP (QP (CD \) (CD \)) (NNS limits)) (NP (NP (NP (CD ^)) (-LRB- -LCB-) (NP (NP (FW i)) (ADJP (JJ =) (NP-TMP (CD 1)))) (-RRB- -RCB-)) (ADVP (RB _))) (NP (PRN (-LRB- -LCB-) (NP (NN n)) (-RRB- -RCB-)) (NNS observed_i)) (NP (QP (CD \) (CD \)) (NN cdot)) (NP (NP (QP (CD \) (CD \)) (NN ln) (PRN (-LRB- -LCB-) (NP (NP (CD \)) (NP (NP (NP (CD \) (NN frac)) (-LRB- -LCB-) (NP (NNS observed_i)) (-RRB- -RCB-)) (PRN (-LRB- -LCB-) (NP (NNS expected_i)) (-RRB- -RCB-)))) (-RRB- -RCB-)) (-RRB- -RSB-)) (PRN (-LRB- -LRB-) (NP (: /) (: /) (NN upload.wikimedia.org/math/8/3/6/83635933e265da4ef054f177ff86669b.png)) (-RRB- -RRB-))) (SBAR (IN If) (S (NP (NN χ2)) (ADJP (JJR greater) (PP (IN than) (NP (NP (NN degree)) (PP (IN of) (NP (NN freedom))) (, ,) (ADVP (RB then)) (NP (NP (DT the) (JJ null) (NN hypothesis)) (, ,) (PP (IN in) (NP (NP (DT this) (NN case)) (SBAR (S (NP (PRP it)) (VP (VBZ fits) (SBAR (S (NP (NNP H.W.)) (VP (MD can) (VP (VB be) (VP (VBN rejected)))))))))))))))))) (. .))) "
387,11,12,this,population,Fitness 1 0.6 0.1 What is the mean fitness of this population ?,(ROOT (FRAG (NP (NP (NNP Fitness) (CD 1)) (SBAR (WHNP (QP (CD 0.6) (CD 0.1)) (WP What)) (S (VP (VBZ is) (NP (NP (DT the) (NN mean) (NN fitness)) (PP (IN of) (NP (DT this) (NN population)))))))) (. ?))) 
390,11,12,this,population,Fitness 1 0.6 0.1 What is the mean fitness of this population ?,(ROOT (FRAG (NP (NP (NNP Fitness) (CD 1)) (SBAR (WHNP (QP (CD 0.6) (CD 0.1)) (WP What)) (S (VP (VBZ is) (NP (NP (DT the) (NN mean) (NN fitness)) (PP (IN of) (NP (DT this) (NN population)))))))) (. ?))) 
473,14,15,this,section,It is the beautiful basics of genetics with which we concern ourselves in this section .,(ROOT (S (NP (PRP It)) (VP (VBZ is) (NP (NP (DT the) (NAC (NP (JJ beautiful) (NNS basics)) (PP (IN of) (NP (NNS genetics))) (PP (IN with) (WHNP (WDT which) (NP (PRP we))))) (NN concern)) (VP (NP (PRP ourselves)) (PP (IN in) (NP (DT this) (NN section)))))) (. .))) 
474,14,15,that,organism,Every organism has a set of genes and half of the genes of that organism come from each parent .,(ROOT (S (NP (DT Every) (NN organism)) (VP (VBZ has) (NP (NP (DT a) (NN set)) (PP (IN of) (NP (NNS genes) (CC and) (NN half))) (PP (IN of) (NP (NP (DT the) (NNS genes)) (PP (IN of) (NP (NP (DT that) (NN organism)) (VP (VBN come) (PP (IN from) (NP (DT each) (NN parent)))))))))) (. .))) 
489,14,15,these,food,The ethical issue comes into play here : most supermarkets do not advertise these foods as Genetically Modified .,(ROOT (S (S (NP (DT The) (JJ ethical) (NN issue)) (VP (VBZ comes) (PP (IN into) (NP (NN play))) (ADVP (RB here)))) (: :) (S (NP (RBS most) (NNS supermarkets)) (VP (VBP do) (RB not) (VP (VB advertise) (NP (DT these) (NNS foods)) (SBAR (IN as) (S (ADVP (RB Genetically)) (VP (VBN Modified))))))) (. .))) 
495,41,42,these,food,"If you go into your local supermarket and ask the General Manager if they know whether GM foods are being sold , the answer will probably be a resounding `` No '' , since there is no separate signing for these foods .","(ROOT (S (SBAR (IN If) (S (NP (PRP you)) (VP (VP (VBP go) (PP (IN into) (NP (PRP$ your) (JJ local) (NN supermarket)))) (CC and) (VP (VB ask) (NP (DT the) (NNP General) (NNP Manager)) (SBAR (IN if) (S (NP (PRP they)) (VP (VBP know) (SBAR (IN whether) (S (NP (NNP GM) (NNS foods)) (VP (VBP are) (VP (VBG being) (VP (VBN sold))))))))))))) (, ,) (NP (DT the) (NN answer)) (VP (MD will) (ADVP (RB probably)) (VP (VB be) (NP (NP (DT a) (JJ resounding)) (FRAG (INTJ (`` ``) (UH No) ('' '')))) (, ,) (SBAR (IN since) (S (NP (EX there)) (VP (VBZ is) (NP (NP (DT no) (JJ separate) (NN signing)) (PP (IN for) (NP (DT these) (NNS foods))))))))) (. .))) "
516,14,15,this,page,php?title = General_Genetics / Print_version & action = info -RRB- * -LSB- Cite this page -RSB- -LRB- / w/index .,(ROOT (S (VP (NN php?title) (NP (NP (NP (JJ =) (NNS General_Genetics)) (PRN (: /) (NP (NP (NNP Print_version)) (CC &) (NP (NN action) (JJ =) (NN info))) (-RRB- -RRB-))) (X (SYM *))) (S (VP (-LRB- -LSB-) (VP (VB Cite) (S (NP (DT this) (NN page)) (NP (NP (-RRB- -RSB-)) (-LRB- -LRB-) (PP (: /) (NP (NN w/index))))))))) (. .))) 
522,3,4,this,site,"By using this site , you agree to the -LSB- Terms of Use -RSB- -LRB- / / wikimediafoundation.org/wiki/Terms_of_Use -RRB- and -LSB- Privacy Policy . -RSB-","(ROOT (S (PP (IN By) (S (VP (VBG using) (NP (DT this) (NN site))))) (, ,) (NP (PRP you)) (VP (VBP agree) (PP (PP (TO to) (NP (NP (DT the) (-LRB- -LSB-) (NNS Terms)) (PP (IN of) (NP (NP (NN Use) (-RRB- -RSB-)) (PRN (-LRB- -LRB-) (NP (: /) (: /) (NN wikimediafoundation.org/wiki/Terms_of_Use)) (-RRB- -RRB-)))))) (CC and) (PP (-LRB- -LSB-) (NP (NNP Privacy) (NNP Policy))))) (. .) (-RRB- -RSB-))) "
