2,7,8,this,page,-LSB- Unreviewed changes are displayed on this page -RSB- -LRB- / / bits.wikimedia.org/static-1.22wmf19/extensions/FlaggedRevs/frontend/modules/img/1.png -RRB- The -LSB- latest reviewed version -RSB- -LRB- / / en.wikibooks.org/w/index.php?title=GIMP/Print_version&stable=1 -RRB- was -LSB- checked -RSB- -LRB- / / en.wikibooks.org/w/index.php?title=Special:Log&type=review&page=GIMP/Print_version -RRB- on _ 11 May 2013 _ .,(ROOT (S (NP (-LRB- -LSB-) (JJ Unreviewed) (NNS changes)) (VP (VBP are) (VP (VBN displayed) (PP (IN on) (NP (NP (DT this) (NN page)) (-RRB- -RSB-) (PRN (-LRB- -LRB-) (NP (: /) (: /) (NN bits.wikimedia.org/static-1.22wmf19/extensions/FlaggedRevs/frontend/modules/img/1.png)) (-RRB- -RRB-)) (NP (DT The) (-LRB- -LSB-)))) (NP-TMP (NP (NP (JJS latest)) (VP (VBN reviewed) (NP (NN version)) (SBAR (-RRB- -RSB-) (S (-LRB- -LRB-) (NP (: /) (: /) (NN en.wikibooks.org/w/index.php?title=GIMP/Print_version&stable=1)) (-RRB- -RRB-) (VP (VBD was) (-LRB- -LSB-) (VP (VBN checked) (PP (-RRB- -RSB-) (PRN (-LRB- -LRB-) (PP (: /) (NP (: /) (NN en.wikibooks.org/w/index.php?title=Special:Log&type=review&page=GIMP/Print_version))) (-RRB- -RRB-))) (PP (IN on) (NP (CD _) (CD 11))) (NP-TMP (NNP May) (CD 2013)))))))) (NP (CD _))))) (. .))) 
20,7,8,these,feature,"In most situations , luckily , these features do little more than just make your workflow a tad easier , thus there might just be a different way to achieve the same results .","(ROOT (S (PP (IN In) (NP (JJS most) (NNS situations))) (, ,) (S (ADVP (RB luckily)) (, ,) (NP (DT these) (NNS features)) (VP (VBP do) (NP (QP (RB little) (JJR more) (IN than) (RB just))) (S (VP (VB make) (S (NP (PRP$ your) (NN workflow)) (ADJP (NP (DT a) (NN tad)) (JJR easier))))))) (, ,) (RB thus) (S (NP (EX there)) (VP (MD might) (ADVP (RB just)) (VP (VB be) (NP (DT a) (JJ different) (NN way) (S (VP (TO to) (VP (VB achieve) (NP (DT the) (JJ same) (NNS results))))))))) (. .))) "
35,2,3,that,shortcut,Note that shortcuts wrote here are the default values - you can change them any time you want in _ `` Edit > Keyboard Shortcuts '' _ ## Tools These tools are available by default in toolbox .,(ROOT (S (S (S (VP (VB Note) (SBAR (S (NP (DT that) (NNS shortcuts)) (VP (VBD wrote) (ADVP (RB here))))))) (VP (VBP are) (NP (DT the) (NN default) (NNS values)))) (: -) (S (NP (PRP you)) (VP (MD can) (VP (VB change) (NP (PRP them)) (NP-TMP (DT any) (NN time)) (SBAR (S (NP (PRP you)) (VP (VBP want) (PP (IN in) (NP (CD _))) (SBAR (S (`` ``) (S (VP (VB Edit) (S (ADJP (JJR >)) (NP (NNP Keyboard) (NNP Shortcuts))))) ('' '') (NP (NNP _) (NNP ##) (NNP Tools) (DT These) (NNS tools)) (VP (VBP are) (ADJP (JJ available) (PP (IN by) (NP (NP (NN default)) (PP (IN in) (NP (NN toolbox))))))))))))))) (. .))) 
187,7,9,these,area,Below the toolbox can be placed these three areas .,(ROOT (FRAG (SBAR (IN Below) (S (NP (DT the) (NN toolbox)) (VP (MD can) (VP (VB be) (VP (VBN placed) (NP (DT these) (CD three) (NNS areas))))))) (. .))) 
241,6,7,these,shape,"You can use Repeat with these shapes : Linear , Bi-linear , Radial , Square , Conical -LRB- sym -RRB- , Conical -LRB- asym -RRB- .","(ROOT (S (NP (PRP You)) (VP (MD can) (VP (VB use) (NP (NN Repeat)) (PP (IN with) (NP (DT these) (NNS shapes))) (: :) (ADJP (ADJP (JJ Linear)) (, ,) (NP (NP (JJ Bi-linear)) (, ,) (NP (JJ Radial)) (, ,) (NP (NNP Square)) (, ,) (NP (JJ Conical) (-LRB- -LRB-) (NN sym) (-RRB- -RRB-)) (, ,) (NP (JJ Conical) (-LRB- -LRB-) (NN asym) (-RRB- -RRB-)))))) (. .))) "
245,25,26,these,point,## Adaptive Supersampling Adaptive supersampling identifies areas that seem to have high contrast and tries to improve the precision of the rendering only at these points .,(ROOT (S (NP (NP (NN ##) (JJ Adaptive)) (VP (VBG Supersampling) (NP (JJ Adaptive) (NN supersampling)))) (VP (VP (VBZ identifies) (NP (NP (NNS areas)) (SBAR (WHNP (WDT that)) (S (VP (VBP seem) (S (VP (TO to) (VP (VB have) (NP (JJ high) (NN contrast)))))))))) (CC and) (VP (VBZ tries) (S (VP (TO to) (VP (VB improve) (NP (NP (DT the) (NN precision)) (PP (IN of) (NP (NP (DT the)) (VP (VBG rendering) (ADVP (RB only)) (PP (IN at) (NP (DT these) (NNS points)))))))))))) (. .))) 
247,4,5,this,section,The options in this section allow you to control * How much contrast is considered ` high contrast ' * How much GIMP will try to improve the sample quality before accepting the result -LRB- this comes into action when the additional samples ' relationship to each other is also considered as high contrast -RRB- See -LSB- supersampling -RSB- -LRB- / / en.wikipedia.org/wiki/Supersampling -RRB- for a detailed explanation ## See also * -LSB- ggr files description at Color book -RSB- -LRB- / w/index .,(ROOT (S (NP (NP (DT The) (NNS options)) (PP (IN in) (NP (DT this) (NN section)))) (VP (VBP allow) (S (NP (PRP you)) (VP (TO to) (VP (VB control) (X (SYM *))))) (SBAR (WHADJP (WRB How) (JJ much)) (S (NP (NN contrast)) (VP (VBZ is) (PP (VBN considered) (NP (NP (`` `) (JJ high) (NN contrast) ('' ')) (X (SYM *)) (SBAR (WHNP (WHADJP (WRB How) (JJ much)) (NN GIMP)) (S (VP (VP (MD will) (VP (VB try) (S (VP (TO to) (VP (VB improve) (NP (DT the) (NN sample) (NN quality)) (PP (IN before) (S (VP (VBG accepting) (NP (DT the) (NN result)))))))))) (PRN (-LRB- -LRB-) (S (NP (DT this)) (VP (VBZ comes) (PP (IN into) (NP (NN action))) (SBAR (WHADVP (WRB when)) (S (NP (NP (NP (DT the) (JJ additional) (NNS samples) (POS ')) (NN relationship)) (PP (TO to) (NP (DT each) (JJ other)))) (VP (VBZ is) (ADVP (RB also)) (VP (VBN considered) (NP (ADJP (RB as) (JJ high)) (NN contrast)))))))) (-RRB- -RRB-)) (VP (VB See) (NP (NP (-LRB- -LSB-) (VBG supersampling) (-RRB- -RSB-)) (PRN (-LRB- -LRB-) (VP (: /) (PP (: /) (S (VP (VBG en.wikipedia.org/wiki/Supersampling))))) (-RRB- -RRB-))) (PP (IN for) (NP (DT a) (JJ detailed) (NN explanation))) (NP (CD ##) (NNP See)))))))) (ADVP (ADVP (RB also)) (SBAR (X (SYM *)) (S (NP (NP (-LRB- -LSB-) (NN ggr) (NNS files) (NN description)) (PP (IN at) (NP (NNP Color) (NN book)))) (VP (-RRB- -RSB-) (-LRB- -LRB-) (VP (: /) (NP (NN w/index))))))))))) (. .))) 
256,9,10,this,option,"### Layers To move a layer , select this option .","(ROOT (S (NP (NNP ###) (NNP Layers)) (VP (TO To) (VP (VB move) (NP (NP (DT a) (NN layer)) (, ,) (NP (JJ select) (DT this) (NN option))))) (. .))) "
258,2,3,this,mode,"When this mode is selected , under tool toggle you 'll see two options , _ `` Pick a layer or guide '' _ and _ `` Move the active layer '' _ .","(ROOT (S (SBAR (WHADVP (WRB When)) (S (NP (DT this) (NN mode)) (VP (VBZ is) (VP (VBN selected) (, ,) (PP (IN under) (NP (NN tool))))))) (VP (VB toggle) (SBAR (S (NP (PRP you)) (VP (MD 'll) (VP (VB see) (NP (NP (CD two) (NNS options)) (, ,) (SBAR (IN _) (SINV (VP (`` ``) (VB Pick) (NP (DT a) (NN layer) (CC or) (NN guide)) ('' '')) (NP (NN _) (CC and) (NN _))))) (`` ``) (VB Move) (NP (DT the) (JJ active) (NN layer) ('' '') (NN _))))))) (. .))) "
262,9,10,this,tool,### Paths You can also move paths with this tool .,(ROOT (S (NP (NN ###) (NNS Paths)) (ADVP (PRP You)) (VP (MD can) (ADVP (RB also)) (VP (VB move) (NP (NNS paths)) (PP (IN with) (NP (DT this) (NN tool))))) (. .))) 
263,2,4,that,tool,Note that path tool has its own tool for moving .,(ROOT (S (VP (VB Note) (SBAR (S (NP (DT that) (NN path) (NN tool)) (VP (VBZ has) (NP (NP (PRP$ its) (JJ own) (NN tool)) (PP (IN for) (S (VP (VBG moving))))))))) (. .))) 
274,148,149,this,option,"* ** Current layer only ** \ - works only on the current layer * ** Allow growing ** \ - allows to expand beyond borders * ** Expand from centre ** \ - expands selection , using starting point as the centre , instead for the corner * ** Fixed ** \ - allows you to modify the actual shape of rectangle * ** Position ** \ - placement of the selection to crop * ** Size ** \ - size of the selection to crop * ** Highlight ** \ - highlights the actual selection , by darkening everything that surrounds it * ** Guides ** \ - select the types of guides shown within of selection * ** Auto Shrink ** \ - shrinks the selection to the nearest rectangular shape available on the image layer * ** Shrink Merged ** \ - if this option is enabled , then Auto Shrink will use the pixel information from the visible display of the image , rather than from the active layer ## Current layer only Crop tool will only work on the currently selected layer , instead of working on all existing .","(ROOT (SBAR (X (SYM *)) (S (SBAR (X (SYM **)) (S (NP (JJ Current) (NN layer)) (VP (RB only) (VP (SYM **) (X (SYM \)))))) (: -) (S (VP (VBZ works) (ADVP (ADVP (RB only) (PP (IN on) (NP (NP (DT the) (JJ current) (NN layer)) (X (SYM *))))) (SBAR (X (SYM **)) (S (S (VP (VB Allow) (S (VP (VBG growing) (NP (SYM **)) (X (SYM \))))) (: -)) (VP (VBZ allows) (S (VP (TO to) (VP (VB expand) (PP (IN beyond) (NP (NP (NNS borders)) (X (SYM *)))))))))) (SBAR (X (SYM **)) (S (S (VP (VB Expand) (PP (IN from) (NP (NP (NN centre)) (X (SYM **)))))) (VP (SYM \))))))) (: -) (VP (VBZ expands) (NP (NN selection)) (, ,) (S (VP (VBG using) (VP (VBG starting) (NP (NP (NP (NN point)) (PP (PP (IN as) (NP (DT the) (NN centre))) (, ,) (RB instead) (PP (IN for) (NP (NP (DT the) (NN corner)) (X (SYM *))))) (X (SYM **))) (VP (VBN Fixed) (X (X (SYM **)) (NP (SQ (SYM \) (: -) (S (VP (VBZ allows) (S (NP (PRP you)) (VP (TO to) (VP (VB modify) (NP (NP (NP (DT the) (JJ actual)) (SBAR (S (VP (NP (NP (NP (NP (NN shape)) (PP (IN of) (NP (NN rectangle)) (X (SYM *))) (X (SYM **))) (NP (NN Position))) (X (SYM **))))))) (X (SYM \)))))) (: -) (NP (NP (NP (NP (NN placement)) (PP (IN of) (NP (NP (DT the)) (SBAR (S (VP (NP (NP (NP (NP (NN selection)) (PP (TO to) (NP (NP (NN crop)) (X (SYM *)))) (X (SYM **))) (NP (NN Size))) (X (SYM **)))))))) (X (SYM \))) (: -) (NP (NP (NN size)) (PP (IN of) (NP (NP (DT the) (NN selection)) (PP (TO to) (NP (NN crop))))) (X (SYM *)))) (X (SYM **)))))) (VP (VB Highlight) (X (SYM **))))))) (FRAG (X (SYM \)) (: -) (VP (VBZ highlights) (NP (NP (DT the) (JJ actual) (NN selection)) (, ,) (PP (IN by) (NP (VBG darkening) (NN everything) (SBAR (WHNP (WDT that)) (S (VP (VBZ surrounds) (S (NP (PRP it)) (SBAR (X (SYM *)) (S (S (UCP (SBAR (X (SYM **)) (S (NP (NNPS Guides)) (VP (S (SBAR (X (SYM **)) (S (S (VP (X (SYM \)) (: -) (VP (VP (ADJP (VB select)) (PP (NP (DT the) (NNS types)) (PP (IN of)))) (PRN (S (NP (NNS guides)) (VP (VBN shown) (NP (NP (NP (IN within)) (PP (IN of) (NP (NN selection)) (X (SYM *))) (X (X (SYM **)) (NP (NN Auto) (NN Shrink)))) (X (SYM **))) (S (SBAR (X (SYM \)) (S (NP (NP (VP (PRN (: -) (S (VP (VBZ shrinks) (NP (DT the) (NN selection)) (PP (TO to) (NP (DT the) (JJS nearest) (JJ rectangular) (NN shape))) (S (ADJP (ADJP (JJ available) (PP (IN on) (NP (NP (DT the) (NN image) (NN layer)) (X (SYM *))))) (SBAR (X (SYM **)) (S (NP (VB Shrink)) (VP (VBN Merged))))) (SBAR (X (SYM **)) (S (SBAR (X (SYM \)) (S (NP (PRN (: -) (FRAG (IN if) (NP (DT this) (NN option))))) (VP (VBZ is) (VP (VBN enabled))))) (, ,) (X (ADVP (RB then)) (NP (NN Auto))) (NP (NNP Shrink)) (VP (MD will)))))))) (VB use) (NP (DT the) (NN pixel) (NN information)) (PP (IN from) (NP (DT the) (JJ visible) (NN display)))) (PP (IN of))) (NP (DT the))) (VP (NN image))))))) (, ,)) (PP (CONJP (RB rather) (IN than)) (IN from) (NP (NP (DT the) (JJ active) (NN layer) (NN ##) (JJ Current) (NN layer)) (PP (RB only) (NP (NN Crop) (NN tool)))))))) (VP (MD will) (ADVP (RB only)) (VP (VB work))))))))) (PP (IN on) (NP (DT the) (RB currently) (VBN selected) (NN layer))))) (, ,) (S (PP (RB instead) (IN of) (S (VP (VBG working) (PP (IN on) (NP (DT all) (VBG existing))))))))))))))))) (. .))))))))) "
282,3,5,these,option,"All of these common options will be described here , while their variations on the tools pages .","(ROOT (S (NP (NP (DT All)) (PP (IN of) (NP (DT these) (JJ common) (NNS options)))) (VP (MD will) (VP (VB be) (VP (VBN described) (ADVP (RB here)) (, ,) (PP (IN while) (NP (NP (PRP$ their) (NNS variations)) (PP (IN on) (NP (DT the) (NNS tools) (NNS pages)))))))) (. .))) "
307,4,5,these,button,"Functions performed by these button can be duplicated using modifier keys , as described later .","(ROOT (S (NP (NP (NNS Functions)) (VP (VBN performed) (PP (IN by) (NP (DT these) (NN button))))) (VP (MD can) (VP (VB be) (VP (VBN duplicated) (S (VP (VBG using) (NP (NN modifier) (NNS keys)))) (, ,) (SBAR (IN as) (S (VP (VBN described) (ADVP (RB later)))))))) (. .))) "
322,33,35,this,switch,"* ** Ctrl ** \ - has two options depending on what you are doing * while creating a selection toggles _ Expand from centre _ option * while doing nothing , this key switches to _ Subtract mode _ , as long as you hold it * ** Alt ** \ - allows movement of the current selection -LRB- only its frame , not content -RRB- .","(ROOT (FRAG (SBAR (X (SYM *)) (S (SBAR (X (SYM **)) (S (NP (NP (NNP Ctrl)) (SBAR (FRAG (X (SYM **)) (VP (SYM \))))) (: -) (VP (VBZ has) (NP (NP (CD two) (NNS options)) (PP (VBG depending) (PP (IN on) (NP (WP what)))))))) (NP (PRP you)) (VP (VBP are) (VP (VBG doing) (SBAR (SBAR (X (SYM *)) (S (SBAR (IN while) (S (VP (VBG creating) (NP (DT a) (NN selection))))) (VP (VBZ toggles) (RB _) (VP (VB Expand) (PP (IN from) (NP (NP (NN centre) (NN _) (NN option)) (X (SYM *)) (SBAR (IN while) (S (VP (VBG doing) (NP (NN nothing))))))) (, ,) (S (NP (DT this) (JJ key) (NNS switches)) (VP (TO to) (VP (VB _) (VP (VB Subtract) (NP (NN mode) (NN _)))))))))) (, ,) (ADVP (RB as) (RB long)) (SBAR (IN as) (S (NP (PRP you)) (VP (VBP hold) (NP (NP (NP (PRP it)) (PP (SYM *) (FRAG (X (SYM **)) (NP (NN Alt)))) (X (SYM **))) (X (SYM \))))))))))) (: -) (VP (VBZ allows) (NP (NP (NN movement)) (PP (IN of) (NP (NP (DT the) (JJ current) (NN selection)) (PRN (-LRB- -LRB-) (NP (NP (RB only) (PRP$ its) (NN frame)) (, ,) (NP (RB not) (NN content))) (-RRB- -RRB-)))))) (. .))) "
323,42,43,this,key,"If the image is moved instead , try ** Shift + Alt ** * ** Shift ** \ - similarly to ** Ctrl ** , it has two options depending on what you are doing * before starting a selection , this key will switch to _ Add mode _ , as long as you hold it * after starting a selection , it will depend on tool you are using - for example for _ Rectangle Selection _ , it will create a square selection * ** Ctrl + Shift ' ** \ - depending on which tool is used , different thing will happen .","(ROOT (SINV (FRAG (SBAR (IN If) (S (NP (DT the) (NN image)) (VP (VBZ is) (VP (VBN moved) (ADVP (RB instead))))))) (, ,) (VP (VBP try)) (SBAR (X (X (SYM **)) (NP (NP (NN Shift)) (NP (CC +) (NN Alt)))) (S (SBAR (X (SYM **)) (S (SBAR (X (SYM *)) (S (SBAR (X (X (SYM **)) (NP (NN Shift))) (S (SBAR (X (SYM **)) (S (S (VP (X (SYM \)) (: -) (VP (ADJP (RB similarly) (S (VP (TO to) (S (SBAR (X (X (SYM **)) (NP (NNP Ctrl))) (S (S (X (SYM **)) (, ,) (PRN (S (NP (PRP it)) (VP (VBZ has) (NP (CD two) (NNS options)) (PP (VBG depending) (PP (IN on) (SBAR (WHNP (WP what)) (S (NP (PRP you)) (VP (VBP are) (VP (VBG doing) (S (NP (NP (FRAG (X (SYM *)) (PP (IN before)))) (PP (VBG starting) (NP (NP (DT a) (NN selection)) (, ,) (NP (DT this) (NN key))))))))))))))) (VP (MD will) (VP (VB switch)))) (S (PP (TO to) (NP (CD _))) (VP (VB Add) (NP (NN mode) (NN _)) (, ,) (ADVP (RB as) (RB long)))))))))) (PP (IN as) (NP (PRP you)))))) (VP (VBP hold) (S (NP (PRP it)) (PP (X (SYM *)) (IN after) (S (VP (VBG starting)) (NP (DT a) (NN selection)))))))) (, ,) (NP (PRP it)) (VP (MD will) (VP (VB depend) (PP (IN on) (NP (NN tool))))))) (NP (PRP you)) (VP (VBP are) (VP (VBG using))))) (: -) (SBAR (IN for) (S (NP (NP (NN example)) (PP (IN for) (NP (NP (CD _) (NNP Rectangle) (NN Selection) (NN _)) (, ,) (SBAR (S (NP (PRP it)) (VP (MD will) (VP (VP (VB create) (NP (NP (NP (DT a)) (SBAR (S (VP (NP (NP (NP (JJ square)) (NP (NN selection))) (X (SYM *))))))) (X (SYM **)))) (NP (NP (NP (NN Ctrl)) (CC +) (NP (NN Shift) ('' '))) (X (SYM **)))))))))) (VP (X (SYM \)) (: -) (VP (ADJP (VBG depending)) (PP (IN on) (NP (WDT which) (NN tool))))))) (VP (VBZ is) (VP (VBN used))))) (, ,) (NP (JJ different) (NN thing)) (VP (MD will) (VP (VB happen))))) (. .))) "
333,21,22,this,option,"Use it , to change the radius that is used to round the corners ## Expand from centre After enabling this option , the starting point is used as the centre of the selection instead of using it as a corner .","(ROOT (S (S (VP (VB Use) (NP (PRP it)) (, ,) (S (VP (TO to) (VP (VB change) (NP (NP (DT the) (NN radius)) (SBAR (WHNP (WDT that)) (S (VP (VBZ is) (VP (VBN used) (S (VP (TO to) (VP (VB round) (SBAR (S (NP (DT the) (NNS corners)) (VP (VBP ##) (VP (VB Expand) (PP (IN from) (NP (NN centre))))))))) (PP (IN After) (S (VP (VBG enabling) (NP (DT this) (NN option)))))))))))))))) (, ,) (NP (DT the) (VBG starting) (NN point)) (VP (VBZ is) (VP (VBN used) (PP (IN as) (NP (NP (DT the) (NN centre)) (PP (IN of) (NP (DT the) (NN selection))))) (PP (RB instead) (IN of) (S (VP (VBG using) (NP (PRP it)) (PP (IN as) (NP (DT a) (NN corner)))))))) (. .))) "
344,61,62,this,button,"* ** No guides ** \ - no guides are shown * ** Centre lines ** \ - only the centre lines are visible * ** Rule of thirds ** \ - guides are shown along the rule of thirds * ** Golden sections ** \ - guides show up to mark the golden sections ## Auto Shrink After pressing this button , already having a selection , it will shrink to the nearest rectangular shape within the selection .","(ROOT (FRAG (SBAR (X (SYM *)) (S (SBAR (X (SYM **)) (S (NP (DT No) (NNS guides)) (VP (S (SBAR (X (SYM **)) (S (S (FRAG (X (SYM \)) (: -) (NP (DT no))) (NP (NNS guides)) (VP (VBP are) (VP (VBN shown) (S (SBAR (X (SYM *)) (S (SBAR (X (SYM **)) (S (NP (NNP Centre) (NNS lines)) (VP (S (SBAR (X (SYM **)) (S (S (FRAG (X (SYM \)) (: -) (NP (RB only) (DT the) (NN centre))) (NP (NNS lines)) (VP (VBP are) (ADJP (JJ visible) (SBAR (X (SYM *)) (S (SBAR (X (SYM **)) (S (NP (NP (NP (NN Rule)) (PP (IN of) (NP (NNS thirds)) (X (SYM **))) (X (SYM \))) (PRN (: -) (NP (NNS guides)))) (VP (VBP are) (VP (VBN shown) (PP (IN along)) (NP (NP (NP (DT the)) (SBAR (S (VP (NP (NP (NP (NP (NN rule)) (PP (IN of) (NP (NNS thirds)) (X (SYM *))) (X (SYM **))) (NP (NNP Golden) (NNS sections))) (X (SYM **))))))) (X (SYM \))))))) (: -) (NP (NNS guides)) (VP (VBP show))))))) (S (ADVP (RP up)) (VP (TO to) (VP (VB mark) (NP (DT the) (JJ golden) (NNS sections))))))))))) (VP (VBP ##) (NP (NN Auto))))))))) (S (NP (NNP Shrink)) (S (UCP (PP (IN After) (S (VP (VBG pressing) (NP (DT this) (NN button))))) (, ,) (S (ADVP (RB already)) (VP (VBG having) (NP (DT a) (NN selection))))))))))))) (, ,) (NP (PRP it)) (VP (MD will) (VP (VB shrink) (PP (TO to) (NP (NP (DT the) (JJS nearest) (JJ rectangular) (NN shape)) (PP (IN within) (NP (DT the) (NN selection))))))))) (. .))) "
346,5,6,this,option,"## Shrink merged If this option is enabled _ Auto shrink _ will look on the actually visible image , rather than the active layer .","(ROOT (S (NP (NNP ##) (NNP Shrink)) (VP (VBD merged) (SBAR (S (SBAR (IN If) (S (NP (DT this) (NN option)) (VP (VBZ is) (VP (VBN enabled) (S (NP (CD _) (NN Auto)) (VP (VB shrink) (NP (CD _)))))))) (VP (MD will) (VP (VB look) (PP (IN on) (NP (NP (DT the) (RB actually) (JJ visible) (NN image)) (, ,) (CONJP (RB rather) (IN than)) (NP (DT the) (JJ active) (NN layer))))))))) (. .))) "
375,195,196,this,option,"* ** Modes ** \ - determines the way of creating the selection , whether it 'll be combined with existing one and such * ** Antialiasing ** \ - causes the boundary of the selection to be drawn smoother * ** Feather edge ** \ - causes the boundary of the selection to be blurred * ** Select transparent areas ** \ - gives the ability to select areas completely transparent * ** Sample merged ** \ - creates a selection from actual image , instead from the active layer * ** Threshold ** \ - determines the range of colours * ** Select by ** \ - select , which component shall be used for calculating the similarity ## Modes , Antialiasing and Feather Edges _ See -LSB- Selection Tools #Modes -RSB- -LRB- / wiki/GIMP/Selection _ Tools #Modes -RRB- for information about Modes _ _ See -LSB- Selection Tools #Antialiasing -RSB- -LRB- / wiki/GIMP/Selection _ Tools #Antialiasing -RRB- for information Antialiasing _ _ See -LSB- Selection Tools #Feather Edges -RSB- -LRB- / wiki/GIMP/Selection _ Tools #Feather _ Edges -RRB- for information about Feather Edges option _ ## Select transparent areas After selecting this option , the Free Selection tool will have the ability to select completely transparent areas .","(ROOT (FRAG (SBAR (X (SYM *)) (S (SBAR (X (SYM **)) (S (NP (NP (NNS Modes)) (SBAR (FRAG (X (SYM **)) (VP (SYM \))))) (: -) (VP (VBZ determines) (NP (NP (DT the) (NN way)) (PP (IN of) (S (VP (VBG creating) (NP (DT the) (NN selection))))))))) (, ,) (X (IN whether)) (NP (PRP it)) (VP (MD 'll) (VP (VB be) (VP (VBN combined) (PP (IN with) (S (VP (VBG existing) (NP (NP (NP (CD one)) (PP (CC and) (NP (JJ such))) (X (SYM *))) (X (SYM **))) (S (VP (VBG Antialiasing) (S (SBAR (X (SYM **)) (S (SBAR (X (SYM \)) (S (VP (VP (PRN (: -) (S (VP (VBZ causes) (NP (NP (DT the) (NN boundary)) (PP (IN of) (NP (NP (DT the) (NN selection)) (SBAR (SBAR (S (VP (TO to) (VP (VB be) (S (PP (VBN drawn) (NP (NP (JJR smoother)) (X (SYM *))))))))) (SBAR (X (SYM **)) (S (NP (NNP Feather)) (ADJP (ADJP (NN edge)) (SBAR (X (SYM **)) (S (SBAR (X (SYM \)) (S (NP (NP (VP (PRN (: -) (S (VP (VBZ causes) (NP (NP (DT the) (NN boundary)) (PP (IN of) (NP (DT the) (NN selection) (S (VP (TO to) (VP (VB be) (ADJP (VBN blurred) (SBAR (X (SYM *)) (S (SBAR (X (SYM **)) (S (NP (NP (NP (NNP Select)) (PP (JJ transparent) (NP (NNS areas))) (X (SYM **))) (SBAR (FRAG (X (SYM \)) (: -) (VP (VBZ gives) (S (NP (NP (DT the) (NN ability)) (PP (TO to) (NP (JJ select) (NNS areas)))) (ADJP (RB completely) (JJ transparent) (SBAR (S (S (X (SYM *)) (X (SYM **)) (NP (FW Sample)) (VP (VBD merged) (X (SYM **)) (S (SBAR (X (SYM \)) (S (PRN (: -) (S (VP (VP (VBZ creates) (NP (NP (NP (DT a) (NN selection)) (PP (IN from) (NP (NP (JJ actual) (NN image)) (, ,) (NP (NP (RB instead)) (PP (IN from) (NP (DT the) (JJ active) (NN layer)) (X (SYM *))) (X (X (SYM **)) (NP (NNP Threshold)))))) (X (SYM **))) (X (SYM \)))) (: -) (S (VP (VBZ determines) (NP (NP (NP (DT the) (NN range)) (PP (IN of) (NP (NNS colours)) (X (SYM *))) (X (X (SYM **)) (NP (NNP Select)))) (PP (IN by) (X (SYM **))) (X (SYM \))))))) (: -)) (NP (NP (JJ select)) (, ,) (NP (WDT which) (NX (NN component)))) (VP (MD shall) (VP (VB be) (VP (VBN used) (PP (IN for) (S (VP (VBG calculating) (NP (NP (DT the) (NN similarity)) (NP (NP (CD ##) (NNS Modes)) (, ,) (NP (NN Antialiasing))))))))))))))) (CC and) (S (NP (NNP Feather) (NNP Edges) (NNP _)) (VP (VB See) (NP (-LRB- -LSB-) (NN Selection) (NNS Tools) (NNS #Modes))))))))) (-RRB- -RSB-)))) (VP (PRN (-LRB- -LRB-) (NP (NP (: /) (NN wiki/GIMP/Selection)) (NP (NP (CD _) (NNS Tools)) (NP (NNS #Modes)))) (-RRB- -RRB-)) (PP (IN for) (NP (NP (NN information)) (PP (IN about) (NP (NNS Modes)))))))) (VP (VBP _) (NP (CD _))))))))))))))) (VB See) (NP (-LRB- -LSB-) (NN Selection)) (NP (NP (NNS Tools)) (VP (VBG #Antialiasing) (S (VP (-RRB- -RSB-) (-LRB- -LRB-) (VP (: /) (NP (NN wiki/GIMP/Selection)) (NP (NP (CD _) (NNS Tools)) (VP (VBG #Antialiasing)))) (-RRB- -RRB-)))))) (PP (IN for) (NP (NN information) (NNP Antialiasing) (CD _)))) (NP (CD _))) (VP (VB See)))) (VP (-LRB- -LSB-) (S (NP (NN Selection) (NNS Tools)) (NP (NNP #Feather) (NNP Edges)))))))))))))))) (-RRB- -RSB-) (NP (NP (-LRB- -LRB-) (: /) (NNP wiki/GIMP/Selection) (NNP _) (NNP Tools) (NNP #Feather) (NNP _) (NNP Edges) (-RRB- -RRB-)) (PP (IN for) (NP (NP (NN information)) (PP (IN about) (NP (NNP Feather) (NNP Edges))))))) (VP (NN option) (NP (QP (CD _) (CD ##)) (NNP Select) (JJ transparent) (NNS areas)) (PP (IN After) (S (VP (VBG selecting)))))) (NP (DT this) (NN option)))) (, ,) (NP (DT the) (NNP Free) (NN Selection) (NN tool)) (VP (MD will) (VP (VB have) (NP (DT the) (NN ability) (S (VP (TO to) (VP (VB select) (NP (ADJP (RB completely) (JJ transparent)) (NNS areas))))))))))))))))))))) (. .))) "
376,2,3,this,option,"If this option is unchecked , transparent areas will never be selected .","(ROOT (S (SBAR (IN If) (S (NP (DT this) (NN option)) (VP (VBZ is) (ADJP (JJ unchecked))))) (, ,) (NP (JJ transparent) (NNS areas)) (VP (MD will) (ADVP (RB never)) (VP (VB be) (VP (VBN selected)))) (. .))) "
404,7,8,these,node,"The tool creates a curve through these nodes , following any high-contrast it can find .","(ROOT (S (NP (DT The) (NN tool)) (VP (VBZ creates) (NP (DT a) (NN curve)) (PP (IN through) (NP (DT these) (NNS nodes))) (, ,) (PP (VBG following) (NP (NP (DT any) (JJ high-contrast)) (SBAR (S (NP (PRP it)) (VP (MD can) (VP (VB find)))))))) (. .))) "
409,147,148,this,option,"* ** Modes ** \ - determines the way of creating the selection , whether it 'll be combined with existing one and such * ** Antialiasing ** \ - causes the boundary of the selection to be drawn smoother * ** Feather edge ** \ - causes the boundary of the selection to be blurred * ** Interactive boundary ** \ - the curves will be created instantly after creating a new node ## Modes , Antialiasing and Feather Edges _ See -LSB- Selection Tools #Modes -RSB- -LRB- / wiki/GIMP/Selection _ Tools #Modes -RRB- for information about Modes _ _ See -LSB- Selection Tools #Antialiasing -RSB- -LRB- / wiki/GIMP/Selection _ Tools #Antialiasing -RRB- for information Antialiasing _ _ See -LSB- Selection Tools #Feather Edges -RSB- -LRB- / wiki/GIMP/Selection _ Tools #Feather _ Edges -RRB- for information about Feather Edges option _ ## Interactive boundary When this option is active , the curves between nodes will be really curves .","(ROOT (FRAG (SBAR (X (SYM *)) (S (SBAR (X (SYM **)) (S (NP (NNS Modes)) (VP (S (SBAR (X (SYM **)) (S (SBAR (X (SYM \)) (S (VP (VP (PRN (: -) (S (VP (VBZ determines) (NP (NP (DT the) (NN way)) (PP (IN of) (S (VP (VBG creating) (NP (DT the) (NN selection)))))) (, ,) (SBAR (IN whether) (S (NP (PRP it)) (VP (MD 'll) (VP (VB be) (VP (VBN combined) (PP (IN with) (S (VP (VBG existing) (NP (NP (NP (CD one)) (CC and) (NP (JJ such))) (X (SYM *))))))))) (SBAR (X (SYM **)) (S (VP (VBG Antialiasing) (S (SBAR (X (SYM **)) (S (SBAR (X (SYM \)) (S (NP (NP (VP (PRN (: -) (S (VP (VBZ causes) (NP (NP (DT the) (NN boundary)) (PP (IN of) (NP (DT the) (NN selection) (S (VP (TO to) (VP (VB be) (VP (VBN drawn) (ADJP (ADJP (JJR smoother)) (SBAR (X (SYM *)) (S (SBAR (X (SYM **)) (S (NP (NNP Feather)) (ADJP (ADJP (NN edge)) (SBAR (X (SYM **)) (S (SBAR (X (SYM \)) (S (PRN (: -) (S (VP (VBZ causes) (NP (NP (DT the) (NN boundary)) (PP (IN of) (NP (DT the) (NN selection) (S (VP (TO to) (VP (VB be) (ADJP (VBN blurred) (SBAR (X (SYM *)) (S (S (UCP (SBAR (X (SYM **)) (S (NP (JJ Interactive) (NN boundary)) (VP (S (SBAR (X (SYM **)) (S (S (FRAG (X (SYM \)) (: -) (NP (DT the))) (NP (NNS curves)) (VP (MD will) (VP (VB be) (VP (VBN created))))) (S (ADVP (RB instantly) (PP (IN after))) (VP (VBG creating))))))))) (NP (NP (DT a) (JJ new)) (PP (NN node) (NP (CD ##) (NNS Modes)))))) (, ,) (S (NP (NP (NN Antialiasing)) (CC and) (NP (NP (NNP Feather) (NNP Edges) (NNP _)) (SBAR (S (VP (VB See)))))))))))))))))) (-LRB- -LSB-)) (NP (NP (NN Selection) (NNS Tools)) (NP (NNS #Modes))) (VP (-RRB- -RSB-)))) (VP (-LRB- -LRB-) (: /) (ADJP (ADJP (ADJP (NN wiki/GIMP/Selection)) (PRN (NP (NP (CD _) (NNS Tools)) (NP (NNS #Modes))) (-RRB- -RRB-))) (PP (IN for))) (NP (NP (NN information)) (PP (IN about) (NP (NNS Modes)))))))))) (VP (VBP _) (NP (CD _)))))))))))))))) (VB See) (NP (-LRB- -LSB-) (NN Selection)) (NP (NP (NNS Tools)) (VP (VBG #Antialiasing) (S (VP (-RRB- -RSB-) (-LRB- -LRB-) (VP (: /) (NP (NN wiki/GIMP/Selection)) (NP (NP (CD _) (NNS Tools)) (VP (VBG #Antialiasing)))) (-RRB- -RRB-)))))) (PP (IN for) (NP (NN information) (NNP Antialiasing) (CD _)))) (NP (CD _))) (VP (VB See)))) (VP (-LRB- -LSB-)))))) (NP-TMP (NP (NN Selection) (NNS Tools)) (NP (NNP #Feather) (NNP Edges)))))))))) (-RRB- -RSB-) (NP (NP (-LRB- -LRB-) (: /) (NNP wiki/GIMP/Selection) (NNP _) (NNP Tools) (NNP #Feather) (NNP _) (NNP Edges) (-RRB- -RRB-)) (PP (IN for) (NP (NP (NN information)) (PP (IN about) (NP (NNP Feather) (NNP Edges) (NN option) (CD _))))))) (NP (NP (CD ##) (JJ Interactive) (NN boundary)) (FRAG (WHADVP (WRB When))))) (NP (DT this) (NN option)))) (VP (VBZ is) (ADJP (JJ active))))))))) (, ,) (NP (NP (DT the) (NNS curves)) (PP (IN between) (NP (NNS nodes)))) (VP (MD will) (VP (VB be) (ADVP (RB really)) (NP (NNS curves)))))) (. .))) "
424,2,3,this,option,"When this option is not enabled , all areas of the same colour in the rough selection will be selected .","(ROOT (S (SBAR (WHADVP (WRB When)) (S (NP (DT this) (NN option)) (VP (VBZ is) (RB not) (VP (VBN enabled))))) (, ,) (NP (NP (DT all) (NNS areas)) (PP (IN of) (NP (NP (DT the) (JJ same) (NN colour)) (PP (IN in) (NP (DT the) (JJ rough) (NN selection)))))) (VP (MD will) (VP (VB be) (VP (VBN selected)))) (. .))) "
433,13,14,these,hole,Also remember - smaller values may create a better border but include these holes in the selection .,(ROOT (S (S (ADVP (RB Also)) (VP (VB remember))) (: -) (S (NP (JJR smaller) (NNS values)) (VP (VP (MD may) (VP (VB create) (NP (DT a) (JJR better) (NN border)))) (CC but) (VP (VBP include) (NP (DT these) (NNS holes)) (PP (IN in) (NP (DT the) (NN selection)))))) (. .))) 
437,24,25,this,colour,"If your image contains many pixels of the same color in different tones , you can increase the sensibility of the selection for this colour .","(ROOT (S (SBAR (IN If) (S (NP (PRP$ your) (NN image)) (VP (VBZ contains) (NP (NP (JJ many) (NNS pixels)) (PP (IN of) (NP (NP (DT the) (JJ same) (NN color)) (PP (IN in) (NP (JJ different) (NNS tones))))))))) (, ,) (NP (PRP you)) (VP (MD can) (VP (VB increase) (NP (NP (DT the) (NN sensibility)) (PP (IN of) (NP (NP (DT the) (NN selection)) (PP (IN for) (NP (DT this) (NN colour)))))))) (. .))) "
453,21,23,those,option,"## Info Window Shows an info window , with two columns of information - you can choose for both of those these options : pixel , RGB , HSV and CMYK , with pixel and RGB being active by default .","(ROOT (S (S (NP (NN ##) (NNP Info) (NNP Window)) (VP (VBZ Shows) (NP (DT an) (NN info) (NN window)) (, ,) (PP (IN with) (NP (NP (CD two) (NNS columns)) (PP (IN of) (NP (NN information))))))) (: -) (S (NP (PRP you)) (VP (MD can) (VP (VB choose) (PP (IN for) (S (NP (NP (DT both)) (PP (IN of) (NP (DT those) (NP (DT these) (NNS options)) (: :) (NP (NP (NN pixel)) (, ,) (NP (NNP RGB)) (, ,) (NP (NN HSV) (CC and) (NN CMYK)) (, ,) (PP (IN with) (NP (NN pixel) (CC and) (NN RGB))))))) (VP (VBG being) (ADJP (JJ active) (PP (IN by) (NP (NN default)))))))))) (. .))) "
453,22,23,these,option,"## Info Window Shows an info window , with two columns of information - you can choose for both of those these options : pixel , RGB , HSV and CMYK , with pixel and RGB being active by default .","(ROOT (S (S (NP (NN ##) (NNP Info) (NNP Window)) (VP (VBZ Shows) (NP (DT an) (NN info) (NN window)) (, ,) (PP (IN with) (NP (NP (CD two) (NNS columns)) (PP (IN of) (NP (NN information))))))) (: -) (S (NP (PRP you)) (VP (MD can) (VP (VB choose) (PP (IN for) (S (NP (NP (DT both)) (PP (IN of) (NP (DT those) (NP (DT these) (NNS options)) (: :) (NP (NP (NN pixel)) (, ,) (NP (NNP RGB)) (, ,) (NP (NN HSV) (CC and) (NN CMYK)) (, ,) (PP (IN with) (NP (NN pixel) (CC and) (NN RGB))))))) (VP (VBG being) (ADJP (JJ active) (PP (IN by) (NP (NN default)))))))))) (. .))) "
464,9,10,those,two,"As mentioned later , you can toggle between those two using a keyboard shortcut .","(ROOT (S (SBAR (IN As) (S (VP (VBN mentioned) (ADVP (RB later))))) (, ,) (NP (PRP you)) (VP (MD can) (VP (VB toggle) (PP (IN between) (NP (DT those) (CD two))) (S (VP (VBG using) (NP (DT a) (NN keyboard) (NN shortcut)))))) (. .))) "
465,14,15,that,area,"By selecting an area of the image , you can zoom in/out on that area .","(ROOT (S (PP (IN By) (S (VP (VBG selecting) (NP (NP (DT an) (NN area)) (PP (IN of) (NP (DT the) (NN image))))))) (, ,) (NP (PRP you)) (VP (MD can) (VP (VB zoom) (NP (NN in/out)) (PP (IN on) (NP (DT that) (NN area))))) (. .))) "
494,8,9,that,colour,"You need to rewrite the text in that colour , or select the text and change it then .","(ROOT (S (NP (PRP You)) (VP (VBP need) (S (VP (TO to) (VP (VP (VB rewrite) (NP (NP (DT the) (NN text)) (PP (IN in) (NP (DT that) (NN colour))))) (, ,) (CC or) (VP (VP (VB select) (NP (DT the) (NN text))) (CC and) (VP (VB change) (NP (PRP it)) (ADVP (RB then)))))))) (. .))) "
503,7,8,this,option,The path becomes visible when using this option .,(ROOT (S (NP (DT The) (NN path)) (VP (VBZ becomes) (ADJP (JJ visible)) (SBAR (WHADVP (WRB when)) (S (VP (VBG using) (NP (DT this) (NN option)))))) (. .))) 
506,7,8,this,path,All path options should apply to this path .,(ROOT (S (NP (DT All) (NN path) (NNS options)) (VP (MD should) (VP (VB apply) (PP (TO to) (NP (DT this) (NN path))))) (. .))) 
520,81,82,this,option,"So there are these five options there : * ** Open ** \ - loads the text from a file * ** Clear ** \ - clears the text area * ** LTR ** \ - the text will be entered from left to right * ** RTL ** \ - the text will be entered from right to left * ** Use selected font ** \ - whether it will use the font from options dialogue ## Open Using this option , you can directly load the text from a file .","(ROOT (FRAG (NP (NP (RB So)) (SBAR (S (NP (EX there)) (VP (VBP are) (NP (NP (DT these) (NAC (NP (CD five) (NNS options)) (ADVP (RB there) (: :)))) (X (SYM *)))) (SBAR (X (SYM **)) (S (S (VP (VB Open) (VP (VP (SYM **) (X (SYM \))) (: -) (NP (NP (NP (NNS loads)) (SBAR (S (VP (NP (NP (NP (NP (DT the) (NN text)) (PP (IN from) (NP (DT a) (NN file)) (X (SYM *))) (X (SYM **))) (NP (JJ Clear))) (X (SYM **))))))) (X (SYM \))))) (: -)) (VP (VBZ clears) (NP (NP (NP (DT the) (NN text)) (NP (NN area))) (X (SYM *))))))))) (X (X (SYM **)) (NP (NP (NN LTR)) (SBAR (FRAG (SBAR (X (SYM **)) (S (S (FRAG (X (SYM \)) (: -) (NP (DT the))) (NP (NN text)) (VP (MD will) (VP (VB be) (VP (VBN entered) (PP (IN from)) (S (ADJP (VBN left) (PP (TO to) (NP (NP (JJ right)) (X (SYM *))))) (SBAR (X (SYM **)) (S (NP (NNP RTL)) (VP (S (SBAR (X (SYM **)) (S (S (FRAG (X (SYM \)) (: -) (NP (DT the))) (NP (NN text)) (VP (MD will) (VP (VB be) (VP (VBN entered) (PP (IN from) (NP (NN right))))))) (S (NP (TO to)) (S (VP (VBN left) (S (SBAR (X (SYM *)) (S (SBAR (X (SYM **)) (S (NP (NP (VB Use)) (SBAR (SBAR (S (PP (VBN selected) (NP (NP (NN font)) (X (SYM **)))))) (SBAR (X (SYM \)) (S (PRN (: -) (PP (IN whether))) (NP (PRP it)) (VP (MD will) (VP (VB use) (NP (DT the) (NN font)) (PP (IN from) (NP (NNS options))))))))) (VP (NN dialogue) (S (NP (CD ##) (NNP Open)) (VP (VBG Using) (NP (DT this) (NN option))))))) (, ,) (NP (PRP you)) (VP (MD can))))))))))))))))))) (S (ADVP (RB directly)) (VP (VB load) (NP (DT the) (NN text)) (PP (IN from) (NP (DT a) (NN file))))))) (. .))))))) "
521,4,5,this,icon,"## Clear Clicking this icon , will cause erasing all text from the text area .","(ROOT (S (NP (NP (NNP ##) (NNP Clear)) (VP (VBG Clicking) (NP (DT this) (NN icon)))) (, ,) (VP (MD will) (VP (VB cause) (S (VP (VBG erasing) (NP (DT all) (NN text)) (PP (IN from) (NP (DT the) (NN text) (NN area))))))) (. .))) "
523,2,3,this,option,Check this option if you want to use it .,(ROOT (S (VP (VB Check) (NP (DT this) (NN option)) (SBAR (IN if) (S (NP (PRP you)) (VP (VBP want) (S (VP (TO to) (VP (VB use) (NP (PRP it))))))))) (. .))) 
525,12,13,this,menu,"Since Gimp 2.0 , there is also an option to display this menu at the top of the screen .","(ROOT (S (PP (IN Since) (NP (NNP Gimp) (CD 2.0))) (, ,) (NP (EX there)) (VP (VBZ is) (ADVP (RB also)) (NP (DT an) (NN option) (S (VP (TO to) (VP (VB display) (NP (DT this) (NN menu)) (PP (IN at) (NP (NP (DT the) (NN top)) (PP (IN of) (NP (DT the) (NN screen)))))))))) (. .))) "
548,7,8,this,mode,"* ** Indexed : ** In this mode , the image consist of pixels picked from a palette of up to 256 colours .","(ROOT (FRAG (SBAR (X (SYM *)) (S (FRAG (FRAG (X (SYM **)) (PP (JJ Indexed))) (: :) (FRAG (X (SYM **)) (PP (IN In) (NP (DT this) (NN mode))))) (, ,) (NP (DT the) (NN image)) (VP (VBP consist) (PP (IN of) (NP (NP (NNS pixels)) (VP (VBN picked) (PP (IN from) (NP (NP (DT a) (NN palette)) (PP (IN of) (ADVP (RB up) (PP (TO to) (NP (CD 256) (NNS colours))))))))))))) (. .))) "
549,7,8,this,mode,"When you convert an image into this mode , or when you are reducing the color depth of an image , dithering options give you control over how colours are scattered .","(ROOT (S (SBAR (SBAR (WHADVP (WRB When)) (S (NP (PRP you)) (VP (VBP convert) (NP (DT an) (NN image)) (PP (IN into) (NP (DT this) (NN mode)))))) (, ,) (CC or) (SBAR (WHADVP (WRB when)) (S (NP (PRP you)) (VP (VBP are) (VP (VBG reducing) (NP (NP (DT the) (NN color) (NN depth)) (PP (IN of) (NP (DT an) (NN image))))))))) (, ,) (NP (VBG dithering) (NNS options)) (VP (VBP give) (S (NP (PRP you)) (VP (VB control) (PP (IN over) (SBAR (WHADVP (WRB how)) (S (NP (NNS colours)) (VP (VBP are) (VP (VBN scattered))))))))) (. .))) "
669,3,4,this,value,"The lower this value is the more compression you 'll attain , at a cost to visual quality .","(ROOT (S (SBAR (X (DT The) (ADJP (JJR lower))) (S (NP (DT this) (NN value)) (VP (VBZ is) (NP (DT the) (JJR more) (NN compression))))) (NP (PRP you)) (VP (MD 'll) (VP (VB attain) (, ,) (PP (IN at) (NP (DT a) (NN cost))) (PP (TO to) (NP (JJ visual) (NN quality))))) (. .))) "
680,8,9,this,option,"** Force Baseline JPEG : ** Enabling this option will force Gimp to make a JPEG which can be read with all decoders , often at a loss to quality and size , especially at lower quality settings .","(ROOT (S (FRAG (X (SYM **)) (NP (NNP Force) (NNP Baseline) (NNP JPEG))) (: :) (S (SBAR (X (SYM **)) (S (S (VP (VBG Enabling) (NP (DT this) (NN option)))) (VP (MD will) (VP (VB force) (S (NP (NNP Gimp)) (VP (TO to) (VP (VB make) (NP (DT a) (NN JPEG))))))))) (NP (WDT which)) (VP (MD can) (VP (VB be) (VP (VBN read) (PP (PP (IN with) (NP (DT all) (NNS decoders))) (, ,) (ADVP (RB often)) (PP (IN at) (NP (NP (DT a) (NN loss)) (PP (TO to) (NP (NN quality) (CC and) (NN size))))) (, ,) (RB especially) (PP (IN at) (NP (JJR lower) (NN quality) (NNS settings)))))))) (. .))) "
696,7,8,this,information,If you have no need for this information in the image you can safely turn it off .,(ROOT (S (SBAR (IN If) (S (NP (PRP you)) (VP (VBP have) (NP (NP (DT no) (NN need)) (PP (IN for) (NP (NP (DT this) (NN information)) (PP (IN in) (NP (DT the) (NN image))))))))) (NP (PRP you)) (VP (MD can) (ADVP (RB safely)) (VP (VB turn) (NP (PRP it)) (PRT (RP off)))) (. .))) 
702,2,3,this,option,"Leaving this option unchecked will switch to Standard encoding , where the image is displayed in rows from top to bottom .","(ROOT (S (S (VP (VBG Leaving) (S (NP (DT this) (NN option)) (ADJP (JJ unchecked))))) (VP (MD will) (VP (VB switch) (PP (TO to) (NP (NP (JJ Standard) (NN encoding)) (, ,) (SBAR (WHADVP (WRB where)) (S (NP (DT the) (NN image)) (VP (VBZ is) (VP (VBN displayed) (PP (IN in) (NP (NP (NNS rows)) (PP (IN from) (NP (JJ top))))) (PP (TO to) (NP (NN bottom))))))))))) (. .))) "
704,2,3,this,higher,Setting this higher increases the frequency of restart markers at a cost to filesize .,(ROOT (SINV (VP (VBG Setting) (NP (DT this) (JJR higher))) (VP (VBZ increases)) (NP (NP (DT the) (NN frequency)) (PP (IN of) (S (VP (VB restart) (NP (NNS markers)) (PP (IN at) (NP (DT a) (NN cost) (S (VP (TO to) (VP (VB filesize)))))))))) (. .))) 
730,5,6,this,writing,"At the time of this writing , GIMP only supports the RGB -LRB- Red , Blue , Green -RRB- and the HSV -LRB- Hue , Saturation , Value -RRB- representation of the color model .","(ROOT (S (PP (IN At) (NP (NP (DT the) (NN time)) (PP (IN of) (NP (DT this) (NN writing))))) (, ,) (NP (NN GIMP)) (ADVP (RB only)) (VP (VBZ supports) (NP (NP (NP (DT the) (NNP RGB)) (PRN (-LRB- -LRB-) (NP (NNP Red)) (, ,) (NP (NNP Blue)) (, ,) (NP (NNP Green)) (-RRB- -RRB-))) (CC and) (NP (NP (DT the) (NN HSV)) (PRN (-LRB- -LRB-) (NP (NN Hue)) (, ,) (NP (NNP Saturation)) (, ,) (NP (NNP Value)) (-RRB- -RRB-))) (NP (NP (NN representation)) (PP (IN of) (NP (DT the) (NN color) (NN model)))))) (. .))) "
790,11,13,those,pixel,The only thing you can set there is size of those `` pixels '' .,(ROOT (S (NP (NP (DT The) (JJ only) (NN thing)) (SBAR (S (NP (PRP you)) (VP (MD can) (VP (VB set) (NP (EX there))))))) (VP (VBZ is) (NP (NP (NN size)) (PP (IN of) (NP (DT those) (`` ``) (NNS pixels) ('' ''))))) (. .))) 
805,20,21,this,higher,"Where a value very low -LRB- 0.1 -RRB- will get similar effects as the standard sharpening filter , setting this higher removes noise and increases the contrast of the sharpening .","(ROOT (S (SBAR (WHADVP (WRB Where)) (S (NP (NP (DT a) (NN value)) (ADJP (ADJP (RB very) (JJ low)) (PRN (-LRB- -LRB-) (NP-TMP (CD 0.1)) (-RRB- -RRB-)))) (VP (MD will) (VP (VB get) (NP (JJ similar) (NNS effects)) (PP (IN as) (NP (DT the) (JJ standard) (VBG sharpening) (NN filter))))))) (, ,) (S (VP (VBG setting) (NP (DT this) (JJR higher)))) (VP (VP (VBZ removes) (NP (NN noise))) (CC and) (VP (VBZ increases) (NP (NP (DT the) (NN contrast)) (PP (IN of) (NP (DT the) (VBG sharpening)))))) (. .))) "
815,6,7,this,entry,"If you do n't have this entry on your copy of GIMP , you might find it under : Filters > Render > Fractal Explorer .","(ROOT (S (SBAR (IN If) (S (NP (PRP you)) (VP (VBP do) (RB n't) (VP (VB have) (NP (NP (DT this) (NN entry)) (PP (IN on) (NP (NP (PRP$ your) (NN copy)) (PP (IN of) (NP (NNP GIMP)))))))))) (, ,) (NP (PRP you)) (VP (MD might) (VP (VB find) (NP (PRP it)) (PP (IN under) (: :) (S (NP (NNS Filters) (JJR >)) (VP (VB Render) (S (ADJP (JJR >)) (NP (NNP Fractal) (NNP Explorer)))))))) (. .))) "
821,7,8,this,tutorial,"## Result and example images In this tutorial , we will create an image that look like this : !","(ROOT (S (PP (NP (NP (NN ##) (NN Result)) (CC and) (NP (NN example) (NNS images))) (IN In) (NP (DT this) (NN tutorial))) (, ,) (NP (PRP we)) (VP (MD will) (VP (VB create) (NP (NP (DT an) (NN image)) (SBAR (WHNP (WDT that)) (S (VP (VBP look) (PP (IN like) (NP (DT this))))))))) (: :) (. !))) "
828,2,3,this,purpose,For this purpose we use the _ File > New ... _ menu entry .,(ROOT (SINV (S (PP (IN For) (NP (DT this) (NN purpose))) (NP (PRP we)) (VP (VBP use) (NP (DT the) (ADJP (NP (CD _) (NN File)) (JJR >)) (NNP New)))) (: ...) (NP (CD _) (NN menu) (NN entry)) (. .))) 
962,2,3,this,point,"At this point , if you try to move the text , you 'll see it slide out of the box and vanish completely off the edges of the layer .","(ROOT (S (PP (IN At) (NP (DT this) (NN point))) (, ,) (SBAR (IN if) (S (NP (PRP you)) (VP (VBP try) (S (VP (TO to) (VP (VB move) (NP (DT the) (NN text)))))))) (, ,) (NP (PRP you)) (VP (VP (MD 'll) (VP (VB see) (S (NP (PRP it)) (VP (VB slide) (PRT (IN out)) (PP (IN of) (NP (DT the) (NN box))))))) (CC and) (VP (VBP vanish) (ADVP (RB completely)) (PP (IN off) (NP (NP (DT the) (NNS edges)) (PP (IN of) (NP (DT the) (NN layer))))))) (. .))) "
999,10,11,this,stage,"-LSB- Gimpbubble15.png -RSB- -LRB- / / upload.wikimedia.org/wikibooks/en/0/0a/Gimpbubble15.png -RRB- At this stage , you can experiment a little bit to add some variety among the different speech bubble shapes you have .","(ROOT (S (NP (NP (-LRB- -LSB-) (NN Gimpbubble15.png) (-RRB- -RSB-)) (PRN (-LRB- -LRB-) (NP (: /) (: /) (NN upload.wikimedia.org/wikibooks/en/0/0a/Gimpbubble15.png)) (-RRB- -RRB-))) (PP (IN At) (NP (DT this) (NN stage))) (, ,) (NP (PRP you)) (VP (MD can) (VP (NN experiment) (NP (DT a) (JJ little) (NN bit) (S (VP (TO to) (VP (VB add) (NP (DT some) (NN variety)) (PP (IN among) (NP (NP (DT the) (JJ different) (NN speech) (NN bubble) (NNS shapes)) (SBAR (S (NP (PRP you)) (VP (VBP have)))))))))))) (. .))) "
1039,2,3,this,case,"In this case the text editor is selected , but you also need it to use all GIMP tools effectively .","(ROOT (S (S (PP (IN In) (NP (DT this) (NN case))) (NP (DT the) (NN text) (NN editor)) (VP (VBZ is) (VP (VBN selected)))) (, ,) (CC but) (S (NP (PRP you)) (ADVP (RB also)) (VP (VBP need) (S (NP (PRP it)) (VP (TO to) (VP (VB use) (NP (DT all) (NN GIMP) (NNS tools)) (ADVP (RB effectively))))))) (. .))) "
1042,12,13,this,tutorial,This is essential if you want to follow the rest of this tutorial as you will be using it a lot to make sure everything is working correctly .,(ROOT (S (NP (DT This)) (VP (VBZ is) (ADJP (JJ essential)) (SBAR (IN if) (S (NP (PRP you)) (VP (VBP want) (S (VP (TO to) (VP (VB follow) (NP (NP (DT the) (NN rest)) (PP (IN of) (NP (DT this) (NN tutorial)))) (SBAR (IN as) (S (NP (PRP you)) (VP (MD will) (VP (VB be) (VP (VBG using) (NP (PRP it)) (NP-TMP (DT a) (NN lot)) (S (VP (TO to) (VP (VB make) (ADJP (JJ sure) (SBAR (S (NP (NN everything)) (VP (VBZ is) (VP (VBG working) (ADVP (RB correctly)))))))))))))))))))))) (. .))) 
1043,2,3,this,instance,In this instance the Text tool is selected so you can work on all the options such as the font and text size as well as the text justification .,(ROOT (S (PP (IN In) (NP (NP (DT this) (NN instance)) (SBAR (S (NP (DT the)) (VP (VB Text)))))) (NP (NN tool)) (VP (VBZ is) (VP (VBN selected) (SBAR (IN so) (S (NP (PRP you)) (VP (MD can) (VP (VB work) (PP (IN on) (NP (NP (PDT all) (DT the) (NNS options)) (PP (JJ such) (IN as) (NP (NP (DT the) (NP (NN font) (CC and) (NN text)) (NN size)) (CONJP (RB as) (RB well) (IN as)) (NP (DT the) (NN text) (NN justification)))))))))))) (. .))) 
1052,11,12,this,time,"-LSB- ScreenShot010.jpg -RSB- -LRB- / / upload.wikimedia.org/wikipedia/commons/8/82/ScreenShot010.jpg -RRB- However , this time you need to select the option in the screenshot above from the Tool Options dialogue .","(ROOT (S (SBAR (-LRB- -LSB-) (S (NP (NN ScreenShot010.jpg)) (VP (-RRB- -RSB-) (S (-LRB- -LRB-) (NP (: /) (: /) (NN upload.wikimedia.org/wikipedia/commons/8/82/ScreenShot010.jpg)) (-RRB- -RRB-) (ADVP (RB However)))))) (, ,) (NP-TMP (DT this) (NN time)) (NP (PRP you)) (VP (VBP need) (S (VP (TO to) (VP (VB select) (NP (NP (DT the) (NN option)) (PP (IN in) (NP (DT the) (NN screenshot)))) (PP (IN above) (PP (IN from) (NP (DT the) (NNP Tool) (NNPS Options) (NN dialogue)))))))) (. .))) "
1054,2,4,this,fill,"After this just fill and stroke as for speech bubbles , move stuff around to your satisfaction , remember to delete the filter and - one thought bubble !","(ROOT (S (PP (IN After) (NP (NP (DT this) (RB just) (NN fill)) (CC and) (NP (NP (NN stroke)) (PP (IN as) (PP (IN for) (NP (NN speech) (NNS bubbles))))))) (, ,) (S (VP (VB move) (NP (NN stuff)) (PP (IN around) (PP (TO to) (NP (PRP$ your) (NN satisfaction)))))) (, ,) (VP (VBP remember) (S (VP (TO to) (VP (VB delete) (NP (NP (DT the) (NN filter)) (CC and) (PRN (: -) (NP (CD one))) (NP (NN thought) (NN bubble))))))) (. !))) "
1088,16,17,this,point,-LSB- Gimp hdr rough.jpg -RSB- -LRB- / / upload.wikimedia.org/wikibooks/en/b/bf/Gimp_hdr_rough.jpg -RRB- The image looks rough at this point .,(ROOT (S (NP (-LRB- -LSB-) (NNP Gimp) (NN hdr) (NN rough.jpg) (-RRB- -RSB-)) (PRN (-LRB- -LRB-) (PP (: /) (NP (: /) (NN upload.wikimedia.org/wikibooks/en/b/bf/Gimp_hdr_rough.jpg))) (-RRB- -RRB-)) (NP (DT The) (NN image)) (VP (VBZ looks) (ADJP (JJ rough) (PP (IN at) (NP (DT this) (NN point))))) (. .))) 
1089,3,7,this,mask,To fix this select the layer mask and apply a -LSB- Gaussian blur -RSB- -LRB- / wiki/The _ GIMP/Gaussian _ Blur -RRB- to it .,(ROOT (S (VP (TO To) (VP (VP (VB fix) (NP (DT this) (JJ select) (NP (DT the) (NN layer)) (NN mask))) (CC and) (VP (VB apply) (NP (NP (NP (DT a) (-LRB- -LSB-) (JJ Gaussian) (NN blur) (-RRB- -RSB-)) (-LRB- -LRB-) (NP (: /) (NNP wiki/The) (CD _) (JJ GIMP/Gaussian) (CD _) (NN Blur)) (-RRB- -RRB-)) (PP (TO to) (NP (PRP it))))))) (. .))) 
1091,16,17,this,value,The needed strength of the Gaussian blur will depend on the image so experiment with this value .,(ROOT (S (NP (NP (DT The) (VBN needed) (NN strength)) (PP (IN of) (NP (DT the) (JJ Gaussian) (NN blur)))) (VP (MD will) (VP (VB depend) (PP (IN on) (NP (DT the) (NN image))) (SBAR (RB so) (S (VP (NN experiment) (PP (IN with) (NP (DT this) (NN value)))))))) (. .))) 
1110,5,6,this,package,You need to extract this package .,(ROOT (S (NP (PRP You)) (VP (VBP need) (S (VP (TO to) (VP (VB extract) (NP (DT this) (NN package)))))) (. .))) 
1143,2,3,this,case,"In this case , however , the plugins you install will only be available to the user who installed them , which may not be what you want .","(ROOT (S (PP (IN In) (NP (DT this) (NN case))) (, ,) (ADVP (RB however)) (, ,) (NP (NP (DT the) (NNS plugins)) (SBAR (S (NP (PRP you)) (VP (VBP install))))) (VP (MD will) (ADVP (RB only)) (VP (VB be) (ADJP (JJ available) (PP (TO to) (NP (NP (DT the) (NN user)) (SBAR (WHNP (WP who)) (S (VP (VBD installed) (NP (NP (PRP them)) (, ,) (SBAR (WHNP (WDT which)) (S (VP (MD may) (RB not) (VP (VB be) (SBAR (WHNP (WP what)) (S (NP (PRP you)) (VP (VBP want))))))))))))))))) (. .))) "
1149,10,11,these,file,Note that you have to be root to access these files .,(ROOT (S (VP (VB Note) (SBAR (IN that) (S (NP (PRP you)) (VP (VBP have) (S (VP (TO to) (VP (VB be) (NP (NN root)) (PP (TO to) (NP (NP (NN access)) (NP (DT these) (NNS files))))))))))) (. .))) 
1158,14,15,this,example,Let 's assume we have downloaded the python script for the sake of this example .,(ROOT (S (VP (VB Let) (S (NP (PRP 's)) (VP (VB assume) (SBAR (S (NP (PRP we)) (VP (VBP have) (VP (VBN downloaded) (NP (DT the) (NN python) (NN script)) (PP (IN for) (NP (NP (DT the) (NN sake)) (PP (IN of) (NP (DT this) (NN example)))))))))))) (. .))) 
1163,2,3,this,dialog,"In this dialog , click on `` Folders > Plug-ins '' and you will find the directory where GIMP installs all its plug-ins .","(ROOT (S (PP (IN In) (NP (DT this) (NN dialog))) (, ,) (VP (VBP click) (PP (IN on) (`` ``) (NP (NP (NNP Folders)) (NP (JJR >) (NNS Plug-ins))) ('' '')) (PRN (CC and) (S (NP (PRP you)) (VP (MD will) (VP (VB find) (NP (DT the) (NN directory)))))) (SBAR (WHADVP (WRB where)) (S (NP (NNP GIMP)) (VP (VBZ installs) (NP (DT all) (PRP$ its) (NNS plug-ins)))))) (. .))) "
1165,4,5,this,folder,py -RRB- into this folder as follows : $ sudo cp gimp-script .,(ROOT (NP (NP (NP (NN py)) (VP (-RRB- -RRB-) (PP (IN into) (NP (DT this) (NN folder))) (SBAR (IN as) (S (VP (VBZ follows)))))) (: :) (NP (NP ($ $) (CD sudo)) (ADJP (NN cp) (NN gimp-script))) (. .))) 
1172,2,3,this,plugin,"If this plugin makes a certain image type supported , try opening a file of that type .","(ROOT (S (SBAR (IN If) (S (NP (DT this) (NN plugin)) (VP (VBZ makes) (SBAR (S (NP (DT a) (JJ certain) (NN image) (NN type)) (VP (VBD supported))))))) (, ,) (VP (VB try) (S (VP (VBG opening) (NP (NP (DT a) (NN file)) (PP (IN of) (NP (DT that) (NN type))))))) (. .))) "
1172,16,17,that,type,"If this plugin makes a certain image type supported , try opening a file of that type .","(ROOT (S (SBAR (IN If) (S (NP (DT this) (NN plugin)) (VP (VBZ makes) (SBAR (S (NP (DT a) (JJ certain) (NN image) (NN type)) (VP (VBD supported))))))) (, ,) (VP (VB try) (S (VP (VBG opening) (NP (NP (DT a) (NN file)) (PP (IN of) (NP (DT that) (NN type))))))) (. .))) "
1183,23,24,these,problem,"Since regular patterns have a very small bandwidth in the image 's spectrum , a simple and effective technique for dealing with these problems is to identify the interfering features in the power spectrum image produced by Fourier analysis , eliminate them , and convert back to image space .","(ROOT (S (SBAR (IN Since) (S (NP (JJ regular) (NNS patterns)) (VP (VBP have) (NP (NP (DT a) (ADJP (RB very) (JJ small)) (NN bandwidth)) (PP (IN in) (NP (NP (DT the) (NN image) (POS 's)) (NN spectrum))))))) (, ,) (NP (NP (DT a) (ADJP (JJ simple) (CC and) (JJ effective)) (NN technique)) (PP (IN for) (S (VP (VBG dealing) (PP (IN with) (NP (DT these) (NNS problems))))))) (VP (VBZ is) (S (VP (TO to) (VP (VP (VB identify) (NP (DT the) (VBG interfering) (NNS features)) (PP (IN in) (NP (NP (DT the) (NN power) (NN spectrum) (NN image)) (VP (VBN produced) (PP (IN by) (NP (NN Fourier) (NN analysis))))))) (, ,) (VP (VB eliminate) (NP (PRP them))) (, ,) (CC and) (VP (VB convert) (ADVP (RB back)) (PP (TO to) (NP (NN image) (NN space)))))))) (. .))) "
1184,27,29,this,how-to,"In order to fully understand _ what _ you are doing here , you should know the basic principles of Fourier analysis ; anyway , following this step-by-step how-to will let you removing any unwanted regular pattern over the picture you want .","(ROOT (S (S (SBAR (IN In) (NN order) (S (VP (TO to) (VP (ADVP (RB fully)) (VB understand) (NP (CD _)) (SBAR (WHNP (WDT what)) (S (ADVP (RB _)) (NP (PRP you)) (VP (VBP are) (VP (VBG doing) (ADVP (RB here)))))))))) (, ,) (NP (PRP you)) (VP (MD should) (VP (VB know) (NP (NP (DT the) (JJ basic) (NNS principles)) (PP (IN of) (NP (NN Fourier) (NN analysis))))))) (: ;) (S (ADVP (RB anyway)) (, ,) (S (VP (VBG following) (SBAR (S (NP (DT this) (JJ step-by-step) (JJ how-to)) (VP (MD will) (VP (VB let) (S (NP (PRP you)) (VP (VBG removing) (NP (DT any) (JJ unwanted) (JJ regular) (NN pattern)) (PP (IN over) (NP (DT the) (NN picture))))))))))) (NP (PRP you)) (VP (VBP want))) (. .))) "
1186,6,7,this,section,"Since Gimp is multi-platform , this section could be generalized to any OS .","(ROOT (S (SBAR (IN Since) (S (NP (NNP Gimp)) (VP (VBZ is) (ADJP (JJ multi-platform))))) (, ,) (NP (DT this) (NN section)) (VP (MD could) (VP (VB be) (VP (VBN generalized) (PP (TO to) (NP (DT any) (NN OS)))))) (. .))) "
1207,7,8,that,information,"It is very difficult to preserve that information , and it will not be considered in this tutorial : losing some information will be the cost of removing the noise .","(ROOT (S (S (S (NP (PRP It)) (VP (VBZ is) (ADJP (RB very) (JJ difficult)) (S (VP (TO to) (VP (VB preserve) (NP (DT that) (NN information))))))) (, ,) (CC and) (S (NP (PRP it)) (VP (MD will) (RB not) (VP (VB be) (VP (VBN considered) (PP (IN in) (NP (DT this) (NN tutorial)))))))) (: :) (S (S (VP (VBG losing) (NP (DT some) (NN information)))) (VP (MD will) (VP (VB be) (NP (NP (DT the) (NN cost)) (PP (IN of) (S (VP (VBG removing) (NP (DT the) (NN noise))))))))) (. .))) "
1207,17,18,this,tutorial,"It is very difficult to preserve that information , and it will not be considered in this tutorial : losing some information will be the cost of removing the noise .","(ROOT (S (S (S (NP (PRP It)) (VP (VBZ is) (ADJP (RB very) (JJ difficult)) (S (VP (TO to) (VP (VB preserve) (NP (DT that) (NN information))))))) (, ,) (CC and) (S (NP (PRP it)) (VP (MD will) (RB not) (VP (VB be) (VP (VBN considered) (PP (IN in) (NP (DT this) (NN tutorial)))))))) (: :) (S (S (VP (VBG losing) (NP (DT some) (NN information)))) (VP (MD will) (VP (VB be) (NP (NP (DT the) (NN cost)) (PP (IN of) (S (VP (VBG removing) (NP (DT the) (NN noise))))))))) (. .))) "
1232,24,25,those,spot,"In the picture on the right , you can see the spectrum of the red layer , with two blinking arrows pointing where those spots are .","(ROOT (S (PP (IN In) (NP (NP (DT the) (NN picture)) (PP (IN on) (NP (DT the) (NN right))))) (, ,) (NP (PRP you)) (VP (MD can) (VP (VB see) (NP (NP (DT the) (NN spectrum)) (PP (IN of) (NP (DT the) (JJ red) (NN layer)))) (, ,) (SBAR (IN with) (S (NP (CD two)) (VP (RB blinking) (NP (NNS arrows))))) (S (VP (VBG pointing) (SBAR (WHADVP (WRB where)) (S (NP (DT those) (NNS spots)) (VP (VBP are)))))))) (. .))) "
1309,10,11,this,button,"-LSB- Shine02.png -RSB- -LRB- / / upload.wikimedia.org/wikibooks/en/f/f8/Shine02.png -RRB- For this button I selected all , then did Image > Select > Rounded Rectangle , with a radius of 50 .","(ROOT (SINV (SBAR (WHNP (NP (-LRB- -LSB-) (NP (NN Shine02.png)) (-RRB- -RSB-) (PRN (-LRB- -LRB-) (NP (: /) (: /) (NN upload.wikimedia.org/wikibooks/en/f/f8/Shine02.png)) (-RRB- -RRB-))) (PP (IN For) (NP (DT this) (NN button)))) (S (NP (PRP I)) (VP (VBD selected) (RB all)))) (, ,) (ADVP (RB then)) (VBD did) (NP (NP (NN Image)) (SBAR (S (NP (NP (ADJP (JJR >)) (NNP Select)) (ADJP (JJR >))) (VP (VBD Rounded) (NP (NNP Rectangle)) (, ,) (PP (IN with) (NP (NP (DT a) (NN radius)) (PP (IN of) (NP (CD 50))))))))) (. .))) "
1336,14,15,this,page,php?title = GIMP/Print _ version & action = info -RRB- * -LSB- Cite this page -RSB- -LRB- / w/index .,(ROOT (S (NP (NP (NN php?title)) (ADJP (ADJP (ADJP (JJ =)) (PRN (NP (NP (NN GIMP/Print) (NN _) (NN version)) (CC &) (NP (NN action) (JJ =) (NN info))) (-RRB- -RRB-))) (SBAR (X (SYM *)) (S (NP (-LRB- -LSB-)) (VP (VB Cite) (NP (DT this) (NN page))))))) (VP (-RRB- -RSB-) (-LRB- -LRB-) (VP (: /) (NP (NN w/index)))) (. .))) 
1342,3,4,this,site,"By using this site , you agree to the -LSB- Terms of Use -RSB- -LRB- / / wikimediafoundation.org/wiki/Terms_of_Use -RRB- and -LSB- Privacy Policy . -RSB-","(ROOT (S (PP (IN By) (S (VP (VBG using) (NP (DT this) (NN site))))) (, ,) (NP (PRP you)) (VP (VBP agree) (PP (PP (TO to) (NP (NP (DT the) (-LRB- -LSB-) (NNS Terms)) (PP (IN of) (NP (NP (NN Use) (-RRB- -RSB-)) (PRN (-LRB- -LRB-) (NP (: /) (: /) (NN wikimediafoundation.org/wiki/Terms_of_Use)) (-RRB- -RRB-)))))) (CC and) (PP (-LRB- -LSB-) (NP (NNP Privacy) (NNP Policy))))) (. .) (-RRB- -RSB-))) "
