3,7,8,this,page,-LSB- Unreviewed changes are displayed on this page -RSB- -LRB- / / bits.wikimedia.org/static-1.22wmf19/extensions/FlaggedRevs/frontend/modules/img/1.png -RRB- This page may need to be -LSB- reviewed -RSB- -LRB- / wiki/Wikibooks : REVIEW -RRB- for quality .,(ROOT (S (SBAR (-LRB- -LSB-) (S (NP (JJ Unreviewed) (NNS changes)) (VP (VBP are) (VP (VBN displayed) (PP (IN on) (NP (DT this) (NN page) (-RRB- -RSB-))))))) (PRN (-LRB- -LRB-) (VP (: /) (NP (: /) (NN bits.wikimedia.org/static-1.22wmf19/extensions/FlaggedRevs/frontend/modules/img/1.png))) (-RRB- -RRB-)) (NP (DT This) (NN page)) (VP (MD may) (VP (VB need) (S (VP (TO to) (VP (VB be) (VP (-LRB- -LSB-) (VP (VBN reviewed) (NP (NP (NP (-RRB- -RSB-)) (PRN (-LRB- -LRB-) (NP (NP (: /) (NNS wiki/Wikibooks)) (: :) (NP (NNP REVIEW))) (-RRB- -RRB-))) (PP (IN for) (NP (NN quality))))))))))) (. .))) 
5,42,43,this,message,-LSB- Printer.svg -RSB- -LRB- / / upload.wikimedia.org/wikipedia/commons/thumb/2/23/Printer.svg/40px-Printer.svg.png -RRB- ** This is the -LSB- print version -RSB- -LRB- / wiki/Help : Print_versions -RRB- of -LSB- How to Pass a Course -RSB- -LRB- / wiki/How _ to_Pass_a_Course -RRB- ** You wo n't see this message or any elements not part of the book 's content when you print or -LSB- preview -RSB- -LRB- / / en.wikibooks.org/w/index.php?title=How_to_Pass_a_Course/Print_Version&action=purge&printable=yes -RRB- this page .,(ROOT (S (NP (-LRB- -LSB-) (NN Printer.svg)) (VP (-RRB- -RSB-) (PRN (-LRB- -LRB-) (PP (: /) (NP (: /) (NN upload.wikimedia.org/wikipedia/commons/thumb/2/23/Printer.svg/40px-Printer.svg.png))) (-RRB- -RRB-)) (SBAR (SBAR (X (SYM **)) (S (NP (DT This)) (VP (VBZ is) (NP (NP (NP (DT the) (-LRB- -LSB-) (NN print) (NN version) (-RRB- -RSB-)) (PRN (-LRB- -LRB-) (NP (NP (: /) (NN wiki/Help)) (: :) (NP (NNS Print_versions))) (-RRB- -RRB-))) (PP (IN of)))))) (-LRB- -LSB-) (SBAR (WHADVP (WRB How)) (S (VP (TO to) (VP (VB Pass) (NP (DT a) (NNP Course)))))) (-RRB- -RSB-) (PRN (-LRB- -LRB-) (PP (: /) (NP (NNP wiki/How) (CD _) (NN to_Pass_a_Course))) (-RRB- -RRB-)) (SBAR (X (SYM **)) (S (NP (PRP You)) (VP (MD wo) (RB n't) (VP (VP (VB see) (NP (NP (DT this) (NN message)) (CC or) (NP (DT any) (NNS elements))) (PP (RB not) (NP (NP (NN part)) (PP (IN of) (NP (NP (DT the) (NN book) (POS 's)) (NN content))))) (SBAR (WHADVP (WRB when)) (S (NP (PRP you)) (VP (VBP print))))) (CC or) (VP (-LRB- -LSB-) (NP (NP (NN preview)) (-RRB- -RSB-) (PRN (-LRB- -LRB-) (NP (: /) (: /) (NNS en.wikibooks.org/w/index.php?title=How_to_Pass_a_Course/Print_Version&action=purge&printable=yes)) (-RRB- -RRB-)) (NP (DT this) (NN page)))))))))) (. .))) 
5,66,67,this,page,-LSB- Printer.svg -RSB- -LRB- / / upload.wikimedia.org/wikipedia/commons/thumb/2/23/Printer.svg/40px-Printer.svg.png -RRB- ** This is the -LSB- print version -RSB- -LRB- / wiki/Help : Print_versions -RRB- of -LSB- How to Pass a Course -RSB- -LRB- / wiki/How _ to_Pass_a_Course -RRB- ** You wo n't see this message or any elements not part of the book 's content when you print or -LSB- preview -RSB- -LRB- / / en.wikibooks.org/w/index.php?title=How_to_Pass_a_Course/Print_Version&action=purge&printable=yes -RRB- this page .,(ROOT (S (NP (-LRB- -LSB-) (NN Printer.svg)) (VP (-RRB- -RSB-) (PRN (-LRB- -LRB-) (PP (: /) (NP (: /) (NN upload.wikimedia.org/wikipedia/commons/thumb/2/23/Printer.svg/40px-Printer.svg.png))) (-RRB- -RRB-)) (SBAR (SBAR (X (SYM **)) (S (NP (DT This)) (VP (VBZ is) (NP (NP (NP (DT the) (-LRB- -LSB-) (NN print) (NN version) (-RRB- -RSB-)) (PRN (-LRB- -LRB-) (NP (NP (: /) (NN wiki/Help)) (: :) (NP (NNS Print_versions))) (-RRB- -RRB-))) (PP (IN of)))))) (-LRB- -LSB-) (SBAR (WHADVP (WRB How)) (S (VP (TO to) (VP (VB Pass) (NP (DT a) (NNP Course)))))) (-RRB- -RSB-) (PRN (-LRB- -LRB-) (PP (: /) (NP (NNP wiki/How) (CD _) (NN to_Pass_a_Course))) (-RRB- -RRB-)) (SBAR (X (SYM **)) (S (NP (PRP You)) (VP (MD wo) (RB n't) (VP (VP (VB see) (NP (NP (DT this) (NN message)) (CC or) (NP (DT any) (NNS elements))) (PP (RB not) (NP (NP (NN part)) (PP (IN of) (NP (NP (DT the) (NN book) (POS 's)) (NN content))))) (SBAR (WHADVP (WRB when)) (S (NP (PRP you)) (VP (VBP print))))) (CC or) (VP (-LRB- -LSB-) (NP (NP (NN preview)) (-RRB- -RSB-) (PRN (-LRB- -LRB-) (NP (: /) (: /) (NNS en.wikibooks.org/w/index.php?title=How_to_Pass_a_Course/Print_Version&action=purge&printable=yes)) (-RRB- -RRB-)) (NP (DT this) (NN page)))))))))) (. .))) 
9,5,8,that,effectiveness,"Also , please remember that study technique effectiveness is a most personal question - this wikibook is concentrating mostly on the techniques that commonly work well .","(ROOT (S (ADVP (RB Also)) (, ,) (S (S (INTJ (VB please)) (VP (VB remember) (NP (DT that) (NN study) (NN technique) (NN effectiveness)))) (VP (VBZ is) (NP (DT a) (ADJP (RBS most) (JJ personal)) (NN question)))) (: -) (S (NP (DT this) (NN wikibook)) (VP (VBZ is) (VP (VBG concentrating) (ADVP (RB mostly)) (PP (IN on) (NP (NP (DT the) (NNS techniques)) (SBAR (WHNP (WDT that)) (S (ADVP (RB commonly)) (VP (VBP work) (ADVP (RB well)))))))))) (. .))) "
9,15,16,this,wikibook,"Also , please remember that study technique effectiveness is a most personal question - this wikibook is concentrating mostly on the techniques that commonly work well .","(ROOT (S (ADVP (RB Also)) (, ,) (S (S (INTJ (VB please)) (VP (VB remember) (NP (DT that) (NN study) (NN technique) (NN effectiveness)))) (VP (VBZ is) (NP (DT a) (ADJP (RBS most) (JJ personal)) (NN question)))) (: -) (S (NP (DT this) (NN wikibook)) (VP (VBZ is) (VP (VBG concentrating) (ADVP (RB mostly)) (PP (IN on) (NP (NP (DT the) (NNS techniques)) (SBAR (WHNP (WDT that)) (S (ADVP (RB commonly)) (VP (VBP work) (ADVP (RB well)))))))))) (. .))) "
33,4,5,this,decision,"To best make this decision -LRB- and to do so early on -RRB- , think about the type of evaluation the teacher is going to be giving .","(ROOT (S (PP (TO To) (NP (NP (JJS best)) (SBAR (S (VP (VBP make) (NP (DT this) (NN decision))) (PRN (-LRB- -LRB-) (CC and) (S (VP (TO to) (VP (VB do) (ADVP (RB so) (RB early)) (PP (IN on))))) (-RRB- -RRB-)))) (, ,) (SBAR (S (VP (VBP think) (PP (IN about) (NP (NP (DT the) (NN type)) (PP (IN of) (NP (NN evaluation)))))))))) (NP (DT the) (NN teacher)) (VP (VBZ is) (VP (VBG going) (S (VP (TO to) (VP (VB be) (VP (VBG giving))))))) (. .))) "
39,16,17,these,suggestion,## Taking notes constantly from a tirade of new vocabulary Cruel exceptions are present to these suggestions .,(ROOT (S (NP (NP (NN ##)) (VP (VBG Taking) (NP (NNS notes)) (ADVP (RB constantly)) (PP (IN from) (NP (NP (DT a) (NN tirade)) (PP (IN of) (NP (NP (JJ new) (NN vocabulary)) (NP (JJ Cruel) (NNS exceptions)))))))) (VP (VBP are) (ADJP (JJ present) (PP (TO to) (NP (DT these) (NNS suggestions))))) (. .))) 
44,2,3,that,situation,"In that situation , raise your hand and ask for clarification .","(ROOT (S (PP (IN In) (NP (DT that) (NN situation))) (, ,) (VP (VP (VB raise) (NP (PRP$ your) (NN hand))) (CC and) (VP (VB ask) (PP (IN for) (NP (NN clarification))))) (. .))) "
51,11,12,this,morning,"People who did very poorly on the test got up this morning and said to themselves , ` today , I 'm going to sit at the front of the class ' .","(ROOT (S (NP (NP (NNS People)) (SBAR (WHNP (WP who)) (S (VP (VBD did) (ADVP (RB very) (RB poorly)) (PP (IN on) (NP (DT the) (NN test))))))) (VP (VP (VBD got) (PRT (RP up)) (NP (DT this) (NN morning))) (CC and) (VP (VBD said) (PP (TO to) (NP (NP (PRP themselves)) (, ,) (`` `) (S (NP-TMP (NN today)) (, ,) (NP (PRP I)) (VP (VBP 'm) (VP (VBG going) (S (VP (TO to) (VP (VB sit) (PP (IN at) (NP (NP (DT the) (NN front)) (PP (IN of) (NP (DT the) (NN class))))))))))) ('' '))))) (. .))) "
54,9,18,this,stereotype,There is no reason to put up with this just to maintain some kind of good student stereotype .,(ROOT (S (NP (EX There)) (VP (VBZ is) (NP (DT no) (NN reason) (S (VP (TO to) (VP (VB put) (PRT (RP up)) (PP (IN with) (NP (DT this) (ADJP (RB just) (S (VP (TO to) (VP (VB maintain) (NP (NP (DT some) (NN kind)) (PP (IN of) (NP (JJ good) (NN student)))))))) (NN stereotype)))))))) (. .))) 
64,6,7,that,b,"Make sure you go for that B , and if time permits , polish it to make it an A. However , an assignment that 's not turned in will give you no credit at all .","(ROOT (S (S (VP (VB Make) (ADJP (JJ sure)) (SBAR (SBAR (S (NP (PRP you)) (VP (VBP go) (PP (IN for) (NP (DT that) (NN B)))))) (, ,) (CC and) (SBAR (IN if) (S (NP (NN time) (NNS permits)) (, ,) (VP (VBP polish) (S (NP (PRP it)) (VP (TO to) (VP (VB make) (S (NP (PRP it)) (NP (DT an) (NN A.))) (ADVP (RB However))))))))))) (, ,) (NP (NP (DT an) (NN assignment)) (SBAR (WHNP (WDT that)) (S (VP (VBZ 's) (RB not) (VP (VBN turned) (PRT (RP in))))))) (VP (MD will) (VP (VB give) (NP (PRP you)) (NP (NP (DT no) (NN credit)) (PP (IN at) (NP (DT all)))))) (. .))) "
82,2,3,this,idea,"State this idea in the first one or two sentences , then provide details , an example , or a quote .","(ROOT (S (NP (NP (NN State) (DT this) (NN idea)) (PP (IN in) (NP (NP (DT the) (JJ first) (CD one)) (CC or) (NP (CD two) (NNS sentences))))) (, ,) (ADVP (RB then)) (VP (VBP provide) (NP (NP (NNS details)) (, ,) (NP (DT an) (NN example)) (, ,) (CC or) (NP (DT a) (NN quote)))) (. .))) "
104,2,3,this,line,And this line can be described as citing your sources .,(ROOT (S (CC And) (NP (DT this) (NN line)) (VP (MD can) (VP (VB be) (VP (VBN described) (PP (IN as) (S (VP (VBG citing) (NP (PRP$ your) (NNS sources)))))))) (. .))) 
135,21,22,these,question,"There may be concepts that you can not be sure you understand well even with careful re-readings , write down these questions for later .","(ROOT (S (NP (EX There)) (VP (MD may) (VP (VB be) (NP (NNS concepts)) (SBAR (IN that) (S (NP (PRP you)) (VP (MD can) (RB not) (VP (VB be) (ADJP (JJ sure) (SBAR (S (NP (PRP you)) (VP (VBP understand) (ADVP (RB well) (RB even)) (PP (IN with) (NP (JJ careful) (NNS re-readings))) (, ,) (S (VP (VB write) (PRT (RP down)) (NP (NP (DT these) (NNS questions)) (PP (IN for) (NP (RB later)))))))))))))))) (. .))) "
148,8,9,these,step,"If the student is fastidious about following these steps , absorbing and retaining the information will come .","(ROOT (S (SBAR (IN If) (S (NP (DT the) (NN student)) (VP (VBZ is) (ADJP (JJ fastidious) (PP (IN about) (S (VP (VBG following) (NP (DT these) (NNS steps))))))))) (, ,) (S (VP (VBG absorbing) (CC and) (VBG retaining) (NP (DT the) (NN information)))) (VP (MD will) (VP (VB come))) (. .))) "
152,9,10,those,problem,"Do them again and again , and when those problems are mastered , find more to do .","(ROOT (S (S (VP (VB Do) (NP (PRP them)) (ADVP (RB again) (CC and) (RB again)))) (, ,) (CC and) (S (SBAR (WHADVP (WRB when)) (S (NP (DT those) (NNS problems)) (VP (VBP are) (VP (VBN mastered))))) (, ,) (VP (VB find) (NP (JJR more)) (S (VP (TO to) (VP (VB do)))))) (. .))) "
158,4,6,these,page,"Reading all of these related pages will let you see the same information presented in a different context , which is the best way to study .","(ROOT (S (S (VP (VBG Reading) (NP (NP (DT all)) (PP (IN of) (NP (DT these) (JJ related) (NNS pages)))))) (VP (MD will) (VP (VB let) (S (NP (PRP you)) (VP (VB see) (NP (NP (DT the) (JJ same) (NN information)) (VP (VBN presented) (PP (IN in) (NP (NP (DT a) (JJ different) (NN context)) (, ,) (SBAR (WHNP (WDT which)) (S (VP (VBZ is) (NP (NP (DT the) (JJS best) (NN way)) (SBAR (S (VP (TO to) (VP (VB study))))))))))))))))) (. .))) "
176,3,5,this,situation,_ In this make-believe situation : You _ review the notes _ and notice how the ending material of the notes are similar to the material seen before the ending part of Chapter 10 .,(ROOT (S (PP (NP (NN _)) (IN In) (NP (DT this) (JJ make-believe) (NN situation))) (: :) (NP (PRP You)) (VP (VBP _) (VP (VP (VB review) (NP (DT the) (NNS notes) (NN _))) (CC and) (VP (VB notice) (SBAR (WHADVP (WRB how)) (S (NP (NP (DT the) (VBG ending) (NN material)) (PP (IN of) (NP (DT the) (NNS notes)))) (VP (VBP are) (ADJP (JJ similar) (PP (TO to) (NP (NP (DT the) (NN material)) (VP (VBN seen) (PP (IN before) (NP (NP (DT the) (VBG ending) (NN part)) (PP (IN of) (NP (NN Chapter) (CD 10))))))))))))))) (. .))) 
182,28,29,that,material,"Studying materials on notes gives a person a chance to know what the teacher expects you to know , now that the teacher has presented you with that material .","(ROOT (S (NP (NP (VBG Studying) (NNS materials)) (PP (IN on) (NP (NNS notes)))) (VP (VBZ gives) (NP (DT a) (NN person)) (NP (DT a) (NN chance) (S (VP (TO to) (VP (VB know) (SBAR (WHNP (WP what)) (S (NP (DT the) (NN teacher)) (VP (VBZ expects) (S (NP (PRP you)) (VP (TO to) (VP (VB know) (, ,) (ADVP (RB now)) (SBAR (IN that) (S (NP (DT the) (NN teacher)) (VP (VBZ has) (VP (VBN presented) (NP (PRP you)) (PP (IN with) (NP (DT that) (NN material)))))))))))))))))) (. .))) "
187,17,18,this,challenge,One kind is practical -- getting good quality sound -LRB- see below for more discussion of this challenge -RRB- .,(ROOT (S (S (NP (CD One) (NN kind)) (VP (VBZ is) (ADJP (JJ practical)))) (: --) (S (VP (VBG getting) (NP (NP (JJ good) (NN quality) (NN sound)) (PRN (-LRB- -LRB-) (S (VP (VB see) (PP (IN below) (IN for) (NP (NP (JJR more) (NN discussion)) (PP (IN of) (NP (DT this) (NN challenge))))))) (-RRB- -RRB-))))) (. .))) 
200,19,20,this,long,Some classes last two hours and thirty minutes -LRB- 2:30 hours -RRB- A recorder that can record for this long is essential .,(ROOT (S (NP (NP (NP (NP (DT Some) (NNS classes) (JJ last)) (NP-TMP (CD two) (NNS hours))) (CC and) (NP (NP (CD thirty) (NNS minutes) (PRN (-LRB- -LRB-) (NP (CD 2:30) (NNS hours)) (-RRB- -RRB-))) (NP (DT A) (NN recorder)))) (SBAR (WHNP (WDT that)) (S (VP (MD can) (VP (VB record) (PP (IN for) (NP (DT this) (JJ long)))))))) (VP (VBZ is) (ADJP (JJ essential))) (. .))) 
220,6,7,these,problem,_ The remedies recommended for these problems are as follows : _ * Use an inkpen .,(ROOT (S (NP (NP (NN _)) (SBAR (S (NP (DT The) (NNS remedies)) (VP (VBD recommended) (SBAR (IN for) (S (NP (DT these) (NNS problems)) (VP (VBP are) (ADJP (IN as))))))))) (VP (VBZ follows) (: :) (S (NP (CD _)) (VP (SYM *) (VP (VB Use) (NP (DT an) (NN inkpen)))))) (. .))) 
236,17,18,those,file,"With one or more file belong to a particular date , say Feb-26-07 , I put those files in a computer folder labeled : Feb-26-07 From there , I make a backup copy of the files inside the folders and put them on a CD .","(ROOT (S (S (SBAR (IN With) (S (NP (NP (CD one)) (CC or) (NP (JJR more) (NN file))) (VP (VP (VBP belong) (PP (TO to) (NP (DT a) (JJ particular) (NN date)))) (, ,) (VP (VBP say) (NP (NN Feb-26-07)))))) (, ,) (NP (PRP I)) (VP (VBD put) (NP (DT those) (NNS files)) (PP (IN in) (NP (NP (DT a) (NN computer) (NN folder)) (VP (VBN labeled)))))) (: :) (S (PP (NP (NN Feb-26-07)) (IN From) (NP (RB there))) (, ,) (NP (PRP I)) (VP (VP (VBP make) (NP (NP (DT a) (NN backup) (NN copy)) (PP (IN of) (NP (NP (DT the) (NNS files)) (PP (IN inside) (NP (DT the) (NNS folders))))))) (CC and) (VP (VBD put) (NP (PRP them)) (PP (IN on) (NP (DT a) (NN CD)))))) (. .))) "
239,8,9,that,cd,"Also , I create a backup of that CD .","(ROOT (S (ADVP (RB Also)) (, ,) (NP (PRP I)) (VP (VBP create) (NP (NP (DT a) (NN backup)) (PP (IN of) (NP (DT that) (NN CD))))) (. .))) "
241,27,28,that,disc,"* After burning a CD , make a backup on a DVD -LRB- if possible -- if not , then a CD -RRB- and then store that disc somewhere safe .","(ROOT (X (X (SYM *)) (PP (IN After) (S (VP (VBG burning) (SBAR (S (NP (DT a) (NNP CD) (, ,)) (VP (VBP make) (NP (NP (NP (DT a) (NN backup)) (PP (IN on) (NP (NP (NP (DT a) (NN DVD)) (PRN (-LRB- -LRB-) (PP (IN if) (NP (NP (NP (JJ possible)) (PRN (: --) (FRAG (IN if) (RB not)))) (, ,) (ADVP (RB then)) (NP (DT a) (NN CD)))) (-RRB- -RRB-))) (CC and) (NP (ADVP (RB then)) (NN store))))) (X (SBARQ (WHNP (WDT that) (NN disc)) (ADVP (RB somewhere) (JJ safe))) (. .))))))))))) "
246,23,24,that,recorder,"If you use a program to listen to the audio files , it would be best to find the setup program of that recorder .","(ROOT (S (SBAR (IN If) (S (NP (PRP you)) (VP (VBP use) (S (NP (DT a) (NN program)) (VP (TO to) (VP (VB listen) (PP (TO to) (NP (DT the) (JJ audio) (NNS files))))))))) (, ,) (NP (PRP it)) (VP (MD would) (VP (VB be) (ADJP (RB best) (S (VP (TO to) (VP (VB find) (NP (NP (DT the) (NN setup) (NN program)) (PP (IN of) (NP (DT that) (NN recorder)))))))))) (. .))) "
262,13,14,this,entry,"I could be wrong , if I am , please someone correct this entry .","(ROOT (S (NP (PRP I)) (VP (MD could) (VP (VP (VB be) (ADJP (JJ wrong)) (, ,) (SBAR (IN if) (S (NP (PRP I)) (VP (VBP am))))) (PRN (, ,) (S (VP (VB please) (S (NP (NN someone)) (ADJP (JJ correct)))))) (NP (DT this) (NN entry)))) (. .))) "
280,2,3,that,situation,"In that situation , a voice recorder would be highly regarded as necessary .","(ROOT (S (PP (IN In) (NP (DT that) (NN situation))) (, ,) (NP (DT a) (NN voice) (NN recorder)) (VP (MD would) (VP (VB be) (ADJP (RB highly) (VBN regarded)) (PP (RB as) (ADJP (JJ necessary))))) (. .))) "
284,19,20,that,time,"If you do n't want to listen to the whole recording again , it would be wise write that time down .","(ROOT (S (SBAR (IN If) (S (NP (PRP you)) (VP (VBP do) (RB n't) (VP (VB want) (S (VP (TO to) (VP (VB listen) (PP (TO to) (NP (DT the) (JJ whole) (NN recording))) (ADVP (RB again))))))))) (, ,) (NP (PRP it)) (VP (MD would) (VP (VB be) (ADJP (JJ wise)) (S (VP (VB write) (NP (DT that) (NN time)) (PRT (RP down)))))) (. .))) "
285,9,10,that,material,"That way , you can backtrack and review that material .","(ROOT (S (NP (DT That) (NN way)) (, ,) (NP (PRP you)) (VP (MD can) (VP (VB backtrack) (CC and) (VB review) (NP (DT that) (NN material)))) (. .))) "
287,4,5,this,part,_ You know this part is going to be on the test .,(ROOT (S (ADVP (RB _)) (NP (PRP You)) (VP (VBP know) (SBAR (S (NP (DT this) (NN part)) (VP (VBZ is) (VP (VBG going) (S (VP (TO to) (VP (VB be) (PP (IN on) (NP (DT the) (NN test))))))))))) (. .))) 
310,5,6,this,technique,The best part of this technique is that you can fold the bookmark up and put it in your pocket while going from place to place .,(ROOT (S (NP (NP (DT The) (JJS best) (NN part)) (PP (IN of) (NP (DT this) (NN technique)))) (VP (VBZ is) (SBAR (IN that) (S (NP (PRP you)) (VP (MD can) (VP (VP (VB fold) (ADVP (NP (DT the) (NN bookmark)) (RB up))) (CC and) (VP (VB put) (NP (PRP it)) (PP (IN in) (NP (PRP$ your) (NN pocket))) (PP (IN while) (S (VP (VBG going) (PP (IN from) (NP (NN place))) (PP (TO to) (NP (NN place)))))))))))) (. .))) 
325,14,15,this,situation,The following is just a partial list of what you can do in this situation .,(ROOT (S (NP (DT The) (NN following)) (VP (VBZ is) (ADVP (RB just)) (NP (NP (DT a) (JJ partial) (NN list)) (PP (IN of) (SBAR (WHNP (WP what)) (S (NP (PRP you)) (VP (MD can) (VP (VB do) (PP (IN in) (NP (DT this) (NN situation)))))))))) (. .))) 
352,20,21,that,point,You should complete EVERY problem up to the point where the remainder is `` busy work '' ; where that point is is up to you .,(ROOT (S (S (NP (PRP You)) (VP (MD should) (VP (VB complete) (NP (NNP EVERY) (NN problem)) (ADVP (IN up) (PP (TO to) (NP (DT the) (NN point)))) (SBAR (WHADVP (WRB where)) (S (NP (DT the) (NN remainder)) (VP (VBZ is) (`` ``) (NP (JJ busy) (NN work)) ('' ''))))))) (: ;) (S (SBAR (WHADVP (WRB where)) (S (NP (DT that) (NN point)) (VP (VBZ is)))) (VP (VBZ is) (ADVP (RB up) (PP (TO to) (NP (PRP you)))))) (. .))) 
353,2,3,this,step,Repeat this step until you can figure out the right technique to solve a problem without getting bogged down in pondering .,(ROOT (S (ADVP (NP (NP (NN Repeat)) (NP (DT this) (NN step))) (IN until)) (NP (PRP you)) (VP (MD can) (VP (VB figure) (PRT (RP out)) (NP (DT the) (JJ right) (NN technique) (S (VP (TO to) (VP (VB solve) (NP (DT a) (NN problem)) (PP (IN without) (S (VP (VBG getting) (VP (VBN bogged) (PRT (RP down)) (PP (IN in) (S (VP (VBG pondering)))))))))))))) (. .))) 
359,2,3,this,step,"In this step , it is not out of the question for you to encounter problems were you just do n't understand how the solution was achieved .","(ROOT (S (PP (IN In) (NP (DT this) (NN step))) (, ,) (NP (PRP it)) (VP (VBZ is) (RB not) (ADVP (IN out) (PP (IN of) (NP (NP (DT the) (NN question)) (PP (IN for) (NP (PRP you)))))) (S (VP (TO to) (VP (VB encounter) (SBAR (S (NP (NNS problems)) (VP (VBD were) (SBAR (S (NP (PRP you)) (ADVP (RB just)) (VP (VBP do) (RB n't) (VP (VB understand) (SBAR (WHADVP (WRB how)) (S (NP (DT the) (NN solution)) (VP (VBD was) (VP (VBN achieved)))))))))))))))) (. .))) "
371,2,3,this,point,"At this point , you have already learned all you are going to learn , your focus now is on passing the exam .","(ROOT (S (PP (IN At) (NP (DT this) (NN point))) (PRN (, ,) (S (NP (PRP you)) (VP (VBP have) (ADVP (RB already)) (VP (VBN learned) (NP (NP (DT all)) (SBAR (S (NP (PRP you)) (VP (VBP are) (VP (VBG going) (S (VP (TO to) (VP (VB learn)))))))))))) (, ,)) (NP (PRP$ your) (NN focus)) (ADVP (RB now)) (VP (VBZ is) (PP (IN on) (S (VP (VBG passing) (NP (DT the) (NN exam)))))) (. .))) "
372,2,3,that,end,"To that end , take the solutions to problems you did n't understand from Steps 1 to 3 , use a scanner or copy machine to reduce them down to the smallest legible size , and simply staple or tape them to your `` formula '' sheet/card .","(ROOT (S (PP (TO To) (NP (DT that) (NN end))) (, ,) (S (VP (VB take) (NP (DT the) (NNS solutions)) (PP (TO to) (NP (NP (NNS problems)) (SBAR (S (NP (PRP you)) (VP (VBD did) (RB n't) (VP (VB understand) (PP (IN from) (NP (NNS Steps) (CD 1) (TO to) (CD 3))))))))))) (, ,) (VP (VBP use) (S (NP (DT a) (NP (NN scanner) (CC or) (NN copy)) (NN machine)) (VP (TO to) (VP (VB reduce) (NP (PRP them)) (PRT (RP down)) (PP (TO to) (NP (NP (DT the) (JJS smallest) (JJ legible) (NN size)) (, ,) (CC and) (RB simply) (NP (NP (NN staple) (CC or) (NN tape)) (NP (NP (PRP them)) (TO to) (NP (PRP$ your) (`` ``) (NN formula) ('' '') (NN sheet/card)))))))))) (. .))) "
373,9,10,those,problem,"You would be shocked to realize how often those problem will appear on the exam , with only minor variations .","(ROOT (S (NP (PRP You)) (VP (MD would) (VP (VB be) (VP (VBN shocked) (S (VP (TO to) (VP (VB realize) (SBAR (WHADVP (WRB how) (RB often)) (S (NP (DT those) (NN problem)) (VP (MD will) (VP (VB appear) (PP (IN on) (NP (DT the) (NN exam))) (, ,) (PP (IN with) (NP (JJ only) (JJ minor) (NNS variations))))))))))))) (. .))) "
419,14,15,this,step,"If it is the room that you take your class in , then this step is probably already done .","(ROOT (S (SBAR (IN If) (S (NP (PRP it)) (VP (VBZ is) (NP (DT the) (NN room)) (SBAR (IN that) (S (NP (PRP you)) (VP (VB take) (NP (PRP$ your) (NN class)) (PP (IN in)))))))) (, ,) (ADVP (RB then)) (NP (DT this) (NN step)) (VP (VBZ is) (ADVP (RB probably)) (VP (ADVP (RB already)) (VBN done))) (. .))) "
425,2,3,these,quiz,Finding these quizzes online take some time .,(ROOT (S (VP (VBG Finding) (S (NP (DT these) (NNS quizzes)) (ADJP (JJ online)) (S (VP (VB take) (NP (DT some) (NN time)))))) (. .))) 
428,3,4,these,quiz,Many of these quizzes can be found online .,(ROOT (S (NP (NP (JJ Many)) (PP (IN of) (NP (DT these) (NNS quizzes)))) (VP (MD can) (VP (VB be) (VP (VBN found) (PP (NN online))))) (. .))) 
446,38,40,this,document,"Version 1.3 , 3 November 2008 Copyright -LRB- C -RRB- 2000 , 2001 , 2002 , 2007 , 2008 Free Software Foundation , Inc. << http://fsf.org/ >> Everyone is permitted to copy and distribute verbatim copies of this license document , but changing it is not allowed .","(ROOT (S (S (NP (NP (NN Version) (CD 1.3)) (, ,) (NP (NP (NP (CD 3) (NNP November) (CD 2008)) (NP (NP (NN Copyright)) (PRN (-LRB- -LRB-) (NP (NN C)) (-RRB- -RRB-)))) (NP (NP (CD 2000)) (, ,) (NP (CD 2001)) (, ,) (NP (CD 2002)) (, ,) (NP (CD 2007)) (, ,) (NP (CD 2008) (NNP Free) (NNP Software) (NNP Foundation)) (, ,) (NP (NP (NNP Inc.) (CD <<) (NN http://fsf.org/)) (NP (CD >>) (NN Everyone)))))) (VP (VBZ is) (VP (VBN permitted) (S (VP (TO to) (VP (VB copy) (CC and) (VB distribute) (NP (NP (JJ verbatim) (NNS copies)) (PP (IN of) (NP (DT this) (NN license) (NN document)))))))))) (, ,) (CC but) (S (S (VP (VBG changing) (NP (PRP it)))) (VP (VBZ is) (RB not) (VP (VBN allowed)))) (. .))) "
448,5,6,this,license,"PREAMBLE The purpose of this License is to make a manual , textbook , or other functional and useful document `` free '' in the sense of freedom : to assure everyone the effective freedom to copy and redistribute it , with or without modifying it , either commercially or noncommercially .","(ROOT (S (NP (NP (NN PREAMBLE) (DT The) (NN purpose)) (PP (IN of) (NP (DT this) (NN License)))) (VP (VBZ is) (UCP (S (VP (TO to) (VP (VP (VB make) (S (NP (NP (NP (DT a) (NN manual)) (, ,) (NP (NN textbook)) (, ,)) (CC or) (NP (JJ other) (ADJP (JJ functional) (CC and) (JJ useful)) (NN document))) (ADJP (`` ``) (JJ free) ('' '') (PP (IN in) (NP (NP (DT the) (NN sense)) (PP (IN of) (NP (NN freedom))))))) (: :) (S (VP (TO to) (VP (VP (VB assure) (NP (NN everyone)) (NP (NP (DT the) (JJ effective) (NN freedom)) (PP (TO to) (NP (NN copy))))) (CC and) (VP (VB redistribute) (NP (PRP it)))))) (, ,) (PP (IN with) (CC or) (IN without) (S (VP (VBG modifying) (NP (PRP it)))))) (, ,) (CC either) (VP (ADVP (RB commercially)))))) (CC or) (ADVP (RB noncommercially)))) (. .))) "
449,3,4,this,license,"Secondarily , this License preserves for the author and publisher a way to get credit for their work , while not being considered responsible for modifications made by others .","(ROOT (S (ADVP (RB Secondarily)) (, ,) (NP (DT this) (NN License)) (VP (VBZ preserves) (PP (IN for) (NP (NP (DT the) (NN author) (CC and) (NN publisher)) (NP (DT a) (NN way)))) (S (VP (TO to) (VP (VB get) (NP (NN credit)) (PP (IN for) (NP (NP (PRP$ their) (NN work)) (, ,) (SBAR (IN while) (S (RB not) (VP (VBG being) (VP (VBN considered) (ADJP (JJ responsible)) (PP (IN for) (NP (NP (NNS modifications)) (VP (VBN made) (PP (IN by) (NP (NNS others)))))))))))))))) (. .))) "
452,4,5,this,license,"We have designed this License in order to use it for manuals for free software , because free software needs free documentation : a free program should come with manuals providing the same freedoms that the software does .","(ROOT (S (S (NP (PRP We)) (VP (VBP have) (VP (VBN designed) (NP (DT this) (NN License)) (PP (IN in) (NP (NN order))) (S (VP (TO to) (VP (VB use) (NP (PRP it)) (PP (IN for) (NP (NP (NNS manuals)) (PP (IN for) (NP (JJ free) (NN software))))) (, ,) (SBAR (IN because) (S (NP (JJ free) (NN software)) (VP (VBZ needs) (NP (JJ free) (NN documentation))))))))))) (: :) (S (NP (DT a) (JJ free) (NN program)) (VP (MD should) (VP (VB come) (PP (IN with) (NP (NP (NNS manuals)) (VP (VBG providing) (NP (DT the) (JJ same) (NNS freedoms)) (SBAR (IN that) (S (NP (DT the) (NN software)) (VP (VBZ does)))))))))) (. .))) "
453,2,3,this,license,"But this License is not limited to software manuals ; it can be used for any textual work , regardless of subject matter or whether it is published as a printed book .","(ROOT (S (CC But) (NP (DT this) (NN License)) (VP (VBZ is) (RB not) (VP (VBN limited) (PP (TO to) (NP (NN software) (NNS manuals))) (: ;) (SBAR (SBAR (S (NP (PRP it)) (VP (MD can) (VP (VB be) (VP (VBN used) (PP (IN for) (NP (DT any) (JJ textual) (NN work))) (, ,) (ADVP (RB regardless) (PP (IN of) (NP (JJ subject) (NN matter))))))))) (CC or) (SBAR (IN whether) (S (NP (PRP it)) (VP (VBZ is) (VP (VBN published) (PP (IN as) (NP (DT a) (VBN printed) (NN book)))))))))) (. .))) "
454,3,4,this,license,We recommend this License principally for works whose purpose is instruction or reference .,(ROOT (S (NP (PRP We)) (VP (VBP recommend) (NP (DT this) (NN License)) (ADVP (RB principally)) (PP (IN for) (NP (NP (NNS works)) (SBAR (WHNP (WP$ whose) (NN purpose)) (S (VP (VBZ is) (NP (NN instruction) (CC or) (NN reference)))))))) (. .))) 
456,36,37,this,license,"APPLICABILITY AND DEFINITIONS This License applies to any manual or other work , in any medium , that contains a notice placed by the copyright holder saying it can be distributed under the terms of this License .","(ROOT (S (NP (NP (NN APPLICABILITY) (CC AND) (NNS DEFINITIONS)) (SBAR (S (NP (DT This) (NN License)) (VP (VBZ applies) (PP (TO to) (NP (NP (DT any) (NN manual)) (CC or) (NP (JJ other) (NN work)))) (, ,) (PP (IN in) (NP (NP (DT any) (NN medium)) (, ,) (SBAR (WHNP (WDT that)) (S (VP (VBZ contains) (NP (NP (DT a) (NN notice)) (VP (VBN placed) (PP (IN by) (NP (DT the) (NN copyright) (NN holder))) (S (VP (VBG saying) (NP (PRP it))))))))))))))) (VP (MD can) (VP (VB be) (VP (VBN distributed) (PP (IN under) (NP (NP (DT the) (NNS terms)) (PP (IN of) (NP (DT this) (NN License)))))))) (. .))) "
457,17,18,that,work,"Such a notice grants a world-wide , royalty-free license , unlimited in duration , to use that work under the conditions stated herein .","(ROOT (S (NP (NP (PDT Such) (DT a) (NN notice) (NNS grants)) (SBAR (S (NP (NP (DT a) (JJ world-wide) (, ,) (JJ royalty-free) (NN license)) (, ,) (ADJP (JJ unlimited) (PP (IN in) (NP (NN duration)))) (, ,)) (VP (TO to) (VP (VB use) (NP (DT that) (NN work)) (PP (IN under) (NP (DT the) (NNS conditions)))))))) (VP (VBN stated) (ADVP (RB herein))) (. .))) "
462,51,53,that,subject,A `` Secondary Section '' is a named appendix or a front-matter section of the Document that deals exclusively with the relationship of the publishers or authors of the Document to the Document 's overall subject -LRB- or to related matters -RRB- and contains nothing that could fall directly within that overall subject .,(ROOT (S (NP (DT A) (`` ``) (JJ Secondary) (NN Section) ('' '')) (VP (VBZ is) (NP (NP (DT a) (VBN named) (NN appendix)) (CC or) (NP (NP (DT a) (NN front-matter) (NN section)) (PP (IN of) (NP (DT the) (NNP Document))) (SBAR (WHNP (WDT that)) (S (VP (VP (VBZ deals) (ADVP (RB exclusively) (PP (IN with) (NP (NP (DT the) (NN relationship)) (PP (IN of) (NP (NP (DT the) (NNS publishers) (CC or) (NNS authors)) (PP (IN of) (NP (DT the) (NNP Document)))))))) (PP (TO to) (NP (NP (NP (DT the) (NNP Document) (POS 's)) (JJ overall) (NN subject)) (PRN (-LRB- -LRB-) (FRAG (CC or) (PP (TO to) (NP (JJ related) (NNS matters)))) (-RRB- -RRB-))))) (CC and) (VP (VBZ contains) (NP (NP (NN nothing)) (SBAR (WHNP (WDT that)) (S (VP (MD could) (VP (VB fall) (ADVP (RB directly)) (PP (IN within) (NP (DT that) (JJ overall) (NN subject))))))))))))))) (. .))) 
465,33,34,this,license,"The `` Invariant Sections '' are certain Secondary Sections whose titles are designated , as being those of Invariant Sections , in the notice that says that the Document is released under this License .","(ROOT (NP (NP (DT The) (`` ``) (JJ Invariant) (NNS Sections) ('' '')) (SBAR (S (VP (VBP are) (NP (NP (JJ certain) (JJ Secondary) (NNS Sections)) (SBAR (WHNP (WP$ whose) (NNS titles)) (S (VP (VBP are) (VP (VBN designated) (, ,) (PP (IN as) (S (VP (VBG being) (NP (NP (DT those)) (PP (IN of) (NP (JJ Invariant) (NNS Sections))))))) (, ,) (PP (IN in) (NP (NP (DT the) (NN notice)) (SBAR (WHNP (WDT that)) (S (VP (VBZ says) (SBAR (IN that) (S (NP (DT the) (NNP Document)) (VP (VBZ is) (VP (VBN released) (PP (IN under) (NP (DT this) (NN License)))))))))))))))))))) (. .))) "
469,34,35,this,license,"The `` Cover Texts '' are certain short passages of text that are listed , as Front-Cover Texts or Back-Cover Texts , in the notice that says that the Document is released under this License .","(ROOT (S (NP (DT The) (`` ``) (NNP Cover) (NNP Texts) ('' '')) (VP (VBP are) (NP (NP (JJ certain) (JJ short) (NNS passages)) (PP (IN of) (NP (NN text))) (SBAR (WHNP (WDT that)) (S (VP (VBP are) (VP (VBN listed) (, ,) (PP (IN as) (NP (NP (NNP Front-Cover) (NNS Texts)) (CC or) (NP (NNP Back-Cover) (NNP Texts)))) (, ,) (PP (IN in) (NP (NP (DT the) (NN notice)) (SBAR (WHNP (WDT that)) (S (VP (VBZ says) (SBAR (IN that) (S (NP (DT the) (NNP Document)) (VP (VBZ is) (VP (VBN released) (PP (IN under) (NP (DT this) (NN License)))))))))))))))))) (. .))) "
478,32,33,this,license,"The `` Title Page '' means , for a printed book , the title page itself , plus such following pages as are needed to hold , legibly , the material this License requires to appear in the title page .","(ROOT (S (NP (DT The) (`` ``) (NNP Title) (NNP Page) ('' '')) (VP (VBZ means) (, ,) (PP (IN for) (NP (NP (DT a) (VBN printed) (NN book)) (, ,) (NP (NP (NP (DT the) (NN title) (NN page)) (ADVP (PRP itself))) (, ,) (CC plus) (NP (NP (JJ such) (VBG following) (NNS pages)) (SBAR (RB as) (S (VP (VBP are) (VP (VBN needed) (S (VP (TO to) (VP (VB hold) (, ,) (ADVP (RB legibly)))))))))) (, ,) (NP (NP (DT the) (NN material)) (SBAR (S (NP (DT this) (NN License)) (VP (VBZ requires) (S (VP (TO to) (VP (VB appear) (PP (IN in) (NP (DT the) (NN title) (NN page)))))))))))))) (. .))) "
483,28,29,this,definition,To `` Preserve the Title '' of such a section when you modify the Document means that it remains a section `` Entitled XYZ '' according to this definition .,(ROOT (S (VP (TO To) (VP (`` ``) (VB Preserve) (NP (NP (DT the) (NN Title)) ('' '') (PP (IN of) (NP (PDT such) (DT a) (NN section)))) (SBAR (WHADVP (WRB when)) (S (NP (PRP you)) (VP (VBP modify) (SBAR (S (NP (DT the) (NNP Document)) (VP (VBZ means) (SBAR (IN that) (S (NP (PRP it)) (VP (VBZ remains) (NP (DT a) (NN section) (`` ``) (JJ Entitled) (NN XYZ))))))))))) ('' '') (PP (VBG according) (PP (TO to) (NP (DT this) (NN definition)))))) (. .))) 
484,14,15,this,license,The Document may include Warranty Disclaimers next to the notice which states that this License applies to the Document .,(ROOT (S (NP (DT The) (NNP Document)) (VP (MD may) (VP (VB include) (NP (NNP Warranty) (NNP Disclaimers)) (ADVP (IN next) (PP (TO to) (NP (NP (DT the) (NN notice)) (SBAR (WHNP (WDT which)) (S (VP (VBZ states) (SBAR (IN that) (S (NP (DT this) (NN License)) (VP (VBZ applies) (PP (TO to) (NP (DT the) (NNP Document)))))))))))))) (. .))) 
485,12,13,this,license,"These Warranty Disclaimers are considered to be included by reference in this License , but only as regards disclaiming warranties : any other implication that these Warranty Disclaimers may have is void and has no effect on the meaning of this License .","(ROOT (S (S (NP (DT These) (NNP Warranty) (NNPS Disclaimers)) (VP (VBP are) (VP (VBN considered) (S (VP (TO to) (VP (VB be) (VP (VBN included) (PP (IN by) (NP (NP (NN reference)) (PP (IN in) (NP (DT this) (NN License)))))))))))) (, ,) (CC but) (S (SBAR (RB only) (IN as) (S (VP (VBZ regards) (NP (NP (VBG disclaiming) (NNS warranties)) (: :) (NP (NP (DT any) (JJ other) (NN implication)) (SBAR (IN that) (S (NP (DT these) (NNP Warranty) (NNPS Disclaimers)) (VP (MD may) (VP (VB have)))))))))) (VP (VP (VBZ is) (ADJP (JJ void))) (CC and) (VP (VBZ has) (NP (NP (DT no) (NN effect)) (PP (IN on) (NP (NP (DT the) (NN meaning)) (PP (IN of) (NP (DT this) (NN License))))))))) (. .))) "
485,26,28,these,disclaimers,"These Warranty Disclaimers are considered to be included by reference in this License , but only as regards disclaiming warranties : any other implication that these Warranty Disclaimers may have is void and has no effect on the meaning of this License .","(ROOT (S (S (NP (DT These) (NNP Warranty) (NNPS Disclaimers)) (VP (VBP are) (VP (VBN considered) (S (VP (TO to) (VP (VB be) (VP (VBN included) (PP (IN by) (NP (NP (NN reference)) (PP (IN in) (NP (DT this) (NN License)))))))))))) (, ,) (CC but) (S (SBAR (RB only) (IN as) (S (VP (VBZ regards) (NP (NP (VBG disclaiming) (NNS warranties)) (: :) (NP (NP (DT any) (JJ other) (NN implication)) (SBAR (IN that) (S (NP (DT these) (NNP Warranty) (NNPS Disclaimers)) (VP (MD may) (VP (VB have)))))))))) (VP (VP (VBZ is) (ADJP (JJ void))) (CC and) (VP (VBZ has) (NP (NP (DT no) (NN effect)) (PP (IN on) (NP (NP (DT the) (NN meaning)) (PP (IN of) (NP (DT this) (NN License))))))))) (. .))) "
485,41,42,this,license,"These Warranty Disclaimers are considered to be included by reference in this License , but only as regards disclaiming warranties : any other implication that these Warranty Disclaimers may have is void and has no effect on the meaning of this License .","(ROOT (S (S (NP (DT These) (NNP Warranty) (NNPS Disclaimers)) (VP (VBP are) (VP (VBN considered) (S (VP (TO to) (VP (VB be) (VP (VBN included) (PP (IN by) (NP (NP (NN reference)) (PP (IN in) (NP (DT this) (NN License)))))))))))) (, ,) (CC but) (S (SBAR (RB only) (IN as) (S (VP (VBZ regards) (NP (NP (VBG disclaiming) (NNS warranties)) (: :) (NP (NP (DT any) (JJ other) (NN implication)) (SBAR (IN that) (S (NP (DT these) (NNP Warranty) (NNPS Disclaimers)) (VP (MD may) (VP (VB have)))))))))) (VP (VP (VBZ is) (ADJP (JJ void))) (CC and) (VP (VBZ has) (NP (NP (DT no) (NN effect)) (PP (IN on) (NP (NP (DT the) (NN meaning)) (PP (IN of) (NP (DT this) (NN License))))))))) (. .))) "
487,21,22,this,license,"VERBATIM COPYING You may copy and distribute the Document in any medium , either commercially or noncommercially , provided that this License , the copyright notices , and the license notice saying this License applies to the Document are reproduced in all copies , and that you add no other conditions whatsoever to those of this License .","(ROOT (S (NP (JJ VERBATIM) (NNP COPYING)) (PRN (S (NP (PRP You)) (VP (MD may) (VP (VP (VB copy) (CC and) (VB distribute) (NP (NP (DT the) (NNP Document)) (PP (IN in) (NP (DT any) (NN medium))))) (, ,) (CC either) (VP (ADVP (ADVP (RB commercially)) (CC or) (ADVP (RB noncommercially))))))) (, ,)) (VP (VBD provided) (SBAR (SBAR (IN that) (S (NP (NP (DT this) (NN License)) (, ,) (NP (DT the) (NN copyright) (NNS notices)) (, ,) (CC and) (NP (NP (DT the) (NN license) (NN notice)) (VP (VBG saying) (SBAR (S (NP (DT this) (NN License)) (VP (VBZ applies) (PP (TO to) (NP (DT the) (NNP Document))))))))) (VP (VBP are) (VP (VBN reproduced) (PP (IN in) (NP (DT all) (NNS copies))))))) (, ,) (CC and) (SBAR (IN that) (S (NP (PRP you)) (VP (VBP add) (NP (DT no) (JJ other) (NNS conditions)) (ADVP (RB whatsoever)) (PP (TO to) (NP (NP (DT those)) (PP (IN of) (NP (DT this) (NN License)))))))))) (. .))) "
487,33,34,this,license,"VERBATIM COPYING You may copy and distribute the Document in any medium , either commercially or noncommercially , provided that this License , the copyright notices , and the license notice saying this License applies to the Document are reproduced in all copies , and that you add no other conditions whatsoever to those of this License .","(ROOT (S (NP (JJ VERBATIM) (NNP COPYING)) (PRN (S (NP (PRP You)) (VP (MD may) (VP (VP (VB copy) (CC and) (VB distribute) (NP (NP (DT the) (NNP Document)) (PP (IN in) (NP (DT any) (NN medium))))) (, ,) (CC either) (VP (ADVP (ADVP (RB commercially)) (CC or) (ADVP (RB noncommercially))))))) (, ,)) (VP (VBD provided) (SBAR (SBAR (IN that) (S (NP (NP (DT this) (NN License)) (, ,) (NP (DT the) (NN copyright) (NNS notices)) (, ,) (CC and) (NP (NP (DT the) (NN license) (NN notice)) (VP (VBG saying) (SBAR (S (NP (DT this) (NN License)) (VP (VBZ applies) (PP (TO to) (NP (DT the) (NNP Document))))))))) (VP (VBP are) (VP (VBN reproduced) (PP (IN in) (NP (DT all) (NNS copies))))))) (, ,) (CC and) (SBAR (IN that) (S (NP (PRP you)) (VP (VBP add) (NP (DT no) (JJ other) (NNS conditions)) (ADVP (RB whatsoever)) (PP (TO to) (NP (NP (DT those)) (PP (IN of) (NP (DT this) (NN License)))))))))) (. .))) "
487,56,57,this,license,"VERBATIM COPYING You may copy and distribute the Document in any medium , either commercially or noncommercially , provided that this License , the copyright notices , and the license notice saying this License applies to the Document are reproduced in all copies , and that you add no other conditions whatsoever to those of this License .","(ROOT (S (NP (JJ VERBATIM) (NNP COPYING)) (PRN (S (NP (PRP You)) (VP (MD may) (VP (VP (VB copy) (CC and) (VB distribute) (NP (NP (DT the) (NNP Document)) (PP (IN in) (NP (DT any) (NN medium))))) (, ,) (CC either) (VP (ADVP (ADVP (RB commercially)) (CC or) (ADVP (RB noncommercially))))))) (, ,)) (VP (VBD provided) (SBAR (SBAR (IN that) (S (NP (NP (DT this) (NN License)) (, ,) (NP (DT the) (NN copyright) (NNS notices)) (, ,) (CC and) (NP (NP (DT the) (NN license) (NN notice)) (VP (VBG saying) (SBAR (S (NP (DT this) (NN License)) (VP (VBZ applies) (PP (TO to) (NP (DT the) (NNP Document))))))))) (VP (VBP are) (VP (VBN reproduced) (PP (IN in) (NP (DT all) (NNS copies))))))) (, ,) (CC and) (SBAR (IN that) (S (NP (PRP you)) (VP (VBP add) (NP (DT no) (JJ other) (NNS conditions)) (ADVP (RB whatsoever)) (PP (TO to) (NP (NP (DT those)) (PP (IN of) (NP (DT this) (NN License)))))))))) (. .))) "
493,54,56,these,texts,"COPYING IN QUANTITY If you publish printed copies -LRB- or copies in media that commonly have printed covers -RRB- of the Document , numbering more than 100 , and the Document 's license notice requires Cover Texts , you must enclose the copies in covers that carry , clearly and legibly , all these Cover Texts : Front-Cover Texts on the front cover , and Back-Cover Texts on the back cover .","(ROOT (S (S (VP (VBG COPYING) (PP (IN IN) (NP (NP (NNP QUANTITY)) (SBAR (S (SBAR (IN If) (S (NP (PRP you)) (VP (VB publish) (NP (NP (NP (VBN printed) (NNS copies)) (PRN (-LRB- -LRB-) (CC or) (NP (NP (NNS copies)) (SBAR (S (PP (IN in) (NP (NP (NNS media)) (SBAR (WHNP (WDT that)) (S (ADVP (RB commonly)) (VP (VBP have) (VP (VBN printed) (NP (NNS covers))))))))))) (-RRB- -RRB-))) (PP (IN of) (NP (DT the) (NNP Document))))))) (, ,) (NP (NP (NP (NN numbering)) (NP (QP (XS (JJR more) (IN than)) (CD 100)))) (, ,) (CC and) (NP (NP (DT the) (NNP Document) (POS 's)) (NN license) (NN notice))) (VP (VBZ requires) (NP (NNP Cover) (NNP Texts))))))))) (, ,) (NP (PRP you)) (VP (MD must) (VP (VB enclose) (NP (DT the) (NNS copies)) (PP (IN in) (NP (NP (NP (NNS covers)) (SBAR (WHNP (WDT that)) (S (VP (VBP carry))))) (, ,) (ADVP (ADVP (RB clearly)) (CC and) (ADVP (RB legibly))) (, ,) (NP (NP (DT all)) (NP (DT these) (NNP Cover) (NNPS Texts))) (: :) (NP (NP (NNP Front-Cover) (NNS Texts)) (PP (IN on) (NP (DT the) (JJ front) (NN cover)))) (, ,) (CC and) (NP (NP (NNP Back-Cover) (NNS Texts)) (PP (IN on) (NP (DT the) (JJ back) (NN cover)))))))) (. .))) "
494,14,15,these,copy,Both covers must also clearly and legibly identify you as the publisher of these copies .,(ROOT (S (NP (DT Both) (NNS covers)) (VP (MD must) (ADVP (RB also)) (VP (ADVP (ADVP (RB clearly)) (CC and) (ADVP (RB legibly))) (VBP identify) (NP (PRP you)) (PP (IN as) (NP (NP (DT the) (NN publisher)) (PP (IN of) (NP (DT these) (NNS copies))))))) (. .))) 
497,21,22,these,condition,"Copying with changes limited to the covers , as long as they preserve the title of the Document and satisfy these conditions , can be treated as verbatim copying in other respects .","(ROOT (S (NP (NP (NNP Copying)) (PP (IN with) (NP (NNS changes)))) (VP (VBN limited) (PP (TO to) (NP (DT the) (NNS covers))) (, ,) (ADVP (ADVP (RB as) (RB long)) (SBAR (IN as) (S (NP (PRP they)) (VP (VP (VBP preserve) (NP (NP (DT the) (NN title)) (PP (IN of) (NP (DT the) (NNP Document))))) (CC and) (VP (VB satisfy) (NP (DT these) (NNS conditions))) (, ,) (VP (MD can) (VP (VB be) (VP (VBN treated) (PP (IN as) (NP (NP (JJ verbatim) (NN copying)) (PP (IN in) (NP (JJ other) (NNS respects))))))))))))) (. .))) "
500,28,30,this,copy,"If you use the latter option , you must take reasonably prudent steps , when you begin distribution of Opaque copies in quantity , to ensure that this Transparent copy will remain thus accessible at the stated location until at least one year after the last time you distribute an Opaque copy -LRB- directly or through your agents or retailers -RRB- of that edition to the public .","(ROOT (S (SBAR (IN If) (S (NP (PRP you)) (VP (VBP use) (NP (DT the) (JJ latter) (NN option))))) (, ,) (NP (PRP you)) (VP (MD must) (VP (VB take) (NP (NP (ADJP (RB reasonably) (JJ prudent)) (NNS steps)) (, ,) (SBAR (WHADVP (WRB when)) (S (NP (PRP you)) (VP (VBP begin) (NP (NP (NN distribution)) (PP (IN of) (NP (NP (JJ Opaque) (NNS copies)) (PP (IN in) (NP (NN quantity)))))) (, ,) (S (VP (TO to) (VP (VB ensure) (SBAR (IN that) (S (NP (DT this) (JJ Transparent) (NN copy)) (VP (MD will) (VP (VB remain) (ADJP (ADVP (RB thus)) (JJ accessible) (PP (IN at) (NP (DT the) (VBN stated) (NN location)))) (PP (IN until) (NP (QP (XS (IN at) (JJS least)) (CD one)) (NN year))) (PP (IN after) (NP (NP (DT the) (JJ last) (NN time)) (SBAR (S (NP (PRP you)) (VP (VBP distribute) (NP (NP (NP (DT an) (JJ Opaque) (NN copy)) (PRN (-LRB- -LRB-) (UCP (ADVP (RB directly)) (CC or) (PP (IN through) (NP (PRP$ your) (NNS agents) (CC or) (NNS retailers))))) (-RRB- -RRB-)) (PP (IN of) (NP (DT that) (NN edition)))) (PP (TO to) (NP (DT the) (NN public))))))))))))))))))))) (. .))) "
500,63,64,that,edition,"If you use the latter option , you must take reasonably prudent steps , when you begin distribution of Opaque copies in quantity , to ensure that this Transparent copy will remain thus accessible at the stated location until at least one year after the last time you distribute an Opaque copy -LRB- directly or through your agents or retailers -RRB- of that edition to the public .","(ROOT (S (SBAR (IN If) (S (NP (PRP you)) (VP (VBP use) (NP (DT the) (JJ latter) (NN option))))) (, ,) (NP (PRP you)) (VP (MD must) (VP (VB take) (NP (NP (ADJP (RB reasonably) (JJ prudent)) (NNS steps)) (, ,) (SBAR (WHADVP (WRB when)) (S (NP (PRP you)) (VP (VBP begin) (NP (NP (NN distribution)) (PP (IN of) (NP (NP (JJ Opaque) (NNS copies)) (PP (IN in) (NP (NN quantity)))))) (, ,) (S (VP (TO to) (VP (VB ensure) (SBAR (IN that) (S (NP (DT this) (JJ Transparent) (NN copy)) (VP (MD will) (VP (VB remain) (ADJP (ADVP (RB thus)) (JJ accessible) (PP (IN at) (NP (DT the) (VBN stated) (NN location)))) (PP (IN until) (NP (QP (XS (IN at) (JJS least)) (CD one)) (NN year))) (PP (IN after) (NP (NP (DT the) (JJ last) (NN time)) (SBAR (S (NP (PRP you)) (VP (VBP distribute) (NP (NP (NP (DT an) (JJ Opaque) (NN copy)) (PRN (-LRB- -LRB-) (UCP (ADVP (RB directly)) (CC or) (PP (IN through) (NP (PRP$ your) (NNS agents) (CC or) (NNS retailers))))) (-RRB- -RRB-)) (PP (IN of) (NP (DT that) (NN edition)))) (PP (TO to) (NP (DT the) (NN public))))))))))))))))))))) (. .))) "
503,32,33,this,license,"MODIFICATIONS You may copy and distribute a Modified Version of the Document under the conditions of sections 2 and 3 above , provided that you release the Modified Version under precisely this License , with the Modified Version filling the role of the Document , thus licensing distribution and modification of the Modified Version to whoever possesses a copy of it .","(ROOT (S (NP (NNS MODIFICATIONS)) (PRN (S (NP (PRP You)) (VP (MD may) (VP (VB copy) (CC and) (VB distribute) (NP (NP (DT a)) (VP (VBN Modified) (NP (NP (NN Version)) (PP (IN of) (NP (DT the) (NNP Document)))) (PP (IN under) (NP (NP (DT the) (NNS conditions)) (PP (IN of) (NP (NNS sections) (CD 2) (CC and) (CD 3))))) (PP (IN above))))))) (, ,)) (VP (VBD provided) (SBAR (IN that) (S (NP (PRP you)) (VP (VBP release) (S (NP (DT the)) (VP (VBN Modified) (NP (NP (NN Version)) (PP (IN under) (NP (RB precisely) (DT this) (NN License)))) (, ,) (PP (IN with) (NP (NP (DT the) (NNP Modified) (NNP Version)) (VP (VBG filling) (NP (NP (DT the) (NN role)) (PP (IN of) (NP (DT the) (NNP Document))))))))) (, ,) (S (ADVP (RB thus)) (VP (VBG licensing) (NP (NP (NN distribution) (CC and) (NN modification)) (PP (IN of) (NP (DT the) (NNP Modified) (NNP Version)))) (PP (TO to) (SBAR (WHNP (WP whoever)) (S (VP (VBZ possesses) (NP (NP (DT a) (NN copy)) (PP (IN of) (NP (PRP it)))))))))))))) (. .))) "
504,7,8,these,thing,"In addition , you must do these things in the Modified Version : 1 .","(ROOT (S (PP (IN In) (NP (NN addition))) (, ,) (NP (PRP you)) (VP (MD must) (VP (VB do) (NP (NP (NP (DT these) (NNS things)) (PP (IN in) (NP (DT the) (NNP Modified) (NNP Version)))) (: :) (NP (CD 1))))) (. .))) "
506,16,17,that,version,You may use the same title as a previous version if the original publisher of that version gives permission .,(ROOT (S (NP (PRP You)) (VP (MD may) (VP (VB use) (NP (DT the) (JJ same) (NN title)) (PP (IN as) (NP (DT a) (JJ previous) (NN version))) (SBAR (IN if) (S (NP (NP (DT the) (JJ original) (NN publisher)) (PP (IN of) (NP (DT that) (NN version)))) (VP (VBZ gives) (NP (NN permission))))))) (. .))) 
508,59,60,this,requirement,"List on the Title Page , as authors , one or more persons or entities responsible for authorship of the modifications in the Modified Version , together with at least five of the principal authors of the Document -LRB- all of its principal authors , if it has fewer than five -RRB- , unless they release you from this requirement .","(ROOT (S (NP (NP (NN List)) (PP (IN on) (NP (DT the) (NNP Title) (NNP Page))) (, ,) (PP (IN as) (NP (NNS authors))) (, ,)) (VP (VP (NP (QP (NP (CD one)) (CC or) (NP (JJR more))) (NNS persons) (CC or) (NNS entities)) (ADJP (JJ responsible) (PP (IN for) (NP (NP (NN authorship)) (PP (IN of) (NP (DT the) (NNS modifications))) (PP (IN in) (NP (NP (DT the) (NNP Modified) (NNP Version)) (, ,) (ADVP (RB together)))) (PP (IN with) (NP (QP (XS (IN at) (JJS least)) (CD five)))) (PP (IN of) (NP (DT the) (JJ principal) (NNS authors))) (PP (IN of) (NP (DT the) (NNP Document))) (PRN (-LRB- -LRB-) (NP (NP (DT all)) (PP (IN of) (NP (NP (PRP$ its) (JJ principal) (NNS authors)) (, ,) (SBAR (IN if) (S (NP (PRP it)) (VP (VBZ has) (NP (QP (XS (JJR fewer) (IN than)) (CD five))))))))) (-RRB- -RRB-)))))) (, ,) (SBAR (IN unless) (S (NP (PRP they)) (VP (VBP release) (NP (PRP you)) (PP (IN from) (NP (DT this) (NN requirement))))))) (. .))) "
516,25,26,this,license,"Include , immediately after the copyright notices , a license notice giving the public permission to use the Modified Version under the terms of this License , in the form shown in the Addendum below .","(ROOT (S (VP (VB Include) (, ,) (PP (ADVP (RB immediately)) (IN after) (NP (DT the) (NN copyright) (NNS notices))) (, ,) (NP (NP (DT a) (NN license) (NN notice)) (VP (VBG giving) (NP (DT the) (JJ public) (NN permission)) (S (VP (TO to) (VP (VB use) (NP (DT the) (NNP Modified) (NNP Version)) (PP (IN under) (NP (NP (DT the) (NNS terms)) (PP (IN of) (NP (DT this) (NN License))))) (, ,) (PP (IN in) (NP (NP (DT the) (NN form)) (VP (VBN shown) (PP (IN in) (NP (DT the) (NNP Addendum))) (PP (IN below))))))))))) (. .))) "
518,3,4,that,license,Preserve in that license notice the full lists of Invariant Sections and required Cover Texts given in the Document 's license notice .,(ROOT (S (VP (VP (VB Preserve) (PP (IN in) (NP (DT that) (NN license))) (S (VP (VB notice) (NP (NP (DT the) (JJ full) (NNS lists)) (PP (IN of) (NP (JJ Invariant) (NNS Sections))))))) (CC and) (VP (VBN required) (NP (NP (NNP Cover) (NNPS Texts)) (PP (VBN given) (PP (IN in) (NP (NP (DT the) (NNP Document) (POS 's)) (NN license) (NN notice))))))) (. .))) 
520,6,7,this,license,Include an unaltered copy of this License .,(ROOT (S (VP (VB Include) (NP (NP (DT an) (ADJP (JJ unaltered)) (NN copy)) (PP (IN of) (NP (DT this) (NN License))))) (. .))) 
540,35,36,these,section,"If the Modified Version includes new front-matter sections or appendices that qualify as Secondary Sections and contain no material copied from the Document , you may at your option designate some or all of these sections as invariant .","(ROOT (S (SBAR (IN If) (S (NP (NP (DT the)) (VP (VBN Modified) (NP (NN Version)))) (VP (VBZ includes) (NP (NP (JJ new) (NN front-matter) (NNS sections) (CC or) (NNS appendices)) (SBAR (WHNP (WDT that)) (S (VP (VP (VBP qualify) (PP (IN as) (NP (JJ Secondary) (NNS Sections)))) (CC and) (VP (VBP contain) (SBAR (S (NP (DT no) (NN material)) (VP (VBD copied) (PP (IN from) (NP (DT the) (NNP Document)))))))))))))) (, ,) (NP (PRP you)) (VP (MD may) (PP (IN at) (NP (PRP$ your) (NN option))) (VP (VB designate) (NP (NP (DT some)) (CC or) (NP (NP (DT all)) (PP (IN of) (NP (DT these) (NNS sections))))) (PP (IN as) (ADJP (JJ invariant))))) (. .))) "
547,17,18,this,license,The author -LRB- s -RRB- and publisher -LRB- s -RRB- of the Document do not by this License give permission to use their names for publicity for or to assert or imply endorsement of any Modified Version .,(ROOT (S (NP (NP (NP (DT The) (NN author)) (PRN (-LRB- -LRB-) (NNS s) (-RRB- -RRB-))) (CC and) (NP (NP (NP (NN publisher)) (PRN (-LRB- -LRB-) (NNS s) (-RRB- -RRB-))) (PP (IN of) (NP (DT the) (NNP Document))))) (VP (VBP do) (RB not) (ADVP (IN by) (NP (DT this) (NN License))) (VP (VB give) (NP (NN permission)) (S (VP (VP (TO to) (VP (VB use) (NP (PRP$ their) (NNS names)) (PP (IN for) (NP (NN publicity))) (PP (IN for)))) (CC or) (VP (TO to) (VP (VB assert) (CC or) (VB imply) (NP (NP (NN endorsement)) (PP (IN of) (NP (NP (DT any)) (VP (VBN Modified) (NP (NN Version)))))))))))) (. .))) 
549,13,14,this,license,"COMBINING DOCUMENTS You may combine the Document with other documents released under this License , under the terms defined in section 4 above for modified versions , provided that you include in the combination all of the Invariant Sections of all of the original documents , unmodified , and list them all as Invariant Sections of your combined work in its license notice , and that you preserve all their Warranty Disclaimers .","(ROOT (S (NP (NNP COMBINING) (NNP DOCUMENTS)) (PRN (S (NP (PRP You)) (VP (MD may) (VP (VB combine) (NP (DT the) (NNP Document)) (PP (IN with) (NP (NP (JJ other) (NNS documents)) (VP (VBN released) (PP (IN under) (NP (DT this) (NN License)))))) (, ,) (PP (IN under) (NP (NP (DT the) (NNS terms)) (VP (VBN defined) (PP (IN in) (NP (NN section) (CD 4))) (PP (IN above) (IN for) (NP (VBN modified) (NNS versions))))))))) (, ,)) (VP (VBD provided) (SBAR (SBAR (IN that) (S (S (NP (PRP you)) (VP (VBP include) (PP (IN in) (NP (DT the) (NN combination))) (PP (DT all) (IN of) (NP (NP (DT the) (JJ Invariant) (NNS Sections)) (PP (IN of) (NP (NP (DT all)) (PP (IN of) (NP (DT the) (JJ original) (NNS documents))))))) (, ,) (ADJP (JJ unmodified)))) (, ,) (CC and) (S (NP (NN list)) (NP (PRP them))) (PP (ADVP (DT all)) (IN as) (NP (NP (JJ Invariant) (NNS Sections)) (PP (IN of) (NP (PRP$ your) (JJ combined) (NN work))))) (PP (IN in) (NP (PRP$ its) (NN license) (NN notice))))) (, ,) (CC and) (SBAR (IN that) (S (NP (PRP you)) (VP (VBP preserve) (S (NP (DT all)) (NP (NP (PRP$ their) (NNP Warranty)) (NP (NNPS Disclaimers))))))))) (. .))) "
550,10,11,this,license,"The combined work need only contain one copy of this License , and multiple identical Invariant Sections may be replaced with a single copy .","(ROOT (S (S (NP (DT The) (JJ combined) (NN work)) (VP (MD need) (ADVP (RB only)) (VP (VB contain) (NP (NP (CD one) (NN copy)) (PP (IN of) (NP (DT this) (NN License))))))) (, ,) (CC and) (S (NP (JJ multiple) (JJ identical) (JJ Invariant) (NNS Sections)) (VP (MD may) (VP (VB be) (VP (VBN replaced) (PP (IN with) (NP (DT a) (JJ single) (NN copy))))))) (. .))) "
551,43,44,that,section,"If there are multiple Invariant Sections with the same name but different contents , make the title of each such section unique by adding at the end of it , in parentheses , the name of the original author or publisher of that section if known , or else a unique number .","(ROOT (S (SBAR (IN If) (S (NP (EX there)) (VP (VBP are) (NP (NP (JJ multiple) (JJ Invariant) (NNS Sections)) (PP (IN with) (NP (NP (DT the) (JJ same) (NN name)) (CC but) (NP (JJ different) (NNS contents)) (, ,))))))) (VP (VBP make) (S (NP (NP (DT the) (NN title)) (PP (IN of) (NP (DT each) (JJ such) (NN section)))) (ADJP (JJ unique) (PP (IN by) (S (VP (VBG adding) (PP (IN at) (NP (NP (DT the) (NN end)) (PP (IN of) (NP (PRP it)))))))))) (, ,) (PP (IN in) (NP (NP (NNS parentheses)) (, ,) (NP (NP (NP (DT the) (NN name)) (PP (IN of) (NP (NP (DT the) (JJ original) (NN author) (CC or) (NN publisher)) (PP (IN of) (NP (NP (DT that) (NN section)) (SBAR (IN if) (S (VP (VBN known))))))))) (, ,) (CC or) (NP (RB else) (DT a) (JJ unique) (NN number)))))) (. .))) "
556,18,19,this,license,"COLLECTIONS OF DOCUMENTS You may make a collection consisting of the Document and other documents released under this License , and replace the individual copies of this License in the various documents with a single copy that is included in the collection , provided that you follow the rules of this License for verbatim copying of each of the documents in all other respects .","(ROOT (S (NP (NP (NNS COLLECTIONS)) (PP (IN OF) (NP (NNP DOCUMENTS)))) (PRN (S (NP (PRP You)) (VP (MD may) (VP (VP (VB make) (NP (NP (NP (DT a) (NN collection)) (VP (VBG consisting) (PP (IN of) (NP (DT the) (NNP Document))))) (CC and) (NP (NP (JJ other) (NNS documents)) (VP (VBN released) (PP (IN under) (NP (DT this) (NN License))))))) (, ,) (CC and) (VP (VB replace) (NP (NP (DT the) (JJ individual) (NNS copies)) (PP (IN of) (NP (NP (DT this) (NN License)) (PP (IN in) (NP (DT the) (JJ various) (NNS documents)))))) (PP (IN with) (NP (NP (DT a) (JJ single) (NN copy)) (SBAR (WHNP (WDT that)) (S (VP (VBZ is) (VP (VBN included) (PP (IN in) (NP (DT the) (NN collection))))))))))))) (, ,)) (VP (VBD provided) (SBAR (IN that) (S (NP (PRP you)) (VP (VBP follow) (NP (NP (DT the) (NNS rules)) (PP (IN of) (NP (NP (DT this) (NN License)) (PP (IN for) (NP (NP (JJ verbatim) (NN copying)) (PP (IN of) (NP (NP (DT each)) (PP (IN of) (NP (NP (DT the) (NNS documents)) (PP (IN in) (NP (DT all) (JJ other) (NNS respects)))))))))))))))) (. .))) "
556,27,28,this,license,"COLLECTIONS OF DOCUMENTS You may make a collection consisting of the Document and other documents released under this License , and replace the individual copies of this License in the various documents with a single copy that is included in the collection , provided that you follow the rules of this License for verbatim copying of each of the documents in all other respects .","(ROOT (S (NP (NP (NNS COLLECTIONS)) (PP (IN OF) (NP (NNP DOCUMENTS)))) (PRN (S (NP (PRP You)) (VP (MD may) (VP (VP (VB make) (NP (NP (NP (DT a) (NN collection)) (VP (VBG consisting) (PP (IN of) (NP (DT the) (NNP Document))))) (CC and) (NP (NP (JJ other) (NNS documents)) (VP (VBN released) (PP (IN under) (NP (DT this) (NN License))))))) (, ,) (CC and) (VP (VB replace) (NP (NP (DT the) (JJ individual) (NNS copies)) (PP (IN of) (NP (NP (DT this) (NN License)) (PP (IN in) (NP (DT the) (JJ various) (NNS documents)))))) (PP (IN with) (NP (NP (DT a) (JJ single) (NN copy)) (SBAR (WHNP (WDT that)) (S (VP (VBZ is) (VP (VBN included) (PP (IN in) (NP (DT the) (NN collection))))))))))))) (, ,)) (VP (VBD provided) (SBAR (IN that) (S (NP (PRP you)) (VP (VBP follow) (NP (NP (DT the) (NNS rules)) (PP (IN of) (NP (NP (DT this) (NN License)) (PP (IN for) (NP (NP (JJ verbatim) (NN copying)) (PP (IN of) (NP (NP (DT each)) (PP (IN of) (NP (NP (DT the) (NNS documents)) (PP (IN in) (NP (DT all) (JJ other) (NNS respects)))))))))))))))) (. .))) "
556,51,52,this,license,"COLLECTIONS OF DOCUMENTS You may make a collection consisting of the Document and other documents released under this License , and replace the individual copies of this License in the various documents with a single copy that is included in the collection , provided that you follow the rules of this License for verbatim copying of each of the documents in all other respects .","(ROOT (S (NP (NP (NNS COLLECTIONS)) (PP (IN OF) (NP (NNP DOCUMENTS)))) (PRN (S (NP (PRP You)) (VP (MD may) (VP (VP (VB make) (NP (NP (NP (DT a) (NN collection)) (VP (VBG consisting) (PP (IN of) (NP (DT the) (NNP Document))))) (CC and) (NP (NP (JJ other) (NNS documents)) (VP (VBN released) (PP (IN under) (NP (DT this) (NN License))))))) (, ,) (CC and) (VP (VB replace) (NP (NP (DT the) (JJ individual) (NNS copies)) (PP (IN of) (NP (NP (DT this) (NN License)) (PP (IN in) (NP (DT the) (JJ various) (NNS documents)))))) (PP (IN with) (NP (NP (DT a) (JJ single) (NN copy)) (SBAR (WHNP (WDT that)) (S (VP (VBZ is) (VP (VBN included) (PP (IN in) (NP (DT the) (NN collection))))))))))))) (, ,)) (VP (VBD provided) (SBAR (IN that) (S (NP (PRP you)) (VP (VBP follow) (NP (NP (DT the) (NNS rules)) (PP (IN of) (NP (NP (DT this) (NN License)) (PP (IN for) (NP (NP (JJ verbatim) (NN copying)) (PP (IN of) (NP (NP (DT each)) (PP (IN of) (NP (NP (DT the) (NNS documents)) (PP (IN in) (NP (DT all) (JJ other) (NNS respects)))))))))))))))) (. .))) "
557,17,18,this,license,"You may extract a single document from such a collection , and distribute it individually under this License , provided you insert a copy of this License into the extracted document , and follow this License in all other respects regarding verbatim copying of that document .","(ROOT (S (NP (PRP You)) (VP (MD may) (VP (VP (VB extract) (NP (DT a) (JJ single) (NN document)) (PP (IN from) (NP (JJ such) (DT a) (NN collection)))) (, ,) (CC and) (VP (VB distribute) (NP (PRP it)) (ADVP (RB individually)) (PP (IN under) (NP (NP (DT this) (NN License)) (, ,) (VP (VBN provided) (SBAR (S (NP (PRP you)) (VP (VBP insert) (NP (NP (DT a) (NN copy)) (PP (IN of) (NP (DT this) (NN License)))) (PP (IN into) (NP (DT the) (VBN extracted) (NN document)))))))))) (, ,) (CC and) (VP (VB follow) (NP (DT this) (NN License)) (PP (IN in) (NP (NP (DT all) (JJ other) (NNS respects)) (PP (VBG regarding) (NP (NP (JJ verbatim) (NN copying)) (PP (IN of) (NP (DT that) (NN document)))))))))) (. .))) "
557,26,27,this,license,"You may extract a single document from such a collection , and distribute it individually under this License , provided you insert a copy of this License into the extracted document , and follow this License in all other respects regarding verbatim copying of that document .","(ROOT (S (NP (PRP You)) (VP (MD may) (VP (VP (VB extract) (NP (DT a) (JJ single) (NN document)) (PP (IN from) (NP (JJ such) (DT a) (NN collection)))) (, ,) (CC and) (VP (VB distribute) (NP (PRP it)) (ADVP (RB individually)) (PP (IN under) (NP (NP (DT this) (NN License)) (, ,) (VP (VBN provided) (SBAR (S (NP (PRP you)) (VP (VBP insert) (NP (NP (DT a) (NN copy)) (PP (IN of) (NP (DT this) (NN License)))) (PP (IN into) (NP (DT the) (VBN extracted) (NN document)))))))))) (, ,) (CC and) (VP (VB follow) (NP (DT this) (NN License)) (PP (IN in) (NP (NP (DT all) (JJ other) (NNS respects)) (PP (VBG regarding) (NP (NP (JJ verbatim) (NN copying)) (PP (IN of) (NP (DT that) (NN document)))))))))) (. .))) "
557,35,36,this,license,"You may extract a single document from such a collection , and distribute it individually under this License , provided you insert a copy of this License into the extracted document , and follow this License in all other respects regarding verbatim copying of that document .","(ROOT (S (NP (PRP You)) (VP (MD may) (VP (VP (VB extract) (NP (DT a) (JJ single) (NN document)) (PP (IN from) (NP (JJ such) (DT a) (NN collection)))) (, ,) (CC and) (VP (VB distribute) (NP (PRP it)) (ADVP (RB individually)) (PP (IN under) (NP (NP (DT this) (NN License)) (, ,) (VP (VBN provided) (SBAR (S (NP (PRP you)) (VP (VBP insert) (NP (NP (DT a) (NN copy)) (PP (IN of) (NP (DT this) (NN License)))) (PP (IN into) (NP (DT the) (VBN extracted) (NN document)))))))))) (, ,) (CC and) (VP (VB follow) (NP (DT this) (NN License)) (PP (IN in) (NP (NP (DT all) (JJ other) (NNS respects)) (PP (VBG regarding) (NP (NP (JJ verbatim) (NN copying)) (PP (IN of) (NP (DT that) (NN document)))))))))) (. .))) "
557,45,46,that,document,"You may extract a single document from such a collection , and distribute it individually under this License , provided you insert a copy of this License into the extracted document , and follow this License in all other respects regarding verbatim copying of that document .","(ROOT (S (NP (PRP You)) (VP (MD may) (VP (VP (VB extract) (NP (DT a) (JJ single) (NN document)) (PP (IN from) (NP (JJ such) (DT a) (NN collection)))) (, ,) (CC and) (VP (VB distribute) (NP (PRP it)) (ADVP (RB individually)) (PP (IN under) (NP (NP (DT this) (NN License)) (, ,) (VP (VBN provided) (SBAR (S (NP (PRP you)) (VP (VBP insert) (NP (NP (DT a) (NN copy)) (PP (IN of) (NP (DT this) (NN License)))) (PP (IN into) (NP (DT the) (VBN extracted) (NN document)))))))))) (, ,) (CC and) (VP (VB follow) (NP (DT this) (NN License)) (PP (IN in) (NP (NP (DT all) (JJ other) (NNS respects)) (PP (VBG regarding) (NP (NP (JJ verbatim) (NN copying)) (PP (IN of) (NP (DT that) (NN document)))))))))) (. .))) "
560,10,11,this,license,"When the Document is included in an aggregate , this License does not apply to the other works in the aggregate which are not themselves derivative works of the Document .","(ROOT (S (SBAR (WHADVP (WRB When)) (S (NP (DT the) (NNP Document)) (VP (VBZ is) (VP (VBN included) (PP (IN in) (NP (DT an) (NN aggregate))))))) (, ,) (NP (DT this) (NN License)) (VP (VBZ does) (RB not) (VP (VB apply) (PP (TO to) (NP (DT the) (JJ other) (NNS works))) (PP (IN in) (NP (NP (DT the) (NN aggregate)) (SBAR (WHNP (WDT which)) (S (VP (VBP are) (RB not) (ADVP (PRP themselves)) (NP (NP (JJ derivative) (NNS works)) (PP (IN of) (NP (DT the) (NNP Document))))))))))) (. .))) "
561,12,13,these,copy,"If the Cover Text requirement of section 3 is applicable to these copies of the Document , then if the Document is less than one half of the entire aggregate , the Document 's Cover Texts may be placed on covers that bracket the Document within the aggregate , or the electronic equivalent of covers if the Document is in electronic form .","(ROOT (S (SBAR (IN If) (S (NP (DT the) (NNP Cover)) (VP (VB Text) (SBAR (S (NP (NP (NN requirement)) (PP (IN of) (NP (NN section) (CD 3)))) (VP (VBZ is) (ADJP (JJ applicable) (PP (TO to) (NP (NP (DT these) (NNS copies)) (PP (IN of) (NP (DT the) (NNP Document)))))) (, ,) (ADVP (RB then)) (SBAR (IN if) (S (NP (DT the) (NNP Document)) (VP (VBZ is) (NP (NP (QP (XS (RBR less) (IN than)) (CD one) (NN half))) (PP (IN of) (NP (DT the) (JJ entire) (NN aggregate))))))))))))) (, ,) (NP (NP (DT the) (NNP Document) (POS 's)) (NNP Cover) (NNPS Texts)) (VP (MD may) (VP (VB be) (VP (VBN placed) (PP (IN on) (NP (NP (NNS covers)) (SBAR (WHNP (WDT that)) (S (VP (NN bracket) (NP (NP (NP (DT the) (NNP Document)) (PP (IN within) (NP (DT the) (NN aggregate)))) (, ,) (CC or) (NP (NP (DT the) (JJ electronic) (NN equivalent)) (PP (IN of) (NP (NNS covers)))))))))) (SBAR (IN if) (S (NP (DT the) (NNP Document)) (VP (VBZ is) (PP (IN in) (NP (JJ electronic) (NN form))))))))) (. .))) "
565,32,34,these,section,"Replacing Invariant Sections with translations requires special permission from their copyright holders , but you may include translations of some or all Invariant Sections in addition to the original versions of these Invariant Sections .","(ROOT (S (S (S (VP (VBG Replacing) (NP (JJ Invariant) (NNS Sections)) (PP (IN with) (NP (NNS translations))))) (VP (VBZ requires) (NP (JJ special) (NN permission)) (PP (IN from) (NP (PRP$ their) (NN copyright) (NNS holders))))) (, ,) (CC but) (S (NP (PRP you)) (VP (MD may) (VP (VB include) (NP (NP (NNS translations)) (PP (IN of) (NP (NP (DT some)) (CC or) (NP (DT all) (JJ Invariant) (NNS Sections))))) (PP (IN in) (NP (NN addition))) (PP (TO to) (NP (NP (DT the) (JJ original) (NNS versions)) (PP (IN of) (NP (DT these) (JJ Invariant) (NNS Sections)))))))) (. .))) "
566,7,8,this,license,"You may include a translation of this License , and all the license notices in the Document , and any Warranty Disclaimers , provided that you also include the original English version of this License and the original versions of those notices and disclaimers .","(ROOT (S (S (NP (PRP You)) (VP (MD may) (VP (VB include) (NP (NP (DT a) (NN translation)) (PP (IN of) (NP (DT this) (NN License))))))) (, ,) (CC and) (S (NP (NP (PDT all) (DT the) (NN license) (NNS notices)) (PP (IN in) (NP (NP (DT the) (NNP Document)) (, ,) (CC and) (NP (DT any) (NNP Warranty) (NNPS Disclaimers)) (, ,)))) (VP (VBD provided) (SBAR (IN that) (S (NP (PRP you)) (ADVP (RB also)) (VP (VBP include) (NP (NP (NP (DT the) (JJ original) (NNP English) (NN version)) (PP (IN of) (NP (DT this) (NN License)))) (CC and) (NP (NP (DT the) (JJ original) (NNS versions)) (PP (IN of) (NP (DT those) (NNS notices) (CC and) (NNS disclaimers)))))))))) (. .))) "
566,34,35,this,license,"You may include a translation of this License , and all the license notices in the Document , and any Warranty Disclaimers , provided that you also include the original English version of this License and the original versions of those notices and disclaimers .","(ROOT (S (S (NP (PRP You)) (VP (MD may) (VP (VB include) (NP (NP (DT a) (NN translation)) (PP (IN of) (NP (DT this) (NN License))))))) (, ,) (CC and) (S (NP (NP (PDT all) (DT the) (NN license) (NNS notices)) (PP (IN in) (NP (NP (DT the) (NNP Document)) (, ,) (CC and) (NP (DT any) (NNP Warranty) (NNPS Disclaimers)) (, ,)))) (VP (VBD provided) (SBAR (IN that) (S (NP (PRP you)) (ADVP (RB also)) (VP (VBP include) (NP (NP (NP (DT the) (JJ original) (NNP English) (NN version)) (PP (IN of) (NP (DT this) (NN License)))) (CC and) (NP (NP (DT the) (JJ original) (NNS versions)) (PP (IN of) (NP (DT those) (NNS notices) (CC and) (NNS disclaimers)))))))))) (. .))) "
566,41,42,those,notice,"You may include a translation of this License , and all the license notices in the Document , and any Warranty Disclaimers , provided that you also include the original English version of this License and the original versions of those notices and disclaimers .","(ROOT (S (S (NP (PRP You)) (VP (MD may) (VP (VB include) (NP (NP (DT a) (NN translation)) (PP (IN of) (NP (DT this) (NN License))))))) (, ,) (CC and) (S (NP (NP (PDT all) (DT the) (NN license) (NNS notices)) (PP (IN in) (NP (NP (DT the) (NNP Document)) (, ,) (CC and) (NP (DT any) (NNP Warranty) (NNPS Disclaimers)) (, ,)))) (VP (VBD provided) (SBAR (IN that) (S (NP (PRP you)) (ADVP (RB also)) (VP (VBP include) (NP (NP (NP (DT the) (JJ original) (NNP English) (NN version)) (PP (IN of) (NP (DT this) (NN License)))) (CC and) (NP (NP (DT the) (JJ original) (NNS versions)) (PP (IN of) (NP (DT those) (NNS notices) (CC and) (NNS disclaimers)))))))))) (. .))) "
567,14,15,this,license,"In case of a disagreement between the translation and the original version of this License or a notice or disclaimer , the original version will prevail .","(ROOT (S (PP (IN In) (NP (NP (NN case)) (PP (IN of) (NP (NP (NP (DT a) (NN disagreement)) (PP (IN between) (NP (DT the) (NN translation)))) (CC and) (NP (NP (DT the) (JJ original) (NN version)) (PP (IN of) (NP (NP (DT this) (NN License)) (CC or) (NP (DT a) (NN notice) (CC or) (NN disclaimer))))))))) (, ,) (NP (DT the) (JJ original) (NN version)) (VP (MD will) (VP (VB prevail))) (. .))) "
570,20,21,this,license,"TERMINATION You may not copy , modify , sublicense , or distribute the Document except as expressly provided under this License .","(ROOT (S (NP (NP (NN TERMINATION)) (SBAR (S (NP (PRP You)) (VP (MD may) (RB not) (VP (VB copy) (, ,) (VB modify) (, ,) (VB sublicense) (, ,) (CC or) (VB distribute) (NP (DT the) (NNP Document)) (PP (IN except) (PP (IN as) (ADVP (RB expressly))))))))) (VP (VBN provided) (PP (IN under) (NP (DT this) (NN License)))) (. .))) "
571,24,25,this,license,"Any attempt otherwise to copy , modify , sublicense , or distribute it is void , and will automatically terminate your rights under this License .","(ROOT (S (NP (NP (DT Any) (NN attempt)) (RRC (ADVP (RB otherwise)) (PP (TO to) (NP (NN copy)))) (PRN (, ,) (S (VP (VP (VB modify)) (, ,) (VP (VB sublicense)) (, ,) (CC or) (VP (VB distribute) (NP (PRP it))))))) (VP (VP (VBZ is) (ADJP (JJ void))) (, ,) (CC and) (VP (MD will) (ADVP (RB automatically)) (VP (VB terminate) (NP (PRP$ your) (NNS rights)) (PP (IN under) (NP (DT this) (NN License)))))) (. .))) "
572,9,10,this,license,"However , if you cease all violation of this License , then your license from a particular copyright holder is reinstated -LRB- a -RRB- provisionally , unless and until the copyright holder explicitly and finally terminates your license , and -LRB- b -RRB- permanently , if the copyright holder fails to notify you of the violation by some reasonable means prior to 60 days after the cessation .","(ROOT (S (ADVP (RB However)) (, ,) (SBAR (IN if) (S (NP (PRP you)) (VP (VBP cease) (NP (NP (DT all) (NN violation)) (PP (IN of) (NP (DT this) (NN License))))))) (, ,) (S (ADVP (RB then)) (NP (NP (PRP$ your) (NN license)) (PP (IN from) (NP (DT a) (JJ particular) (NN copyright) (NN holder)))) (VP (VBZ is) (VP (VBN reinstated) (S (-LRB- -LRB-) (NP (DT a)) (-RRB- -RRB-) (ADVP (RB provisionally))) (, ,) (SBAR (IN unless) (CC and) (IN until) (S (NP (DT the) (NN copyright) (NN holder)) (VP (ADVP (ADVP (RB explicitly)) (CC and) (ADVP (RB finally))) (VBZ terminates) (NP (PRP$ your) (NN license)))))))) (, ,) (CC and) (S (LST (-LRB- -LRB-) (LS b) (-RRB- -RRB-)) (NP (RB permanently)) (VP (VP (PRN (, ,) (ADVP (IN if)) (NP (NP (DT the) (NN copyright)) (NP (NN holder)))) (VBZ fails) (SBAR (PP (TO to)) (S (VP (VB notify) (NP (PRP you)) (PP (IN of) (NP (NP (DT the) (NN violation)) (PP (IN by) (NP (DT some))))))))) (NP (NP (JJ reasonable) (NNS means)) (ADVP (RB prior) (PP (TO to) (NP (NP (CD 60) (NNS days)) (PP (IN after) (NP (DT the) (NN cessation))))))))) (. .))) "
573,39,40,this,license,"Moreover , your license from a particular copyright holder is reinstated permanently if the copyright holder notifies you of the violation by some reasonable means , this is the first time you have received notice of violation of this License -LRB- for any work -RRB- from that copyright holder , and you cure the violation prior to 30 days after your receipt of the notice .","(ROOT (S (ADVP (RB Moreover)) (, ,) (S (NP (NP (PRP$ your) (NN license)) (PP (IN from) (NP (DT a) (JJ particular) (NN copyright) (NN holder)))) (VP (VBZ is) (VP (VBN reinstated) (ADVP (RB permanently)) (SBAR (IN if) (S (NP (DT the) (NN copyright) (NN holder)) (VP (VBZ notifies) (NP (NP (PRP you)) (PP (IN of) (NP (DT the) (NN violation)))) (PP (IN by) (NP (DT some) (JJ reasonable) (NNS means))))))))) (PRN (, ,) (S (NP (DT this)) (VP (VBZ is) (NP (NP (DT the) (JJ first) (NN time)) (SBAR (S (NP (PRP you)) (VP (VBP have) (VP (VBN received) (NP (NP (NN notice)) (PP (IN of) (NP (NP (NN violation)) (PP (IN of) (NP (NP (DT this) (NN License)) (PRN (-LRB- -LRB-) (PP (IN for) (NP (DT any) (NN work))) (-RRB- -RRB-))))))) (PP (IN from) (NP (DT that) (NN copyright) (NN holder)))))))))) (, ,)) (CC and) (S (NP (PRP you)) (VP (VBP cure) (ADVP (NP (DT the) (NN violation)) (RB prior)) (PP (TO to) (NP (CD 30) (NNS days))) (PP (IN after) (NP (NP (PRP$ your) (NN receipt)) (PP (IN of) (NP (DT the) (NN notice))))))) (. .))) "
573,47,49,that,holder,"Moreover , your license from a particular copyright holder is reinstated permanently if the copyright holder notifies you of the violation by some reasonable means , this is the first time you have received notice of violation of this License -LRB- for any work -RRB- from that copyright holder , and you cure the violation prior to 30 days after your receipt of the notice .","(ROOT (S (ADVP (RB Moreover)) (, ,) (S (NP (NP (PRP$ your) (NN license)) (PP (IN from) (NP (DT a) (JJ particular) (NN copyright) (NN holder)))) (VP (VBZ is) (VP (VBN reinstated) (ADVP (RB permanently)) (SBAR (IN if) (S (NP (DT the) (NN copyright) (NN holder)) (VP (VBZ notifies) (NP (NP (PRP you)) (PP (IN of) (NP (DT the) (NN violation)))) (PP (IN by) (NP (DT some) (JJ reasonable) (NNS means))))))))) (PRN (, ,) (S (NP (DT this)) (VP (VBZ is) (NP (NP (DT the) (JJ first) (NN time)) (SBAR (S (NP (PRP you)) (VP (VBP have) (VP (VBN received) (NP (NP (NN notice)) (PP (IN of) (NP (NP (NN violation)) (PP (IN of) (NP (NP (DT this) (NN License)) (PRN (-LRB- -LRB-) (PP (IN for) (NP (DT any) (NN work))) (-RRB- -RRB-))))))) (PP (IN from) (NP (DT that) (NN copyright) (NN holder)))))))))) (, ,)) (CC and) (S (NP (PRP you)) (VP (VBP cure) (ADVP (NP (DT the) (NN violation)) (RB prior)) (PP (TO to) (NP (CD 30) (NNS days))) (PP (IN after) (NP (NP (PRP$ your) (NN receipt)) (PP (IN of) (NP (DT the) (NN notice))))))) (. .))) "
574,6,7,this,section,Termination of your rights under this section does not terminate the licenses of parties who have received copies or rights from you under this License .,(ROOT (S (NP (NP (NN Termination)) (PP (IN of) (NP (NP (PRP$ your) (NNS rights)) (PP (IN under) (NP (DT this) (NN section)))))) (VP (VBZ does) (RB not) (VP (VB terminate) (NP (NP (DT the) (NNS licenses)) (PP (IN of) (NP (NP (NNS parties)) (SBAR (WHNP (WP who)) (S (VP (VBP have) (VP (VBN received) (NP (NNS copies) (CC or) (NNS rights)) (PP (IN from) (NP (PRP you))) (PP (IN under) (NP (DT this) (NN License)))))))))))) (. .))) 
574,24,25,this,license,Termination of your rights under this section does not terminate the licenses of parties who have received copies or rights from you under this License .,(ROOT (S (NP (NP (NN Termination)) (PP (IN of) (NP (NP (PRP$ your) (NNS rights)) (PP (IN under) (NP (DT this) (NN section)))))) (VP (VBZ does) (RB not) (VP (VB terminate) (NP (NP (DT the) (NNS licenses)) (PP (IN of) (NP (NP (NNS parties)) (SBAR (WHNP (WP who)) (S (VP (VBP have) (VP (VBN received) (NP (NNS copies) (CC or) (NNS rights)) (PP (IN from) (NP (PRP you))) (PP (IN under) (NP (DT this) (NN License)))))))))))) (. .))) 
581,11,12,this,license,"If the Document specifies that a particular numbered version of this License `` or any later version '' applies to it , you have the option of following the terms and conditions either of that specified version or of any later version that has been published -LRB- not as a draft -RRB- by the Free Software Foundation .","(ROOT (S (SBAR (IN If) (S (NP (DT the) (NNP Document)) (VP (VBZ specifies) (SBAR (IN that) (S (NP (DT a) (JJ particular)) (VP (VBD numbered) (SBAR (S (NP (NP (NN version)) (PP (IN of) (NP (NP (DT this) (NN License)) (`` ``) (CC or) (NP (DT any) (JJ later) (NN version))))) ('' '') (VP (VBZ applies) (PP (TO to) (NP (PRP it)))))))))))) (, ,) (NP (PRP you)) (VP (VBP have) (NP (NP (DT the) (NN option)) (PP (IN of) (S (VP (VBG following) (NP (NP (DT the) (NNS terms) (CC and) (NNS conditions)) (PP (DT either) (PP (IN of) (NP (DT that) (VBN specified) (NN version))) (CC or) (PP (IN of) (NP (DT any) (JJ later) (NN version)))) (SBAR (WHNP (WDT that)) (S (VP (VBZ has) (VP (VBN been) (VP (VBN published) (PRN (-LRB- -LRB-) (PP (RB not) (IN as) (NP (DT a) (NN draft))) (-RRB- -RRB-)))))))) (PP (IN by) (NP (DT the) (NNP Free) (NNP Software) (NNP Foundation)))))))) (. .))) "
581,35,37,that,version,"If the Document specifies that a particular numbered version of this License `` or any later version '' applies to it , you have the option of following the terms and conditions either of that specified version or of any later version that has been published -LRB- not as a draft -RRB- by the Free Software Foundation .","(ROOT (S (SBAR (IN If) (S (NP (DT the) (NNP Document)) (VP (VBZ specifies) (SBAR (IN that) (S (NP (DT a) (JJ particular)) (VP (VBD numbered) (SBAR (S (NP (NP (NN version)) (PP (IN of) (NP (NP (DT this) (NN License)) (`` ``) (CC or) (NP (DT any) (JJ later) (NN version))))) ('' '') (VP (VBZ applies) (PP (TO to) (NP (PRP it)))))))))))) (, ,) (NP (PRP you)) (VP (VBP have) (NP (NP (DT the) (NN option)) (PP (IN of) (S (VP (VBG following) (NP (NP (DT the) (NNS terms) (CC and) (NNS conditions)) (PP (DT either) (PP (IN of) (NP (DT that) (VBN specified) (NN version))) (CC or) (PP (IN of) (NP (DT any) (JJ later) (NN version)))) (SBAR (WHNP (WDT that)) (S (VP (VBZ has) (VP (VBN been) (VP (VBN published) (PRN (-LRB- -LRB-) (PP (RB not) (IN as) (NP (DT a) (NN draft))) (-RRB- -RRB-)))))))) (PP (IN by) (NP (DT the) (NNP Free) (NNP Software) (NNP Foundation)))))))) (. .))) "
582,11,12,this,license,"If the Document does not specify a version number of this License , you may choose any version ever published -LRB- not as a draft -RRB- by the Free Software Foundation .","(ROOT (S (SBAR (IN If) (S (NP (DT the) (NNP Document)) (VP (VBZ does) (RB not) (VP (VB specify) (NP (NP (DT a) (NN version) (NN number)) (PP (IN of) (NP (DT this) (NN License)))))))) (, ,) (NP (PRP you)) (VP (MD may) (VP (VB choose) (S (NP (DT any) (NN version)) (ADVP (RB ever)) (VP (VBN published) (PRN (-LRB- -LRB-) (PP (RB not) (IN as) (NP (DT a) (NN draft))) (-RRB- -RRB-)) (PP (IN by) (NP (DT the) (NNP Free) (NNP Software) (NNP Foundation))))))) (. .))) "
583,14,15,this,license,"If the Document specifies that a proxy can decide which future versions of this License can be used , that proxy 's public statement of acceptance of a version permanently authorizes you to choose that version for the Document .","(ROOT (S (SBAR (IN If) (S (NP (DT the) (NNP Document)) (VP (VBZ specifies) (SBAR (IN that) (S (NP (DT a) (NN proxy)) (VP (MD can) (VP (VB decide) (WHNP (WDT which))))))))) (NP (NP (NN future) (NNS versions)) (PP (IN of) (NP (DT this) (NN License)))) (VP (MD can) (VP (VB be) (VP (VBN used) (, ,) (SBAR (IN that) (S (NP (NP (NP (NN proxy) (POS 's)) (JJ public) (NN statement)) (PP (IN of) (NP (NP (NN acceptance)) (PP (IN of) (NP (DT a) (NN version)))))) (ADVP (RB permanently)) (VP (VBZ authorizes) (S (NP (PRP you)) (VP (TO to) (VP (VB choose) (NP (NP (DT that) (NN version)) (PP (IN for) (NP (DT the) (NNP Document))))))))))))) (. .))) "
583,35,36,that,version,"If the Document specifies that a proxy can decide which future versions of this License can be used , that proxy 's public statement of acceptance of a version permanently authorizes you to choose that version for the Document .","(ROOT (S (SBAR (IN If) (S (NP (DT the) (NNP Document)) (VP (VBZ specifies) (SBAR (IN that) (S (NP (DT a) (NN proxy)) (VP (MD can) (VP (VB decide) (WHNP (WDT which))))))))) (NP (NP (NN future) (NNS versions)) (PP (IN of) (NP (DT this) (NN License)))) (VP (MD can) (VP (VB be) (VP (VBN used) (, ,) (SBAR (IN that) (S (NP (NP (NP (NN proxy) (POS 's)) (JJ public) (NN statement)) (PP (IN of) (NP (NP (NN acceptance)) (PP (IN of) (NP (DT a) (NN version)))))) (ADVP (RB permanently)) (VP (VBZ authorizes) (S (NP (PRP you)) (VP (TO to) (VP (VB choose) (NP (NP (DT that) (NN version)) (PP (IN for) (NP (DT the) (NNP Document))))))))))))) (. .))) "
585,34,35,those,work,RELICENSING `` Massive Multiauthor Collaboration Site '' -LRB- or `` MMC Site '' -RRB- means any World Wide Web server that publishes copyrightable works and also provides prominent facilities for anybody to edit those works .,(ROOT (S (VP (VBG RELICENSING) (NP (NP (`` ``) (NP (JJ Massive) (NNP Multiauthor) (NNP Collaboration) (NN Site)) ('' '') (PRN (-LRB- -LRB-) (CC or) (`` ``) (NP (NNP MMC) (NN Site)) ('' '') (-RRB- -RRB-))) (SBAR (S (VP (VBZ means) (NP (NP (DT any) (NNP World) (NN Wide) (NN Web) (NN server)) (SBAR (WHNP (WDT that)) (S (VP (VP (VBZ publishes) (NP (JJ copyrightable) (NNS works))) (CC and) (VP (ADVP (RB also)) (VBZ provides) (NP (JJ prominent) (NNS facilities)) (PP (IN for) (NP (NN anybody))) (S (VP (TO to) (VP (VB edit) (NP (DT those) (NNS works))))))))))))))) (. .))) 
588,40,41,that,license,"`` CC-BY-SA '' means the Creative Commons Attribution-Share Alike 3.0 license published by Creative Commons Corporation , a not-for-profit corporation with a principal place of business in San Francisco , California , as well as future copyleft versions of that license published by that same organization .","(ROOT (S (NP (`` ``) (NN CC-BY-SA) ('' '')) (VP (VBZ means) (NP (NP (NP (DT the) (JJ Creative) (NNPS Commons)) (SBAR (S (NP (NNP Attribution-Share) (JJ Alike) (CD 3.0) (NN license)) (VP (VBN published) (PP (IN by) (NP (NP (NNP Creative) (NNP Commons) (NNP Corporation)) (, ,) (NP (DT a) (JJ not-for-profit) (NN corporation)))) (PP (IN with) (NP (NP (DT a) (JJ principal) (NN place)) (PP (IN of) (NP (NN business))))) (PP (IN in) (NP (NP (NNP San) (NNP Francisco)) (, ,) (NP (NNP California)))))))) (, ,) (CONJP (RB as) (RB well) (IN as)) (NP (NP (JJ future) (NN copyleft) (NNS versions)) (PP (IN of) (NP (NP (DT that) (NN license)) (VP (VBN published) (PP (IN by) (NP (DT that) (JJ same) (NN organization))))))))) (. .))) "
588,44,46,that,organization,"`` CC-BY-SA '' means the Creative Commons Attribution-Share Alike 3.0 license published by Creative Commons Corporation , a not-for-profit corporation with a principal place of business in San Francisco , California , as well as future copyleft versions of that license published by that same organization .","(ROOT (S (NP (`` ``) (NN CC-BY-SA) ('' '')) (VP (VBZ means) (NP (NP (NP (DT the) (JJ Creative) (NNPS Commons)) (SBAR (S (NP (NNP Attribution-Share) (JJ Alike) (CD 3.0) (NN license)) (VP (VBN published) (PP (IN by) (NP (NP (NNP Creative) (NNP Commons) (NNP Corporation)) (, ,) (NP (DT a) (JJ not-for-profit) (NN corporation)))) (PP (IN with) (NP (NP (DT a) (JJ principal) (NN place)) (PP (IN of) (NP (NN business))))) (PP (IN in) (NP (NP (NNP San) (NNP Francisco)) (, ,) (NP (NNP California)))))))) (, ,) (CONJP (RB as) (RB well) (IN as)) (NP (NP (JJ future) (NN copyleft) (NNS versions)) (PP (IN of) (NP (NP (DT that) (NN license)) (VP (VBN published) (PP (IN by) (NP (DT that) (JJ same) (NN organization))))))))) (. .))) "
590,14,15,this,license,"An MMC is `` eligible for relicensing '' if it is licensed under this License , and if all works that were first published under this License somewhere other than this MMC , and subsequently incorporated in whole or in part into the MMC , -LRB- 1 -RRB- had no cover texts or invariant sections , and -LRB- 2 -RRB- were thus incorporated prior to November 1 , 2008 .","(ROOT (S (S (NP (DT An) (NN MMC)) (VP (VBZ is) (ADJP (`` ``) (JJ eligible)) (PP (IN for) (S (VP (VBG relicensing)))) ('' '') (SBAR (SBAR (IN if) (S (NP (PRP it)) (VP (VBZ is) (VP (VBN licensed) (PP (IN under) (NP (DT this) (NN License))))))) (, ,) (CC and) (SBAR (IN if) (S (NP (NP (DT all) (NNS works)) (SBAR (WHNP (WDT that)) (S (VP (VBD were) (ADVP (JJ first)) (VP (VP (VBN published) (PP (IN under) (NP (DT this) (NN License))) (ADVP (RB somewhere) (JJ other) (PP (IN than) (NP (DT this) (NN MMC))))) (, ,) (CC and) (ADVP (RB subsequently)) (VP (VBN incorporated) (PP (PP (IN in) (NP (JJ whole))) (CC or) (PP (IN in) (NP (NN part)))) (PP (IN into) (NP (DT the) (NNP MMC))) (, ,) (PRN (-LRB- -LRB-) (NP (LS 1)) (-RRB- -RRB-)))))))) (VP (VBD had) (NP (NP (DT no) (NN cover) (NNS texts)) (CC or) (NP (JJ invariant) (NNS sections))))))))) (, ,) (CC and) (S (-LRB- -LRB-) (NP (LS 2)) (-RRB- -RRB-) (VP (VBD were) (ADVP (RB thus)) (VP (VBN incorporated) (PP (RB prior) (PP (TO to) (NP (NNP November) (CD 1) (, ,) (CD 2008))))))) (. .))) "
590,26,27,this,license,"An MMC is `` eligible for relicensing '' if it is licensed under this License , and if all works that were first published under this License somewhere other than this MMC , and subsequently incorporated in whole or in part into the MMC , -LRB- 1 -RRB- had no cover texts or invariant sections , and -LRB- 2 -RRB- were thus incorporated prior to November 1 , 2008 .","(ROOT (S (S (NP (DT An) (NN MMC)) (VP (VBZ is) (ADJP (`` ``) (JJ eligible)) (PP (IN for) (S (VP (VBG relicensing)))) ('' '') (SBAR (SBAR (IN if) (S (NP (PRP it)) (VP (VBZ is) (VP (VBN licensed) (PP (IN under) (NP (DT this) (NN License))))))) (, ,) (CC and) (SBAR (IN if) (S (NP (NP (DT all) (NNS works)) (SBAR (WHNP (WDT that)) (S (VP (VBD were) (ADVP (JJ first)) (VP (VP (VBN published) (PP (IN under) (NP (DT this) (NN License))) (ADVP (RB somewhere) (JJ other) (PP (IN than) (NP (DT this) (NN MMC))))) (, ,) (CC and) (ADVP (RB subsequently)) (VP (VBN incorporated) (PP (PP (IN in) (NP (JJ whole))) (CC or) (PP (IN in) (NP (NN part)))) (PP (IN into) (NP (DT the) (NNP MMC))) (, ,) (PRN (-LRB- -LRB-) (NP (LS 1)) (-RRB- -RRB-)))))))) (VP (VBD had) (NP (NP (DT no) (NN cover) (NNS texts)) (CC or) (NP (JJ invariant) (NNS sections))))))))) (, ,) (CC and) (S (-LRB- -LRB-) (NP (LS 2)) (-RRB- -RRB-) (VP (VBD were) (ADVP (RB thus)) (VP (VBN incorporated) (PP (RB prior) (PP (TO to) (NP (NNP November) (CD 1) (, ,) (CD 2008))))))) (. .))) "
590,31,32,this,mmc,"An MMC is `` eligible for relicensing '' if it is licensed under this License , and if all works that were first published under this License somewhere other than this MMC , and subsequently incorporated in whole or in part into the MMC , -LRB- 1 -RRB- had no cover texts or invariant sections , and -LRB- 2 -RRB- were thus incorporated prior to November 1 , 2008 .","(ROOT (S (S (NP (DT An) (NN MMC)) (VP (VBZ is) (ADJP (`` ``) (JJ eligible)) (PP (IN for) (S (VP (VBG relicensing)))) ('' '') (SBAR (SBAR (IN if) (S (NP (PRP it)) (VP (VBZ is) (VP (VBN licensed) (PP (IN under) (NP (DT this) (NN License))))))) (, ,) (CC and) (SBAR (IN if) (S (NP (NP (DT all) (NNS works)) (SBAR (WHNP (WDT that)) (S (VP (VBD were) (ADVP (JJ first)) (VP (VP (VBN published) (PP (IN under) (NP (DT this) (NN License))) (ADVP (RB somewhere) (JJ other) (PP (IN than) (NP (DT this) (NN MMC))))) (, ,) (CC and) (ADVP (RB subsequently)) (VP (VBN incorporated) (PP (PP (IN in) (NP (JJ whole))) (CC or) (PP (IN in) (NP (NN part)))) (PP (IN into) (NP (DT the) (NNP MMC))) (, ,) (PRN (-LRB- -LRB-) (NP (LS 1)) (-RRB- -RRB-)))))))) (VP (VBD had) (NP (NP (DT no) (NN cover) (NNS texts)) (CC or) (NP (JJ invariant) (NNS sections))))))))) (, ,) (CC and) (S (-LRB- -LRB-) (NP (LS 2)) (-RRB- -RRB-) (VP (VBD were) (ADVP (RB thus)) (VP (VBN incorporated) (PP (RB prior) (PP (TO to) (NP (NNP November) (CD 1) (, ,) (CD 2008))))))) (. .))) "
592,5,6,this,license,"# How to use this License for your documents To use this License in a document you have written , include a copy of the License in the document and put the following copyright and license notices just after the title page : Copyright -LRB- c -RRB- YEAR YOUR NAME .","(ROOT (S (# #) (SBAR (WHADVP (WRB How)) (S (VP (TO to) (VP (VB use) (NP (DT this) (NN License)) (PP (IN for) (NP (PRP$ your) (NNS documents) (S (VP (TO To) (VP (VB use) (NP (NP (DT this) (NN License)) (PP (IN in) (NP (DT a) (NN document))))))))))))) (NP (PRP you)) (VP (VP (VBP have) (VP (VBN written))) (, ,) (VP (VBP include) (NP (NP (DT a) (NN copy)) (PP (IN of) (NP (NP (DT the) (NNP License)) (PP (IN in) (NP (DT the) (NN document))))))) (CC and) (VP (VBD put) (NP (NP (DT the) (VBG following) (NN copyright)) (CC and) (NP (NN license) (NNS notices))) (PP (RB just) (IN after) (NP (NP (DT the) (NN title) (NN page)) (: :) (NP (NP (NN Copyright)) (PRN (-LRB- -LRB-) (NP (NN c)) (-RRB- -RRB-)) (NP (NN YEAR) (JJ YOUR) (NN NAME))))))) (. .))) "
592,12,13,this,license,"# How to use this License for your documents To use this License in a document you have written , include a copy of the License in the document and put the following copyright and license notices just after the title page : Copyright -LRB- c -RRB- YEAR YOUR NAME .","(ROOT (S (# #) (SBAR (WHADVP (WRB How)) (S (VP (TO to) (VP (VB use) (NP (DT this) (NN License)) (PP (IN for) (NP (PRP$ your) (NNS documents) (S (VP (TO To) (VP (VB use) (NP (NP (DT this) (NN License)) (PP (IN in) (NP (DT a) (NN document))))))))))))) (NP (PRP you)) (VP (VP (VBP have) (VP (VBN written))) (, ,) (VP (VBP include) (NP (NP (DT a) (NN copy)) (PP (IN of) (NP (NP (DT the) (NNP License)) (PP (IN in) (NP (DT the) (NN document))))))) (CC and) (VP (VBD put) (NP (NP (DT the) (VBG following) (NN copyright)) (CC and) (NP (NN license) (NNS notices))) (PP (RB just) (IN after) (NP (NP (DT the) (NN title) (NN page)) (: :) (NP (NP (NN Copyright)) (PRN (-LRB- -LRB-) (NP (NN c)) (-RRB- -RRB-)) (NP (NN YEAR) (JJ YOUR) (NN NAME))))))) (. .))) "
593,10,11,this,document,"Permission is granted to copy , distribute and/or modify this document under the terms of the GNU Free Documentation License , Version 1.3 or any later version published by the Free Software Foundation ; with no Invariant Sections , no Front-Cover Texts , and no Back-Cover Texts .","(ROOT (S (NP (NN Permission)) (VP (VBZ is) (VP (VBN granted) (S (VP (TO to) (VP (VP (VB copy)) (, ,) (VP (VB distribute) (CC and/or) (VB modify) (NP (DT this) (NN document)) (PP (IN under) (NP (NP (NP (DT the) (NNS terms)) (PP (IN of) (NP (DT the) (NNP GNU) (NNP Free) (NNP Documentation) (NNP License)))) (, ,) (NP (NNP Version) (CD 1.3)) (CC or) (NP (NP (DT any) (JJ later) (NN version)) (VP (VBN published) (PP (IN by) (NP (DT the) (NNP Free) (NNP Software) (NNP Foundation)))))))) (: ;) (PP (IN with) (NP (NP (DT no) (JJ Invariant) (NNS Sections)) (, ,) (NP (DT no) (NNP Front-Cover) (NNS Texts)) (, ,) (CC and) (NP (DT no) (NNP Back-Cover) (NNPS Texts))))))))) (. .))) "
597,19,21,those,alternative,"If you have Invariant Sections without Cover Texts , or some other combination of the three , merge those two alternatives to suit the situation .","(ROOT (S (SBAR (IN If) (S (NP (PRP you)) (VP (VBP have) (NP (JJ Invariant) (NNS Sections)) (PP (IN without) (NP (NP (NNP Cover) (NNP Texts)) (, ,) (CC or) (NP (NP (DT some) (JJ other) (NN combination)) (PP (IN of) (NP (DT the) (CD three)))) (, ,)))))) (VP (VBP merge) (S (NP (DT those) (CD two) (NNS alternatives)) (VP (TO to) (VP (VB suit) (NP (DT the) (NN situation)))))) (. .))) "
598,14,15,these,example,"If your document contains nontrivial examples of program code , we recommend releasing these examples in parallel under your choice of free software license , such as the GNU General Public License , to permit their use in free software .","(ROOT (S (SBAR (IN If) (S (NP (PRP$ your) (NN document)) (VP (VBZ contains) (NP (NP (JJ nontrivial) (NNS examples)) (PP (IN of) (NP (NN program) (NN code))))))) (, ,) (NP (PRP we)) (VP (VBP recommend) (S (VP (VBG releasing) (NP (NP (DT these) (NNS examples)) (PP (IN in) (NP (NP (NN parallel)) (PP (IN under) (NP (NP (PRP$ your) (NN choice)) (PP (IN of) (NP (JJ free) (NN software) (NN license)))))))) (PRN (, ,) (PP (JJ such) (IN as) (NP (DT the) (NNP GNU) (NNP General) (NNP Public) (NNP License))) (, ,)) (S (VP (TO to) (VP (VB permit) (NP (PRP$ their) (NN use)) (PP (IN in) (NP (JJ free) (NN software))))))))) (. .))) "
609,14,15,this,page,php?title = How_to_Pass_a_Course / Print_Version & action = info -RRB- * -LSB- Cite this page -RSB- -LRB- / w/index .,(ROOT (S (VP (NN php?title) (NP (NP (NP (JJ =) (NN How_to_Pass_a_Course)) (PRN (: /) (NP (NP (NNP Print_Version)) (CC &) (NP (NN action) (JJ =) (NN info))) (-RRB- -RRB-))) (X (SYM *))) (S (VP (-LRB- -LSB-) (VP (VB Cite) (S (NP (DT this) (NN page)) (NP (NP (-RRB- -RSB-)) (-LRB- -LRB-) (PP (: /) (NP (NN w/index))))))))) (. .))) 
615,3,4,this,site,"By using this site , you agree to the -LSB- Terms of Use -RSB- -LRB- / / wikimediafoundation.org/wiki/Terms_of_Use -RRB- and -LSB- Privacy Policy . -RSB-","(ROOT (S (PP (IN By) (S (VP (VBG using) (NP (DT this) (NN site))))) (, ,) (NP (PRP you)) (VP (VBP agree) (PP (PP (TO to) (NP (NP (DT the) (-LRB- -LSB-) (NNS Terms)) (PP (IN of) (NP (NP (NN Use) (-RRB- -RSB-)) (PRN (-LRB- -LRB-) (NP (: /) (: /) (NN wikimediafoundation.org/wiki/Terms_of_Use)) (-RRB- -RRB-)))))) (CC and) (PP (-LRB- -LSB-) (NP (NNP Privacy) (NNP Policy))))) (. .) (-RRB- -RSB-))) "
