2,7,8,this,page,-LSB- Unreviewed changes are displayed on this page -RSB- -LRB- / / bits.wikimedia.org/static-1.22wmf19/extensions/FlaggedRevs/frontend/modules/img/1.png -RRB- This page may need to be -LSB- reviewed -RSB- -LRB- / wiki/Wikibooks : REVIEW -RRB- for quality .,(ROOT (S (SBAR (-LRB- -LSB-) (S (NP (JJ Unreviewed) (NNS changes)) (VP (VBP are) (VP (VBN displayed) (PP (IN on) (NP (DT this) (NN page) (-RRB- -RSB-))))))) (PRN (-LRB- -LRB-) (VP (: /) (NP (: /) (NN bits.wikimedia.org/static-1.22wmf19/extensions/FlaggedRevs/frontend/modules/img/1.png))) (-RRB- -RRB-)) (NP (DT This) (NN page)) (VP (MD may) (VP (VB need) (S (VP (TO to) (VP (VB be) (VP (-LRB- -LSB-) (VP (VBN reviewed) (NP (NP (NP (-RRB- -RSB-)) (PRN (-LRB- -LRB-) (NP (NP (: /) (NNS wiki/Wikibooks)) (: :) (NP (NNP REVIEW))) (-RRB- -RRB-))) (PP (IN for) (NP (NN quality))))))))))) (. .))) 
15,29,30,this,paragraph,It is usually better to gain a basic knowledge of HTML using a code-based HTML editor before delving into the WYSIWYG editors -LRB- all of the previous in this paragraph -RRB- .,(ROOT (S (NP (PRP It)) (VP (VBZ is) (ADVP (RB usually)) (ADJP (JJR better)) (S (VP (TO to) (VP (VB gain) (NP (NP (DT a) (JJ basic) (NN knowledge)) (PP (IN of) (NP (NNP HTML)))) (S (VP (VBG using) (NP (DT a) (JJ code-based) (NNP HTML) (NN editor)) (PP (IN before) (NP (NN delving))) (PP (IN into) (NP (NP (DT the) (NNP WYSIWYG) (NNS editors)) (PRN (-LRB- -LRB-) (NP (NP (DT all)) (PP (IN of) (NP (NP (DT the) (JJ previous)) (PP (IN in) (NP (DT this) (NN paragraph)))))) (-RRB- -RRB-)))))))))) (. .))) 
23,2,3,this,code,Write this code in your editor -LRB- or copy-and-paste it -RRB- and save it as `` index.html '' or `` index.htm '' .,(ROOT (S (VP (VP (VB Write) (NP (NP (DT this) (NN code)) (PP (IN in) (NP (NP (PRP$ your) (NN editor)) (PRN (-LRB- -LRB-) (CC or) (NP (NP (JJ copy-and-paste)) (NP (PRP it))) (-RRB- -RRB-)))))) (CC and) (VP (VB save) (NP (PRP it)) (PP (IN as) (NP (NP (`` ``) (JJ index.html) ('' '')) (CC or) (NP (`` ``) (NN index.htm) ('' '')))))) (. .))) 
35,3,4,these,section,Each of these sections are demarcated by their respective tags .,(ROOT (S (NP (NP (DT Each)) (PP (IN of) (NP (DT these) (NNS sections)))) (VP (VBP are) (VP (VBN demarcated) (PP (IN by) (NP (PRP$ their) (JJ respective) (NNS tags))))) (. .))) 
37,4,5,this,section,The information in this section is not normally displayed directly .,(ROOT (S (NP (NP (DT The) (NN information)) (PP (IN in) (NP (DT this) (NN section)))) (VP (VBZ is) (RB not) (ADVP (RB normally)) (VP (VBN displayed) (ADVP (RB directly)))) (. .))) 
56,7,8,this,element,It is rarely necessary to use this element .,(ROOT (S (NP (PRP It)) (VP (VBZ is) (ADJP (RB rarely) (JJ necessary)) (S (VP (TO to) (VP (VB use) (NP (DT this) (NN element)))))) (. .))) 
61,13,14,these,rule,They have been superseded by the CSS rules given below -LRB- using these rules is discussed in a later section -LSB- HTML Programming/CSS -RSB- -LRB- / wiki/HTML _ Programming/CSS -RRB- -RRB- .,(ROOT (S (NP (PRP They)) (VP (VBP have) (VP (VBN been) (VP (VBN superseded) (PP (IN by) (NP (NP (DT the) (NNP CSS) (NNS rules)) (VP (VBN given) (ADVP (IN below)) (PRN (-LRB- -LRB-) (S (VP (VBG using) (SBAR (S (NP (DT these) (NNS rules)) (VP (VBZ is) (VP (VBN discussed) (PP (IN in) (NP (NP (DT a) (JJ later) (NN section)) (PP (-LRB- -LSB-) (NP (NP (NNP HTML) (NNP Programming/CSS) (-RRB- -RSB-)) (PRN (-LRB- -LRB-) (NP (NP (: /) (NN wiki/HTML)) (NP (CD _) (NN Programming/CSS))) (-RRB- -RRB-)))))))))))) (-RRB- -RRB-)))))))) (. .))) 
62,13,14,these,rule,The values from the previous example have been used as examples in these rules .,(ROOT (S (NP (NP (DT The) (NNS values)) (PP (IN from) (NP (DT the) (JJ previous) (NN example)))) (VP (VBP have) (VP (VBN been) (VP (VBN used) (PP (IN as) (NP (NP (NNS examples)) (PP (IN in) (NP (DT these) (NNS rules)))))))) (. .))) 
103,12,13,this,correction,A quality sundial will include a permanently-mounted table or graph giving this correction for at least each month of the year .,(ROOT (S (NP (DT A) (NN quality) (NN sundial)) (VP (MD will) (VP (VB include) (NP (NP (DT a) (JJ permanently-mounted) (NN table) (CC or) (NN graph)) (VP (VBG giving) (NP (NP (DT this) (NN correction)) (PP (IN for) (NP (NP (ADVP (IN at) (JJS least)) (DT each) (NN month)) (PP (IN of) (NP (DT the) (NN year)))))))))) (. .))) 
107,16,17,this,book,We have seen in the -LSB- Introduction -RSB- -LRB- / wiki/HTML _ Programming -RRB- to this book how we can _ emphasize _ text by using ` <em> </em> ` tags .,(ROOT (S (NP (PRP We)) (VP (VBP have) (VP (VBN seen) (PP (IN in) (NP (NP (DT the) (-LRB- -LSB-) (NN Introduction) (-RRB- -RSB-)) (PRN (-LRB- -LRB-) (NP (: /) (NNP wiki/HTML) (NNP _) (NNP Programming)) (-RRB- -RRB-)))) (PP (TO to) (NP (NP (DT this) (NN book)) (SBAR (WHADVP (WRB how)) (S (NP (PRP we)) (VP (MD can) (ADVP (RB _)) (VP (VB emphasize) (NP (NN _) (NN text)) (PP (IN by) (S (VP (VBG using) (`` `) (NP (NP (JJ <em>) (NN </em>)) (`` `) (NP (NNS tags)))))))))))))) (. .))) 
114,35,36,this,section,"For example if you wanted all emphasized text to appear in red normal text you would use the following CSS rule : em -LCB- font-style : normal ; color : red ; -RCB- In this section , we will explore a few basic ways in which you can markup the logical structure of your document .","(ROOT (S (PP (IN For) (NP (NP (NN example)) (SBAR (IN if) (S (NP (PRP you)) (VP (VBD wanted) (NP (NP (DT all)) (VP (VBN emphasized) (NP (NN text)) (S (VP (TO to) (VP (VB appear) (PP (IN in) (NP (JJ red) (JJ normal) (NN text))))))))))))) (NP (PRP you)) (VP (MD would) (VP (VB use) (NP (NP (DT the) (VBG following) (NN CSS) (NN rule)) (: :) (NP (NP (NP (NN em)) (-LRB- -LCB-) (NP (NN font-style)) (PRN (: :) (NP (NP (JJ normal)) (: ;) (NP (NP (NN color)) (: :) (NP (NN red)))) (: ;)) (-RRB- -RCB-)) (SBAR (S (PP (IN In) (NP (DT this) (NN section))) (, ,) (NP (PRP we)) (VP (MD will) (VP (VB explore) (NP (NP (DT a) (JJ few) (JJ basic) (NNS ways)) (SBAR (WHPP (IN in) (WHNP (WDT which))) (S (NP (PRP you)) (VP (MD can) (VP (NP (NP (NN markup)) (NP (NP (DT the) (JJ logical) (NN structure)) (PP (IN of) (NP (PRP$ your) (NN document)))))))))))))))))) (. .))) "
145,15,16,this,element,It does however support the related element ` acronym ` which has resulted in this element commonly being used for all abbreviations not just acronyms .,(ROOT (S (NP (PRP It)) (VP (VBZ does) (ADVP (RB however)) (VP (VB support) (NP (NP (DT the) (JJ related) (NN element)) (`` `) (NP (NN acronym))) (`` `) (SBAR (WHNP (WDT which)) (S (VP (VBZ has) (VP (VBN resulted) (PP (IN in) (NP (NP (DT this) (NN element)) (VP (ADVP (RB commonly)) (VBG being) (VP (VBN used) (PP (IN for) (NP (NP (DT all) (NNS abbreviations)) (CONJP (RB not) (RB just)) (NP (NNS acronyms)))))))))))))) (. .))) 
153,12,16,these,part,"By using Cascading Style Sheets , the HTML author can decouple these two distinctly different parts so that a properly marked-up document may be rendered in various ways while the document itself remains unchanged .","(ROOT (S (PP (IN By) (S (VP (VBG using) (S (VP (VBG Cascading) (NP (NNP Style) (NNPS Sheets))))))) (, ,) (NP (DT the) (NNP HTML) (NN author)) (VP (MD can) (VP (VB decouple) (NP (NP (DT these) (CD two) (ADJP (RB distinctly) (JJ different)) (NNS parts)) (SBAR (IN so) (IN that) (S (NP (DT a) (ADJP (RB properly) (JJ marked-up)) (NN document)) (VP (MD may) (VP (VB be) (VP (VBN rendered) (PP (IN in) (NP (JJ various) (NNS ways))) (SBAR (IN while) (S (NP (DT the) (NN document)) (ADVP (PRP itself)) (VP (VBZ remains) (ADJP (JJ unchanged))))))))))))) (. .))) "
155,10,11,these,choice,"Cascading Style Sheets also allow the reader to make these choices , overriding those of the publisher .","(ROOT (SINV (VP (VBG Cascading) (NP (NNP Style) (NNP Sheets)) (ADVP (RB also))) (VP (VBP allow) (NP (DT the) (NN reader)) (S (VP (TO to) (VP (VB make) (NP (DT these) (NP (NNS choices)) (, ,) (NP (VBG overriding))))))) (NP (NP (DT those)) (PP (IN of) (NP (DT the) (NN publisher)))) (. .))) "
175,7,8,this,type,The book analogue of references of this type would be saying `` Third paragraph on page 32 '' as opposed to just saying `` page 32 '' .,(ROOT (S (NP (NP (DT The) (NN book) (NN analogue)) (PP (IN of) (NP (NP (NNS references)) (PP (IN of) (NP (DT this) (NN type)))))) (VP (MD would) (VP (VB be) (VP (VBG saying) (NP (`` ``) (NP (NNP Third) (NX (NN paragraph))) (PP (IN on) (NP (NN page) (CD 32))) ('' '') (SBAR (IN as) (S (VP (VBN opposed) (PP (TO to) (S (VP (ADVP (RB just)) (VBG saying) (`` ``) (NP (NN page) (CD 32) ('' '')))))))))))) (. .))) 
192,106,108,this,ff,"If window W contains frameset F consisting of a child frame A and also a child frame B that is itself a frameset FF with `` grandchildren '' frames C and D -LRB- giving us Window W with three visible panes A , C and D -RRB- , then clicking a hyperlink in the page in frame D with a target = _ parent will load the linked document into D 's parent frame , that is , into frame B , so replacing frameset FF that was previously defined as the content of frame B. Documents C and D that were the frames of this frameset FF in B will be entirely replaced and this will leave only frame A and the new document from the hyperlink left in frame B , all inside the main frameset F in window W .","(ROOT (S (SBAR (IN If) (S (NP (NN window) (NN W)) (VP (VBZ contains) (NP (NN frameset)) (NP-TMP (NP (NP (NN F)) (VP (VBG consisting) (PP (IN of) (NP (DT a) (NN child) (NN frame) (NN A))))) (CC and) (RB also) (NP (NP (DT a) (NN child) (NN frame) (NN B)) (SBAR (WHNP (WDT that)) (S (VP (VBZ is) (NP (PRP itself)) (NP (NP (DT a) (NN frameset) (NN FF)) (PP (IN with) (NP (`` ``) (NP (NNS grandchildren)) ('' '') (NNS frames))) (ADJP (ADJP (NN C) (CC and) (NN D)) (PRN (-LRB- -LRB-) (S (VP (VBG giving) (NP (PRP us)) (NP (NP (NNP Window) (NNP W)) (PP (IN with) (NP (NP (NP (CD three)) (NP (ADJP (JJ visible) (NP (NNS panes))) (DT A))) (, ,) (ADJP (NN C) (CC and) (NN D))))))) (-RRB- -RRB-)))))))))))) (, ,) (S (S (VP (ADVP (RB then)) (VBG clicking) (NP (NP (DT a) (NN hyperlink)) (PP (IN in) (NP (NP (DT the) (NN page)) (PP (IN in) (NP (NP (NN frame) (NN D)) (PP (IN with) (NP (DT a) (NN target)))))))) (S (ADJP (JJ =)) (SBAR (S (NP (CD _) (NN parent)) (VP (MD will) (VP (VB load) (NP (DT the) (VBN linked) (NN document)) (PP (IN into) (NP (NP (NP (NN D) (POS 's)) (NN parent) (NN frame)) (, ,) (SBAR (WHNP (WDT that)) (S (VP (VBZ is) (, ,) (PP (IN into) (NP (NN frame) (NN B))) (, ,) (VP (ADVP (RB so)) (VBG replacing) (NP (NP (NN frameset) (NN FF)) (SBAR (WHNP (WDT that)) (S (VP (VBD was) (ADVP (RB previously)) (VP (VBN defined) (PP (IN as) (NP (NP (DT the) (NN content)) (PP (IN of) (NP (NP (NN frame) (NNP B.) (NNS Documents)) (ADJP (NN C) (CC and) (NN D)))) (SBAR (WHNP (WDT that)) (S (VP (VBD were) (NP (NP (DT the) (NNS frames)) (PP (IN of) (NP (NP (DT this) (NN frameset) (NN FF)) (PP (IN in) (NP (NN B))))))))))))))))))))))))))))) (VP (MD will) (VP (VB be) (VP (ADVP (RB entirely)) (VBN replaced))))) (CC and) (S (S (NP (DT this)) (VP (MD will) (VP (VB leave) (NP (RB only) (NN frame) (NN A))))) (CC and) (S (NP (NP (DT the) (JJ new) (NN document)) (PP (IN from) (NP (DT the) (NN hyperlink)))) (VP (VBD left) (PP (IN in) (NP (NP (NN frame) (NN B)) (, ,) (NP (NP (DT all)) (PP (IN inside) (NP (DT the) (JJ main) (NN frameset) (NN F)))))) (PP (IN in) (NP (NN window) (NN W)))))) (. .))) "
237,19,20,this,image,"` class ` assigns one or more -LSB- CSS -RSB- -LRB- / wiki/CSS _ Programming -RRB- classes to this image to control styling ` lang ` language information ` dir ` text direction ` title ` title of the image , which some browsers display in a hover box -LRB- tooltip -RRB- , especially when the user holds his/her mouse steady over the image for a short time .","(ROOT (S (`` `) (NP (NN class)) (VP (`` `) (VBZ assigns) (NP (NP (QP (NP (CD one)) (CC or) (NP (JJR more))) (-LRB- -LSB-) (NN CSS) (-RRB- -RSB-) (PRN (-LRB- -LRB-) (NP (: /) (NNP wiki/CSS) (NNP _) (NNP Programming)) (-RRB- -RRB-)) (NNS classes)) (PP (TO to) (NP (DT this) (NN image) (S (VP (TO to) (VP (VB control) (S (VP (VBG styling) (NP (NP (`` `) (NN lang)) (`` `) (NP (NN language) (NN information))) (`` `) (S (NP (FW dir)) (`` `) (NP (NP (NN text) (NN direction)) (PP (NP (`` `) (NN title) (`` `) (NN title)) (IN of) (NP (NP (DT the) (NN image)) (, ,) (SBAR (WHNP (WDT which)) (S (NP (DT some) (NNS browsers)) (VP (VBP display) (PP (IN in) (NP (NP (DT a) (NN hover) (NN box)) (PRN (-LRB- -LRB-) (NP (NN tooltip)) (-RRB- -RRB-)))) (, ,) (SBAR (WHADVP (RB especially) (WRB when)) (S (NP (DT the) (NN user)) (VP (VBZ holds) (S (NP (JJ his/her) (NN mouse)) (ADJP (JJ steady))))))))))))))))))))) (PP (IN over) (NP (NP (DT the) (NN image)) (PP (IN for) (NP (DT a) (JJ short) (NN time)))))) (. .))) "
296,2,3,that,</table>,"Note that </table> is required ; if it is forgotten all following content is considered part of the last cell of the last row , even further tables .","(ROOT (S (NP (NP (VB Note)) (SBAR (S (NP (DT that) (NN </table>)) (VP (VBZ is) (VP (VBN required))) (: ;) (SBAR (IN if) (S (NP (PRP it)) (VP (VBZ is) (VP (VBN forgotten) (NP (DT all) (VBG following) (NN content))))))))) (VP (VBZ is) (VP (VBN considered) (NP (NP (NN part)) (PP (IN of) (NP (NP (DT the) (JJ last) (NN cell)) (PP (IN of) (NP (NP (DT the) (JJ last) (NN row)) (, ,) (NP (ADJP (RB even) (RBR further)) (NNS tables))))))))) (. .))) "
321,4,5,this,table,The border of this table is 1 pixel wide .,(ROOT (S (NP (NP (DT The) (NN border)) (PP (IN of) (NP (DT this) (NN table)))) (VP (VBZ is) (ADJP (NP (CD 1) (NN pixel)) (JJ wide))) (. .))) 
322,4,5,this,table,The border on this table is 5 pixels wide .,(ROOT (S (NP (NP (DT The) (NN border)) (PP (IN on) (NP (DT this) (NN table)))) (VP (VBZ is) (ADJP (NP (CD 5) (NNS pixels)) (JJ wide))) (. .))) 
327,36,37,this,purpose,"The syntax is : <table bordercolor=""#000000""> Note that it is not recommended to specify the border colour using HTML - it is much better to use -LSB- CSS -RSB- -LRB- / wiki/CSS _ Programming -RRB- for this purpose .","(ROOT (S (S (NP (DT The) (NN syntax)) (VP (VP (VBZ is)) (: :) (VP (NN <table bordercolor=""#000000"">) (NN Note)) (SBAR (IN that) (S (NP (PRP it)) (VP (VBZ is) (RB not) (VP (VBN recommended) (S (VP (TO to) (VP (VB specify) (NP (DT the) (NN border) (NN colour)) (S (VP (VBG using) (NP (NNP HTML))))))))))))) (: -) (S (NP (PRP it)) (VP (VBZ is) (ADJP (RB much) (JJR better)) (S (VP (TO to) (VP (VB use) (NP (NP (NP (-LRB- -LSB-) (NN CSS) (-RRB- -RSB-)) (PRN (-LRB- -LRB-) (NP (: /) (NNP wiki/CSS) (NNP _) (NNP Programming)) (-RRB- -RRB-))) (PP (IN for) (NP (DT this) (NN purpose))))))))) (. .))) "
360,11,12,this,time,"Resize the browser window , and watch what happens - this time the table changes size as the window size changes .","(ROOT (S (VP (VP (VB Resize) (NP (DT the) (NN browser) (NN window))) (, ,) (CC and) (VP (VB watch) (NP (SBAR (WHNP (WP what)) (S (VP (VBZ happens)))) (: -) (NP (NP (DT this) (NN time)) (NP (NP (DT the) (NN table) (NNS changes) (NN size)) (PP (IN as) (NP (DT the) (NN window) (NN size) (NNS changes)))))))) (. .))) "
365,2,3,these,option,Both these options are attributes of the <table> tag e.g. < table border = 1 cellspacing = 0 cellpadding = 0 > Note : The default for both is 2 ** Task - Cell Spacing and Padding ** 1 .,(ROOT (S (NP (DT Both) (DT these) (NNS options)) (VP (VBP are) (NP (NP (NNS attributes)) (PP (IN of) (NP (DT the) (NN <table>) (NN tag))) (SBAR (FRAG (NP (NP (FW e.g.)) (SBAR (S (NP (NP (NP (JJR <) (NN table) (NN border)) (ADJP (NP (QP (JJ =) (CD 1)) (NN cellspacing)) (JJ =))) (ADJP (NP (NP (CD 0) (NN cellpadding)) (ADJP (JJ =) (NP-TMP (CD 0)))) (JJR >))) (VP (NN Note) (: :) (S (NP (NP (DT The) (NN default)) (PP (IN for) (NP (DT both)))) (VP (VBZ is) (NP (CD 2)))))))) (X (X (SYM **)) (NP (NP (NP (NNP Task)) (: -) (NP (QP (NP (NN Cell) (NN Spacing)) (CC and) (NP (NN Padding)))) (X (SYM **))) (VP (LS 1)))))))) (. .))) 
385,2,3,this,case,In this case the tags colspan and/or rowspan are used - where they are set to a number .,(ROOT (S (PP (IN In) (NP (DT this) (NN case))) (NP (NP (DT the) (NNS tags) (NN colspan)) (CC and/or) (NP (NN rowspan))) (VP (VBP are) (ADJP (VBN used)) (: -) (SBAR (WHADVP (WRB where)) (S (NP (PRP they)) (VP (VBP are) (VP (VBN set) (PP (TO to) (NP (DT a) (NN number)))))))) (. .))) 
401,32,33,this,purpose,Note : it is not recommended to specify background colours using HTML - it is much better to use -LSB- Cascading Style Sheets -RSB- -LRB- / wiki/Cascading _ Style_Sheets -RRB- for this purpose .,(ROOT (NP (NP (VB Note)) (: :) (S (NP (PRP it)) (VP (VBZ is) (RB not) (VP (VBN recommended) (S (VP (TO to) (VP (VB specify) (NP (NN background) (NNS colours)) (S (VP (VBG using) (NP (NP (NNP HTML)) (PRN (: -) (S (NP (PRP it)) (VP (VBZ is) (ADJP (RB much) (JJR better)) (S (VP (TO to) (VP (VB use) (PP (-LRB- -LSB-) (S (VP (VBG Cascading) (NP (NNP Style) (NNS Sheets))))))))))) (-RRB- -RSB-) (PRN (-LRB- -LRB-) (PP (: /) (S (VP (VBG wiki/Cascading) (NP (CD _) (NNS Style_Sheets))))) (-RRB- -RRB-)) (PP (IN for) (NP (DT this) (NN purpose)))))))))))) (. .))) 
403,2,4,these,display,"Again these only display in version 3 browsers and above , and they may not print correctly .","(ROOT (S (ADVP (RB Again)) (NP (NP (DT these) (JJ only) (NN display)) (PP (IN in) (NP (NP (NP (NN version)) (NP (CD 3) (NNS browsers))) (CC and) (ADVP (RB above)) (, ,) (CC and) (NP (PRP they))))) (VP (MD may) (RB not) (VP (VB print) (ADVP (RB correctly)))) (. .))) "
405,30,31,this,purpose,Note : it is not recommended to specify background images using HTML - it is much better to use -LSB- CSS -RSB- -LRB- / wiki/CSS _ Programming -RRB- for this purpose .,(ROOT (NP (NP (VB Note)) (: :) (S (S (NP (PRP it)) (VP (VBZ is) (RB not) (VP (VBN recommended) (S (VP (TO to) (VP (VB specify) (NP (NN background) (NNS images)) (S (VP (VBG using) (NP (NNP HTML)))))))))) (: -) (S (NP (PRP it)) (VP (VBZ is) (ADJP (RB much) (JJR better)) (S (VP (TO to) (VP (VB use) (NP (NP (NP (-LRB- -LSB-) (NN CSS) (-RRB- -RSB-)) (PRN (-LRB- -LRB-) (NP (: /) (NNP wiki/CSS) (NNP _) (NNP Programming)) (-RRB- -RRB-))) (PP (IN for) (NP (DT this) (NN purpose)))))))))) (. .))) 
418,44,45,these,tag,"<colgroup> <col span=""3"" style=""background-color:red""> <col style=""background-color:yellow""> <col span=""2"" style=""background-color:green""> </colgroup> Project Completion Jan Feb Mar Apr May Jun 3 % 17 % 40 % 55 % 86 % 100 & ** Note : ** Chrome , Firefox , and Safari only supports the span and width elements of these tags .","(ROOT (S (S (NP (NP (NN <colgroup>) (NN <col span=""3"" style=""background-color:red"">)) (NP (JJ <col style=""background-color:yellow"">) (NN <col span=""2"" style=""background-color:green"">)) (NP (NP (NP (NP (NP (NNP </colgroup>) (NNP Project) (NNP Completion) (NNP Jan) (NNP Feb) (NNP Mar) (NNP Apr) (NNP May) (NNP Jun)) (ADJP (CD 3) (NN %))) (ADJP (CD 17) (NN %))) (ADJP (CD 40) (NN %))) (NP (NP (CD 55) (NN %)) (SBAR (S (VP (NP (NP (NP (CD 86) (NN %)) (NP (CD 100) (CC &))) (X (SYM **))))))))) (VP (VB Note))) (: :) (S (X (SYM **)) (NP (NNP Chrome) (, ,) (NNP Firefox) (, ,) (CC and) (NNP Safari)) (VP (ADVP (RB only)) (VBZ supports) (NP (NP (DT the) (NP (NN span) (CC and) (NN width)) (NNS elements)) (PP (IN of) (NP (DT these) (NNS tags)))))) (. .))) "
419,4,5,this,module,"## Summary In this module you learn how to : * Create and customise HTML tables , * Control their dimensions and appearance , * Add a caption to a table , * Control the alignment of the table contents , * Various attributes of the table tags .","(ROOT (S (S (PP (NP (NN ##) (NNP Summary)) (IN In) (NP (DT this) (NN module))) (NP (PRP you)) (VP (VBP learn) (NP (WRB how)) (PP (TO to)))) (: :) (X (SBAR (X (SYM *)) (S (S (VP (VB Create))) (CC and) (S (VP (VB customise) (SBAR (S (NP (NP (NNP HTML) (NNS tables)) (, ,) (X (SYM *))) (VP (VBP Control) (NP (NP (NP (PRP$ their) (NNS dimensions)) (CC and) (NP (NN appearance)) (, ,)) (X (SYM *))) (S (VP (VB Add) (NP (DT a) (NN caption)) (SBAR (TO to) (S (NP (NP (DT a) (NN table)) (, ,) (X (SYM *))) (VP (VB Control) (NP (NP (DT the) (NN alignment)) (PP (IN of) (NP (DT the) (NN table) (NNS contents)))))))))))))))) (, ,) (X (X (SYM *)) (NP (NP (JJ Various) (NNS attributes)) (PP (IN of) (NP (DT the) (NN table))))) (NP (NNS tags))) (. .))) "
468,11,12,this,form,## Formatting with CSS ### The HTML The HTML for this form is amazingly simple and you do not have to create hundreds of divs all aligned left and right ; this will cause a lot of frustration and a lot of debugging as various browsers still interpret CSS code differently .,(ROOT (S (S (NP (NN ##)) (VP (VBG Formatting) (PP (IN with) (NP (NNP CSS) (CD ###))) (NP (NP (DT The) (NNP HTML)) (SBAR (S (S (NP (NP (DT The) (NNP HTML)) (PP (IN for) (NP (DT this) (NN form)))) (VP (VBZ is) (ADJP (RB amazingly) (JJ simple)))) (CC and) (S (NP (PRP you)) (VP (VBP do) (RB not) (VP (VB have) (S (VP (TO to) (VP (VB create) (NP (NP (NNS hundreds)) (PP (IN of) (NP (NP (NNS divs)) (VP (ADVP (DT all)) (VBN aligned) (NP (NN left) (CC and) (NN right))))))))))))))))) (: ;) (S (NP (DT this)) (VP (MD will) (VP (VB cause) (NP (NP (NP (DT a) (NN lot)) (PP (IN of) (NP (NN frustration)))) (CC and) (NP (NP (DT a) (NN lot)) (PP (IN of) (NP (NN debugging))))) (SBAR (IN as) (S (NP (JJ various) (NNS browsers)) (ADVP (RB still)) (VP (VB interpret) (NP (NNP CSS) (NN code)) (ADVP (RB differently)))))))) (. .))) 
469,18,19,this,code,"<form> <label for=""name""> Name </label> <input id=""name"" name=""name""> <br /> <label for=""address""> Address </label> <input id=""address"" name=""address""> </form> ### The CSS The CSS for this code is a little bit more interesting : label , input -LCB- float : left ; width : 150px ; display : block ; margin-bottom : 10px ; -RCB- label -LCB- width : 75px ; text-align : right ; padding-right : 20px ; -RCB- br -LCB- clear : left ; -RCB- Let 's explain the code label , input -LCB- float : left ; width : 150px ; display : block ; margin-bottom : 10px ; -RCB- The CSS for the label has four sections to it : 1 .","(ROOT (S (S (NP (JJ <form>) (NN <label for=""name"">)) (VP (VB Name) (NP (NP (JJ </label>) (NN <input id=""name"" name=""name"">) (NN <br />) (NN <label for=""address"">) (NN Address) (NN </label>) (NN <input id=""address"" name=""address"">) (NN </form>)) (SBAR (S (NP (NP (CD ###)) (NP (DT The) (NNP CSS)) (NP (NP (DT The) (NNP CSS)) (PP (IN for) (NP (DT this) (NN code))))) (VP (VBZ is) (ADJP (ADVP (NP (DT a) (JJ little) (NN bit)) (RBR more)) (JJ interesting)))))))) (: :) (S (NP (NP (NN label)) (, ,) (NP (NP (NP (NN input)) (-LRB- -LCB-) (NP (NP (NN float)) (: :) (NP (S (VP (VBN left))) (: ;) (NP (NP (NP (NN width)) (: :) (NP (NN 150px))) (: ;) (S (VP (NN display))))) (: :) (NP (NP (NP (NN block)) (PRN (: ;) (NP (NP (NN margin-bottom)) (: :) (NP (CD 10px))) (: ;)) (-RRB- -RCB-)) (NP (NP (NN label)) (-LRB- -LCB-) (NP (NP (NP (NN width)) (: :) (NP (CD 75px))) (: ;) (NP (NP (NN text-align)) (: :) (NP (NN right))) (: ;) (NP (NP (NN padding-right)) (: :) (NP (CD 20px)))) (: ;)))) (-RRB- -RCB-)) (NP (NP (NP (NN br)) (-LRB- -LCB-) (NP (NP (JJ clear)) (PRN (: :) (VP (VBN left)) (: ;))) (-RRB- -RCB-)) (NP (VP (VB Let) (S (NP (POS 's)) (VP (VB explain) (NP (NP (DT the) (NN code) (NN label)) (, ,) (NP (NP (NP (NN input)) (-LRB- -LCB-) (NP (NP (NN float)) (: :) (NP (S (VP (VBN left))) (: ;) (NP (NP (NN width)) (: :) (NP (NN 150px)))) (: ;) (NP (NP (NN display)) (: :) (NP (NP (NN block)) (: ;) (NP (NP (NN margin-bottom)) (: :) (NP (CD 10px))) (: ;)))) (-RRB- -RCB-)) (PRN (NP (DT The) (NNP CSS)))))))) (PP (IN for) (NP (DT the) (NN label))))))) (VP (VBZ has) (NP (NP (NP (CD four) (NNS sections)) (PP (TO to) (NP (PRP it)))) (: :) (NP (CD 1))))) (. .))) "
474,11,12,this,label,margin-bottom : by adding a margin to the bottom of this label it insures that labels are positioned nicely one under another with a nice padding between each label -LCB- width : 75px ; text-align : right ; padding-right : 20px ; -RCB- 1 .,(ROOT (S (NP (NP (NN margin-bottom)) (: :) (PP (IN by) (S (VP (VBG adding) (NP (DT a) (NN margin)) (PP (TO to) (NP (NP (DT the) (NN bottom)) (PP (IN of) (NP (NP (DT this) (NN label)) (SBAR (S (NP (PRP it)) (VP (VBZ insures) (SBAR (IN that) (S (NP (NNS labels)) (VP (VBP are) (ADJP (JJ positioned)) (ADVP (RB nicely) (NP (CD one)) (PP (IN under) (NP (NP (DT another)) (PP (IN with) (NP (NP (DT a) (JJ nice) (NN padding)) (PP (IN between) (NP (NP (DT each) (NN label)) (-LRB- -LCB-) (NP (NN width)) (: :)) (NP (NP (CD 75px)) (: ;) (NP (NN text-align)) (: :) (NP (NN right)) (: ;) (NP (NN padding-right)) (: :) (NP (CD 20px))))))))))))))))))) (: ;)))) (-RRB- -RCB-)) (VP (LS 1)) (. .))) 
482,25,26,this,book,"For more details , see the -LSB- HyperText Markup Language/Tag List/form -RSB- -LRB- / wiki/HyperText _ Markup_Language / Tag_List / form -RRB- section of this book .","(ROOT (S (PP (IN For) (NP (JJR more) (NNS details))) (, ,) (VP (VBP see) (NP (NP (DT the) (NP (NP (-LRB- -LSB-) (NNP HyperText) (NNP Markup) (NNP Language/Tag) (NN List/form) (-RRB- -RSB-)) (PRN (-LRB- -LRB-) (NP (NP (: /) (NN wiki/HyperText) (CD _) (NN Markup_Language) (: /) (NN Tag_List)) (: /) (NP (NN form))) (-RRB- -RRB-))) (NN section)) (PP (IN of) (NP (DT this) (NN book))))) (. .))) "
518,12,13,this,correction,A quality sundial will include a permanently-mounted table or graph giving this correction for at least each month of the year .,(ROOT (S (NP (DT A) (NN quality) (NN sundial)) (VP (MD will) (VP (VB include) (NP (NP (DT a) (JJ permanently-mounted) (NN table) (CC or) (NN graph)) (VP (VBG giving) (NP (NP (DT this) (NN correction)) (PP (IN for) (NP (NP (ADVP (IN at) (JJS least)) (DT each) (NN month)) (PP (IN of) (NP (DT the) (NN year)))))))))) (. .))) 
546,12,13,this,correction,A quality sundial will include a permanently-mounted table or graph giving this correction for at least each month of the year .,(ROOT (S (NP (DT A) (NN quality) (NN sundial)) (VP (MD will) (VP (VB include) (NP (NP (DT a) (JJ permanently-mounted) (NN table) (CC or) (NN graph)) (VP (VBG giving) (NP (NP (DT this) (NN correction)) (PP (IN for) (NP (NP (ADVP (IN at) (JJS least)) (DT each) (NN month)) (PP (IN of) (NP (DT the) (NN year)))))))))) (. .))) 
554,2,6,this,_,Save this as _ sundial2.htm _ in the same directory .,(ROOT (S (VP (VB Save) (NP (NP (DT this) (ADJP (QP (IN as) (CD _))) (NN sundial2.htm) (NN _)) (PP (IN in) (NP (DT the) (JJ same) (NN directory))))) (. .))) 
581,12,13,this,correction,A quality sundial will include a permanently-mounted table or graph giving this correction for at least each month of the year .,(ROOT (S (NP (DT A) (NN quality) (NN sundial)) (VP (MD will) (VP (VB include) (NP (NP (DT a) (JJ permanently-mounted) (NN table) (CC or) (NN graph)) (VP (VBG giving) (NP (NP (DT this) (NN correction)) (PP (IN for) (NP (NP (ADVP (IN at) (JJS least)) (DT each) (NN month)) (PP (IN of) (NP (DT the) (NN year)))))))))) (. .))) 
589,21,22,this,page,Alternately both validators have options that let you enter HTML directly so you could cut and paste the example from this page into the validator .,(ROOT (S (NP (ADJP (RB Alternately) (DT both)) (NNS validators)) (VP (VBP have) (NP (NP (NNS options)) (SBAR (WHNP (WDT that)) (S (VP (VBP let) (S (NP (PRP you)) (VP (VB enter) (NP (NNP HTML)) (ADVP (RB directly) (RB so) (SBAR (S (NP (PRP you)) (VP (MD could) (VP (VB cut) (CC and) (VB paste) (NP (NP (DT the) (NN example)) (PP (IN from) (NP (DT this) (NN page)))) (PP (IN into) (NP (DT the) (NN validator))))))))))))))) (. .))) 
593,2,6,that,tool,Note that many visual design tools will let you create invalid webpages so it is important to check pages produced in these packages as well .,(ROOT (S (VP (VB Note) (SBAR (S (NP (DT that) (JJ many) (JJ visual) (NN design) (NNS tools)) (VP (MD will) (VP (VB let) (S (NP (PRP you)) (VP (VB create) (NP (JJ invalid) (NNS webpages)) (SBAR (IN so) (S (NP (PRP it)) (VP (VBZ is) (ADJP (JJ important) (S (VP (TO to) (VP (VB check) (NP (NP (NNS pages)) (VP (VBN produced) (PP (IN in) (NP (DT these) (NNS packages))) (ADVP (RB as) (RB well)))))))))))))))))) (. .))) 
593,22,23,these,package,Note that many visual design tools will let you create invalid webpages so it is important to check pages produced in these packages as well .,(ROOT (S (VP (VB Note) (SBAR (S (NP (DT that) (JJ many) (JJ visual) (NN design) (NNS tools)) (VP (MD will) (VP (VB let) (S (NP (PRP you)) (VP (VB create) (NP (JJ invalid) (NNS webpages)) (SBAR (IN so) (S (NP (PRP it)) (VP (VBZ is) (ADJP (JJ important) (S (VP (TO to) (VP (VB check) (NP (NP (NNS pages)) (VP (VBN produced) (PP (IN in) (NP (DT these) (NNS packages))) (ADVP (RB as) (RB well)))))))))))))))))) (. .))) 
606,24,25,this,browser,For example to target any version of IE/win with a major version of 5 use : ` <!--[if IE 5]> The major version number of this browser is 5 .,(ROOT (S (PP (IN For) (NP (NN example) (S (VP (TO to) (VP (VB target) (NP (NP (DT any) (NN version)) (PP (IN of) (NP (NN IE/win)))) (PP (IN with) (NP (NP (DT a) (JJ major) (NN version)) (PP (IN of) (NP (NP (CD 5) (NN use)) (: :) (`` `) (NP (JJ <!--[if IE 5]>))))))))))) (NP (NP (DT The) (JJ major) (NN version) (NN number)) (PP (IN of) (NP (DT this) (NN browser)))) (VP (VBZ is) (NP (CD 5))) (. .))) 
646,15,16,these,browser,Since some web browsers can not display frames you must specify alternate content for these browsers in a ` noframes ` element within the ` frameset ` .,(ROOT (S (SBAR (IN Since) (S (NP (DT some) (NN web) (NNS browsers)) (VP (MD can) (RB not) (VP (VB display) (NP (NNS frames)))))) (NP (PRP you)) (VP (MD must) (VP (VB specify) (NP (JJ alternate) (NN content)) (PP (IN for) (NP (NP (DT these) (NNS browsers)) (PP (IN in) (NP (NP (DT a) (`` `) (NNS noframes)) (`` `) (NP (NN element)))) (PP (IN within) (NP (DT the) (`` `) (NN frameset))) (`` `))))) (. .))) 
669,24,25,this,browser,For example to target any version of IE/win with a major version of 5 use : ` <!--[if IE 5]> The major version number of this browser is 5 .,(ROOT (S (PP (IN For) (NP (NN example) (S (VP (TO to) (VP (VB target) (NP (NP (DT any) (NN version)) (PP (IN of) (NP (NN IE/win)))) (PP (IN with) (NP (NP (DT a) (JJ major) (NN version)) (PP (IN of) (NP (NP (CD 5) (NN use)) (: :) (`` `) (NP (JJ <!--[if IE 5]>))))))))))) (NP (NP (DT The) (JJ major) (NN version) (NN number)) (PP (IN of) (NP (DT this) (NN browser)))) (VP (VBZ is) (NP (CD 5))) (. .))) 
709,20,21,these,element,See -LSB- The Accessibility Hat Trick : Getting Abbreviations Right -RSB- -LRB- http://www.alistapart.com/articles/hattrick -RRB- for some advice on using these elements .,(ROOT (S (VP (VB See) (VP (-LRB- -LSB-) (NP (DT The) (NN Accessibility) (NN Hat) (NN Trick)) (: :) (S (VP (VBG Getting) (NP (NNS Abbreviations)) (ADVP (RB Right) (-RRB- -RSB-)))) (PRN (-LRB- -LRB-) (NP (NN http://www.alistapart.com/articles/hattrick)) (-RRB- -RRB-)) (PP (IN for) (NP (NP (DT some) (NN advice)) (PP (IN on) (S (VP (VBG using) (NP (DT these) (NNS elements))))))))) (. .))) 
831,22,23,this,subpage,-LSB- TODO -RSB- -LRB- / / upload.wikimedia.org/wikipedia/commons/thumb/1/1f/Clipboard.svg/45px-Clipboard.svg.png -RRB- ** Editor 's note ** Please do not create any further subpages of this subpage .,(ROOT (S (VP (-LRB- -LSB-) (NP (NP (NP (NP (NN TODO)) (PP (-RRB- -RSB-) (NP (-LRB- -LRB-) (: /) (: /) (NN upload.wikimedia.org/wikipedia/commons/thumb/1/1f/Clipboard.svg/45px-Clipboard.svg.png) (-RRB- -RRB-))) (X (SYM **))) (NP (NP (NNP Editor) (POS 's)) (NN note))) (X (SYM **))) (S (INTJ (UH Please)) (VP (VB do) (RB not) (VP (VB create) (NP (NP (DT any) (JJ further) (NNS subpages)) (PP (IN of) (NP (DT this) (NN subpage)))))))) (. .))) 
832,2,3,this,subpage,"Keep this subpage flat , using section headings to structure the material .","(ROOT (S (VP (VB Keep) (NP (DT this) (NN subpage)) (ADVP (JJ flat)) (, ,) (S (VP (VBG using) (NP (NN section) (NNS headings)) (S (VP (TO to) (VP (VB structure) (NP (DT the) (NN material)))))))) (. .))) "
839,8,9,this,attribute,"### code ### codebase ### dir With this attribute you can define which direction the text is written for a given element , either ` ltr ` for left-to-right or ` rtl ` for right-to-left .","(ROOT (S (SBAR (X (NP (NP (NN ###)) (NP (NN code))) (NP (CD ###) (NN codebase)) (NP (NP (CD ###) (NN dir)) (PP (IN With) (NP (DT this) (NN attribute))))) (S (NP (PRP you)) (VP (MD can) (VP (VB define) (NP (WDT which) (NN direction)))))) (NP (DT the) (NN text)) (VP (VP (VBZ is) (VP (VBN written) (PP (IN for) (NP (DT a) (VBN given) (NN element))))) (, ,) (CC either) (`` `) (NP (NP (FW ltr)) (`` `) (PP (IN for) (NP (NP (NN left-to-right) (CC or) (`` `)) (NN rtl))) (PP (`` `) (IN for) (NP (NN right-to-left))))) (. .))) "
840,4,5,this,attribute,### height Setting this attribute with a numerical value defines the height of an element in pixels -LRB- eg .,(ROOT (S (NP (NP (NN ###) (NN height)) (VP (VBG Setting) (NP (DT this) (NN attribute)) (PP (IN with) (NP (DT a) (JJ numerical) (NN value))))) (VP (VBZ defines) (NP (NP (DT the) (NN height)) (PP (IN of) (NP (NP (DT an) (NN element)) (PP (IN in) (NP (NP (NNS pixels)) (PP (-LRB- -LRB-) (NP (FW eg))))))))) (. .))) 
843,4,5,this,attribute,### lang With this attribute you can specify a language that is used for an element .,(ROOT (S (S (VP (ADVP (RB ###)) (VBG lang) (PP (IN With) (NP (DT this) (NN attribute))))) (NP (PRP you)) (VP (MD can) (VP (VB specify) (NP (NP (DT a) (NN language)) (SBAR (WHNP (WDT that)) (S (VP (VBZ is) (VP (VBN used) (PP (IN for) (NP (DT an) (NN element)))))))))) (. .))) 
845,4,5,this,attribute,### title With this attribute you can define what will be displayed when a user hovers the element .,(ROOT (S (NP (NN ###) (NN title)) (PP (IN With) (NP (DT this) (NN attribute))) (NP (PRP you)) (VP (MD can) (VP (VB define) (SBAR (WHNP (WP what)) (S (VP (MD will) (VP (VB be) (VP (VBN displayed) (SBAR (WHADVP (WRB when)) (S (NP (DT a) (NN user)) (VP (VBZ hovers) (NP (DT the) (NN element)))))))))))) (. .))) 
851,4,5,this,attribute,### width Setting this attribute with a numerical value defines the width of an element in pixels -LRB- eg .,(ROOT (S (NP (NP (NN ###) (NN width)) (VP (VBG Setting) (NP (DT this) (NN attribute)) (PP (IN with) (NP (DT a) (JJ numerical) (NN value))))) (VP (VBZ defines) (NP (NP (DT the) (NN width)) (PP (IN of) (NP (NP (DT an) (NN element)) (PP (IN in) (NP (NP (NNS pixels)) (PP (-LRB- -LRB-) (NP (FW eg))))))))) (. .))) 
857,40,41,this,website,"It is quite common to use numbers for the access keys since these do n't clash with any major browser 's built-in shortcuts , e. g. * 1 = Home Page * 0 = List of access keys on this website .","(ROOT (S (NP (PRP It)) (VP (VBZ is) (ADJP (RB quite) (JJ common)) (S (VP (TO to) (VP (VB use) (NP (NP (NNS numbers)) (PP (IN for) (NP (DT the) (NN access) (NNS keys))))))) (SBAR (IN since) (S (NP (DT these)) (VP (VBP do) (RB n't) (VP (VB clash) (PP (IN with) (NP (DT any) (JJ major) (NN browser) (POS 's))) (NP (NP (NP (JJ built-in) (NNS shortcuts)) (, ,) (NP (FW e.) (FW g.))) (X (X (X (SYM *)) (NP (CD 1))) (PP (NP (NP (JJ =) (NNP Home) (NNP Page)) (X (X (SYM *)) (NP (NP (CD 0) (JJ =) (NN List)) (PP (IN of) (NP (NN access) (NNS keys)))))) (IN on) (NP (DT this) (NN website)))))))))) (. .))) "
878,14,15,this,page,php?title = HyperText_Markup_Language / Print_version & action = info -RRB- * -LSB- Cite this page -RSB- -LRB- / w/index .,(ROOT (S (VP (NN php?title) (NP (NP (NP (JJ =) (NN HyperText_Markup_Language)) (PRN (: /) (NP (NP (NNP Print_version)) (CC &) (NP (NN action) (JJ =) (NN info))) (-RRB- -RRB-))) (X (SYM *))) (S (VP (-LRB- -LSB-) (VP (VB Cite) (S (NP (DT this) (NN page)) (NP (NP (-RRB- -RSB-)) (-LRB- -LRB-) (PP (: /) (NP (NN w/index))))))))) (. .))) 
884,3,4,this,site,"By using this site , you agree to the -LSB- Terms of Use -RSB- -LRB- / / wikimediafoundation.org/wiki/Terms_of_Use -RRB- and -LSB- Privacy Policy . -RSB-","(ROOT (S (PP (IN By) (S (VP (VBG using) (NP (DT this) (NN site))))) (, ,) (NP (PRP you)) (VP (VBP agree) (PP (PP (TO to) (NP (NP (DT the) (-LRB- -LSB-) (NNS Terms)) (PP (IN of) (NP (NP (NN Use) (-RRB- -RSB-)) (PRN (-LRB- -LRB-) (NP (: /) (: /) (NN wikimediafoundation.org/wiki/Terms_of_Use)) (-RRB- -RRB-)))))) (CC and) (PP (-LRB- -LSB-) (NP (NNP Privacy) (NNP Policy))))) (. .) (-RRB- -RSB-))) "
