2,7,8,this,page,-LSB- Unreviewed changes are displayed on this page -RSB- -LRB- / / bits.wikimedia.org/static-1.22wmf19/extensions/FlaggedRevs/frontend/modules/img/1.png -RRB- This page may need to be -LSB- reviewed -RSB- -LRB- / wiki/Wikibooks : REVIEW -RRB- for quality .,(ROOT (S (SBAR (-LRB- -LSB-) (S (NP (JJ Unreviewed) (NNS changes)) (VP (VBP are) (VP (VBN displayed) (PP (IN on) (NP (DT this) (NN page) (-RRB- -RSB-))))))) (PRN (-LRB- -LRB-) (VP (: /) (NP (: /) (NN bits.wikimedia.org/static-1.22wmf19/extensions/FlaggedRevs/frontend/modules/img/1.png))) (-RRB- -RRB-)) (NP (DT This) (NN page)) (VP (MD may) (VP (VB need) (S (VP (TO to) (VP (VB be) (VP (-LRB- -LSB-) (VP (VBN reviewed) (NP (NP (NP (-RRB- -RSB-)) (PRN (-LRB- -LRB-) (NP (NP (: /) (NNS wiki/Wikibooks)) (: :) (NP (NNP REVIEW))) (-RRB- -RRB-))) (PP (IN for) (NP (NN quality))))))))))) (. .))) 
27,3,5,this,inkscape,As of this writing inkscape is at version 0.48 .,(ROOT (S (SBAR (IN As) (FRAG (PP (IN of) (NP (DT this) (VBG writing) (NN inkscape))))) (VP (VBZ is) (PP (IN at) (NP (NN version) (CD 0.48)))) (. .))) 
64,42,43,these,key,"All transformations -LRB- not only moving but also scaling and rotating -RRB- have keyboard shortcuts with consistent modifiers -LRB- e.g. Alt transforms by 1 screen pixel at the current zoom , Shift multiplies the transformation by 10 , etc. -RRB- ; these keys work on nodes in Node tool as well as on objects in Selector .","(ROOT (S (S (NP (NP (DT All) (NNS transformations)) (PRN (-LRB- -LRB-) (VP (VP (ADVP (RB not) (RB only)) (VBG moving)) (CC but) (VP (PP (RB also) (NP (VBG scaling) (CC and) (VBG rotating))))) (-RRB- -RRB-))) (VP (VBP have) (NP (NP (NN keyboard) (NNS shortcuts)) (PP (IN with) (NP (NP (JJ consistent) (NNS modifiers)) (PRN (-LRB- -LRB-) (NP (NP (FW e.g.) (FW Alt)) (SBAR (S (VP (VBZ transforms) (PP (IN by) (NP (NP (CD 1) (NN screen) (NN pixel)) (PP (IN at) (NP (NP (DT the) (JJ current) (NN zoom)) (, ,) (NP (NP (NN Shift) (NNS multiplies)) (NP (NP (DT the) (NN transformation)) (PP (IN by) (NP (CD 10))) (, ,) (FW etc.))))))))))) (-RRB- -RRB-))))))) (: ;) (S (NP (DT these) (NNS keys)) (VP (VBP work) (PP (PP (IN on) (NP (NP (NNS nodes)) (PP (IN in) (NP (NNP Node) (NN tool))))) (CONJP (RB as) (RB well) (IN as)) (PP (IN on) (NP (NP (NNS objects)) (PP (IN in) (NP (NN Selector)))))))) (. .))) "
90,32,33,this,option,"-LSB- -RSB- -LRB- / / bits.wikimedia.org/static-1.22wmf16/skins/common/images/magnify-clip.png -RRB- Inkscape 's User Interface Here are some quick explanations of what each button does : Select and Transform Objects -LRB- F1 -RRB- : From this option , you can , select , move , scale , rotate , and skew objects Edit Path nodes or control handles -LRB- F2 -RRB- This tool is designed for manipulating the geometry of objects Zoom in or Out -LRB- F3 -RRB- Allows you to access a wide set of zoom operations Create Rectangles or Squares -LRB- F4 -RRB- A tool for creating and manipulating rectangles , squares , circles , and ellipses # Shape Tools -LSB- -LSB- edit -RSB- -LRB- / w/index .","(ROOT (S (SBAR (-LRB- -LSB-) (S (S (S (VP (-RRB- -RSB-) (PRN (-LRB- -LRB-) (PP (: /) (NP (: /) (NN bits.wikimedia.org/static-1.22wmf16/skins/common/images/magnify-clip.png))) (-RRB- -RRB-)) (NP (NP (NN Inkscape) (POS 's)) (NN User)))) (NP (NNP Interface)) (ADVP (RB Here)) (VP (VBP are) (NP (NP (DT some) (JJ quick) (NNS explanations)) (PP (IN of) (SBAR (WHNP (WP what)) (S (NP (DT each) (NN button)) (VP (VBZ does) (: :) (NP (NP (NNP Select) (CC and) (NNP Transform)) (NNS Objects)))))) (PRN (-LRB- -LRB-) (NP (NN F1)) (-RRB- -RRB-))))) (: :) (S (PP (IN From) (NP (DT this) (NN option))) (, ,) (NP (PRP you)) (VP (MD can))))) (, ,) (NP (NP (JJ select) (, ,) (NN move) (, ,) (NN scale) (, ,)) (UCP (S (VP (VP (VB rotate)) (, ,) (CC and) (VP (VB skew) (S (NP (NNS objects)) (VP (VB Edit) (SBAR (S (NP (NN Path) (NNS nodes) (CC or) (NN control)) (VP (VBZ handles) (PRN (-LRB- -LRB-) (NP (NN F2)) (-RRB- -RRB-)) (NP (NP (DT This) (NN tool)) (SBAR (S (VP (VBZ is) (VP (VBN designed) (PP (IN for) (S (VP (VBG manipulating) (SBAR (S (NP (NP (DT the) (NN geometry)) (PP (IN of) (NP (NNS objects)))) (VP (VBP Zoom) (PP (IN in))))))))))))))))))))) (CC or) (PP (IN Out) (NP (-LRB- -LRB-) (NP (NN F3)) (-RRB- -RRB-) (SBAR (S (VP (VBZ Allows) (S (NP (PRP you)) (VP (TO to) (VP (VB access) (NP (NP (DT a) (JJ wide) (NN set)) (PP (IN of) (NP (NN zoom) (NNS operations)))))))))))))) (VP (VBP Create) (NP (NP (NNS Rectangles) (CC or) (NNS Squares)) (PRN (-LRB- -LRB-) (NP (NN F4)) (-RRB- -RRB-)) (SBAR (S (NP (NP (DT A) (NN tool)) (PP (IN for) (S (VP (VBG creating) (CC and) (VBG manipulating) (NP (NP (NNS rectangles)) (, ,) (NP (NNS squares)) (, ,) (NP (NNS circles)) (, ,) (CC and) (NP (NP (NNS ellipses)) (NP (QP (# #) (VBG Shape)) (NNS Tools)))))))) (VP (-LRB- -LSB-) (VP (-LRB- -LSB-) (VB edit) (-RRB- -RSB-) (-LRB- -LRB-) (PP (: /) (NP (NN w/index))))))))) (. .))) "
92,9,10,these,shape,This page will teach you how to draw these shapes .,(ROOT (S (NP (DT This) (NN page)) (VP (MD will) (VP (VB teach) (NP (PRP you)) (SBAR (WHADVP (WRB how)) (S (VP (TO to) (VP (VB draw) (NP (DT these) (NNS shapes)))))))) (. .))) 
150,2,3,this,way,"In this way , the images are only linked to , not embedded .","(ROOT (S (PP (IN In) (NP (DT this) (NN way))) (, ,) (NP (DT the) (NNS images)) (VP (VBP are) (ADVP (RB only)) (VP (VBN linked) (S (VP (TO to))) (, ,) (ADJP (RB not) (JJ embedded)))) (. .))) "
162,7,8,this,view,You can see two nodes in this view .,(ROOT (S (NP (PRP You)) (VP (MD can) (VP (VB see) (NP (NP (CD two) (NNS nodes)) (PP (IN in) (NP (DT this) (NN view)))))) (. .))) 
166,5,6,those,node,In order to see those nodes you need to click on the node editing button .,(ROOT (S (SBAR (IN In) (NN order) (S (VP (TO to) (VP (VB see) (NP (DT those) (NNS nodes)))))) (NP (PRP you)) (VP (VBP need) (S (VP (TO to) (VP (VB click) (PP (IN on) (NP (DT the) (NN node) (NN editing) (NN button))))))) (. .))) 
175,8,9,these,tool,We will not go into detail about these tools in this beginners tutorial .,(ROOT (S (NP (PRP We)) (VP (MD will) (RB not) (VP (VB go) (PP (IN into) (NP (NN detail))) (PP (IN about) (NP (NP (DT these) (NNS tools)) (PP (IN in) (NP (DT this) (NNS beginners) (NN tutorial))))))) (. .))) 
175,11,13,this,tutorial,We will not go into detail about these tools in this beginners tutorial .,(ROOT (S (NP (PRP We)) (VP (MD will) (RB not) (VP (VB go) (PP (IN into) (NP (NN detail))) (PP (IN about) (NP (NP (DT these) (NNS tools)) (PP (IN in) (NP (DT this) (NNS beginners) (NN tutorial))))))) (. .))) 
187,3,6,this,artist,Because of this many graphic artists like to draw with this pen all the time .,(ROOT (FRAG (PP (IN Because) (PP (IN of) (NP (NP (DT this) (JJ many) (NX (JJ graphic) (NNS artists))) (SBAR (IN like) (S (VP (TO to) (VP (VB draw) (PP (IN with) (NP (DT this) (NN pen))) (NP-TMP (PDT all) (DT the) (NN time))))))))) (. .))) 
187,11,12,this,pen,Because of this many graphic artists like to draw with this pen all the time .,(ROOT (FRAG (PP (IN Because) (PP (IN of) (NP (NP (DT this) (JJ many) (NX (JJ graphic) (NNS artists))) (SBAR (IN like) (S (VP (TO to) (VP (VB draw) (PP (IN with) (NP (DT this) (NN pen))) (NP-TMP (PDT all) (DT the) (NN time))))))))) (. .))) 
211,19,21,this,tutorial,There are a lot of things that you can do with text that are beyond the scope of this beginners tutorial .,(ROOT (S (NP (EX There)) (VP (VBP are) (NP (NP (DT a) (NN lot)) (PP (IN of) (NP (NP (NNS things)) (SBAR (IN that) (S (NP (PRP you)) (VP (MD can) (VP (VB do) (PP (IN with) (NP (NP (NN text)) (SBAR (WHNP (WDT that)) (S (VP (VBP are) (PP (IN beyond) (NP (NP (DT the) (NN scope)) (PP (IN of) (NP (DT this) (NNS beginners) (NN tutorial)))))))))))))))))) (. .))) 
216,14,15,this,tool,"-LSB- InkscapeConnector.png -RSB- -LRB- / / upload.wikimedia.org/wikipedia/commons/thumb/3/3a/InkscapeConnector.png/200px-InkscapeConnector.png -RRB- The nice thing about using this tool is that if you decide to move the objects about on the canvas , the connector still maintains the connection .","(ROOT (S (NP (-LRB- -LSB-) (NN InkscapeConnector.png)) (VP (-RRB- -RSB-) (PRN (-LRB- -LRB-) (PP (: /) (NP (: /) (NN upload.wikimedia.org/wikipedia/commons/thumb/3/3a/InkscapeConnector.png/200px-InkscapeConnector.png))) (-RRB- -RRB-)) (NP (NP (DT The) (JJ nice) (NN thing)) (PP (IN about) (S (VP (VBG using) (SBAR (S (NP (DT this) (NN tool)) (VP (VBZ is) (SBAR (IN that) (S (SBAR (IN if) (S (NP (PRP you)) (VP (VBP decide) (S (VP (TO to) (VP (VB move) (NP (DT the) (NNS objects)) (PP (IN about) (PP (IN on) (NP (DT the) (NN canvas)))))))))) (, ,) (NP (DT the) (NN connector)) (ADVP (RB still)) (VP (VBZ maintains) (NP (DT the) (NN connection))))))))))))) (. .))) "
244,2,4,this,copy,Select this new copy and press ** SHIFT + CRTL + F ** 13 .,(ROOT (S (NP (NNP Select)) (VP (NP (NP (NP (NP (DT this) (JJ new) (NN copy) (CC and) (NN press)) (SBAR (S (VP (SYM **) (NP (NN SHIFT)))))) (CC +) (NP (NP (NN CRTL)) (CC +) (NP (NN F)))) (X (X (SYM **)) (NP (CD 13))))) (. .))) 
282,14,15,this,page,php?title = Inkscape/Print _ version & action = info -RRB- * -LSB- Cite this page -RSB- -LRB- / w/index .,(ROOT (S (NP (NP (NN php?title)) (ADJP (ADJP (ADJP (JJ =)) (PRN (NP (NP (NNP Inkscape/Print) (CD _) (NN version)) (CC &) (NP (NN action) (JJ =) (NN info))) (-RRB- -RRB-))) (SBAR (X (SYM *)) (S (NP (-LRB- -LSB-)) (VP (VB Cite) (NP (DT this) (NN page))))))) (VP (-RRB- -RSB-) (-LRB- -LRB-) (VP (: /) (NP (NN w/index)))) (. .))) 
288,3,4,this,site,"By using this site , you agree to the -LSB- Terms of Use -RSB- -LRB- / / wikimediafoundation.org/wiki/Terms_of_Use -RRB- and -LSB- Privacy Policy . -RSB-","(ROOT (S (PP (IN By) (S (VP (VBG using) (NP (DT this) (NN site))))) (, ,) (NP (PRP you)) (VP (VBP agree) (PP (PP (TO to) (NP (NP (DT the) (-LRB- -LSB-) (NNS Terms)) (PP (IN of) (NP (NP (NN Use) (-RRB- -RSB-)) (PRN (-LRB- -LRB-) (NP (: /) (: /) (NN wikimediafoundation.org/wiki/Terms_of_Use)) (-RRB- -RRB-)))))) (CC and) (PP (-LRB- -LSB-) (NP (NNP Privacy) (NNP Policy))))) (. .) (-RRB- -RSB-))) "
