2,7,8,this,page,-LSB- Unreviewed changes are displayed on this page -RSB- -LRB- / / bits.wikimedia.org/static-1.22wmf19/extensions/FlaggedRevs/frontend/modules/img/1.png -RRB- This page may need to be -LSB- reviewed -RSB- -LRB- / wiki/Wikibooks : REVIEW -RRB- for quality .,(ROOT (S (SBAR (-LRB- -LSB-) (S (NP (JJ Unreviewed) (NNS changes)) (VP (VBP are) (VP (VBN displayed) (PP (IN on) (NP (DT this) (NN page) (-RRB- -RSB-))))))) (PRN (-LRB- -LRB-) (VP (: /) (NP (: /) (NN bits.wikimedia.org/static-1.22wmf19/extensions/FlaggedRevs/frontend/modules/img/1.png))) (-RRB- -RRB-)) (NP (DT This) (NN page)) (VP (MD may) (VP (VB need) (S (VP (TO to) (VP (VB be) (VP (-LRB- -LSB-) (VP (VBN reviewed) (NP (NP (NP (-RRB- -RSB-)) (PRN (-LRB- -LRB-) (NP (NP (: /) (NNS wiki/Wikibooks)) (: :) (NP (NNP REVIEW))) (-RRB- -RRB-))) (PP (IN for) (NP (NN quality))))))))))) (. .))) 
4,36,37,this,message,-LSB- Printer.svg -RSB- -LRB- / / upload.wikimedia.org/wikipedia/commons/thumb/2/23/Printer.svg/40px-Printer.svg.png -RRB- ** This is the -LSB- print version -RSB- -LRB- / wiki/Help : Print_versions -RRB- of -LSB- JavaScript -RSB- -LRB- / wiki/JavaScript -RRB- ** You wo n't see this message or any elements not part of the book 's content when you print or -LSB- preview -RSB- -LRB- / / en.wikibooks.org/w/index.php?title=JavaScript/Print_version&action=purge&printable=yes -RRB- this page .,(ROOT (S (NP (-LRB- -LSB-) (NN Printer.svg)) (VP (-RRB- -RSB-) (PRN (-LRB- -LRB-) (PP (: /) (NP (: /) (NN upload.wikimedia.org/wikipedia/commons/thumb/2/23/Printer.svg/40px-Printer.svg.png))) (-RRB- -RRB-)) (SBAR (SBAR (X (SYM **)) (S (S (NP (DT This)) (VP (VBZ is) (NP (NP (NP (DT the) (-LRB- -LSB-) (NN print) (NN version) (-RRB- -RSB-)) (PRN (-LRB- -LRB-) (NP (NP (: /) (NN wiki/Help)) (: :) (NP (NNS Print_versions))) (-RRB- -RRB-))) (PP (IN of) (NP (-LRB- -LSB-) (NNP JavaScript)))))) (-RRB- -RSB-) (PRN (-LRB- -LRB-) (PP (: /) (NP (NN wiki/JavaScript))) (-RRB- -RRB-)) (S (X (SYM **)) (NP (PRP You)) (VP (MD wo) (RB n't) (VP (VB see) (NP (NP (DT this) (NN message)) (CC or) (NP (DT any) (NNS elements))) (PP (RB not) (NP (NP (NN part)) (PP (IN of) (NP (NP (DT the) (NN book) (POS 's)) (NN content))))) (SBAR (WHADVP (WRB when)) (S (NP (PRP you)) (VP (VBP print))))))))) (CC or) (SBAR (-LRB- -LSB-) (S (NP (NN preview)) (VP (-RRB- -RSB-) (PRN (-LRB- -LRB-) (: /) (NX (: /) (NNS en.wikibooks.org/w/index.php?title=JavaScript/Print_version&action=purge&printable=yes)) (-RRB- -RRB-)) (NP (DT this) (NN page))))))) (. .))) 
4,60,61,this,page,-LSB- Printer.svg -RSB- -LRB- / / upload.wikimedia.org/wikipedia/commons/thumb/2/23/Printer.svg/40px-Printer.svg.png -RRB- ** This is the -LSB- print version -RSB- -LRB- / wiki/Help : Print_versions -RRB- of -LSB- JavaScript -RSB- -LRB- / wiki/JavaScript -RRB- ** You wo n't see this message or any elements not part of the book 's content when you print or -LSB- preview -RSB- -LRB- / / en.wikibooks.org/w/index.php?title=JavaScript/Print_version&action=purge&printable=yes -RRB- this page .,(ROOT (S (NP (-LRB- -LSB-) (NN Printer.svg)) (VP (-RRB- -RSB-) (PRN (-LRB- -LRB-) (PP (: /) (NP (: /) (NN upload.wikimedia.org/wikipedia/commons/thumb/2/23/Printer.svg/40px-Printer.svg.png))) (-RRB- -RRB-)) (SBAR (SBAR (X (SYM **)) (S (S (NP (DT This)) (VP (VBZ is) (NP (NP (NP (DT the) (-LRB- -LSB-) (NN print) (NN version) (-RRB- -RSB-)) (PRN (-LRB- -LRB-) (NP (NP (: /) (NN wiki/Help)) (: :) (NP (NNS Print_versions))) (-RRB- -RRB-))) (PP (IN of) (NP (-LRB- -LSB-) (NNP JavaScript)))))) (-RRB- -RSB-) (PRN (-LRB- -LRB-) (PP (: /) (NP (NN wiki/JavaScript))) (-RRB- -RRB-)) (S (X (SYM **)) (NP (PRP You)) (VP (MD wo) (RB n't) (VP (VB see) (NP (NP (DT this) (NN message)) (CC or) (NP (DT any) (NNS elements))) (PP (RB not) (NP (NP (NN part)) (PP (IN of) (NP (NP (DT the) (NN book) (POS 's)) (NN content))))) (SBAR (WHADVP (WRB when)) (S (NP (PRP you)) (VP (VBP print))))))))) (CC or) (SBAR (-LRB- -LSB-) (S (NP (NN preview)) (VP (-RRB- -RSB-) (PRN (-LRB- -LRB-) (: /) (NX (: /) (NNS en.wikibooks.org/w/index.php?title=JavaScript/Print_version&action=purge&printable=yes)) (-RRB- -RRB-)) (NP (DT this) (NN page))))))) (. .))) 
31,4,5,this,section,"The rest of this section assumes a background in programming , you may skip to the next section , if you like .","(ROOT (S (S (NP (NP (DT The) (NN rest)) (PP (IN of) (NP (DT this) (NN section)))) (VP (VBZ assumes) (NP (NP (DT a) (NN background)) (PP (IN in) (NP (NN programming)))))) (, ,) (NP (PRP you)) (VP (MD may) (VP (VB skip) (PP (TO to) (NP (DT the) (JJ next) (NN section))) (, ,) (SBAR (IN if) (S (NP (PRP you)) (VP (VBP like)))))) (. .))) "
38,3,4,this,book,"## About this book This book is written as a tutorial , in the sense that all key concepts are explained .","(ROOT (S (NP (NN ##)) (PP (IN About) (NP (DT this) (NN book))) (NP (DT This) (NN book)) (VP (VBZ is) (VP (VBN written) (PP (IN as) (NP (DT a) (NN tutorial))) (, ,) (PP (IN in) (NP (NP (DT the) (NN sense)) (SBAR (IN that) (S (NP (DT all) (JJ key) (NNS concepts)) (VP (VBP are) (VP (VBN explained))))))))) (. .))) "
40,3,4,these,exercise,Answers for these exercises are also included .,(ROOT (S (NP (NP (NNS Answers)) (PP (IN for) (NP (DT these) (NNS exercises)))) (VP (VBP are) (ADVP (RB also)) (VP (VBN included))) (. .))) 
42,2,3,this,purpose,"For this purpose , all keywords are mentioned and described .","(ROOT (S (PP (IN For) (NP (DT this) (NN purpose))) (, ,) (NP (DT all) (NNS keywords)) (VP (VBP are) (VP (VBN mentioned) (CC and) (VBN described))) (. .))) "
44,16,17,this,book,"You will not learn about HTML , CSS , Java , or website design in this book .","(ROOT (S (NP (PRP You)) (VP (MD will) (RB not) (VP (VB learn) (PP (IN about) (NP (NP (NNP HTML) (, ,) (NNP CSS) (, ,) (NNP Java) (, ,)) (CC or) (NP (NN website) (NN design)))) (PP (IN in) (NP (DT this) (NN book))))) (. .))) "
45,9,10,these,thing,Please consult an appropriate book to learn about these things .,(ROOT (S (INTJ (VB Please)) (VP (VB consult) (NP (DT an) (JJ appropriate) (NN book) (S (VP (TO to) (VP (VB learn) (PP (IN about) (NP (DT these) (NNS things)))))))) (. .))) 
68,4,5,this,file,"If you open this file in the browser , what happens ?","(ROOT (SBARQ (SBAR (IN If) (S (NP (PRP you)) (VP (VBP open) (NP (NP (DT this) (NN file)) (PP (IN in) (NP (DT the) (NN browser))))))) (, ,) (WHNP (WP what)) (SQ (VP (VBZ happens))) (. ?))) "
78,22,24,that,page,"This is commonly used for temporarily testing out some ideas , and in situations where the script code is specific to that one page .","(ROOT (S (NP (DT This)) (VP (VBZ is) (ADVP (RB commonly)) (VP (VBN used) (PP (PP (IN for) (S (VP (ADVP (RB temporarily)) (VBG testing) (PRT (RP out)) (NP (DT some) (NNS ideas))))) (, ,) (CC and) (PP (IN in) (NP (NP (NNS situations)) (SBAR (WHADVP (WRB where)) (S (NP (DT the) (NN script) (NN code)) (VP (VBZ is) (ADJP (JJ specific) (PP (TO to) (NP (DT that) (CD one) (NN page)))))))))))) (. .))) "
82,22,23,these,browser,"If the HTML comment was not there , the entire script would be displayed in plain text to the user by these browsers .","(ROOT (S (SBAR (IN If) (S (NP (DT the) (NNP HTML) (NN comment)) (VP (VBD was) (RB not) (ADVP (RB there))))) (, ,) (NP (DT the) (JJ entire) (NN script)) (VP (MD would) (VP (VB be) (VP (VBN displayed) (PP (IN in) (NP (JJ plain) (NN text))) (PP (TO to) (NP (DT the) (NN user))) (PP (IN by) (NP (DT these) (NNS browsers)))))) (. .))) "
152,3,5,these,type,"Details of these different types are covered in -LSB- Variables and Types -RSB- -LRB- / wiki/JavaScript/Variables _ and_Types -RRB- ## Identifiers An identifier is a name for a piece of data such as a variable , array , or function .","(ROOT (S (NP (NP (NNS Details)) (PP (IN of) (NP (NP (DT these) (JJ different) (NNS types)) (SBAR (S (VP (VBP are) (VP (VBN covered) (PP (IN in) (NP (NP (-LRB- -LSB-) (NNPS Variables)) (CC and) (NP (NNPS Types) (-RRB- -RSB-))))))))))) (PRN (-LRB- -LRB-) (S (NP (: /) (NNS wiki/JavaScript/Variables)) (VP (VBP _) (NP (NNS and_Types)))) (-RRB- -RRB-)) (VP (VBP ##) (NP (NP (NNS Identifiers)) (SBAR (S (NP (DT An) (NN identifier)) (VP (VBZ is) (NP (NP (DT a) (NN name)) (PP (IN for) (NP (NP (DT a) (NN piece)) (PP (IN of) (NP (NP (NNS data)) (PP (JJ such) (IN as) (NP (NP (DT a) (JJ variable)) (, ,) (NP (NN array)) (, ,) (CC or) (NP (NN function)))))))))))))) (. .))) "
162,84,85,this,case,"### Naming variables When naming variables there are some rules that must be obeyed : * Upper case and lower case letters of the alphabet , underscores , and dollar signs can be used * Numbers are allowed after the first character * No other characters are allowed * Variable names are case sensitive : different case implies a different name * A variable may not be a reserved word ## Primitive Types Primitive types are types provided by the system , in this case by javascript .","(ROOT (S (NP (NP (CD ###) (VBG Naming) (NNS variables)) (SBAR (WHADVP (WRB When)) (S (VP (VBG naming) (NP (NP (NNS variables)) (SBAR (S (S (S (NP (EX there)) (VP (VBP are) (NP (NP (DT some) (NNS rules)) (SBAR (WHNP (WDT that)) (S (VP (MD must) (VP (VB be) (VP (VBN obeyed))))))))) (: :) (S (X (X (SYM *)) (NP (NP (NP (NNP Upper) (NN case)) (CC and) (NP (JJR lower) (NN case) (NNS letters))) (PP (IN of) (NP (DT the) (NN alphabet))))) (, ,) (VP (VBZ underscores)) (, ,))) (CC and) (S (NP (NN dollar) (NNS signs)) (VP (MD can) (VP (VB be) (ADJP (VBN used) (SBAR (X (SYM *)) (S (NP (NNS Numbers)) (VP (VBP are) (VP (VBN allowed) (PP (IN after) (NP (DT the) (JJ first) (NN character))))))))))) (SBAR (X (SYM *)) (S (NP (DT No) (JJ other) (NNS characters)) (VP (VBP are) (VP (VBN allowed) (S (S (X (SYM *)) (NP (JJ Variable) (NNS names)) (VP (VBP are) (ADVP (NN case)) (ADJP (JJ sensitive)))) (: :) (S (NP (JJ different) (NN case)) (VP (VBZ implies) (NP (DT a) (JJ different) (NN name)))) (S (X (SYM *)) (NP (DT A) (NN variable)) (VP (MD may) (RB not) (VP (VB be) (NP (DT a) (JJ reserved) (NN word)) (ADVP (RB ##)))))))))))))) (NP-TMP (NP (JJ Primitive) (NNS Types)) (NP (JJ Primitive) (NNS types)))))) (VP (VBP are) (NP (NP (NNS types)) (VP (VBN provided) (PP (IN by) (NP (DT the) (NN system))) (, ,) (PP (IN in) (NP (NP (DT this) (NN case)) (PP (IN by) (NP (NN javascript)))))))) (. .))) "
222,6,7,that,limitation,"In order to work around that limitation , you can either switch to the other type of delimiter for that case , or place a backslash before the quote to ensure that it appears within the string : foo = ` The cat says , `` Meow ! '' '","(ROOT (S (SBAR (IN In) (NN order) (S (VP (TO to) (VP (VB work) (PP (IN around) (NP (DT that) (NN limitation))))))) (PRN (, ,) (S (NP (PRP you)) (VP (MD can) (RB either) (VP (VB switch) (PP (TO to) (NP (NP (DT the) (JJ other) (NN type)) (PP (IN of) (NP (NP (NP (NN delimiter)) (PP (IN for) (NP (DT that) (NN case)))) (, ,) (CC or) (NP (NP (NN place)) (NP (DT a) (NN backslash))))))) (PP (IN before) (NP (DT the) (NN quote) (S (VP (TO to) (VP (VB ensure) (SBAR (IN that) (S (NP (PRP it)) (VP (VBZ appears) (PP (IN within) (NP (DT the) (NN string))) (: :) (NP (NP (NN foo)) (ADJP (JJ =))))))))))))))) (`` `) (NP (DT The) (NN cat)) (VP (VBZ says) (, ,) (`` ``) (NP (NNP Meow))) (. !) ('' '') ('' '))) "
222,20,21,that,case,"In order to work around that limitation , you can either switch to the other type of delimiter for that case , or place a backslash before the quote to ensure that it appears within the string : foo = ` The cat says , `` Meow ! '' '","(ROOT (S (SBAR (IN In) (NN order) (S (VP (TO to) (VP (VB work) (PP (IN around) (NP (DT that) (NN limitation))))))) (PRN (, ,) (S (NP (PRP you)) (VP (MD can) (RB either) (VP (VB switch) (PP (TO to) (NP (NP (DT the) (JJ other) (NN type)) (PP (IN of) (NP (NP (NP (NN delimiter)) (PP (IN for) (NP (DT that) (NN case)))) (, ,) (CC or) (NP (NP (NN place)) (NP (DT a) (NN backslash))))))) (PP (IN before) (NP (DT the) (NN quote) (S (VP (TO to) (VP (VB ensure) (SBAR (IN that) (S (NP (PRP it)) (VP (VBZ appears) (PP (IN within) (NP (DT the) (NN string))) (: :) (NP (NP (NN foo)) (ADJP (JJ =))))))))))))))) (`` `) (NP (DT The) (NN cat)) (VP (VBZ says) (, ,) (`` ``) (NP (NNP Meow))) (. !) ('' '') ('' '))) "
258,14,15,that,use,"If UTC is needed , there are a set of functions available for that use .","(ROOT (S (SBAR (IN If) (S (NP (NNP UTC)) (VP (VBZ is) (VP (VBN needed))))) (, ,) (NP (EX there)) (VP (VBP are) (NP (NP (DT a) (NN set)) (PP (IN of) (NP (NP (NNS functions)) (ADJP (JJ available) (PP (IN for) (NP (DT that) (NN use)))))))) (. .))) "
283,42,44,these,notation,"var foo2 = -LSB- -LSB- `` something goes here '' , `` something else '' -RSB- , -LSB- `` another element '' , `` yet another '' -RSB- -RSB- ; So that they 're easier to read , you can spread these shorthand notations across multiple lines .","(ROOT (S (SBAR (NP (NN var) (NN foo2) (JJ =) (-LRB- -LSB-)) (-LRB- -LSB-) (S (`` ``) (NP (NN something)) (VP (VBZ goes) (ADVP (RB here))) ('' ''))) (, ,) (S (`` ``) (NP (NN something) (RB else)) ('' '') (VP (-RRB- -RSB-) (, ,) (PP (-LRB- -LSB-) (`` ``) (NP (DT another) (NN element)) ('' '')) (, ,) (NP (NP (`` ``) (RB yet) (DT another) ('' '')) (PP (-RRB- -RSB-) (NP (-RRB- -RSB-)))))) (: ;) (S (CC So) (SBAR (IN that) (S (NP (PRP they)) (VP (VBP 're) (ADJP (JJR easier) (S (VP (TO to) (VP (VB read)))))))) (, ,) (NP (PRP you)) (VP (MD can) (VP (VB spread) (NP (DT these) (NN shorthand) (NNS notations)) (PP (IN across) (NP (JJ multiple) (NNS lines)))))) (. .))) "
310,4,5,this,fashion,"When used in this fashion , ` + ` returns the number representation of the object , while ` - ` returns its negative counterpart .","(ROOT (S (SBAR (WHADVP (WRB When)) (S (VP (VBN used) (PP (IN in) (NP (DT this) (NN fashion)))))) (, ,) (S (`` `) (NP (CC +)) (`` `) (VP (VP (VBZ returns) (NP (NP (DT the) (NN number) (NN representation)) (PP (IN of) (NP (DT the) (NN object))))) (, ,) (ADVP (IN while)) (`` `) (: -) (`` `) (VP (VBZ returns) (NP (PRP$ its) (JJ negative) (NN counterpart))))) (. .))) "
325,2,3,this,case,"In this case , the assignment operator only changes the reference to the object rather than the object itself .","(ROOT (S (PP (IN In) (NP (DT this) (NN case))) (, ,) (NP (DT the) (NN assignment) (NN operator)) (ADVP (RB only)) (VP (VBZ changes) (S (NP (NP (DT the) (NN reference)) (PP (TO to) (NP (NP (DT the) (NN object)) (CONJP (RB rather) (IN than)) (NP (DT the) (NN object))))) (NP (PRP itself)))) (. .))) "
360,8,10,these,operator,"Technically , the exact return value of these two operators is also equal to the final operand that it evaluated .","(ROOT (S (NP (NNP Technically)) (, ,) (NP (DT the) (JJ exact) (NN return) (NN value)) (PP (IN of) (NP (DT these) (CD two) (NNS operators))) (VP (VBZ is) (ADVP (RB also)) (ADJP (JJ equal) (PP (TO to) (NP (DT the) (JJ final) (NN operand)))) (SBAR (IN that) (S (NP (PRP it)) (VP (VBD evaluated))))) (. .))) "
388,39,40,this,book,-LSB- -RSB- -LRB- / / upload.wikimedia.org/wikipedia/commons/thumb/0/0f/Mergefrom.svg/50px-Mergefrom.svg.png -RRB- ** A Wikibookian suggests that _ -LSB- JavaScript/Functions and Objects 2 -RSB- -LRB- / wiki/JavaScript/Functions _ and_Objects_2 -RRB- _ be -LSB- merged -RSB- -LRB- / wiki/Help : Pages #Merging -RRB- into this book or chapter .,(ROOT (FRAG (WHNP (WHNP (-LRB- -LSB-) (-RRB- -RSB-)) (PRN (-LRB- -LRB-) (PP (: /) (NP (: /) (NN upload.wikimedia.org/wikipedia/commons/thumb/0/0f/Mergefrom.svg/50px-Mergefrom.svg.png))) (-RRB- -RRB-))) (SBAR (X (SYM **)) (S (NP (DT A) (JJ Wikibookian)) (VP (VBZ suggests) (SBAR (IN that) (S (NP (NP (NP (NN _) (-LRB- -LSB-) (NNS JavaScript/Functions) (CC and) (NNS Objects)) (ADJP (CD 2) (-RRB- -RSB-))) (PRN (-LRB- -LRB-) (S (NP (: /) (NNS wiki/JavaScript/Functions)) (VP (VBP _) (NP (NN and_Objects_2)))) (-RRB- -RRB-)) (NP (CD _))) (VP (VB be) (NP (NP (-LRB- -LSB-) (VBN merged) (-RRB- -RSB-)) (PRN (-LRB- -LRB-) (NP (NP (: /) (NN wiki/Help)) (: :) (NP (NNP Pages) (NNP #Merging))) (-RRB- -RRB-)) (PP (IN into) (NP (DT this) (NN book) (CC or) (NN chapter)))))))))) (. .))) 
389,6,7,this,merger,** Discuss whether or not this merger should happen on the -LSB- discussion page -RSB- -LRB- / w/index .,(ROOT (FRAG (SBAR (X (SYM **)) (S (S (VP (VB Discuss) (SBAR (IN whether) (CC or) (RB not) (S (NP (DT this) (NN merger)) (VP (MD should) (VP (VB happen) (PP (IN on) (NP (DT the) (-LRB- -LSB-) (NN discussion) (NN page))))))))) (VP (-RRB- -RSB-) (-LRB- -LRB-) (VP (: /) (NP (NN w/index)))))) (. .))) 
392,38,39,this,book,-LSB- -RSB- -LRB- / / upload.wikimedia.org/wikipedia/commons/thumb/0/0f/Mergefrom.svg/50px-Mergefrom.svg.png -RRB- ** A Wikibookian suggests that _ -LSB- JavaScript/Object Oriented Programming -RSB- -LRB- / wiki/JavaScript/Object _ Oriented_Programming -RRB- _ be -LSB- merged -RSB- -LRB- / wiki/Help : Pages #Merging -RRB- into this book or chapter .,(ROOT (FRAG (WHNP (WHNP (-LRB- -LSB-) (-RRB- -RSB-)) (PRN (-LRB- -LRB-) (PP (: /) (NP (: /) (NN upload.wikimedia.org/wikipedia/commons/thumb/0/0f/Mergefrom.svg/50px-Mergefrom.svg.png))) (-RRB- -RRB-))) (SBAR (X (SYM **)) (S (NP (DT A) (JJ Wikibookian)) (VP (VBZ suggests) (SBAR (IN that) (S (NP (NN _) (-LRB- -LSB-) (NNP JavaScript/Object) (NNP Oriented) (NNP Programming)) (VP (-RRB- -RSB-) (PRN (-LRB- -LRB-) (PP (: /) (NP (NN wiki/JavaScript/Object) (CD _) (NN Oriented_Programming))) (-RRB- -RRB-)) (ADVP (CD _)) (VP (VB be) (NP (NP (-LRB- -LSB-) (VBN merged) (-RRB- -RSB-)) (PRN (-LRB- -LRB-) (NP (NP (: /) (NN wiki/Help)) (: :) (NP (NNP Pages) (NNP #Merging))) (-RRB- -RRB-)) (PP (IN into) (NP (DT this) (NN book) (CC or) (NN chapter))))))))))) (. .))) 
393,6,7,this,merger,** Discuss whether or not this merger should happen on the -LSB- discussion page -RSB- -LRB- / w/index .,(ROOT (FRAG (SBAR (X (SYM **)) (S (S (VP (VB Discuss) (SBAR (IN whether) (CC or) (RB not) (S (NP (DT this) (NN merger)) (VP (MD should) (VP (VB happen) (PP (IN on) (NP (DT the) (-LRB- -LSB-) (NN discussion) (NN page))))))))) (VP (-RRB- -RSB-) (-LRB- -LRB-) (VP (: /) (NP (NN w/index)))))) (. .))) 
399,9,10,that,function,"A function is executed when a call to that function is made anywhere within the script , the page , an external page , or by an event .","(ROOT (S (NP (DT A) (NN function)) (VP (VBZ is) (VP (VBN executed) (SBAR (WHADVP (WRB when)) (S (NP (NP (DT a) (NN call)) (PP (TO to) (NP (DT that) (NN function)))) (VP (VBZ is) (VP (VBN made) (ADVP (RB anywhere)) (PP (PP (IN within) (NP (NP (DT the) (NN script)) (, ,) (NP (NP (DT the) (NN page)) (, ,) (NP (DT an) (JJ external) (NN page))) (, ,))) (CC or) (PP (IN by) (NP (DT an) (NN event)))))))))) (. .))) "
419,10,11,this,piece,Let 's get down and dirty and look at this piece by piece .,(ROOT (S (VP (VB Let) (S (NP (PRP 's)) (VP (VP (VB get) (UCP (ADVP (RB down)) (CC and) (ADJP (JJ dirty)))) (CC and) (VP (VB look) (PP (IN at) (NP (DT this) (NN piece))) (PP (IN by) (NP (NN piece))))))) (. .))) 
422,21,22,this,case,"This is where we define our arguments for later use , which is similar to defining variables , except in this case the variables are only valid inside of the function .","(ROOT (S (NP (DT This)) (VP (VBZ is) (SBAR (WHADVP (WRB where)) (S (NP (PRP we)) (VP (VBP define) (NP (PRP$ our) (NNS arguments)) (PP (IN for) (NP (NP (JJ later) (NN use)) (, ,) (SBAR (WHNP (WDT which)) (S (VP (VBZ is) (ADJP (JJ similar) (PP (TO to) (NP (VBG defining) (NNS variables)))) (, ,) (SBAR (IN except) (S (PP (IN in) (NP (DT this) (NN case))) (NP (DT the) (NNS variables)) (VP (VBP are) (ADVP (RB only)) (ADJP (JJ valid) (PP (IN inside) (PP (IN of) (NP (DT the) (NN function))))))))))))))))) (. .))) "
435,17,18,those,variable,## Objects An object is a structure of variables and some functions used to work with those variables .,(ROOT (S (NP (NP (NN ##) (NNS Objects)) (NP (DT An) (NN object))) (VP (VBZ is) (NP (NP (DT a) (NN structure)) (PP (IN of) (NP (NP (NNS variables)) (CC and) (NP (NP (DT some) (NNS functions)) (VP (VBN used) (S (VP (TO to) (VP (VB work) (PP (IN with) (NP (DT those) (NNS variables)))))))))))) (. .))) 
439,23,24,that,kind,"Once you 've written and tested a function , it should be possible to slot it into any program or script needing that kind of functionality and just expect it to work , because it 's already been tried and tested on an earlier project .","(ROOT (S (SBAR (RB Once) (S (NP (PRP you)) (VP (VBP 've) (VP (VBN written) (CC and) (VBN tested) (NP (DT a) (NN function)))))) (, ,) (NP (PRP it)) (VP (MD should) (VP (VB be) (ADJP (JJ possible) (PP (TO to) (NP (NN slot)))) (NP-TMP (NP (PRP it)) (PP (IN into) (NP (DT any) (NN program) (CC or) (NN script)))) (SBAR (S (S (VP (VBG needing) (NP (NP (DT that) (NN kind)) (PP (IN of) (NP (NN functionality)))))) (CC and) (S (ADVP (RB just)) (VP (VBP expect) (S (NP (PRP it)) (VP (TO to) (VP (VB work)))) (, ,) (SBAR (IN because) (S (NP (PRP it)) (VP (VBZ 's) (ADVP (RB already)) (VP (VBN been) (VP (VBN tried) (CC and) (VBN tested) (PP (IN on) (NP (DT an) (JJR earlier) (NN project)))))))))))))) (. .))) "
440,4,5,this,approach,"The benefits of this approach are a shorter development time and easier debugging , because you 're re-using program code that has already been proven .","(ROOT (S (NP (NP (DT The) (NNS benefits)) (PP (IN of) (NP (DT this) (NN approach)))) (VP (VBP are) (NP (NP (DT a) (JJR shorter) (NN development) (NN time)) (CC and) (NP (JJR easier) (NN debugging))) (, ,) (SBAR (IN because) (S (NP (PRP you)) (VP (VBP 're) (VP (VBG re-using) (NP (NP (NN program) (NN code)) (SBAR (WHNP (WDT that)) (S (VP (VBZ has) (ADVP (RB already)) (VP (VBN been) (VP (VBN proven)))))))))))) (. .))) "
443,7,8,this,datum,Only the Object itself can alter this data .,(ROOT (S (NP (NP (RB Only) (DT the) (NNP Object)) (ADVP (PRP itself))) (VP (MD can) (VP (VB alter) (NP (DT this) (NNS data)))) (. .))) 
444,19,21,these,variable,The user works with the data through a set of public functions -LRB- called Methods -RRB- for accessing these private variables .,(ROOT (S (NP (DT The) (NN user)) (VP (VBZ works) (PP (IN with) (NP (DT the) (NNS data))) (PP (IN through) (NP (NP (NP (DT a) (NN set)) (PP (IN of) (NP (JJ public) (NNS functions)))) (PRN (-LRB- -LRB-) (VP (VBN called) (NP (NNS Methods))) (-RRB- -RRB-)) (PP (IN for) (S (VP (VBG accessing) (NP (DT these) (JJ private) (NNS variables)))))))) (. .))) 
447,6,7,these,issue,"To minimize the impact of these issues , you may want to ensure that methods are properly described and cover known situations of use - and to avoid directly accessing methods or fields that are designed to hold the internal state of the object .","(ROOT (S (S (VP (TO To) (VP (VB minimize) (NP (NP (DT the) (NN impact)) (PP (IN of) (NP (DT these) (NNS issues))))))) (, ,) (NP (PRP you)) (VP (MD may) (VP (VB want) (S (VP (VP (TO to) (VP (VP (VB ensure) (SBAR (IN that) (S (NP (NNS methods)) (VP (VBP are) (ADVP (RB properly)) (VP (VBN described)))))) (CC and) (VP (VB cover) (NP (NP (JJ known) (NNS situations)) (PP (IN of) (NP (NN use))))))) (: -) (CC and) (VP (TO to) (VP (VB avoid) (ADVP (RB directly)) (S (VP (VBG accessing) (NP (NP (NNS methods) (CC or) (NNS fields)) (SBAR (WHNP (WDT that)) (S (VP (VBP are) (VP (VBN designed) (S (VP (TO to) (VP (VB hold) (NP (NP (DT the) (JJ internal) (NN state)) (PP (IN of) (NP (DT the) (NN object)))))))))))))))))))) (. .))) "
456,4,5,these,method,Some examples of these methods are : * getFullYear -LRB- -RRB- * getMonth -LRB- -RRB- * getDate -LRB- -RRB- * getDay -LRB- -RRB- * getHours -LRB- -RRB- * getMinutes -LRB- -RRB- * getSeconds -LRB- -RRB- The following code shows the year and what type of object that information is .,(ROOT (S (S (NP (NP (DT Some) (NNS examples)) (PP (IN of) (NP (DT these) (NNS methods)))) (VP (VBP are))) (: :) (X (X (SYM *)) (ADJP (ADJP (ADJP (NN getFullYear)) (PRN (-LRB- -LRB-) (-RRB- -RRB-) (FRAG (X (SYM *)) (NP (NN getMonth) (-LRB- -LRB-))) (-RRB- -RRB-))) (SBAR (X (SYM *)) (S (NP (ADJP (ADJP (ADJP (NN getDate)) (PRN (-LRB- -LRB-) (-RRB- -RRB-) (FRAG (X (SYM *)) (NP (NN getDay) (-LRB- -LRB-))) (-RRB- -RRB-))) (SBAR (X (SYM *)) (S (S (NP (NP (NNS getHours)) (-LRB- -LRB-) (PP (PP (-RRB- -RRB-) (FRAG (X (SYM *)) (NP (NNS getMinutes)))) (PRN (-LRB- -LRB-) (-RRB- -RRB-) (FRAG (X (SYM *)) (NP (NNS getSeconds))) (-LRB- -LRB-))) (-RRB- -RRB-)) (X (NP (DT The) (VBG following) (NN code))) (VP (VBZ shows) (NP (DT the) (NN year)))) (CC and) (S (NP (NP (WP what) (NN type)) (PP (IN of) (NP (NN object)))) (NP (WDT that)))))) (NN information)) (VP (VBZ is)))))) (. .))) 
457,52,53,that,information,"var myDate = new Date -LRB- -RRB- ; var year = myDate.getFullYear -LRB- -RRB- ; alert -LRB- year + ' \ n ' + typeof -LRB- year -RRB- -RRB- ; 2013 number Because information such as the year is private to the object , the only way we have to alter that information is to use a method provided by the Object for that purpose .","(ROOT (NP (NP (NP (ADJP (NN var) (NN myDate) (JJ =)) (JJ new) (NN Date)) (PRN (-LRB- -LRB-) (NP (PP (-RRB- -RRB-) (: ;) (NP (NP (NN var) (NN year)) (NP (NP (JJ =) (NN myDate.getFullYear)) (-LRB- -LRB-) (NP (NP (-RRB- -RRB-)) (: ;) (NP (NP (NN alert)) (-LRB- -LRB-) (NP (NP (NN year)) (SBAR (S (NP (CC +))))))))) ('' ')) (NP (NP (NP (CD \)) (NP (NN n) ('' '))) (CC +) (NP (NP (NN typeof)) (PRN (-LRB- -LRB-) (NP-TMP (NN year)) (-RRB- -RRB-))))) (-RRB- -RRB-))) (: ;) (NP (NP (CD 2013) (NN number)) (SBAR (S (SBAR (IN Because) (S (NP (NP (NN information)) (PP (JJ such) (IN as) (NP (DT the) (NN year)))) (VP (VBZ is) (ADJP (JJ private) (PP (TO to) (NP (DT the) (NN object))))))) (, ,) (NP (NP (DT the) (JJ only) (NN way)) (SBAR (S (NP (PRP we)) (VP (VBP have) (S (VP (TO to) (VP (VB alter) (NP (DT that) (NN information))))))))) (VP (VBZ is) (S (VP (TO to) (VP (VB use) (NP (DT a) (NN method)) (PP (VBN provided) (PP (IN by) (NP (NP (DT the) (NNP Object)) (PP (IN for) (NP (DT that) (NN purpose))))))))))))) (. .))) "
457,64,65,that,purpose,"var myDate = new Date -LRB- -RRB- ; var year = myDate.getFullYear -LRB- -RRB- ; alert -LRB- year + ' \ n ' + typeof -LRB- year -RRB- -RRB- ; 2013 number Because information such as the year is private to the object , the only way we have to alter that information is to use a method provided by the Object for that purpose .","(ROOT (NP (NP (NP (ADJP (NN var) (NN myDate) (JJ =)) (JJ new) (NN Date)) (PRN (-LRB- -LRB-) (NP (PP (-RRB- -RRB-) (: ;) (NP (NP (NN var) (NN year)) (NP (NP (JJ =) (NN myDate.getFullYear)) (-LRB- -LRB-) (NP (NP (-RRB- -RRB-)) (: ;) (NP (NP (NN alert)) (-LRB- -LRB-) (NP (NP (NN year)) (SBAR (S (NP (CC +))))))))) ('' ')) (NP (NP (NP (CD \)) (NP (NN n) ('' '))) (CC +) (NP (NP (NN typeof)) (PRN (-LRB- -LRB-) (NP-TMP (NN year)) (-RRB- -RRB-))))) (-RRB- -RRB-))) (: ;) (NP (NP (CD 2013) (NN number)) (SBAR (S (SBAR (IN Because) (S (NP (NP (NN information)) (PP (JJ such) (IN as) (NP (DT the) (NN year)))) (VP (VBZ is) (ADJP (JJ private) (PP (TO to) (NP (DT the) (NN object))))))) (, ,) (NP (NP (DT the) (JJ only) (NN way)) (SBAR (S (NP (PRP we)) (VP (VBP have) (S (VP (TO to) (VP (VB alter) (NP (DT that) (NN information))))))))) (VP (VBZ is) (S (VP (TO to) (VP (VB use) (NP (DT a) (NN method)) (PP (VBN provided) (PP (IN by) (NP (NP (DT the) (NNP Object)) (PP (IN for) (NP (DT that) (NN purpose))))))))))))) (. .))) "
462,8,9,this,example,; alert -LRB- site.string -RRB- ; What this example does is : * Define site as an empty object * Add a method called test to the site object * Call the test method with variable `` Boo ! '',(ROOT (PRN (: ;) (S (NP (NP (NP (NN alert)) (PRN (-LRB- -LRB-) (VP (VBG site.string)) (-RRB- -RRB-))) (: ;) (NP (NP (WP What)) (NP (DT this) (NN example)))) (VP (VBZ does) (SBAR (S (VP (VBZ is) (: :) (S (SBAR (X (SYM *)) (S (NP (NP (VB Define) (NN site)) (PP (IN as) (NP (DT an) (JJ empty) (NN object)) (X (SYM *)))) (VP (VB Add) (NP (NP (DT a) (NN method)) (VP (VBN called) (NP (NP (NP (NN test)) (PP (TO to) (NP (DT the) (NN site) (NN object))) (X (SYM *))) (SBAR (FRAG (S (VP (VB Call) (NP (DT the) (NN test) (NN method)) (PP (IN with) (NP (NP (JJ variable)) (`` ``) (NP (NN Boo)))))) (. !) ('' ''))))))))))))))))) 
467,2,3,this,keyword,## this keyword The ` this ` keyword allows a method to read and write the property variables of that instance of the object .,(ROOT (S (ADVP (RB ##)) (NP (DT this) (NP (NP (NN keyword) (DT The)) (`` `) (NP (DT this) (`` `) (NN keyword)))) (VP (VBZ allows) (NP (DT a) (NN method) (S (VP (TO to) (VP (VB read) (CC and) (VB write) (NP (NP (DT the) (NN property) (NNS variables)) (PP (IN of) (NP (NP (DT that) (NN instance)) (PP (IN of) (NP (DT the) (NN object))))))))))) (. .))) 
467,6,8,this,keyword,## this keyword The ` this ` keyword allows a method to read and write the property variables of that instance of the object .,(ROOT (S (ADVP (RB ##)) (NP (DT this) (NP (NP (NN keyword) (DT The)) (`` `) (NP (DT this) (`` `) (NN keyword)))) (VP (VBZ allows) (NP (DT a) (NN method) (S (VP (TO to) (VP (VB read) (CC and) (VB write) (NP (NP (DT the) (NN property) (NNS variables)) (PP (IN of) (NP (NP (DT that) (NN instance)) (PP (IN of) (NP (DT the) (NN object))))))))))) (. .))) 
467,20,21,that,instance,## this keyword The ` this ` keyword allows a method to read and write the property variables of that instance of the object .,(ROOT (S (ADVP (RB ##)) (NP (DT this) (NP (NP (NN keyword) (DT The)) (`` `) (NP (DT this) (`` `) (NN keyword)))) (VP (VBZ allows) (NP (DT a) (NN method) (S (VP (TO to) (VP (VB read) (CC and) (VB write) (NP (NP (DT the) (NN property) (NNS variables)) (PP (IN of) (NP (NP (DT that) (NN instance)) (PP (IN of) (NP (DT the) (NN object))))))))))) (. .))) 
469,50,51,those,function,"You can use the ` new ` keyword with any function to create an object , but it will be much easier to keep track of what you 're doing if you only use ` new ` with functions that are meant just for the purpose , and mark those functions by naming them with an initial capital letter .","(ROOT (S (S (NP (PRP You)) (VP (MD can) (VP (VB use) (NP (DT the) (`` `) (JJ new) (`` `) (NN keyword)) (PP (IN with) (NP (DT any) (NN function) (S (VP (TO to) (VP (VB create) (NP (DT an) (NN object)))))))))) (, ,) (CC but) (S (NP (PRP it)) (VP (MD will) (VP (VB be) (ADJP (RB much) (JJR easier)) (S (VP (TO to) (VP (VB keep) (NP (NP (NP (NN track)) (PP (IN of) (SBAR (WHNP (WP what)) (S (NP (PRP you)) (VP (VBP 're) (VP (VBG doing) (SBAR (IN if) (S (NP (PRP you)) (ADVP (RB only)) (VP (VBP use) (NP (`` `) (NP (JJ new)) (`` `) (PP (IN with) (NP (NNS functions)))))))))))) (SBAR (WHNP (WDT that)) (S (VP (VBP are) (VP (VBN meant) (ADVP (RB just)) (PP (IN for) (NP (DT the) (NN purpose)))))))) (, ,) (CC and) (NP (NP (NN mark)) (NP (DT those) (NNS functions))))))) (PP (IN by) (S (VP (VBG naming) (NP (PRP them)) (PP (IN with) (NP (DT an) (JJ initial) (NN capital) (NN letter))))))))) (. .))) "
477,44,45,that,event,"The kinds of events that might occur are due to : * A document loading * The user clicking a mouse button * The browser screen changing size When a function is assigned to an event handler , that function is run when that event occurs .","(ROOT (S (S (NP (NP (DT The) (NNS kinds)) (PP (IN of) (NP (NP (NNS events)) (SBAR (WHNP (WDT that)) (S (VP (MD might) (VP (VB occur)))))))) (VP (VBP are) (ADJP (JJ due) (PP (TO to))))) (: :) (X (X (SYM *)) (NP (NP (DT A) (NN document)) (SBAR (S (S (VP (VBG loading) (SBAR (SBAR (X (SYM *)) (S (NP (DT The) (NN user) (S (VP (VBG clicking) (NP (DT a) (NN mouse) (NN button)) (X (X (SYM *)) (NP (DT The) (NN browser)))))) (VP (NN screen) (NP (VBG changing) (NN size) (SBAR (WHADVP (WRB When)) (S (NP (DT a) (NN function)) (VP (VBZ is) (VP (VBN assigned) (PP (TO to) (NP (DT an) (NN event) (NN handler))))))))))) (, ,) (SBAR (WHNP (WDT that)) (S (VP (VBP function))))))) (VP (VBZ is) (VP (VBN run) (SBAR (WHADVP (WRB when)) (S (NP (DT that) (NN event)) (VP (VBZ occurs)))))))))) (. .))) "
484,50,52,those,browser.,"In some browsers the event must be explicitly passed to the function , so as a precaution it 's often best to include a conditional to test that the evt variable has been passed , and if it has n't then to use an alternative method that works on those other browsers. : function clickHandler -LRB- evt -RRB- -LCB- evt = evt | | window.event ; / / some code here -RCB- Elements within a document can also be assigned event handlers .","(ROOT (S (PP (IN In) (NP (DT some) (NNS browsers))) (NP (DT the) (NN event)) (VP (MD must) (VP (VB be) (VP (ADVP (RB explicitly)) (VBN passed) (PP (TO to) (NP (DT the) (NN function))) (, ,) (SBAR (RB so) (IN as) (S (NP (NP (DT a) (NN precaution)) (SBAR (S (NP (PRP it)) (VP (VBZ 's) (ADVP (RB often) (RB best) (S (VP (TO to) (VP (VB include) (NP (NP (DT a) (ADJP (JJ conditional) (S (VP (TO to) (VP (VB test) (SBAR (SBAR (IN that) (S (NP (DT the) (NN evt) (NN variable)) (VP (VBZ has) (VP (VBN been) (VP (VBN passed)))))) (, ,) (CC and) (SBAR (IN if) (S (NP (PRP it)) (VP (VBZ has) (RB n't) (ADVP (RB then)) (S (VP (TO to) (VP (VB use) (NP (NP (DT an) (NN alternative) (NN method)) (SBAR (WHNP (WDT that)) (S (VP (VBZ works) (PP (IN on) (NP (NP (DT those) (JJ other) (NN browsers.)) (: :) (NP (NP (NN function) (NN clickHandler)) (NP (NP (-LRB- -LRB-) (NN evt) (-RRB- -RRB-)) (-LRB- -LCB-) (NP (NP (NN evt) (JJ =) (NN evt)) (NP (QP (CD |) (CD |)) (NN window.event))) (: ;))) (: /) (PP (: /) (NP (NP (DT some) (NN code)) (ADVP (RB here)))) (-RRB- -RCB-)))))))))))))))))) (NNS Elements)) (PP (IN within) (NP (DT a) (NN document)))))))))))) (VP (MD can) (ADVP (RB also)) (VP (VB be) (VP (VBN assigned) (NP (NN event) (NNS handlers)))))))))) (. .))) "
487,5,6,this,style,Keep in mind that this style of handler assignment depends on the link 's position inside the page .,(ROOT (S (VP (VB Keep) (PP (IN in) (NP (NN mind))) (SBAR (IN that) (S (NP (NP (DT this) (NN style)) (PP (IN of) (NP (NN handler) (NN assignment)))) (VP (VBZ depends) (PP (IN on) (NP (NP (NP (DT the) (NN link) (POS 's)) (NN position)) (PP (IN inside) (NP (DT the) (NN page))))))))) (. .))) 
488,8,9,this,one,"If another link tag is added before this one , it will take over the handler from the original link .","(ROOT (S (SBAR (IN If) (S (NP (DT another) (NN link) (NN tag)) (VP (VBZ is) (VP (VBN added) (PP (IN before) (NP (DT this) (CD one))))))) (, ,) (NP (PRP it)) (VP (MD will) (VP (VB take) (PRT (RP over)) (NP (NP (DT the) (NN handler)) (PP (IN from) (NP (DT the) (JJ original) (NN link)))))) (. .))) "
592,5,6,this,script,"One way to make this script faster might be to create an array of characters , then join it : var s1 = `` the original string '' ; var a2 = new Array -LRB- s1.length -RRB- ; var s2 = '' '' ; for -LRB- i = 0 ; i < s1.length ; i + + -RRB- -LCB- a2 -LSB- i -RSB- = rot13 -LRB- s1.charAt -LRB- i -RRB- -RRB- ; -RCB- s2 = a2.join -LRB-''-RRB- ; Internet Explorer 6 will run this code faster .","(ROOT (S (S (NP (NP (CD One) (NN way)) (SBAR (S (VP (TO to) (VP (VB make) (NP (DT this) (NN script)) (ADVP (RBR faster))))))) (VP (MD might) (VP (VB be) (S (VP (TO to) (VP (VP (VB create) (NP (NP (DT an) (NN array)) (PP (IN of) (NP (NNS characters))))) (, ,) (RB then) (VP (VB join) (NP (NP (PRP it)) (: :) (NP (NP (NN var) (NN s1)) (SBAR (S (NP (NP (JJ =)) (`` ``) (NP (NP (DT the) (JJ original) (NN string) ('' '')) (: ;) (NP (NP (NN var) (NN a2)) (NP (NP (JJ =) (JJ new) (NN Array)) (PRN (-LRB- -LRB-) (NP (NN s1.length)) (-RRB- -RRB-)))) (: ;) (NP (NP (NN var) (NN s2)) (ADJP (JJ =)))) ('' '')))))) ('' '') (: ;) (PP (IN for) (PRN (-LRB- -LRB-) (S (NP (NP (NP (FW i)) (ADJP (JJ =) (NP-TMP (CD 0)))) (: ;) (NP (LS i) (JJR <) (CD s1.length)) (: ;)) (VP (LS i) (S (NP (CC +)) (NP (CC +))))) (-RRB- -RRB-)) (NP (PRN (-LRB- -LCB-) (NAC (NN a2) (PP (-LRB- -LSB-) (NP (NP (FW i)) (-RRB- -RSB-) (NP (NP (JJ =) (NN rot13)) (-LRB- -LRB-) (NP (NN s1.charAt)) (PRN (-LRB- -LRB-) (NP (LS i)) (-RRB- -RRB-)) (-RRB- -RRB-))) (: ;))) (-RRB- -RCB-)) (NN s2)))) (NP (JJ =) (NN a2.join) (NN -LRB-''-RRB-)))))))) (: ;) (S (NP (NNP Internet) (NNP Explorer) (CD 6)) (VP (MD will) (VP (VB run) (NP (DT this) (NN code)) (ADVP (RBR faster))))) (. .))) "
592,84,85,this,code,"One way to make this script faster might be to create an array of characters , then join it : var s1 = `` the original string '' ; var a2 = new Array -LRB- s1.length -RRB- ; var s2 = '' '' ; for -LRB- i = 0 ; i < s1.length ; i + + -RRB- -LCB- a2 -LSB- i -RSB- = rot13 -LRB- s1.charAt -LRB- i -RRB- -RRB- ; -RCB- s2 = a2.join -LRB-''-RRB- ; Internet Explorer 6 will run this code faster .","(ROOT (S (S (NP (NP (CD One) (NN way)) (SBAR (S (VP (TO to) (VP (VB make) (NP (DT this) (NN script)) (ADVP (RBR faster))))))) (VP (MD might) (VP (VB be) (S (VP (TO to) (VP (VP (VB create) (NP (NP (DT an) (NN array)) (PP (IN of) (NP (NNS characters))))) (, ,) (RB then) (VP (VB join) (NP (NP (PRP it)) (: :) (NP (NP (NN var) (NN s1)) (SBAR (S (NP (NP (JJ =)) (`` ``) (NP (NP (DT the) (JJ original) (NN string) ('' '')) (: ;) (NP (NP (NN var) (NN a2)) (NP (NP (JJ =) (JJ new) (NN Array)) (PRN (-LRB- -LRB-) (NP (NN s1.length)) (-RRB- -RRB-)))) (: ;) (NP (NP (NN var) (NN s2)) (ADJP (JJ =)))) ('' '')))))) ('' '') (: ;) (PP (IN for) (PRN (-LRB- -LRB-) (S (NP (NP (NP (FW i)) (ADJP (JJ =) (NP-TMP (CD 0)))) (: ;) (NP (LS i) (JJR <) (CD s1.length)) (: ;)) (VP (LS i) (S (NP (CC +)) (NP (CC +))))) (-RRB- -RRB-)) (NP (PRN (-LRB- -LCB-) (NAC (NN a2) (PP (-LRB- -LSB-) (NP (NP (FW i)) (-RRB- -RSB-) (NP (NP (JJ =) (NN rot13)) (-LRB- -LRB-) (NP (NN s1.charAt)) (PRN (-LRB- -LRB-) (NP (LS i)) (-RRB- -RRB-)) (-RRB- -RRB-))) (: ;))) (-RRB- -RCB-)) (NN s2)))) (NP (JJ =) (NN a2.join) (NN -LRB-''-RRB-)))))))) (: ;) (S (NP (NNP Internet) (NNP Explorer) (CD 6)) (VP (MD will) (VP (VB run) (NP (DT this) (NN code)) (ADVP (RBR faster))))) (. .))) "
594,11,12,this,code,On some browsers the original code may be faster than this code .,(ROOT (S (PP (IN On) (NP (DT some) (NNS browsers))) (NP (DT the) (JJ original) (NN code)) (VP (MD may) (VP (VB be) (ADVP (RBR faster)) (PP (IN than) (NP (DT this) (NN code))))) (. .))) 
595,9,10,this,code,A second way to improve the speed of this code is to break up the string being written to .,(ROOT (S (NP (DT A) (JJ second) (NN way) (S (VP (TO to) (VP (VB improve) (NP (NP (DT the) (NN speed)) (PP (IN of) (NP (DT this) (NN code)))))))) (VP (VBZ is) (S (VP (TO to) (VP (VB break) (PRT (RP up)) (NP (NP (DT the) (NN string)) (VP (VBG being) (VP (VBN written) (S (VP (TO to)))))))))) (. .))) 
643,53,54,that,javascript,"/ / Object var obj = -LCB- ` foo ' : ` bar ' , ` color ' : ` red ' , / / trailing comma -RCB- ; / / Array var arr = -LSB- ` foo ' , ` bar ' , / / trailing comma -RSB- ; * Remember that JavaScript is case sensitive .","(ROOT (S (S (NP (: /)) (VP (: /) (S (NP (NNP Object) (NN var) (NN obj)) (ADJP (JJ =))) (PRN (-LRB- -LCB-) (S (NP (NP (NP (`` `) (NN foo) ('' ')) (: :) (NP (NP (`` `) (NN bar) ('' ')) (, ,) (NP (`` `) (NN color) ('' '))) (: :)) (ADJP (ADJP (`` `) (JJ red) ('' ')) (PRN (, ,) (ADVP (: /)) (: /)))) (VP (VBG trailing) (NP (NN comma)))) (-RRB- -RCB-)))) (: ;) (S (PP (: /) (NP (: /) (NN Array) (NN var) (NN arr))) (NP (NP (JJ =) (-LRB- -LSB-) (`` `) (NN foo) ('' ')) (, ,) (ADJP (`` `) (NN bar) ('' ')) (, ,)) (VP (: /) (: /) (VP (VBG trailing) (NP (NN comma) (-RRB- -RSB-))))) (: ;) (SBAR (X (SYM *)) (S (S (VP (VB Remember) (NP (DT that) (NNP JavaScript)))) (VP (VBZ is) (ADVP (NN case)) (ADJP (JJ sensitive))))) (. .))) "
648,19,20,that,javascript,"` var n = parseInt -LRB- ' 09 ' , ** 10 ** -RRB- ; ` * Remember that JavaScript is -LSB- platform -RSB- -LRB- / / en.wikipedia.org/wiki/Platform_\ -LRB- computing \ -RRB- -RRB- independent , but is not -LSB- browser -RSB- -LRB- / / en.wikipedia.org/wiki/web_browser -RRB- independent .","(ROOT (S (`` `) (S (NP (FW var)) (VP (NN n) (NP (NP (JJ =) (NN parseInt)) (PRN (-LRB- -LRB-) (PP ('' ') (NP (NP (CD 09)) ('' ') (, ,) (PP (SYM **) (NP (CD 10)) (X (SYM **))))) (-RRB- -RRB-))))) (: ;) (`` `) (S (SBAR (X (SYM *)) (S (S (VP (VB Remember) (NP (DT that) (NNP JavaScript)))) (VP (VP (VBZ is) (NP (NP (NP (-LRB- -LSB-) (NN platform) (-RRB- -RSB-)) (-LRB- -LRB-) (NP (: /) (: /) (NN en.wikipedia.org/wiki/Platform_\)) (PRN (-LRB- -LRB-) (NP (NN computing) (NN \)) (-RRB- -RRB-)) (-RRB- -RRB-)) (ADJP (JJ independent)))) (, ,) (CC but) (VP (VBZ is) (RB not))))) (-LRB- -LSB-) (NP (NN browser)) (VP (-RRB- -RSB-) (ADJP (PRN (-LRB- -LRB-) (PP (: /) (NP (: /) (NN en.wikipedia.org/wiki/web_browser))) (-RRB- -RRB-)) (JJ independent)))) (. .))) "
678,10,11,this,code,"See <a href=""http://en.wikibooks.org/wiki/JavaScript""> Wikibooks </a> </p> </body> </html> What has this code done ?","(ROOT (SQ (VP (VB See) (S (NP (NNP <a href=""http://en.wikibooks.org/wiki/JavaScript"">) (NNP Wikibooks)) (NP (NP (NN </a>) (NN </p>) (NN </body>) (NN </html>)) (SBAR (WHNP (WDT What)) (S (VP (VBZ has) (NP (NP (DT this) (NN code)) (VP (VBN done))))))))) (. ?))) "
681,4,5,this,function,The body of this function fires some alert messages and changes the value of ` x ' .,(ROOT (S (NP (NP (DT The) (NN body)) (PP (IN of) (NP (DT this) (NN function)))) (VP (VP (VBZ fires) (NP (DT some) (JJ alert) (NNS messages))) (CC and) (VP (VBZ changes) (S (NP (DT the) (NN value) (IN of)) (`` `) (NP (CC x)) ('' ')))) (. .))) 
698,53,54,this,website,", '' -RRB- ; if -LRB- name = = '' '' | | name = = `` null '' -RRB- -LCB- alert -LRB- ` You have not entered a name ' -RRB- ; welcome -LRB- -RRB- ; return false ; -RCB- var visit = confirm -LRB- ` Do you want to visit this website ? ' -RRB-","(ROOT (PRN (, ,) ('' '') (S (NP (NP (-RRB- -RRB-)) (PRN (: ;) (PP (IN if)))) (VP (-LRB- -LRB-) (NP (NN name)) (ADVP (JJ =)) (ADJP (JJ =) ('' '')) ('' '') (S (NP (NP (NP (NP (CD |)) (ADJP (ADJP (ADJP (CD |) (NN name)) (PRN (NP (NP (JJ =)) (NP (NP (JJ =)) (SBAR (S (ADJP (`` ``) (JJ null) ('' '')))))) (-RRB- -RRB-))) (PRN (-LRB- -LCB-) (NP (NP (NN alert)) (SBAR (S (-LRB- -LRB-) (NP (`` `) (PRP You)) (VP (VBP have) (RB not) (VP (VBN entered) (NP (DT a) (NN name) ('' '))))))) (-RRB- -RRB-)))) (: ;) (S (NP (NP (NP (JJ welcome)) (-LRB- -LRB-) (NP (-RRB- -RRB-)) (PRN (: ;) (S (NP (NN return)) (ADJP (JJ false))) (: ;)) (-RRB- -RCB-)) (ADJP (RB var) (NP (NN visit)) (JJ =))) (VP (VBP confirm)))) (PRN (-LRB- -LRB-) (`` `) (SQ (VBP Do) (NP (PRP you)) (VP (VB want) (S (VP (TO to) (VP (VB visit) (NP (DT this) (NN website)))))) (. ?)) ('' ') (-RRB- -RRB-)))))))) "
702,23,24,this,element,"## Simple Use Let 's say , on a page , we have : <div id=""myDiv""> content </div> A simple way of finding this element in Javascript would be : var myDiv = document.getElementById -LRB- `` myDiv '' -RRB- ; / / Would find the DIV element by its ID , which in this case is ` myDiv ' .","(ROOT (S (S (NP (RB ##) (JJ Simple) (NN Use)) (VP (VB Let) (S (NP (NNS 's)) (VP (VB say))))) (, ,) (S (PP (IN on) (NP (DT a) (NN page))) (, ,) (NP (PRP we)) (VP (VBP have) (NP (NP (: :) (NP (NN <div id=""myDiv"">) (NN content) (NN </div>) (NN A) (JJ simple) (NN way)) (PP (IN of) (S (VP (VBG finding) (SBAR (S (NP (NP (DT this) (NN element)) (PP (IN in) (NP (NNP Javascript)))) (VP (MD would) (VP (VB be))))))))) (: :) (NP (NP (NN var) (NN myDiv)) (NP (NP (JJ =) (NN document.getElementById)) (PRN (-LRB- -LRB-) (`` ``) (NP (NN myDiv)) ('' '') (-RRB- -RRB-)))) (: ;)))) (: /) (S (NP (: /)) (VP (MD Would) (VP (VB find) (NP (DT the) (NN DIV) (NN element)) (PP (IN by) (NP (NP (PRP$ its) (NNP ID)) (, ,) (SBAR (WHNP (WDT which)) (S (PP (IN in) (NP (DT this) (NN case))) (VP (VBZ is) (`` `) (NP (NN myDiv)) ('' '))))))))) (. .))) "
702,53,54,this,case,"## Simple Use Let 's say , on a page , we have : <div id=""myDiv""> content </div> A simple way of finding this element in Javascript would be : var myDiv = document.getElementById -LRB- `` myDiv '' -RRB- ; / / Would find the DIV element by its ID , which in this case is ` myDiv ' .","(ROOT (S (S (NP (RB ##) (JJ Simple) (NN Use)) (VP (VB Let) (S (NP (NNS 's)) (VP (VB say))))) (, ,) (S (PP (IN on) (NP (DT a) (NN page))) (, ,) (NP (PRP we)) (VP (VBP have) (NP (NP (: :) (NP (NN <div id=""myDiv"">) (NN content) (NN </div>) (NN A) (JJ simple) (NN way)) (PP (IN of) (S (VP (VBG finding) (SBAR (S (NP (NP (DT this) (NN element)) (PP (IN in) (NP (NNP Javascript)))) (VP (MD would) (VP (VB be))))))))) (: :) (NP (NP (NN var) (NN myDiv)) (NP (NP (JJ =) (NN document.getElementById)) (PRN (-LRB- -LRB-) (`` ``) (NP (NN myDiv)) ('' '') (-RRB- -RRB-)))) (: ;)))) (: /) (S (NP (: /)) (VP (MD Would) (VP (VB find) (NP (DT the) (NN DIV) (NN element)) (PP (IN by) (NP (NP (PRP$ its) (NNP ID)) (, ,) (SBAR (WHNP (WDT which)) (S (PP (IN in) (NP (DT this) (NN case))) (VP (VBZ is) (`` `) (NP (NN myDiv)) ('' '))))))))) (. .))) "
712,13,14,this,page,-LSB- -RSB- -LRB- / / upload.wikimedia.org/wikipedia/commons/thumb/9/91/Book_important2.svg/40px-Book_important2.svg.png -RRB- ** A reader has identified this page or section as an undeveloped draft or outline .,(ROOT (FRAG (WHNP (WHNP (-LRB- -LSB-) (-RRB- -RSB-)) (PRN (-LRB- -LRB-) (PP (: /) (NP (: /) (NN upload.wikimedia.org/wikipedia/commons/thumb/9/91/Book_important2.svg/40px-Book_important2.svg.png))) (-RRB- -RRB-))) (SBAR (X (SYM **)) (S (NP (DT A) (NN reader)) (VP (VBZ has) (VP (VBN identified) (NP (NP (DT this) (NN page) (CC or) (NN section)) (PP (IN as) (NP (DT an) (JJ undeveloped) (NN draft) (CC or) (NN outline)))))))) (. .))) 
718,18,19,that,button,"<input type=""button"" id=""myButton"" value=""I'm a button!""> Later on in the page , with JavaScript , we could do the following to change that button 's value : myButton = document.getElementById -LRB- `` myButton '' -RRB- ; / / searches for and detects the input element from the ` myButton ' id myButton.value = `` I 'm a changed button '' ; / / changes the value To change the type of input it is -LRB- button to text , for example -RRB- then use : myButton.type = `` text '' ; / / changes the input type from ` button ' to ` text ' .","(ROOT (S (S (VP (NNP <input type=""button"" id=""myButton"" value=""I'm a button!"">) (PP (ADVP (RB Later)) (IN on) (IN in) (NP (DT the) (NN page))))) (, ,) (S (PP (IN with) (NP (NNP JavaScript))) (, ,) (NP (PRP we)) (VP (VP (MD could) (VP (VB do) (S (NP (DT the) (VBG following)) (VP (TO to) (VP (VB change) (NP (NP (NP (DT that) (NN button) (POS 's)) (NN value)) (: :) (NP (NP (NN myButton) (JJ =) (NN document.getElementById)) (PRN (-LRB- -LRB-) (`` ``) (NP (NN myButton)) ('' '') (-RRB- -RRB-))) (: ;)) (PP (: /) (NP (: /) (NNS searches))) (PP (IN for))))))) (CC and) (VP (VBZ detects) (NP (NP (NP (NP (DT the) (NN input) (NN element)) (PP (IN from) (NP (DT the) (`` `) (NN myButton) ('' ') (NN id) (NN myButton.value)))) (JJ =)) (`` ``) (S (NP (PRP I)) (VP (VBP 'm) (NP (DT a) (ADJP (JJ changed)) (NN button)))) ('' ''))))) (: ;) (: /) (S (S (NP (NP (: /) (NNS changes)) (SBAR (S (NP (DT the) (NN value)) (VP (TO To) (VP (VB change) (NP (NP (DT the) (NN type)) (PP (IN of) (NP (NN input))) (SBAR (S (NP (PRP it)) (VP (VBZ is))))))))) (PRN (-LRB- -LRB-) (NP (NP (NN button) (TO to) (NN text)) (, ,) (PP (IN for) (NP (NN example)))) (-RRB- -RRB-))) (ADVP (RB then)) (VP (VB use))) (: :) (S (NP (NN myButton.type) (JJ =)) (NP (`` ``) (NN text) ('' ''))) (: ;) (: /) (S (NP (: /) (NNS changes)) (NP (NP (DT the) (NN input) (NN type)) (PP (IN from) (NP (`` `) (NP (NN button)) ('' ') (PP (TO to) (`` `) (NP (NN text)) ('' '))))))) (. .))) "
724,13,14,this,page,-LSB- -RSB- -LRB- / / upload.wikimedia.org/wikipedia/commons/thumb/9/91/Book_important2.svg/40px-Book_important2.svg.png -RRB- ** A reader has identified this page or section as an undeveloped draft or outline .,(ROOT (FRAG (WHNP (WHNP (-LRB- -LSB-) (-RRB- -RSB-)) (PRN (-LRB- -LRB-) (PP (: /) (NP (: /) (NN upload.wikimedia.org/wikipedia/commons/thumb/9/91/Book_important2.svg/40px-Book_important2.svg.png))) (-RRB- -RRB-))) (SBAR (X (SYM **)) (S (NP (DT A) (NN reader)) (VP (VBZ has) (VP (VBN identified) (NP (NP (DT this) (NN page) (CC or) (NN section)) (PP (IN as) (NP (DT an) (JJ undeveloped) (NN draft) (CC or) (NN outline)))))))) (. .))) 
749,14,15,this,page,php?title = JavaScript/Print _ version & action = info -RRB- * -LSB- Cite this page -RSB- -LRB- / w/index .,(ROOT (S (NP (NP (NN php?title)) (ADJP (ADJP (ADJP (JJ =)) (PRN (NP (NP (NN JavaScript/Print) (NN _) (NN version)) (CC &) (NP (NN action) (JJ =) (NN info))) (-RRB- -RRB-))) (SBAR (X (SYM *)) (S (NP (-LRB- -LSB-)) (VP (VB Cite) (NP (DT this) (NN page))))))) (VP (-RRB- -RSB-) (-LRB- -LRB-) (VP (: /) (NP (NN w/index)))) (. .))) 
756,3,4,this,site,"By using this site , you agree to the -LSB- Terms of Use -RSB- -LRB- / / wikimediafoundation.org/wiki/Terms_of_Use -RRB- and -LSB- Privacy Policy . -RSB-","(ROOT (S (PP (IN By) (S (VP (VBG using) (NP (DT this) (NN site))))) (, ,) (NP (PRP you)) (VP (VBP agree) (PP (PP (TO to) (NP (NP (DT the) (-LRB- -LSB-) (NNS Terms)) (PP (IN of) (NP (NP (NN Use) (-RRB- -RSB-)) (PRN (-LRB- -LRB-) (NP (: /) (: /) (NN wikimediafoundation.org/wiki/Terms_of_Use)) (-RRB- -RRB-)))))) (CC and) (PP (-LRB- -LSB-) (NP (NNP Privacy) (NNP Policy))))) (. .) (-RRB- -RSB-))) "
