2,7,8,this,page,-LSB- Unreviewed changes are displayed on this page -RSB- -LRB- / / bits.wikimedia.org/static-1.22wmf19/extensions/FlaggedRevs/frontend/modules/img/1.png -RRB- This page may need to be -LSB- reviewed -RSB- -LRB- / wiki/Wikibooks : REVIEW -RRB- for quality .,(ROOT (S (SBAR (-LRB- -LSB-) (S (NP (JJ Unreviewed) (NNS changes)) (VP (VBP are) (VP (VBN displayed) (PP (IN on) (NP (DT this) (NN page) (-RRB- -RSB-))))))) (PRN (-LRB- -LRB-) (VP (: /) (NP (: /) (NN bits.wikimedia.org/static-1.22wmf19/extensions/FlaggedRevs/frontend/modules/img/1.png))) (-RRB- -RRB-)) (NP (DT This) (NN page)) (VP (MD may) (VP (VB need) (S (VP (TO to) (VP (VB be) (VP (-LRB- -LSB-) (VP (VBN reviewed) (NP (NP (NP (-RRB- -RSB-)) (PRN (-LRB- -LRB-) (NP (NP (: /) (NNS wiki/Wikibooks)) (: :) (NP (NNP REVIEW))) (-RRB- -RRB-))) (PP (IN for) (NP (NN quality))))))))))) (. .))) 
4,41,42,this,message,-LSB- Printer.svg -RSB- -LRB- / / upload.wikimedia.org/wikipedia/commons/thumb/2/23/Printer.svg/40px-Printer.svg.png -RRB- ** This is the -LSB- print version -RSB- -LRB- / wiki/Help : Print_versions -RRB- of -LSB- Learning the vi Editor -RSB- -LRB- / wiki/Learning _ the_vi_Editor -RRB- ** You wo n't see this message or any elements not part of the book 's content when you print or -LSB- preview -RSB- -LRB- / / en.wikibooks.org/w/index.php?title=Learning_the_vi_Editor/Print_version&action=purge&printable=yes -RRB- this page .,(ROOT (S (NP (-LRB- -LSB-) (NN Printer.svg)) (VP (-RRB- -RSB-) (PRN (-LRB- -LRB-) (PP (: /) (NP (: /) (NN upload.wikimedia.org/wikipedia/commons/thumb/2/23/Printer.svg/40px-Printer.svg.png))) (-RRB- -RRB-)) (SBAR (SBAR (X (SYM **)) (S (NP (DT This)) (VP (VBZ is) (NP (NP (DT the) (-LRB- -LSB-) (NN print) (NN version) (-RRB- -RSB-)) (PRN (-LRB- -LRB-) (NP (NP (: /) (NN wiki/Help)) (: :) (NP (NNS Print_versions))) (-RRB- -RRB-)) (PP (IN of) (NP (NP (-LRB- -LSB-)) (VP (VBG Learning) (NP (DT the) (LS vi) (NNP Editor) (-RRB- -RSB-))) (PRN (-LRB- -LRB-) (PP (: /) (S (VP (VBG wiki/Learning) (NP (CD _) (NN the_vi_Editor))))) (-RRB- -RRB-)))))) (SBAR (X (SYM **)) (S (NP (PRP You)) (VP (MD wo) (RB n't) (VP (VB see) (NP (NP (DT this) (NN message)) (CC or) (NP (DT any) (NNS elements))) (PP (RB not) (NP (NP (NN part)) (PP (IN of) (NP (NP (DT the) (NN book) (POS 's)) (NN content))))) (SBAR (WHADVP (WRB when)) (S (NP (PRP you)) (VP (VBP print)))))))))) (CC or) (SBAR (-LRB- -LSB-) (S (NP (NN preview)) (VP (-RRB- -RSB-) (PRN (-LRB- -LRB-) (: /) (NX (: /) (NNS en.wikibooks.org/w/index.php?title=Learning_the_vi_Editor/Print_version&action=purge&printable=yes)) (-RRB- -RRB-)) (NP (DT this) (NN page))))))) (. .))) 
4,65,66,this,page,-LSB- Printer.svg -RSB- -LRB- / / upload.wikimedia.org/wikipedia/commons/thumb/2/23/Printer.svg/40px-Printer.svg.png -RRB- ** This is the -LSB- print version -RSB- -LRB- / wiki/Help : Print_versions -RRB- of -LSB- Learning the vi Editor -RSB- -LRB- / wiki/Learning _ the_vi_Editor -RRB- ** You wo n't see this message or any elements not part of the book 's content when you print or -LSB- preview -RSB- -LRB- / / en.wikibooks.org/w/index.php?title=Learning_the_vi_Editor/Print_version&action=purge&printable=yes -RRB- this page .,(ROOT (S (NP (-LRB- -LSB-) (NN Printer.svg)) (VP (-RRB- -RSB-) (PRN (-LRB- -LRB-) (PP (: /) (NP (: /) (NN upload.wikimedia.org/wikipedia/commons/thumb/2/23/Printer.svg/40px-Printer.svg.png))) (-RRB- -RRB-)) (SBAR (SBAR (X (SYM **)) (S (NP (DT This)) (VP (VBZ is) (NP (NP (DT the) (-LRB- -LSB-) (NN print) (NN version) (-RRB- -RSB-)) (PRN (-LRB- -LRB-) (NP (NP (: /) (NN wiki/Help)) (: :) (NP (NNS Print_versions))) (-RRB- -RRB-)) (PP (IN of) (NP (NP (-LRB- -LSB-)) (VP (VBG Learning) (NP (DT the) (LS vi) (NNP Editor) (-RRB- -RSB-))) (PRN (-LRB- -LRB-) (PP (: /) (S (VP (VBG wiki/Learning) (NP (CD _) (NN the_vi_Editor))))) (-RRB- -RRB-)))))) (SBAR (X (SYM **)) (S (NP (PRP You)) (VP (MD wo) (RB n't) (VP (VB see) (NP (NP (DT this) (NN message)) (CC or) (NP (DT any) (NNS elements))) (PP (RB not) (NP (NP (NN part)) (PP (IN of) (NP (NP (DT the) (NN book) (POS 's)) (NN content))))) (SBAR (WHADVP (WRB when)) (S (NP (PRP you)) (VP (VBP print)))))))))) (CC or) (SBAR (-LRB- -LSB-) (S (NP (NN preview)) (VP (-RRB- -RSB-) (PRN (-LRB- -LRB-) (: /) (NX (: /) (NNS en.wikibooks.org/w/index.php?title=Learning_the_vi_Editor/Print_version&action=purge&printable=yes)) (-RRB- -RRB-)) (NP (DT this) (NN page))))))) (. .))) 
16,35,36,that,time,"vi , pronounced like ` vee eye ' , was originally written by Bill Joy for BSD Unix in Berkeley in 1976 and became quickly part of many vendor-specific versions of the -LRB- at that time -RRB- original AT&T Unix .","(ROOT (S (NP (LS vi)) (, ,) (S (VP (VBD pronounced) (PP (IN like) (`` `) (NP (JJ vee) (NN eye)) ('' ')))) (, ,) (VP (VBD was) (ADVP (RB originally)) (VP (VP (VBN written) (PP (IN by) (NP (NP (NNP Bill) (NNP Joy)) (PP (IN for) (NP (NP (NNP BSD) (NNP Unix)) (PP (IN in) (NP (NNP Berkeley))))))) (PP (IN in) (NP (CD 1976)))) (CC and) (VP (VBD became) (ADVP (RB quickly)) (NP (NP (NN part)) (PP (IN of) (NP (NP (JJ many) (JJ vendor-specific) (NNS versions)) (PP (IN of) (NP (DT the) (PRN (-LRB- -LRB-) (PP (IN at) (NP (DT that) (NN time))) (-RRB- -RRB-)))))))) (NP (JJ original) (NNP AT&T) (NNP Unix)))) (. .))) "
18,24,25,that,time,"Bill Joy later went on to co-found -LSB- Sun Microsystems -RSB- -LRB- http://www.sun.com -RRB- , and became the company 's Chief Scientist at that time .","(ROOT (S (NP (NNP Bill) (NNP Joy)) (ADVP (RB later)) (VP (VP (VBD went) (PRT (IN on)) (S (VP (TO to) (VP (VB co-found) (NP (NP (-LRB- -LSB-) (NNP Sun) (NNPS Microsystems) (-RRB- -RSB-)) (PRN (-LRB- -LRB-) (NP (NN http://www.sun.com)) (-RRB- -RRB-))))))) (, ,) (CC and) (VP (VBD became) (NP (NP (NP (DT the) (NN company) (POS 's)) (NNP Chief) (NNP Scientist)) (PP (IN at) (NP (DT that) (NN time)))))) (. .))) "
32,18,19,that,time,"Because of vi 's need to control the terminal and the many different types of terminals at that time , the _ termcap _ -LRB- terminal-capabilities -RRB- database was introduced -LRB- later replaced with the more flexible _ terminfo _ database -RRB- .","(ROOT (S (PP (IN Because) (IN of) (NP (NP (LS vi) (POS 's)) (NN need) (S (VP (TO to) (VP (VB control) (NP (NP (DT the) (ADJP (JJ terminal) (CC and) (DT the)) (JJ many) (JJ different) (NNS types)) (PP (IN of) (NP (NNS terminals)))) (PP (IN at) (NP (DT that) (NN time)))))))) (, ,) (NP (DT the) (NP (NP (NN _) (NN termcap) (NN _)) (PRN (-LRB- -LRB-) (NP (NNS terminal-capabilities)) (-RRB- -RRB-))) (NN database)) (VP (VBD was) (VP (VBN introduced) (PRN (-LRB- -LRB-) (VP (ADVP (RB later)) (VBN replaced) (PP (IN with) (NP (DT the) (ADJP (JJR more) (JJ flexible)) (NN _) (NN terminfo) (NN _) (NN database)))) (-RRB- -RRB-)))) (. .))) "
52,15,16,this,book,** unix-command ** -LRB- section -RRB- Sometimes references to Unix commands are used in this book .,(ROOT (X (X (SYM **)) (ADJP (ADJP (JJ unix-command)) (SBAR (X (SYM **)) (S (NP (NP (-LRB- -LRB-) (NN section) (-RRB- -RRB-)) (RRC (ADVP (RB Sometimes)) (NP (NP (NNS references)) (PP (TO to) (NP (NNP Unix) (NNS commands)))))) (VP (VBP are) (VP (VBN used) (PP (IN in) (NP (DT this) (NN book))))) (. .)))))) 
78,17,18,these,platform,"These clones were born in the CP/M and home computer area to bring the editor to these platforms , too .","(ROOT (S (NP (DT These) (NNS clones)) (VP (VBD were) (VP (VBN born) (PP (IN in) (NP (NP (DT the) (NN CP/M)) (CC and) (NP (NN home) (NN computer) (NN area)))) (S (VP (TO to) (VP (VB bring) (NP (DT the) (NN editor)) (PP (TO to) (NP (DT these) (NNS platforms))) (, ,) (ADVP (RB too))))))) (. .))) "
101,23,24,this,point,"php?title = Learning_the_vi_Editor / Getting_acquainted & action = edit & section = T-9 -RRB- -RSB- Many first time vi users stop at this point , and never touch vi again .","(ROOT (S (S (NP (NP (NP (NN php?title) (JJ =) (NN Learning_the_vi_Editor)) (PRN (: /) (S (NP (NNP Getting_acquainted)) (NP (CC &) (NP (NN action) (JJ =) (NN edit)) (CC &) (NP (NN section) (JJ =) (NN T-9)))) (-RRB- -RRB-))) (PP (-RRB- -RSB-) (NP (JJ Many) (JJ first) (NN time) (LS vi) (NNS users)))) (VP (VB stop) (PP (IN at) (NP (DT this) (NN point))))) (, ,) (CC and) (S (ADVP (RB never)) (NP (NN touch)) (VP (LS vi) (ADVP (RB again)))) (. .))) "
113,48,49,these,task,"php?title = Learning_the_vi_Editor / Basic_tasks & action = edit & section = T-1 -RRB- -RSB- The vi editor can do two things : * accept a command , such as deleting a line * accept text , written by you In the vi editor , each of these tasks is achieved by putting the editor into a particular mode of operation -LRB- normally just called a _ mode _ -RRB- .","(ROOT (S (S (NP (NP (NP (NN php?title) (JJ =) (NN Learning_the_vi_Editor)) (PRN (: /) (S (NP (NNP Basic_tasks)) (NP (CC &) (NP (NN action) (JJ =) (NN edit)) (CC &) (NP (NN section) (JJ =) (NN T-1)))) (-RRB- -RRB-))) (PP (-RRB- -RSB-) (NP (DT The) (LS vi) (NN editor)))) (VP (MD can) (VP (VB do) (NP (CD two) (NNS things))))) (: :) (S (SBAR (X (SYM *)) (S (S (VP (VB accept) (S (NP (NP (DT a) (NN command)) (, ,) (PP (JJ such) (IN as) (S (VP (VBG deleting) (NP (DT a) (NN line)) (X (SYM *)))))) (VP (VB accept) (NP (NN text)))))) (, ,) (S (VP (VBN written) (PP (IN by) (NP (PRP you))) (PP (IN In) (NP (DT the) (LS vi) (NN editor))))))) (, ,) (NP (NP (DT each)) (PP (IN of) (NP (DT these) (NNS tasks)))) (VP (VBZ is) (VP (VBN achieved) (PP (IN by) (S (VP (VBG putting) (NP (DT the) (NN editor)) (PP (IN into) (NP (NP (DT a) (JJ particular) (NN mode)) (PP (IN of) (NP (NN operation))) (PRN (-LRB- -LRB-) (S (ADVP (RB normally)) (VP (ADVP (RB just)) (VBN called) (NP (DT a) (NN _) (NN mode) (NN _)))) (-RRB- -RRB-)))))))))) (. .))) "
122,12,13,these,error,"If you make a mistake after a few sentences , leave these errors for now , we will look at correcting them later .","(ROOT (S (SBAR (IN If) (S (NP (PRP you)) (VP (VBP make) (SBAR (S (NP (NP (DT a) (NN mistake)) (PP (IN after) (NP (DT a) (JJ few) (NNS sentences)))) (, ,) (VP (VBP leave) (NP (NP (DT these) (NNS errors)) (PP (IN for) (NP (RB now)))))))))) (, ,) (NP (PRP we)) (VP (MD will) (VP (VB look) (PP (IN at) (S (VP (VBG correcting) (NP (PRP them)) (ADVP (RB later))))))) (. .))) "
160,8,9,those,key,"After you have moved the cursor using those keys , you can enter insert mode again by pressing <i> .","(ROOT (S (SBAR (IN After) (S (NP (PRP you)) (VP (VBP have) (VP (VBN moved) (NP (DT the) (NN cursor)) (S (VP (VBG using) (NP (DT those) (NNS keys)))))))) (, ,) (NP (PRP you)) (VP (MD can) (VP (VB enter) (NP (NN insert) (NN mode)) (ADVP (RB again)) (PP (IN by) (S (VP (VBG pressing) (NP (NN <i>))))))) (. .))) "
164,19,20,this,exercise,php?title = Learning_the_vi_Editor / Basic_tasks & action = edit & section = T-7 -RRB- -RSB- You can repeat this exercise with your own sentences .,(ROOT (S (NP (NP (NN php?title) (JJ =) (NN Learning_the_vi_Editor)) (PRN (: /) (S (NP (NNP Basic_tasks)) (NP (CC &) (NP (NN action) (JJ =) (NN edit)) (CC &) (NP (NN section) (JJ =) (NN T-7)))) (-RRB- -RRB-))) (VP (-RRB- -RSB-) (SBAR (S (NP (PRP You)) (VP (MD can) (VP (VB repeat) (NP (DT this) (NN exercise)) (PP (IN with) (NP (PRP$ your) (JJ own) (NNS sentences)))))))) (. .))) 
235,32,33,that,command,"php?title = Learning_the_vi_Editor / Making_your_work_easier & action = edit & section = T-2 -RRB- -RSB- Fortunately , vi lets you augment most of the commands in case you want to repeat that command a certain number of times .","(ROOT (S (S (NP (NP (NN php?title) (JJ =) (NN Learning_the_vi_Editor)) (PRN (: /) (S (NP (NNP Making_your_work_easier)) (NP (CC &) (NP (NN action) (JJ =) (NN edit)) (CC &) (NP (NN section) (JJ =) (NN T-2)))) (-RRB- -RRB-))) (-RRB- -RSB-) (ADVP (RB Fortunately)) (, ,) (NP (LS vi)) (VP (VBZ lets) (SBAR (S (NP (PRP you)) (VP (VBP augment) (NP (NP (JJS most)) (PP (IN of) (NP (NP (DT the) (NNS commands)) (PP (IN in) (NP (NN case))))))))))) (NP (PRP you)) (VP (VBP want) (S (VP (TO to) (VP (VB repeat) (S (NP (DT that) (NN command)) (NP (NP (DT a) (JJ certain) (NN number)) (PP (IN of) (NP (NNS times))))))))) (. .))) "
242,4,5,this,operation,` to perform this operation over and over again .,(ROOT (S (VP (VP (`` `) (TO to) (VP (VB perform) (NP (DT this) (NN operation)) (PP (IN over)))) (CC and) (VP (PP (IN over)) (ADVP (RB again)))) (. .))) 
261,2,3,this,example,"Consider this example now : you want to delete everything after a certain point on a line - you could enter ` dw ` for each word from the cursor position to the end of the line , or hold down ` x ` , but these are cumbersome examples .","(ROOT (S (S (VP (VB Consider) (S (NP (DT this) (NN example)) (NP (NP (RB now)) (PRN (: :) (S (NP (PRP you)) (VP (VBP want) (S (VP (TO to) (VP (VB delete) (S (NP (NP (NN everything)) (SBAR (IN after) (S (NP (DT a) (JJ certain) (NN point)) (VP (ADVP (IN on)) (S (NP (NP (DT a) (NN line)) (PRN (: -) (S (NP (PRP you)) (VP (MD could) (VP (VP (VB enter) (NP (`` `) (NP (FW dw)) (`` `) (PP (IN for) (NP (DT each) (NN word)))) (PP (IN from) (NP (DT the) (NN cursor) (NN position))) (PP (TO to) (NP (NP (DT the) (NN end)) (PP (IN of) (NP (DT the) (NN line)))))) (, ,) (CC or) (VP (VB hold) (PRT (RP down))))))) (`` `))))))) (NP (CC x))))))))) (`` `))))) (, ,) (S (CC but) (NP (DT these)) (VP (VBP are) (NP (JJ cumbersome) (NNS examples)))) (. .))) "
293,6,7,this,position,You can go back to this position anytime you want from now on by typing < ` > <a> .,(ROOT (S (NP (PRP You)) (VP (MD can) (VP (VB go) (ADVP (RB back)) (PP (TO to) (NP (DT this) (NN position))) (ADVP (RB anytime) (SBAR (S (NP (PRP you)) (VP (VBP want) (PP (IN from) (PP (ADVP (RB now)) (IN on) (IN by) (NP (NP (NP (NN typing)) (JJR <)) (`` `) (NP (JJR >) (NN <a>))))))))))) (. .))) 
297,16,17,this,example,Note that you can use nearly any key in place of the <a> used in this example .,(ROOT (S (VP (VB Note) (SBAR (IN that) (S (NP (PRP you)) (VP (MD can) (VP (VB use) (NP (RB nearly) (DT any) (NN key)) (PP (IN in) (NP (NP (NN place)) (PP (IN of) (NP (NP (DT the) (NN <a>)) (VP (VBN used) (PP (IN in) (NP (DT this) (NN example))))))))))))) (. .))) 
299,15,16,that,_,These mnemonics are strictly in the user 's head - vi does n't care that _ t _ means _ top _ or _ b _ means bottom .,(ROOT (S (S (NP (DT These) (NNS mnemonics)) (VP (VBP are) (ADVP (RB strictly)) (PP (IN in) (NP (NP (DT the) (NN user) (POS 's)) (NN head))))) (: -) (S (NP (LS vi)) (VP (VBZ does) (RB n't) (VP (VB care) (NP (NP (DT that) (NN _)) (SBAR (S (NP (NN t) (CD _)) (VP (VBZ means) (NP (NP (CD _) (ADJP (JJ top) (NP-TMP (CD _) (CC or) (CD _))) (NN b)) (SBAR (S (NP (CD _)) (VP (VBZ means) (NP (NN bottom))))))))))))) (. .))) 
314,5,6,that,line,The cursor remains on that line : <z> < .,(ROOT (S (S (NP (DT The) (NN cursor)) (VP (VBZ remains) (PP (IN on) (NP (DT that) (NN line))))) (: :) (S (NP (NN <z>)) (ADJP (JJR <))) (. .))) 
316,18,19,that,pattern,` / _ pattern _ / ` indicates to move the cursor to the first match of that pattern .,(ROOT (S (NP (`` `) (: /) (CD _) (NN pattern) (NN _) (: /)) (VP (`` `) (VBZ indicates) (S (VP (TO to) (VP (VB move) (NP (DT the) (NN cursor)) (PP (TO to) (NP (NP (DT the) (JJ first) (NN match)) (PP (IN of) (NP (DT that) (NN pattern))))))))) (. .))) 
318,41,42,that,position,"So , for example , / while/z <CR> would first scroll the screen so the current line becomes the top line on the screen , and then move the cursor to the first ` while ' in the text from that position on .","(ROOT (S (ADVP (RB So)) (, ,) (PP (IN for) (NP (NN example))) (, ,) (NP (: /) (JJ while/z) (NN <CR>)) (VP (MD would) (ADVP (RB first)) (VP (VP (VB scroll) (NP (DT the) (NN screen)) (SBAR (IN so) (S (NP (DT the) (JJ current) (NN line)) (VP (VBZ becomes) (NP (NP (DT the) (JJ top) (NN line)) (PP (IN on) (NP (DT the) (NN screen)))))))) (, ,) (CC and) (ADVP (RB then)) (VP (VB move) (NP (DT the) (NN cursor)) (PP (TO to) (NP (DT the) (JJ first))) (`` `) (ADVP (IN while)) ('' ') (PP (IN in) (NP (NP (DT the) (NN text)) (PP (IN from) (NP (DT that) (NN position)))))) (PP (IN on)))) (. .))) "
338,17,18,this,key,"vi prompts the user for a key -LRB- a kind of password -RRB- , and uses this key to encrypt its files before writing .","(ROOT (S (NP (LS vi)) (VP (VP (VBZ prompts) (NP (NP (DT the) (NN user)) (PP (IN for) (NP (NP (DT a) (NN key)) (PRN (-LRB- -LRB-) (NP (NP (DT a) (NN kind)) (PP (IN of) (NP (NN password)))) (-RRB- -RRB-)))))) (, ,) (CC and) (VP (VBZ uses) (NP (DT this) (JJ key)) (S (VP (TO to) (VP (VB encrypt) (NP (PRP$ its) (NNS files)) (PP (IN before) (S (VP (VBG writing))))))))) (. .))) "
339,4,5,this,key,It also uses this key to decrypt any file opened with vi .,(ROOT (S (NP (PRP It)) (ADVP (RB also)) (VP (VBZ uses) (NP (DT this) (JJ key)) (S (VP (TO to) (VP (VB decrypt) (SBAR (S (NP (DT any) (NN file)) (VP (VBD opened) (PP (IN with) (NP (LS vi)))))))))) (. .))) 
352,10,11,this,flag,"When a _ tag _ file is used , this flag tells vi that the tag file is not sorted , therefore vi will use a slower algorithm to look up tags .","(ROOT (S (SBAR (WHADVP (WRB When)) (S (NP (DT a) (NN _) (NN tag) (CD _) (NN file)) (VP (VBZ is) (VP (VBN used) (PRN (, ,) (S (NP (DT this) (NN flag)) (VP (VBZ tells))) (LS vi)) (SBAR (IN that) (S (NP (DT the) (NN tag) (NN file)) (VP (VBZ is) (RB not) (VP (VBN sorted))))))))) (, ,) (ADVP (RB therefore)) (LS vi) (VP (MD will) (VP (VB use) (NP (DT a) (JJR slower) (NN algorithm)) (S (VP (TO to) (VP (VB look) (PRT (RP up)) (NP (NNS tags))))))) (. .))) "
378,19,20,this,tutorial,"php?title = Learning_the_vi_Editor / Details & action = edit & section = T-3 -RRB- -RSB- Until now , this tutorial has just talked about commands , and that commands can be used in conjunction with things like word counts .","(ROOT (S (NP (NP (NN php?title) (JJ =) (NN Learning_the_vi_Editor)) (PRN (: /) (S (NP (NNP Details)) (NP (CC &) (NP (NN action) (JJ =) (NN edit)) (CC &) (NP (NN section) (JJ =) (NN T-3)))) (-RRB- -RRB-))) (VP (-RRB- -RSB-) (SBAR (SBAR (IN Until) (S (ADVP (RB now)) (, ,) (NP (DT this) (NN tutorial)) (VP (VBZ has) (ADVP (RB just)) (VP (VBN talked) (PP (IN about) (NP (NNS commands))))))) (, ,) (CC and) (SBAR (IN that) (S (NP (NNS commands)) (VP (MD can) (VP (VB be) (VP (VBN used) (PP (IN in) (NP (NN conjunction))) (PP (IN with) (NP (NP (NNS things)) (PP (IN like) (NP (NN word) (NNS counts)))))))))))) (. .))) "
381,5,6,this,part,You have learned that this part specifies to which text the operator should apply .,(ROOT (S (NP (PRP You)) (VP (VBP have) (VP (VBN learned) (SBAR (IN that) (S (NP (DT this) (NN part)) (VP (VBZ specifies) (SBAR (WHPP (TO to) (WHNP (WDT which) (NN text))) (S (NP (DT the) (NN operator)) (VP (MD should) (VP (VB apply)))))))))) (. .))) 
392,9,10,this,schema,"People who hate vi simply ca n't get this schema , and the fact that there is a difference between command and insert mode , into their heads .","(ROOT (S (NP (NP (NNS People)) (SBAR (WHNP (WP who)) (S (VP (VBP hate) (ADVP (LS vi)))))) (ADVP (RB simply)) (VP (MD ca) (RB n't) (VP (VB get) (NP (NP (DT this) (NN schema)) (, ,) (CC and) (NP (DT the) (NN fact))) (SBAR (IN that) (S (NP (EX there)) (VP (VBZ is) (NP (NP (DT a) (NN difference)) (PP (IN between) (NP (NP (NN command) (CC and) (NN insert)) (NN mode)))) (, ,) (PP (IN into) (NP (PRP$ their) (NNS heads)))))))) (. .))) "
400,2,3,that,operator,And that operator is _ move _ .,(ROOT (S (CC And) (NP (DT that) (NN operator)) (VP (VBZ is) (NP (CD _) (NN move)) (ADVP (RB _))) (. .))) 
461,23,24,this,module,"Here is a list of the operators : _ needs better descriptions , a few of them are separately described later in this module _ #### Operators taking Objects -LSB- -LSB- edit -RSB- -LRB- / w/index .","(ROOT (S (ADVP (RB Here)) (VP (VBZ is) (NP (NP (DT a) (NN list)) (PP (IN of) (NP (NP (DT the) (NNS operators)) (: :) (ADVP (NP (CD _) (NNS needs)) (RBR better)) (NP (NNS descriptions)))) (, ,) (SBAR (WHNP (NP (DT a) (JJ few)) (PP (IN of) (NP (PRP them)))) (S (VP (VBP are) (ADVP (RB separately)) (VP (VBN described) (ADVP (RB later)) (PP (IN in) (NP (DT this) (NN module) (QP (CD _) (CD ####)))))))))) (NP (NP (NNP Operators)) (VP (VBG taking) (NP (NNS Objects)) (S (VP (-LRB- -LSB-) (VP (-LRB- -LSB-) (VB edit) (-RRB- -RSB-) (-LRB- -LRB-) (PP (: /) (NP (NN w/index)))))))) (. .))) "
514,2,3,this,case,"In this case , the reference to the marker is placed between the two characters of the command : < 'm < Shifts the lines from the marker _ m _ up and including the current line to the left .","(ROOT (S (PP (IN In) (NP (DT this) (NN case))) (, ,) (NP (NP (DT the) (NN reference)) (PP (TO to) (NP (DT the) (NN marker)))) (VP (VBZ is) (VP (VBN placed) (PP (IN between) (NP (NP (DT the) (CD two) (NNS characters)) (PP (IN of) (NP (DT the) (NN command))))) (: :) (FRAG (NP (NP (JJR <)) (SBAR (S (VP (VBP 'm) (ADJP (JJR <)))))) (X (S (VP (VBZ Shifts) (NP (DT the) (NNS lines)) (PP (IN from) (NP (DT the) (NN marker) (NN _) (NN m)) (ADVP (NP (CD _)) (RB up))))) (CC and) (PP (VBG including) (NP (NP (DT the) (JJ current) (NN line)) (PP (TO to) (NP (DT the) (NN left))))))))) (. .))) "
539,56,57,this,file,"It contains a modeline on the second and third line , in a Java comment : / * * vi : set sw = 4 ai : * vi : set showmatch : * / package gnu.freesoftware ; public class Interpreter -LCB- public Interpreter -LRB- -RRB- ... ... When modelines are turned on , and this file is opened , ` shiftwidth ` -LRB- ` sw ` -RRB- is set to 4 , ` autoindent ` -LRB- ` ai ` -RRB- is turned on , and the ` showmatch ` -LRB- ` sm ` -RRB- option is turned on , too .","(ROOT (S (NP (PRP It)) (VP (VBZ contains) (NP (NP (NP (DT a) (NN modeline)) (PP (IN on) (NP (NP (DT the) (ADJP (JJ second) (CC and) (JJ third)) (NN line)) (PRN (, ,) (PP (IN in) (NP (DT a) (NNP Java) (NN comment)) (: :)) (: /))))) (X (SYM *))) (SBAR (SBAR (X (SYM *)) (S (NP (NP (LS vi)) (: :) (VP (VBN set) (SBAR (S (NP (NP (NN sw)) (ADJP (JJ =) (NP-TMP (CD 4)))) (VP (VBP ai))))) (: :)) (VP (X (X (SYM *)) (NP (LS vi))) (: :) (VP (VBN set) (NP (NN showmatch)) (: :) (FRAG (X (SYM *)) (VP (: /) (NP (NP (NN package) (NN gnu.freesoftware)) (: ;) (NP (NP (JJ public) (NN class) (NN Interpreter)) (-LRB- -LCB-) (NP (JJ public) (NN Interpreter) (-LRB- -LRB-)) (-RRB- -RRB-)) (: ...)))))))) (: ...) (SBAR (WHADVP (WRB When)) (S (NP (NNS modelines)) (VP (VBP are) (VP (VBN turned) (PRT (RP on)))))))) (PRN (, ,) (S (CC and) (NP (DT this) (NN file)) (VP (VBZ is) (VP (VBN opened) (, ,) (NP (`` `) (NP (JJ shiftwidth)) (`` `) (SBAR (S (-LRB- -LRB-) (NP (`` `) (NN sw) (`` `)) (-RRB- -RRB-) (VP (VBZ is) (VP (VBN set) (PP (TO to) (NP (CD 4)))) (, ,) (`` `) (NP (NP (JJ autoindent)) (`` `) (SBAR (S (PRN (-LRB- -LRB-) (S (VP (`` `) (VBP ai) (NP (`` `)))) (-RRB- -RRB-)) (VP (VBZ is) (VP (VBN turned) (PRT (RP on)))))) (, ,) (CC and) (NP (DT the) (`` `) (NN showmatch))))))))))) (`` `) (SBAR (PRN (-LRB- -LRB-) (`` `) (ADJP (NN sm)) (`` `) (-RRB- -RRB-)) (S (NP (NN option)) (VP (VBZ is) (VP (VBN turned) (PRT (RP on)) (, ,) (ADVP (RB too)))))) (. .))) "
547,28,29,that,file,"This is sad , since in principle it is a nice idea that files are able to provide the editor with a configuration best suited to edit that file .","(ROOT (S (NP (DT This)) (VP (VBZ is) (ADJP (JJ sad)) (, ,) (SBAR (IN since) (S (PP (IN in) (NP (NN principle))) (NP (PRP it)) (VP (VBZ is) (NP (DT a) (JJ nice) (NN idea)) (SBAR (IN that) (S (NP (NNS files)) (VP (VBP are) (ADJP (JJ able) (S (VP (TO to) (VP (VB provide) (NP (DT the) (NN editor)) (PP (IN with) (NP (NP (DT a) (NN configuration)) (VP (ADVP (JJS best)) (VBN suited) (S (VP (TO to) (VP (VB edit) (NP (DT that) (NN file))))))))))))))))))) (. .))) "
573,3,4,this,feature,"However , this feature is considered a security risk and turned off by default .","(ROOT (S (ADVP (RB However)) (, ,) (NP (DT this) (NN feature)) (VP (VP (VBZ is) (VP (VBN considered) (NP (DT a) (NN security) (NN risk)))) (CC and) (VP (VBD turned) (PRT (RP off)) (PP (IN by) (NP (NN default))))) (. .))) "
582,5,6,these,line,Classic vi chokes on these lines with all kinds of cryptic error messages .,(ROOT (S (NP (JJ Classic) (LS vi)) (VP (VBZ chokes) (PP (IN on) (NP (DT these) (NNS lines))) (PP (IN with) (NP (NP (DT all) (NNS kinds)) (PP (IN of) (NP (JJ cryptic) (NN error) (NNS messages)))))) (. .))) 
593,5,6,these,rule,Many clones have relaxed these rules by allowing empty lines in an .,(ROOT (S (NP (JJ Many) (NNS clones)) (VP (VBP have) (VP (VBN relaxed) (NP (DT these) (NNS rules)) (PP (IN by) (S (VP (VBG allowing) (NP (JJ empty) (NNS lines)) (PP (IN in) (NP (DT an)))))))) (. .))) 
612,26,27,that,file,"vi looks up the file in which the tag can be found , opens that file and jumps to the location of the tag in that file .","(ROOT (S (NP (LS vi)) (VP (VP (VBZ looks) (PRT (RP up)) (NP (NP (DT the) (NN file)) (SBAR (WHPP (IN in) (WHNP (WDT which))) (S (NP (DT the) (NN tag)) (VP (MD can) (VP (VB be) (VP (VBN found)))))))) (, ,) (VP (VBZ opens) (PP (IN that) (NP (NN file)))) (CC and) (VP (VBZ jumps) (PP (TO to) (NP (NP (DT the) (NN location)) (PP (IN of) (NP (NP (DT the) (NN tag)) (PP (IN in) (NP (DT that) (NN file))))))))) (. .))) "
616,19,20,that,tag,"When vi is asked to jump to a particular tag , vi looks up the index entry for that tag , and uses the information to jump to the particular item .","(ROOT (S (SBAR (WHADVP (WRB When)) (S (NP (LS vi)) (VP (VBZ is) (VP (VBN asked) (S (VP (TO to) (VP (VB jump) (PP (TO to) (NP (DT a) (JJ particular) (NN tag)))))))))) (, ,) (NP (LS vi)) (VP (VP (VBZ looks) (PRT (RP up)) (NP (NP (DT the) (NN index) (NN entry)) (PP (IN for) (NP (DT that) (NN tag))))) (, ,) (CC and) (VP (VBZ uses) (NP (DT the) (NN information) (S (VP (TO to) (VP (VB jump) (PP (TO to) (NP (DT the) (JJ particular) (NN item))))))))) (. .))) "
617,5,6,this,feature,"In order to use this feature one first has to create a tag file , or a set of tag files , containing entries for all potentially interesting items .","(ROOT (S (SBAR (IN In) (NN order) (S (VP (TO to) (VP (VB use) (NP (DT this) (NN feature)))))) (NP (CD one)) (ADVP (RB first)) (VP (VBZ has) (S (VP (TO to) (VP (VB create) (NP (NP (DT a) (NN tag) (NN file)) (, ,) (CC or) (NP (NP (DT a) (NN set)) (PP (IN of) (NP (NN tag) (NNS files)))) (, ,))))) (S (VP (VBG containing) (NP (NP (NNS entries)) (PP (IN for) (NP (DT all) (ADJP (RB potentially) (JJ interesting)) (NNS items))))))) (. .))) "
642,9,10,this,format,Typically vi clones allow for some extensions of this format .,(ROOT (S (ADVP (RB Typically)) (LS vi) (NP (NNS clones)) (VP (VBP allow) (PP (IN for) (NP (NP (DT some) (NNS extensions)) (PP (IN of) (NP (DT this) (NN format)))))) (. .))) 
736,20,21,these,line,"Treat the text between Line number 10 and Line numner 15 as standard input to command , and replace these lines with the output .","(ROOT (S (VP (VP (VB Treat) (NP (NP (DT the) (NN text)) (PP (IN between) (NP (NP (NP (NNP Line)) (NP (NN number) (CD 10))) (CC and) (NP (NP (NNP Line)) (NP (NN numner) (CD 15)))))) (PP (IN as) (NP (JJ standard) (NN input))) (PP (TO to) (NP (NN command)))) (, ,) (CC and) (VP (VB replace) (NP (DT these) (NNS lines)) (PP (IN with) (NP (DT the) (NN output))))) (. .))) "
760,2,4,these,day,In these modern days this is not a big issue .,(ROOT (S (PP (IN In) (NP (DT these) (JJ modern) (NNS days))) (NP (DT this)) (VP (VBZ is) (RB not) (NP (DT a) (JJ big) (NN issue))) (. .))) 
798,5,6,this,feature,The classic example for this feature is the usage of the Unix text formatter ** fmt ** .,(ROOT (S (NP (NP (DT The) (JJ classic) (NN example)) (PP (IN for) (NP (DT this) (NN feature)))) (VP (VBZ is) (NP (NP (NP (DT the) (NN usage)) (PP (IN of) (NP (DT the) (NNP Unix) (NN text) (NN formatter)) (X (SYM **))) (X (SYM fmt))) (X (SYM **)))) (. .))) 
874,23,24,these,position,vim then allows to navigate the source code by extracting file names and line numbers from the error message and jump to these positions .,(ROOT (S (NP (NN vim)) (ADVP (RB then)) (VP (VBZ allows) (S (VP (TO to) (VP (VB navigate) (NP (DT the) (NN source) (NN code)) (PP (IN by) (S (VP (VBG extracting) (NP (NP (NN file) (NNS names)) (CC and) (NP (NN line) (NNS numbers))) (PP (IN from) (NP (NP (DT the) (NN error) (NN message) (CC and) (NN jump)) (PP (TO to) (NP (DT these) (NNS positions)))))))))))) (. .))) 
883,8,9,this,typesetter,The most `` common '' usage for this typesetter these days is probably to write manual -LRB- man -RRB- pages for Unix applications .,(ROOT (S (NP (NP (NP (DT The) (RBS most)) (NP (`` ``) (JJ common) ('' '') (NN usage))) (PP (IN for) (NP (DT this) (NN typesetter)))) (NP-TMP (DT these) (NNS days)) (VP (VBZ is) (ADVP (RB probably)) (S (VP (TO to) (VP (VB write) (NP (JJ manual) (PRN (-LRB- -LRB-) (NP (NN man)) (-RRB- -RRB-)) (NNS pages)) (PP (IN for) (NP (NNP Unix) (NNS applications))))))) (. .))) 
883,10,11,these,day,The most `` common '' usage for this typesetter these days is probably to write manual -LRB- man -RRB- pages for Unix applications .,(ROOT (S (NP (NP (NP (DT The) (RBS most)) (NP (`` ``) (JJ common) ('' '') (NN usage))) (PP (IN for) (NP (DT this) (NN typesetter)))) (NP-TMP (DT these) (NNS days)) (VP (VBZ is) (ADVP (RB probably)) (S (VP (TO to) (VP (VB write) (NP (JJ manual) (PRN (-LRB- -LRB-) (NP (NN man)) (-RRB- -RRB-)) (NNS pages)) (PP (IN for) (NP (NNP Unix) (NNS applications))))))) (. .))) 
887,3,4,these,feature,"Nevertheless , these features help when editing nroff/troff files .","(ROOT (S (ADVP (RB Nevertheless)) (, ,) (NP (DT these) (NNS features)) (VP (VBP help) (NP (WRB when)) (PP (NN editing) (NP (NN nroff/troff) (NNS files)))) (. .))) "
897,4,6,this,paragraph,More text in this second paragraph .,(ROOT (NP (NP (ADJP (RBR More) (NN text))) (PP (IN in) (NP (DT this) (JJ second) (NN paragraph))) (. .))) 
985,8,9,those,key,"After you have moved the cursor using those keys , you can enter insert mode again by pressing <i> .","(ROOT (S (SBAR (IN After) (S (NP (PRP you)) (VP (VBP have) (VP (VBN moved) (NP (DT the) (NN cursor)) (S (VP (VBG using) (NP (DT those) (NNS keys)))))))) (, ,) (NP (PRP you)) (VP (MD can) (VP (VB enter) (NP (NN insert) (NN mode)) (ADVP (RB again)) (PP (IN by) (S (VP (VBG pressing) (NP (NN <i>))))))) (. .))) "
995,12,13,these,command,"If you can not get into vim 's help system with these commands , perhaps your administrator can help . -RRB-","(ROOT (S (SBAR (IN If) (S (NP (PRP you)) (VP (MD can) (RB not) (VP (VB get) (PP (IN into) (NP (NP (NN vim) (POS 's)) (NN help) (NN system))) (PP (IN with) (NP (DT these) (NNS commands))))))) (, ,) (PP (RB perhaps) (NP (PRP$ your) (NN administrator))) (VP (MD can) (VP (VB help))) (. .) (-RRB- -RRB-))) "
1013,15,16,this,mode,"` : help Insert-mode ` visual For navigation and manipulation of text selections , this mode allows you to perform most normal commands , and a few extra commands , on selected text .","(ROOT (S (`` `) (VP (VP (PRN (: :) (S (VP (VB help) (NP (NP (JJ Insert-mode)) (`` `) (NP (NP (JJ visual)) (SBAR (S (PP (IN For) (NP (NP (NN navigation) (CC and) (NN manipulation)) (PP (IN of) (NP (NN text) (NNS selections))))) (, ,) (NP (DT this) (NN mode)) (VP (VBZ allows) (S (NP (PRP you)) (VP (TO to))))))))))) (VB perform) (NP (RBS most) (JJ normal)) (NP (NP (NNS commands)) (, ,) (CC and) (NP (DT a) (JJ few) (JJ extra) (NNS commands)))) (, ,) (PP (IN on) (NP (VBN selected) (NN text)))) (. .))) "
1042,4,5,these,work,If neither of these works use '' : help visual-block '' to find out how -RRB- .,(ROOT (S (SBAR (IN If) (S (NP (NP (DT neither)) (PP (IN of) (NP (DT these) (NNS works)))) (VP (VBP use) ('' '')))) (: :) (S (NP (NP (NN help)) (NP (NN visual-block) ('' ''))) (VP (TO to) (VP (VB find) (ADVP (RP out)) (NP (WRB how)) (-RRB- -RRB-)))) (. .))) 
1044,2,4,this,example,In this following example the user wants to put a dash in each phone number between the second and third number fields : The user first moves the cursor to the top of the column -LRB- you could start at the bottom if you want -RRB- .,(ROOT (S (S (PP (IN In) (NP (DT this) (VBG following) (NN example))) (NP (DT the) (NN user)) (VP (VBZ wants) (S (VP (TO to) (VP (VB put) (NP (DT a) (NN dash)) (PP (IN in) (NP (NP (DT each) (NN phone) (NN number)) (PP (IN between) (NP (ADJP (DT the) (JJ second)) (CC and) (NP (JJ third) (NN number) (NNS fields))))))))))) (: :) (S (NP (DT The) (NN user)) (VP (ADVP (RB first)) (VBZ moves) (NP (NP (DT the) (NN cursor)) (PP (TO to) (NP (NP (DT the) (NN top)) (PP (IN of) (NP (DT the) (NN column)))))) (PRN (-LRB- -LRB-) (S (NP (PRP you)) (VP (MD could) (VP (VB start) (PP (IN at) (NP (DT the) (NN bottom))) (SBAR (IN if) (S (NP (PRP you)) (VP (VBP want))))))) (-RRB- -RRB-)))) (. .))) 
1049,9,10,this,example,"You can see a single column highlighted in this example , but you could move right or left and highlight more columns .","(ROOT (S (S (NP (PRP You)) (VP (MD can) (VP (VB see) (NP (NP (DT a) (JJ single) (NN column)) (VP (VBN highlighted) (PP (IN in) (NP (DT this) (NN example)))))))) (, ,) (CC but) (S (NP (PRP you)) (VP (MD could) (VP (VP (VB move) (ADVP (RB right) (CC or) (RB left))) (CC and) (VP (VB highlight) (NP (JJR more) (NNS columns)))))) (. .))) "
1051,13,14,this,case,"-LSB- Vim block change example2.jpg -RSB- -LRB- / / upload.wikimedia.org/wikibooks/en/3/3a/Vim_block_change_example2.jpg -RRB- In this case , the user wants to _ change _ the spaces to dashes .","(ROOT (S (NP (NP (-LRB- -LSB-) (NN Vim) (NN block) (NN change) (NN example2.jpg) (-RRB- -RSB-)) (PRN (-LRB- -LRB-) (NP (: /) (: /) (NN upload.wikimedia.org/wikibooks/en/3/3a/Vim_block_change_example2.jpg)) (-RRB- -RRB-))) (PP (IN In) (NP (DT this) (NN case))) (, ,) (NP (DT the) (NN user)) (VP (VBZ wants) (S (VP (TO to) (VP (VB _) (NP (NN change)) (PP (IN _) (NP (DT the) (NNS spaces))) (PP (TO to) (NP (NNS dashes))))))) (. .))) "
1073,10,12,these,pattern,You can use vim 's expanded regular expressions in these search patterns .,(ROOT (S (NP (PRP You)) (VP (MD can) (VP (VB use) (NP (NP (NP (NN vim) (POS 's)) (VBN expanded) (JJ regular) (NNS expressions)) (PP (IN in) (NP (DT these) (NN search) (NNS patterns)))))) (. .))) 
1104,3,4,this,book,## About this Book -LSB- -LSB- edit -RSB- -LRB- / w/index .,(ROOT (S (NP (NN ##)) (PP (IN About) (NP (DT this) (NN Book))) (VP (-LRB- -LSB-) (VP (-LRB- -LSB-) (VB edit) (-RRB- -RSB-) (-LRB- -LRB-) (PP (: /) (NP (NN w/index))))) (. .))) 
1162,37,38,this,book,"In Vim 7 , the ` complete ` function will generally be set to figure out a lot about what you 're typing -- drawing information from function libraries -LRB- As of the last update on this book , the author knows C and C++ are supported by default -RRB- .","(ROOT (S (PP (IN In) (NP (NN Vim))) (NP (NP (CD 7)) (, ,) (NP (DT the) (`` `) (JJ complete) (`` `) (NN function))) (VP (MD will) (ADVP (RB generally)) (VP (VB be) (VP (VBN set) (S (VP (TO to) (VP (VB figure) (PRT (RP out)) (NP (NP (NP (DT a) (NN lot)) (SBAR (WHPP (IN about) (WHNP (WP what))) (S (NP (PRP you)) (VP (VBP 're) (NP (NN typing)))))) (: --) (NP (NP (VBG drawing) (NN information)) (PP (IN from) (NP (NN function) (NNS libraries))) (PRN (-LRB- -LRB-) (SBAR (IN As) (S (S (S (PP (IN of) (NP (DT the) (JJ last))) (VP (VB update) (PP (IN on) (NP (DT this) (NN book))))) (, ,) (NP (DT the) (NN author)) (VP (VBZ knows) (NP (NN C)))) (CC and) (S (NP (NNP C++)) (VP (VBP are) (VP (VBN supported) (PP (IN by) (NP (NN default)))))))) (-RRB- -RRB-)))))))))) (. .))) "
1173,40,41,this,example,There might be too many to show on the screen at once -LRB- you will notice the black box on the right represents a scroll position on a gray bar -- not all the options are shown on-screen in this example . -RRB-,(ROOT (S (NP (EX There)) (VP (MD might) (VP (VB be) (ADJP (RB too) (JJ many) (S (VP (TO to) (VP (VB show) (PP (IN on) (NP (NP (DT the) (NN screen)) (PP (IN at) (NP (RB once))))) (PRN (-LRB- -LRB-) (S (NP (PRP you)) (VP (MD will) (VP (VB notice) (S (S (NP (NP (DT the) (JJ black) (NN box)) (PP (IN on) (NP (DT the) (NN right)))) (VP (VBZ represents) (NP (NP (DT a) (NN scroll) (NN position)) (PP (IN on) (NP (DT a) (JJ gray) (NN bar)))))) (: --) (S (NP (RB not) (PDT all) (DT the) (NNS options)) (VP (VBP are) (VP (VBN shown) (ADJP (JJ on-screen)) (PP (IN in) (NP (DT this) (NN example)))))))))) (. .) (-RRB- -RRB-)))))))))) 
1175,7,8,this,example,"-LRB- You will also notice in this example that words show up from files the author has recently edited , such as ` strict ' from ` cgi-bin/ftplist .","(ROOT (S (-LRB- -LRB-) (NP (PRP You)) (VP (MD will) (ADVP (RB also)) (VP (VB notice) (PP (IN in) (NP (NP (DT this) (NN example)) (SBAR (WHNP (WDT that) (NNS words)) (S (VP (VBP show) (PRT (RP up)) (PP (IN from) (NP (NP (NNS files)) (SBAR (S (NP (DT the) (NN author)) (VP (VBZ has) (ADVP (RB recently)) (VP (VBN edited)))))))))) (, ,) (PP (JJ such) (IN as) (NP (`` `) (JJ strict) ('' '))))) (PP (IN from) (`` `) (ADJP (JJ cgi-bin/ftplist))))) (. .))) "
1175,9,10,that,word,"-LRB- You will also notice in this example that words show up from files the author has recently edited , such as ` strict ' from ` cgi-bin/ftplist .","(ROOT (S (-LRB- -LRB-) (NP (PRP You)) (VP (MD will) (ADVP (RB also)) (VP (VB notice) (PP (IN in) (NP (NP (DT this) (NN example)) (SBAR (WHNP (WDT that) (NNS words)) (S (VP (VBP show) (PRT (RP up)) (PP (IN from) (NP (NP (NNS files)) (SBAR (S (NP (DT the) (NN author)) (VP (VBZ has) (ADVP (RB recently)) (VP (VBN edited)))))))))) (, ,) (PP (JJ such) (IN as) (NP (`` `) (JJ strict) ('' '))))) (PP (IN from) (`` `) (ADJP (JJ cgi-bin/ftplist))))) (. .))) "
1187,44,45,that,file,"If you do n't see it automatically creating the proper indentation for you , try : filetype indent plugin on In the GUI version , you might be able to turn it on at the same time you turn syntax highlighting on for that file .","(ROOT (S (SBAR (IN If) (S (NP (PRP you)) (VP (VBP do) (RB n't) (VP (VP (VB see) (S (NP (PRP it)) (VP (ADVP (RB automatically)) (VBG creating) (NP (NP (DT the) (JJ proper) (NN indentation)) (PP (IN for) (NP (PRP you))))))) (, ,) (VP (VB try)) (: :) (NP (NP (JJ filetype) (JJ indent) (NN plugin)) (PP (IN on) (FRAG (S (PP (IN In) (NP (DT the) (NNP GUI) (NN version))) (, ,) (NP (PRP you)) (VP (MD might) (VP (VB be) (ADJP (JJ able) (S (VP (TO to) (VP (VB turn) (NP (PRP it)) (PP (IN on) (PP (IN at) (NP (DT the) (JJ same) (NN time)))))))))))))))))) (NP (PRP you)) (VP (VBP turn) (NP (NP (NN syntax)) (VP (VBG highlighting) (PP (IN on) (PP (IN for) (NP (DT that) (NN file))))))) (. .))) "
1188,7,8,this,file,"Choose Syntax - > on/off for this file , or Syntax - > Show Filetypes in menu , then go back into the syntax menu and choose the appropriate file type from the list .","(ROOT (S (VP (VP (VB Choose) (NP (NP (NP (NN Syntax)) (: -) (NP (NP (JJR >) (JJ on/off)) (PP (IN for) (NP (DT this) (NN file))))) (, ,) (CC or) (NP (NP (NN Syntax)) (: -) (NP (NP (JJR >) (NN Show) (NNS Filetypes)) (PP (IN in) (NP (NN menu))))))) (, ,) (VP (ADVP (RB then)) (VB go) (ADVP (RB back)) (PP (IN into) (NP (DT the) (NN syntax) (NN menu)))) (CC and) (VP (VB choose) (NP (DT the) (JJ appropriate) (NN file) (NN type)) (PP (IN from) (NP (DT the) (NN list))))) (. .))) "
1193,2,3,those,time,"For those times when you 've pasted some text in and the indentation is wrong , -LRB- your indent plugin must be loaded -RRB- , you can use the = command .","(ROOT (S (PP (IN For) (NP (NP (DT those) (NNS times)) (SBAR (WHADVP (WRB when)) (S (S (NP (PRP you)) (VP (VBP 've) (VP (VBN pasted) (NP (DT some) (NN text)) (PP (IN in))))) (CC and) (S (NP (DT the) (NN indentation)) (VP (VBZ is) (ADJP (JJ wrong))))))) (, ,)) (PRN (-LRB- -LRB-) (S (NP (PRP$ your) (JJ indent) (NN plugin)) (VP (MD must) (VP (VB be) (VP (VBN loaded))))) (-RRB- -RRB-)) (, ,) (NP (PRP you)) (VP (MD can) (VP (VB use) (NP (DT the) (JJ =) (NN command)))) (. .))) "
1226,9,10,this,macro,You can use ` @@ ` to run this macro because q is the default register for macros .,(ROOT (S (NP (PRP You)) (VP (MD can) (VP (VB use) (NP (`` `) (NP (FW @@)) (`` `) (SBAR (S (VP (TO to) (VP (VB run) (NP (DT this) (NN macro)) (SBAR (IN because) (S (NP (NN q)) (VP (VBZ is) (NP (NP (DT the) (NN default) (NN register)) (PP (IN for) (NP (NNS macros)))))))))))))) (. .))) 
1233,41,42,this,command,"Next , delete the word into register ** b ** by typing ` `` bdaw ` _ -LRB- see ` : help aw ` and ` : help d ` and ` : help '' ` for an explanation of this command -RRB- _ .","(ROOT (S (ADVP (RB Next)) (, ,) (VP (VB delete) (NP (NP (NP (DT the) (NN word)) (PP (IN into) (NP (NN register))) (X (X (SYM **)) (NP (SYM b)))) (X (SYM **))) (PP (IN by) (NP (NP (NN typing)) (`` `) (SBAR (`` ``) (S (NP (FW bdaw)) (VP (S (NP (NP (NP (`` `) (NN _)) (PRN (-LRB- -LRB-) (S (VP (VB see) (S (VP (`` `) (PRN (: :) (S (VP (VB help) (VP (VB aw) (`` `) (ADVP (CC and)))))) (S (`` `) (: :) (NP (NN help) (NN d)) (VP (VP (`` `)) (CC and) (`` `) (: :) (NP (NP (NN help)) ('' '') (PP (`` `) (IN for) (NP (DT an) (NN explanation))) (PP (IN of) (NP (DT this) (NN command)))))))))) (-RRB- -RRB-))) (NP (NN _)))))))))) (. .))) "
1234,42,43,this,command,"Next , enter insert mode by typing ` i ` and then type ` <b> ` followed by ` ** Ctrl-O ** ` , then ` `` bP ` _ -LRB- see ` : help i_CTRL-o ` for an explanation of this command -RRB- _ .","(ROOT (SINV (FRAG (ADVP (RB Next))) (, ,) (VP (VBP enter) (NP (NP (NN insert)) (NP-TMP (NN mode)) (PP (IN by) (NP (NP (NN typing)) (`` `) (NP (FW i)))) (`` `) (CC and) (NP (NP (RB then)) (SBAR (S (S (NP (NN type)) (VP (NP (`` `) (NP (FW <b>)) (`` `) (SBAR (S (PP (VBN followed) (NP (NP (IN by)) (`` `) (PP (SYM **) (NP (NN Ctrl-O)) (X (SYM **))) (`` `)))))) (, ,) (NP (NP (RB then)) (SBAR (S (NP (`` `) (NP (`` ``) (NNP bP)) (`` `) (NP (NN _)))))))) (PRN (-LRB- -LRB-) (VP (VB see) (S (`` `) (NP (S (VP (PRN (: :) (S (NP (NN help)) (ADJP (NN i_CTRL-o)))) (PP (`` `) (IN for) (NP (NP (DT an) (NN explanation)) (PP (IN of) (NP (DT this) (NN command)))))))))) (-RRB- -RRB-))))))) (NP (NN _)) (. .))) "
1240,2,3,this,case,"In this case , vim will show the following output : -- Registers -- `` a `` bdawi <b> ** ^ O ** `` bP </b> ** ^ -LSB- ** Note that a recording remembers all your movement commands , so you will need to put the cursor in the correct starting position before you begin recording .","(ROOT (S (S (PP (IN In) (NP (DT this) (NN case))) (, ,) (NP (NN vim)) (VP (MD will) (VP (VB show) (NP (DT the) (JJ following) (NN output))))) (: :) (: --) (SINV (VP (VP (VBZ Registers)) (: --) (NP (NP (NP (`` ``) (DT a)) (`` ``) (NP (FW bdawi) (FW <b>))) (X (SYM **)))) (NP (CD ^) (NN O)) (SBAR (X (SYM **)) (S (NP (`` ``) (NN bP)) (ADJP (ADJP (NN </b>)) (SBAR (X (SYM **)) (S (SBAR (X (SYM ^)) (S (VP (-LRB- -LSB-) (X (SYM **)) (S (VP (VB Note) (SBAR (IN that) (S (NP (DT a) (NN recording)) (VP (VBZ remembers) (NP (DT all)))))))) (NP (PRP$ your) (NN movement) (NNS commands)))) (, ,) (NP (RB so) (PRP you)) (VP (MD will) (VP (VB need) (S (VP (TO to) (VP (VB put) (NP (NP (DT the) (NN cursor)) (PP (IN in) (NP (DT the) (JJ correct) (VBG starting) (NN position))))))) (SBAR (IN before) (S (NP (PRP you)) (VP (VBP begin) (NP (VBG recording))))))))))))) (. .))) "
1242,42,43,those,command,"php?title = Learning_the_vi_Editor / Vim/Useful _ things_for_programmers_to_know & action = edit & section = T-9 -RRB- -RSB- Suppose you made a minor mistake in your macro , but the macro is rather complex and you do n't want to repeat all those commands again .","(ROOT (S (NP (NP (NN php?title) (JJ =) (NN Learning_the_vi_Editor)) (PRN (: /) (S (NP (NNP Vim/Useful) (CD _) (NNP things_for_programmers_to_know)) (NP (CC &) (NP (NN action) (JJ =) (NN edit)) (CC &) (NP (NN section) (JJ =) (NN T-9)))) (-RRB- -RRB-))) (VP (-RRB- -RSB-) (VP (VB Suppose) (S (S (S (NP (PRP you)) (VP (VBD made) (NP (DT a) (JJ minor) (NN mistake)) (PP (IN in) (NP (PRP$ your) (NN macro))))) (, ,) (CC but) (S (NP (DT the) (NN macro)) (VP (VBZ is) (ADJP (RB rather) (JJ complex))))) (CC and) (S (NP (PRP you)) (VP (VBP do) (RB n't) (VP (VB want) (S (VP (TO to) (VP (VB repeat) (NP (PDT all) (DT those) (NNS commands)) (ADVP (RB again))))))))))) (. .))) "
1245,17,18,this,line,"Assume that we are using register ** a ** , * create a new line -LRB- this line will be eventually deleted -RRB- and put the register 's contents on the line with ` `` ap ` in the escape mode .","(ROOT (S (VP (VB Assume) (SBAR (SBAR (IN that) (S (NP (PRP we)) (VP (VP (VBP are) (S (VP (VBG using) (NP (NN register)) (X (SYM **))))) (NP (DT a) (X (SYM **)))))) (, ,) (SBAR (X (SYM *)) (S (S (VP (VB create) (NP (NP (DT a) (JJ new) (NN line)) (PRN (-LRB- -LRB-) (S (NP (DT this) (NN line)) (VP (MD will) (VP (VB be) (VP (ADVP (RB eventually)) (VBN deleted))))) (-RRB- -RRB-))))) (CC and) (S (VP (VBD put) (NP (NP (DT the) (NN register) (POS 's)) (NNS contents)) (PP (IN on) (NP (DT the) (NN line))) (PP (IN with) (`` `) (NP (`` ``) (NP (NN ap)) (`` `) (PP (IN in) (NP (DT the) (NN escape) (NN mode))))))))))) (. .))) "
1265,24,25,this,mapping,"You could also perform the second `` Recording a command '' exercise from above -LRB- encase a word in bold tags -RRB- with this mapping : map <C-x> b `` bdawi <b> <C-o> `` bp </b> <ESC> Note that in this case , I can get away with '' <b> '' because it does n't match a special character name .","(ROOT (S (NP (PRP You)) (VP (MD could) (ADVP (RB also)) (VP (VB perform) (NP (NP (DT the) (JJ second) (`` ``) (NNP Recording) (DT a) (NN command) ('' '')) (S (VP (NN exercise) (PP (IN from) (ADJP (JJ above)))))) (PRN (-LRB- -LRB-) (S (VP (VB encase) (NP (DT a) (NN word)) (PP (IN in) (NP (JJ bold) (NNS tags))))) (-RRB- -RRB-)) (PP (IN with) (NP (NP (DT this) (NN mapping)) (: :) (NP (NP (NN map) (NN <C-x>) (NN b)) (SBAR (S (NP (`` ``) (NP (FW bdawi) (FW <b>) (NN <C-o>)) (`` ``) (NP (NN bp) (NN </b>) (NN <ESC>))) (VP (VBP Note) (SBAR (IN that) (S (PP (IN in) (NP (DT this) (NN case))) (, ,) (NP (PRP I)) (VP (MD can) (VP (VB get) (PP (ADVP (RB away)) (IN with) ('' '') (NP (NP (NN <b>)) ('' '') (SBAR (IN because) (S (NP (PRP it)) (VP (VBZ does) (RB n't) (VP (VB match) (NP (DT a) (JJ special) (NN character) (NN name)))))))))))))))))))) (. .))) "
1265,41,42,this,case,"You could also perform the second `` Recording a command '' exercise from above -LRB- encase a word in bold tags -RRB- with this mapping : map <C-x> b `` bdawi <b> <C-o> `` bp </b> <ESC> Note that in this case , I can get away with '' <b> '' because it does n't match a special character name .","(ROOT (S (NP (PRP You)) (VP (MD could) (ADVP (RB also)) (VP (VB perform) (NP (NP (DT the) (JJ second) (`` ``) (NNP Recording) (DT a) (NN command) ('' '')) (S (VP (NN exercise) (PP (IN from) (ADJP (JJ above)))))) (PRN (-LRB- -LRB-) (S (VP (VB encase) (NP (DT a) (NN word)) (PP (IN in) (NP (JJ bold) (NNS tags))))) (-RRB- -RRB-)) (PP (IN with) (NP (NP (DT this) (NN mapping)) (: :) (NP (NP (NN map) (NN <C-x>) (NN b)) (SBAR (S (NP (`` ``) (NP (FW bdawi) (FW <b>) (NN <C-o>)) (`` ``) (NP (NN bp) (NN </b>) (NN <ESC>))) (VP (VBP Note) (SBAR (IN that) (S (PP (IN in) (NP (DT this) (NN case))) (, ,) (NP (PRP I)) (VP (MD can) (VP (VB get) (PP (ADVP (RB away)) (IN with) ('' '') (NP (NP (NN <b>)) ('' '') (SBAR (IN because) (S (NP (PRP it)) (VP (VBZ does) (RB n't) (VP (VB match) (NP (DT a) (JJ special) (NN character) (NN name)))))))))))))))))))) (. .))) "
1292,11,12,this,section,"However , if you need to write something simple , this section is for you .","(ROOT (S (ADVP (RB However)) (, ,) (SBAR (IN if) (S (NP (PRP you)) (VP (VBP need) (S (VP (TO to) (VP (VB write) (S (NP (NN something)) (ADJP (JJ simple))))))))) (, ,) (NP (DT this) (NN section)) (VP (VBZ is) (PP (IN for) (NP (PRP you)))) (. .))) "
1293,44,45,this,section,"-LRB- If you need a syntax highlighting definition that will correctly show perl code even inside an HTML `` pre '' tag inside a perl print statement within a shell heredoc in a shell script , you 're probably out of luck and this section probably wo n't meet your needs -- but you might as well search vim.org , just in case someone has done it for you already -RRB- .","(ROOT (S (-LRB- -LRB-) (SBAR (IN If) (S (S (NP (PRP you)) (VP (VBP need) (NP (NP (DT a) (NN syntax)) (VP (VBG highlighting) (NP (NP (NN definition)) (SBAR (WHNP (WDT that)) (S (VP (MD will) (ADVP (RB correctly)) (VP (VB show) (NP (NN perl) (NN code)) (PP (RB even) (IN inside) (NP (NP (DT an) (NNP HTML) (`` ``) (JJ pre) ('' '') (NN tag)) (PP (IN inside) (NP (NP (DT a) (NN perl) (NN print) (NN statement)) (PP (IN within) (NP (DT a) (NN shell))))))) (PP (ADVP (RB heredoc)) (IN in) (NP (DT a) (NN shell) (NN script)))))))))))) (, ,) (S (NP (PRP you)) (VP (VBP 're) (ADVP (RB probably)) (ADJP (IN out) (PP (IN of) (NP (NN luck)))))) (CC and) (S (NP (DT this) (NN section)) (ADVP (RB probably)) (VP (MD wo) (RB n't) (VP (VB meet) (NP (PRP$ your) (NNS needs))))) (: --) (S (CC but) (NP (PRP you)) (VP (MD might) (ADVP (RB as) (RB well)) (VP (VB search) (NP (NN vim.org))))))) (, ,) (ADVP (RB just) (PP (IN in) (NP (NN case) (NN someone)))) (VP (VBZ has) (VP (VBN done) (NP (PRP it)) (PP (IN for) (NP (PRP you))) (ADVP (RB already)))) (-RRB- -RRB-) (. .))) "
1299,2,3,this,case,In this case it is the color `` Special '' .,(ROOT (S (PP (IN In) (NP (DT this) (NN case))) (NP (PRP it)) (VP (VBZ is) (NP (NP (DT the) (NN color)) (`` ``) (NP (JJ Special)) ('' ''))) (. .))) 
1350,8,9,this,script,This check is in place in case this script is sourced directly instead of using the autoload feature .,(ROOT (S (S (NP (DT This) (NN check)) (VP (VBZ is) (PP (IN in) (NP (NP (NN place)) (PP (IN in) (NP (NN case))))))) (NP (DT this) (NN script)) (VP (VBZ is) (VP (VBN sourced) (ADVP (RB directly)) (PP (RB instead) (IN of) (S (VP (VBG using) (NP (DT the) (NN autoload) (NN feature))))))) (. .))) 
1368,2,3,this,example,In this example we use ** complete_add ** .,(ROOT (S (PP (IN In) (NP (DT this) (NN example))) (NP (PRP we)) (VP (VBP use)) (SBAR (X (SYM **)) (S (NP (VBN complete_add)) (VP (SYM **)))) (. .))) 
1391,4,5,this,entry,The value for this entry depends on the language specific kind values generated by the ctags tool .,(ROOT (S (NP (NP (DT The) (NN value)) (PP (IN for) (NP (DT this) (NN entry)))) (VP (VBZ depends) (PP (IN on) (NP (DT the) (NN language))) (NP (NP (JJ specific) (NN kind) (NNS values)) (VP (VBN generated) (PP (IN by) (NP (DT the) (NNS ctags) (NN tool)))))) (. .))) 
1478,2,3,this,stage,"At this stage you can already use the OO-way : if ** argc ** -LRB- -RRB- = = 1 & & ** fnamemodify ** -LRB- ** argv ** -LRB- 0 -RRB- , ' : e ' -RRB- = = ` gpr ' call ** Retval.Set _ Project_File ** -LRB- argv -LRB- 0 -RRB- -RRB- elseif ** strlen ** -LRB- v : servername -RRB- > 0 call ** Retval.Set _ Project_File ** -LRB- v : servername . '","(ROOT (S (PP (IN At) (NP (DT this) (NN stage))) (NP (PRP you)) (VP (MD can) (ADVP (ADVP (RB already)) (SBAR (S (S (S (VP (VB use) (NP (NP (NP (NP (DT the) (NN OO-way)) (: :) (NP (ADJP (IN if))) (X (SYM **))) (NP (FW argc))) (X (SYM **))))) (VP (-LRB- -LRB-) (-RRB- -RRB-) (ADJP (JJ =) (JJ =)) (NP (NP (NP (CD 1) (CC &)) (SBAR (S (NP (CC &))))) (X (SYM **))))) (S (NP (NN fnamemodify)) (SBAR (X (SYM **)) (S (PRN (-LRB- -LRB-) (SBAR (X (SYM **)) (S (NP (NP (FW argv) (SYM **)) (PRN (-LRB- -LRB-) (NP (CD 0)) (-RRB- -RRB-)) (, ,) ('' ')) (: :) (VP (LS e) ('' ')))) (-RRB- -RRB-)) (NP (NP (JJ =)) (VP (JJ =) (NP (NP (ADJP (`` `) (NN gpr) ('' ')) (NP (NP (NP (JJ call)) (SBAR (S (VP (SYM **) (NP (NNP Retval.Set) (CD _)))))) (NP (NNP Project_File)))) (X (SYM **))))) (VP (-LRB- -LRB-) (NP (NP (NP (NP (NN argv)) (PRN (-LRB- -LRB-) (NP (CD 0)) (-RRB- -RRB-)) (-RRB- -RRB-)) (NP (NP (FW elseif)) (SBAR (S (VP (SYM **) (NP (FW strlen))))))) (X (SYM **))) (PRN (-LRB- -LRB-) (S (VP (VP (LS v)) (: :) (VP (NN servername)))) (-RRB- -RRB-)) (NP (NP (NP (JJR >)) (SBAR (S (VP (NP (NP (NP (CD 0)) (NP (NN call))) (X (X (SYM **)) (NP (NP (NNP Retval.Set) (CD _)) (NP (NNP Project_File))))))))) (X (SYM **)))))))))) (VP (-LRB- -LRB-) (LS v) (: :) (NP (NN servername)))) (. .) ('' '))) "
1516,9,11,this,tutorial,"In short , a lot of information in this vi tutorial is not applicable to BusyBox vi .","(ROOT (S (PP (IN In) (ADJP (JJ short))) (, ,) (NP (NP (DT a) (NN lot)) (PP (IN of) (NP (NP (NN information)) (PP (IN in) (NP (DT this) (LS vi) (NN tutorial)))))) (VP (VBZ is) (RB not) (ADJP (JJ applicable) (PP (TO to) (NP (NNP BusyBox) (LS vi))))) (. .))) "
1521,22,23,this,reference,php?title = Learning_the_vi_Editor / Print_version & action = edit & section = 11 -RRB- -RSB- The following conventions are used in this reference .,(ROOT (S (NP (NP (NP (NN php?title) (JJ =) (NN Learning_the_vi_Editor)) (PRN (: /) (S (NP (NNP Print_version)) (NP (CC &) (NP (NN action) (JJ =) (NN edit)) (CC &) (NP (NP (NN section)) (ADJP (JJ =) (NP-TMP (CD 11)))))) (-RRB- -RRB-))) (PP (-RRB- -RSB-) (NP (DT The) (VBG following) (NNS conventions)))) (VP (VBP are) (VP (VBN used) (PP (IN in) (NP (DT this) (NN reference))))) (. .))) 
1842,3,4,this,file,"Options in this file do not have the initial colon , e.g. ** set ic ** ** : set all ** Displays all the current settings .","(ROOT (S (NP (NP (NNS Options)) (PP (IN in) (NP (DT this) (NN file)))) (VP (VBP do) (RB not) (VP (VB have) (NP (NP (NP (DT the) (JJ initial)) (NP (NN colon)) (, ,) (FW e.g.)) (X (SYM **))) (VP (VBN set) (ADJP (JJ ic) (SBAR (X (SYM **)) (S (S (VP (X (SYM **)) (: :) (VP (VBN set) (NP (DT all) (X (SYM **)))))) (VP (VBZ Displays) (NP (PDT all) (DT the) (JJ current) (NNS settings))))))))) (. .))) "
1899,17,18,this,book,"Whoever we are , this is where we get to brag about our accomplishments in writing this book .","(ROOT (S (SBAR (WHNP (WP Whoever)) (S (NP (PRP we)) (VP (VBP are)))) (, ,) (NP (DT this)) (VP (VBZ is) (SBAR (WHADVP (WRB where)) (S (NP (PRP we)) (VP (VBP get) (S (VP (TO to) (VP (VB brag) (PP (IN about) (NP (PRP$ our) (NNS accomplishments))) (PP (IN in) (S (VP (VBG writing) (NP (DT this) (NN book)))))))))))) (. .))) "
1912,14,15,this,page,php?title = Learning_the_vi_Editor / Print_version & action = info -RRB- * -LSB- Cite this page -RSB- -LRB- / w/index .,(ROOT (S (VP (NN php?title) (NP (NP (NP (JJ =) (NN Learning_the_vi_Editor)) (PRN (: /) (NP (NP (NNP Print_version)) (CC &) (NP (NN action) (JJ =) (NN info))) (-RRB- -RRB-))) (X (SYM *))) (S (VP (-LRB- -LSB-) (VP (VB Cite) (S (NP (DT this) (NN page)) (NP (NP (-RRB- -RSB-)) (-LRB- -LRB-) (PP (: /) (NP (NN w/index))))))))) (. .))) 
1918,3,4,this,site,"By using this site , you agree to the -LSB- Terms of Use -RSB- -LRB- / / wikimediafoundation.org/wiki/Terms_of_Use -RRB- and -LSB- Privacy Policy . -RSB-","(ROOT (S (PP (IN By) (S (VP (VBG using) (NP (DT this) (NN site))))) (, ,) (NP (PRP you)) (VP (VBP agree) (PP (PP (TO to) (NP (NP (DT the) (-LRB- -LSB-) (NNS Terms)) (PP (IN of) (NP (NP (NN Use) (-RRB- -RSB-)) (PRN (-LRB- -LRB-) (NP (: /) (: /) (NN wikimediafoundation.org/wiki/Terms_of_Use)) (-RRB- -RRB-)))))) (CC and) (PP (-LRB- -LSB-) (NP (NNP Privacy) (NNP Policy))))) (. .) (-RRB- -RSB-))) "
