2,7,8,this,page,-LSB- Unreviewed changes are displayed on this page -RSB- -LRB- / / bits.wikimedia.org/static-1.22wmf19/extensions/FlaggedRevs/frontend/modules/img/1.png -RRB- This page may need to be -LSB- reviewed -RSB- -LRB- / wiki/Wikibooks : REVIEW -RRB- for quality .,(ROOT (S (SBAR (-LRB- -LSB-) (S (NP (JJ Unreviewed) (NNS changes)) (VP (VBP are) (VP (VBN displayed) (PP (IN on) (NP (DT this) (NN page) (-RRB- -RSB-))))))) (PRN (-LRB- -LRB-) (VP (: /) (NP (: /) (NN bits.wikimedia.org/static-1.22wmf19/extensions/FlaggedRevs/frontend/modules/img/1.png))) (-RRB- -RRB-)) (NP (DT This) (NN page)) (VP (MD may) (VP (VB need) (S (VP (TO to) (VP (VB be) (VP (-LRB- -LSB-) (VP (VBN reviewed) (NP (NP (NP (-RRB- -RSB-)) (PRN (-LRB- -LRB-) (NP (NP (: /) (NNS wiki/Wikibooks)) (: :) (NP (NNP REVIEW))) (-RRB- -RRB-))) (PP (IN for) (NP (NN quality))))))))))) (. .))) 
15,8,9,that,markup,"</p> </body> </html> </source> The rendering of that markup : <html> <body> <p> Hello <span style=""font-weight: bold;""> world </span> !","(ROOT (FRAG (NP (NP (NP (NN </p>) (NN </body>) (NN </html>) (NN </source>)) (NP (DT The) (NN rendering))) (PP (IN of) (NP (DT that) (NN markup)))) (: :) (SINV (VP (VP (VB <html>) (NP (JJ <body>) (NN <p>))) (NP (INTJ (UH Hello)) (NP (JJ <span style=""font-weight: bold;"">) (NN world)))) (NP (NN </span>))) (. !))) "
20,2,3,that,case,"In that case , a ** disambiguation page ** can be created , such as : The term '' ` unauthorized term '' ' may refer to : * -LSB- -LSB- Authorized topic title 1 -RSB- -RSB- * -LSB- -LSB- Authorized topic title 2 -RSB- -RSB- The exact wording depends on the kind of content of the wiki website .","(ROOT (S (PP (IN In) (NP (DT that) (NN case))) (, ,) (NP (DT a) (S (SBAR (X (SYM **)) (S (NP (NP (NN disambiguation) (NN page)) (SBAR (FRAG (FRAG (X (SYM **)) (VP (MD can) (VP (VB be) (VP (VBN created))))) (, ,) (FRAG (S (NP (NP (JJ such)) (PP (IN as) (: :) (NP (NP (DT The) (NN term) ('' '')) (ADJP (`` `) (JJ unauthorized) (NN term) ('' ''))) ('' '))) (VP (MD may) (VP (VB refer) (PP (TO to))))) (: :) (FRAG (X (SYM *)) (VP (-LRB- -LSB-))) (-LRB- -LSB-))))) (VP (VBN Authorized) (NP (NP (NN topic) (NN title)) (ADJP (CD 1) (-RRB- -RSB-)))))) (-RRB- -RSB-) (X (SYM *)) (NP (-LRB- -LSB-)) (VP (-LRB- -LSB-) (VP (VBN Authorized) (NP (NP (NN topic) (NN title)) (ADJP (CD 2) (-RRB- -RSB-))) (PP (-RRB- -RSB-) (NP (DT The) (JJ exact) (NN wording))))))) (VP (VBZ depends) (PP (IN on) (NP (NP (DT the) (NN kind)) (PP (IN of) (NP (NP (NN content)) (PP (IN of) (NP (DT the) (NN wiki) (NN website)))))))) (. .))) "
67,15,16,this,section,-LSB- Clipboard -RSB- -LRB- / / upload.wikimedia.org/wikipedia/commons/thumb/1/1f/Clipboard.svg/45px-Clipboard.svg.png -RRB- ** To do : ** Create this section .,(ROOT (FRAG (S (VP (-LRB- -LSB-) (NP (NP (NP (NN Clipboard) (-RRB- -RSB-)) (PRN (-LRB- -LRB-) (NP (: /) (: /) (NN upload.wikimedia.org/wikipedia/commons/thumb/1/1f/Clipboard.svg/45px-Clipboard.svg.png)) (-RRB- -RRB-))) (X (SYM **))) (S (VP (TO To) (VP (VB do)))))) (: :) (FRAG (X (SYM **)) (VP (VB Create) (NP (DT this) (NN section)))) (. .))) 
75,23,24,that,category,"However , when you put a category assignment into a template , all the pages using that template become a member of that category .","(ROOT (S (ADVP (RB However)) (, ,) (SBAR (WHADVP (WRB when)) (S (NP (PRP you)) (VP (VBD put) (NP (DT a) (NN category) (NN assignment)) (PP (IN into) (NP (DT a) (NN template)))))) (, ,) (NP (NP (PDT all) (DT the) (NNS pages)) (VP (VBG using) (SBAR (IN that) (FRAG (NP (NN template)))))) (VP (VBP become) (NP (NP (DT a) (NN member)) (PP (IN of) (NP (DT that) (NN category))))) (. .))) "
77,2,3,that,case,"For that case , embrace the category assignment into <noinclude> tag , such as : <noinclude> -LSB- -LSB- Category : Maintenance templates -RSB- -RSB- </noinclude> # Templates Templates provide a means to repeat the same text on several pages .","(ROOT (S (PP (IN For) (NP (DT that) (NN case))) (, ,) (VP (VB embrace) (NP (DT the) (NN category) (NN assignment)) (PP (IN into) (NP (NP (JJ <noinclude>) (NN tag)) (, ,) (PP (JJ such) (IN as) (NP (: :) (NP (NP (NN <noinclude>)) (PP (-LRB- -LSB-) (NP (-LRB- -LSB-) (NNP Category)))) (: :) (NP (NP (NNP Maintenance) (NNS templates)) (PP (-RRB- -RSB-) (NP (-RRB- -RSB-) (NN </noinclude>)))))))) (SBAR (# #) (S (NP (NNPS Templates) (NNPS Templates)) (VP (VBP provide) (S (NP (DT a) (NN means)) (VP (TO to) (VP (VB repeat) (NP (DT the) (JJ same) (NN text)) (PP (IN on) (NP (JJ several) (NNS pages)))))))))) (. .))) "
81,26,27,that,template,"To create a template called `` header '' , edit the page `` Template : header '' and place the text to be repeated into that template .","(ROOT (S (VP (TO To) (VP (VP (VB create) (NP (NP (DT a) (NN template)) (VP (VBN called) (S (`` ``) (NP (NN header)) ('' ''))))) (, ,) (VP (VB edit) (S (NP (DT the) (NN page)) (`` ``) (NP (NP (NNP Template)) (: :) (NP (NN header))) ('' ''))) (CC and) (VP (VB place) (NP (DT the) (NN text) (S (VP (TO to) (VP (VB be) (VP (VBN repeated) (PP (IN into) (NP (DT that) (NN template))))))))))) (. .))) "
99,30,31,this,use,"To include any page in any namespace , use : -LCB- -LCB- Namespace : Pagename -RCB- -RCB- The use of a template is in fact a special case of this use , just that , as you do not specify any namespace , the Template namespace is used as the default one .","(ROOT (S (S (VP (TO To) (VP (VB include) (NP (DT any) (NN page)) (PP (IN in) (NP (NP (DT any) (NN namespace)) (, ,) (NP (NN use)))) (: :) (S (-LRB- -LCB-) (NP (-LRB- -LCB-) (NNP Namespace) (: :) (NNP Pagename) (-RRB- -RCB-)) (-RRB- -RCB-) (NP (NP (DT The) (NN use)) (PP (IN of) (NP (NP (DT a) (NN template)) (SBAR (S (VP (VBZ is) (NP (PP (IN in) (NP (NN fact))) (NP (NP (DT a) (JJ special) (NN case)) (PP (IN of) (NP (DT this) (NN use))))) (, ,) (SBAR (RB just) (FRAG (WHADVP (IN that)))) (, ,) (SBAR (IN as) (S (NP (PRP you)) (VP (VBP do) (RB not) (VP (VB specify) (NP (DT any) (NN namespace)))))))))))))))) (, ,) (NP (DT the) (NNP Template) (NN namespace)) (VP (VBZ is) (VP (VBN used) (PP (IN as) (NP (DT the) (NN default) (CD one))))) (. .))) "
107,16,17,this,example,"To ** refer to a source ** in the middle of the text , follow this example : <ref name=""Ref06""> Reference text </ref> or if a named reference has already been used before in the same page : <ref name=""Ref06""/> To ** list all the sources referred ** to in the text , after a second level heading titled `` References '' : = = References = = <references/> # Mathematics You can enter mathematical formulas into a wiki , using a ` math ` tag , such as : <math> \ sqrt -LCB- 2 -RCB- </math> The formulas are marked up in the TeX markup , the markup of a complex typesetting system specialized on mathematics .","(ROOT (S (PP (TO To) (NP (SBAR (SBAR (X (SYM **)) (S (S (VP (VB refer) (PP (TO to) (NP (DT a) (NN source))) (PP (X (SYM **)) (IN in) (NP (NP (DT the) (NN middle)) (PP (IN of) (NP (DT the) (NN text))))))) (, ,) (S (VP (VP (VB follow) (NP (DT this) (NN example))) (: :) (VP (NN <ref name=""Ref06"">) (NP (NNP Reference) (NN text) (NN </ref>))))))) (CC or) (SBAR (IN if) (S (NP (DT a) (VBN named) (NN reference)) (VP (VBZ has) (ADVP (RB already)) (VP (VBN been) (VP (VBN used) (PP (IN before) (PP (IN in) (NP (DT the) (JJ same) (NN page)))))))))) (: :) (NP (NP (NN <ref name=""Ref06""/>)) (PP (TO To) (SBAR (SBAR (X (X (SYM **)) (NP (NN list))) (S (NP (PDT all) (DT the) (NNS sources)) (VP (VBD referred) (X (SYM **)) (S (VP (TO to) (VP (PP (IN in) (NP (DT the) (NN text)) (, ,)) (PP (IN after) (NP (NP (DT a) (JJ second) (NN level)) (VP (VBG heading) (NP (NP (NP (NP (VBN titled) (NX (`` ``) (NNS References) ('' ''))) (: :) (NP (NP (JJ =) (JJ =) (NNS References)) (NP (JJ =) (JJ =) (NN <references/>)))) (NP (NP (# #) (NNPS Mathematics)) (SBAR (S (NP (PRP You)) (VP (MD can) (VP (VB enter) (NP (JJ mathematical) (NNS formulas)) (PP (IN into) (NP (DT a) (NN wiki))))))))) (, ,) (VP (VBG using) (NP (NP (DT a) (`` `) (NN math)) (`` `) (NP (NN tag))) (, ,) (PP (JJ such) (PP (IN as)))))))))))))) (: :) (S (VP (VB <math>) (NP (NP (NP (NN \) (NN sqrt)) (-LRB- -LCB-) (NP (CD 2)) (-RRB- -RCB-)) (ADVP (RB </math>)))))))))) (NP (DT The) (NNS formulas)) (VP (VBP are) (VP (VBN marked) (PRT (RP up)) (PP (IN in) (NP (NP (DT the) (NNP TeX) (NN markup)) (, ,) (NP (NP (DT the) (NN markup)) (PP (IN of) (NP (NP (DT a) (JJ complex) (NN typesetting) (NN system)) (VP (VBN specialized) (PP (IN on) (NP (NNS mathematics))))))))))) (. .))) "
108,7,8,this,markup,"Before you start writing formulas in this markup , you can consider writing the simpler ones in HTML and wiki markup , such as : _ f _ -LRB- x -RRB- = _ b _ \ + _ c _ / _ d _ which is marked up as '' f '' -LRB- x -RRB- = '' b '' + '' c '' / '' d' ' ## Examples To get started , follow the examples below .","(ROOT (S (S (SBAR (IN Before) (S (NP (PRP you)) (VP (VBP start) (S (VP (VBG writing) (NP (NNS formulas)) (PP (IN in) (NP (DT this) (NN markup)))))))) (, ,) (NP (PRP you)) (VP (VP (MD can) (VP (VB consider) (S (VP (VBG writing) (NP (NP (DT the) (JJR simpler) (NNS ones)) (PP (IN in) (NP (NP (NNP HTML)) (CC and) (NP (JJ wiki) (NN markup)))) (, ,) (PP (JJ such) (IN as) (: :) (NP (NP (FW _) (FW f) (NN _)) (PRN (-LRB- -LRB-) (NP (NN x)) (-RRB- -RRB-))))) (NP-TMP (NP (NP (NP (JJ =) (NN _) (NN b)) (NP (CD _) (NN \))) (CC +) (NP (NP (NN _) (NN c)) (SBAR (WHNP (NP (CD _)) (PP (: /) (NP (NP (CD _) (NN d)) (NP (NP (CD _)) (SBAR (WHNP (WDT which)) (S (VP (VBZ is) (VP (VBN marked) (PRT (RP up)) (ADVP (IN as)) ('' ''))))))))) (S (NP (NP (FW f)) ('' '') (PRN (-LRB- -LRB-) (NP (NN x)) (-RRB- -RRB-)) (NP (JJ =)) ('' '')))))) (NP (NN b) ('' ''))))))) (CC +) (VP ('' '') (NP-TMP (NN c))))) ('' '') (VP (: /) ('' '') (NP (NN d')) ('' ') (NP (NP (CD ##) (NNS Examples)) (SBAR (S (VP (TO To) (VP (VB get) (VP (VBN started))))))) (, ,) (S (VP (VB follow) (NP (DT the) (NNS examples)) (PP (IN below))))) (. .))) "
149,14,15,this,page,php?title = MediaWiki_User_Guide / Print_version & action = info -RRB- * -LSB- Cite this page -RSB- -LRB- / w/index .,(ROOT (S (VP (NN php?title) (NP (NP (NP (JJ =) (NN MediaWiki_User_Guide)) (PRN (: /) (NP (NP (NNP Print_version)) (CC &) (NP (NN action) (JJ =) (NN info))) (-RRB- -RRB-))) (X (SYM *))) (S (VP (-LRB- -LSB-) (VP (VB Cite) (S (NP (DT this) (NN page)) (NP (NP (-RRB- -RSB-)) (-LRB- -LRB-) (PP (: /) (NP (NN w/index))))))))) (. .))) 
155,3,4,this,site,"By using this site , you agree to the -LSB- Terms of Use -RSB- -LRB- / / wikimediafoundation.org/wiki/Terms_of_Use -RRB- and -LSB- Privacy Policy . -RSB-","(ROOT (S (PP (IN By) (S (VP (VBG using) (NP (DT this) (NN site))))) (, ,) (NP (PRP you)) (VP (VBP agree) (PP (PP (TO to) (NP (NP (DT the) (-LRB- -LSB-) (NNS Terms)) (PP (IN of) (NP (NP (NN Use) (-RRB- -RSB-)) (PRN (-LRB- -LRB-) (NP (: /) (: /) (NN wikimediafoundation.org/wiki/Terms_of_Use)) (-RRB- -RRB-)))))) (CC and) (PP (-LRB- -LSB-) (NP (NNP Privacy) (NNP Policy))))) (. .) (-RRB- -RSB-))) "
