2,7,8,this,page,-LSB- Unreviewed changes are displayed on this page -RSB- -LRB- / / bits.wikimedia.org/static-1.22wmf19/extensions/FlaggedRevs/frontend/modules/img/1.png -RRB- The -LSB- latest reviewed version -RSB- -LRB- / / en.wikibooks.org/w/index.php?title=Mentor_teacher/Print_version&stable=1 -RRB- was -LSB- checked -RSB- -LRB- / / en.wikibooks.org/w/index.php?title=Special:Log&type=review&page=Mentor_teacher/Print_version -RRB- on _ 20 May 2013 _ .,(ROOT (S (NP (-LRB- -LSB-) (JJ Unreviewed) (NNS changes)) (VP (VBP are) (VP (VBN displayed) (PP (IN on) (NP (NP (DT this) (NN page)) (-RRB- -RSB-) (PRN (-LRB- -LRB-) (NP (: /) (: /) (NN bits.wikimedia.org/static-1.22wmf19/extensions/FlaggedRevs/frontend/modules/img/1.png)) (-RRB- -RRB-)) (NP (DT The) (-LRB- -LSB-)))) (NP-TMP (NP (NP (JJS latest)) (VP (VBN reviewed) (NP (NN version)) (SBAR (-RRB- -RSB-) (S (-LRB- -LRB-) (NP (: /) (: /) (NN en.wikibooks.org/w/index.php?title=Mentor_teacher/Print_version&stable=1)) (-RRB- -RRB-) (VP (VBD was) (-LRB- -LSB-) (VP (VBN checked) (PP (-RRB- -RSB-) (PRN (-LRB- -LRB-) (PP (: /) (NP (: /) (NN en.wikibooks.org/w/index.php?title=Special:Log&type=review&page=Mentor_teacher/Print_version))) (-RRB- -RRB-))) (PP (IN on) (NP (QP (CD _) (CD 20)))) (NP-TMP (NNP May) (CD 2013)))))))) (NP (CD _))))) (. .))) 
20,30,31,this,meeting,"Clarification of roles and responsibilities , formal aspects of the mentoring relationship , and perhaps cooperation and collaboration with other mentees at the school are topics of discussion in this meeting .","(ROOT (S (NP (NP (NP (NN Clarification)) (PP (IN of) (NP (NNS roles) (CC and) (NNS responsibilities)))) (, ,) (NP (NP (JJ formal) (NNS aspects)) (PP (IN of) (NP (DT the) (NN mentoring) (NN relationship)))) (, ,) (CC and) (NP (NP (RB perhaps) (NN cooperation) (CC and) (NN collaboration)) (PP (IN with) (NP (NP (JJ other) (NNS mentees)) (PP (IN at) (NP (DT the) (NN school))))))) (VP (VBP are) (NP (NP (NNS topics)) (PP (IN of) (NP (NP (NN discussion)) (PP (IN in) (NP (DT this) (NN meeting))))))) (. .))) "
36,4,5,these,question,The answers to these questions will determine the nature of mentoring .,(ROOT (S (NP (NP (DT The) (NNS answers)) (PP (TO to) (NP (DT these) (NNS questions)))) (VP (MD will) (VP (VB determine) (NP (NP (DT the) (NN nature)) (PP (IN of) (NP (NN mentoring)))))) (. .))) 
52,17,18,this,chapter,php?title = Mentor_teacher / Print_version & action = edit & section = 3 -RRB- -RSB- In this chapter we present a few written reflection tools that are useful in mentoring .,(ROOT (S (NP (NP (NN php?title) (JJ =) (NN Mentor_teacher)) (PRN (: /) (S (NP (NNP Print_version)) (NP (CC &) (NP (NN action) (JJ =) (NN edit)) (CC &) (NP (NP (NN section)) (ADJP (JJ =) (NP-TMP (CD 3)))))) (-RRB- -RRB-))) (-RRB- -RSB-) (PP (IN In) (NP (DT this) (NN chapter))) (NP (PRP we)) (VP (VBP present) (NP (NP (QP (DT a) (JJ few)) (VBN written) (NN reflection) (NNS tools)) (SBAR (WHNP (WDT that)) (S (VP (VBP are) (ADJP (JJ useful) (PP (IN in) (NP (NN mentoring))))))))) (. .))) 
54,26,28,these,jurisdiction,"The mentor-mentee framework is different in other jurisdictions , but we believe some aspects of the presented model can have application to teacher mentoring in these other jurisdictions .","(ROOT (S (S (NP (DT The) (JJ mentor-mentee) (NN framework)) (VP (VBZ is) (ADJP (JJ different) (PP (IN in) (NP (JJ other) (NNS jurisdictions)))))) (, ,) (CC but) (S (NP (PRP we)) (VP (VBP believe) (SBAR (S (NP (NP (DT some) (NNS aspects)) (PP (IN of) (NP (DT the) (VBN presented) (NN model)))) (VP (MD can) (VP (VB have) (NP (NN application)) (PP (TO to) (NP (NP (NN teacher) (NN mentoring)) (PP (IN in) (NP (DT these) (JJ other) (NNS jurisdictions))))))))))) (. .))) "
58,5,6,this,document,We will refer to this document as an `` individual strategy document '' .,(ROOT (S (NP (PRP We)) (VP (MD will) (VP (VB refer) (PP (TO to) (NP (NP (DT this) (NN document)) (PP (IN as) (NP (DT an) (`` ``) (JJ individual) (NN strategy) (NN document) ('' ''))))))) (. .))) 
62,4,5,this,chapter,"The examples in this chapter are from the mentoring of student teachers , but are also relevant to the mentoring of beginning teachers .","(ROOT (S (NP (NP (DT The) (NNS examples)) (PP (IN in) (NP (DT this) (NN chapter)))) (VP (VP (VBP are) (PP (IN from) (NP (NP (DT the) (NN mentoring)) (PP (IN of) (NP (NN student) (NNS teachers)))))) (, ,) (CC but) (VP (VBP are) (ADVP (RB also)) (ADJP (JJ relevant) (PP (TO to) (NP (NP (DT the) (NN mentoring)) (PP (IN of) (S (VP (VBG beginning) (NP (NNS teachers)))))))))) (. .))) "
83,3,4,this,information,"Some of this information can be provided orally , some should be put down in writing .","(ROOT (S (S (NP (NP (DT Some)) (PP (IN of) (NP (DT this) (NN information)))) (VP (MD can) (VP (VB be) (VP (VBN provided) (ADVP (RB orally)))))) (, ,) (NP (DT some)) (VP (MD should) (VP (VB be) (VP (VBN put) (PRT (RP down)) (PP (IN in) (S (VP (VBG writing))))))) (. .))) "
103,8,10,these,goal,It may be difficult to establish if these general goals have been fulfilled .,(ROOT (S (NP (PRP It)) (VP (MD may) (VP (VB be) (ADJP (JJ difficult) (S (VP (TO to) (VP (VB establish) (SBAR (IN if) (S (NP (DT these) (JJ general) (NNS goals)) (VP (VBP have) (VP (VBN been) (VP (VBN fulfilled)))))))))))) (. .))) 
108,2,3,that,reason,For that reason it is common to specify the number of mentoring sessions in the agreement .,(ROOT (S (PP (IN For) (NP (DT that) (NN reason))) (NP (PRP it)) (VP (VBZ is) (ADJP (JJ common) (S (VP (TO to) (VP (VB specify) (NP (NP (DT the) (NN number)) (PP (IN of) (NP (NP (VBG mentoring) (NNS sessions)) (PP (IN in) (NP (DT the) (NN agreement))))))))))) (. .))) 
152,6,7,this,opposition,There are several reasons for this opposition .,(ROOT (S (NP (EX There)) (VP (VBP are) (NP (NP (JJ several) (NNS reasons)) (PP (IN for) (NP (DT this) (NN opposition))))) (. .))) 
163,28,30,this,matter,"_ `` I drew circles and arrows while saying for instance , I have to remember which classroom to go to , are my students familiar with this subject matter , what have they learned previously , what are they going to learn now ?","(ROOT (FRAG (NP (NN _)) (SBAR (`` ``) (S (NP (PRP I)) (VP (VBD drew) (NP (NNS circles) (CC and) (NNS arrows)) (SBAR (IN while) (S (S (VP (VBG saying) (PP (IN for) (NP (NN instance))))) (, ,) (NP (PRP I)) (VP (VBP have) (S (S (VP (TO to) (VP (VB remember) (SBAR (WHNP (WDT which)) (S (NP (NN classroom) (S (VP (TO to) (VP (VB go) (PP (TO to)))))) (, ,) (VP (VBP are) (NP (NP (PRP$ my) (NNS students)) (ADJP (JJ familiar) (PP (IN with) (NP (NP (DT this) (ADJP (JJ subject)) (NN matter)) (, ,) (SBAR (WHNP (WDT what)) (S (VP (VBP have) (S (NP (PRP they)) (VP (VBD learned) (ADVP (RB previously))))))) (, ,))))))))))) (SBARQ (WHNP (WP what)) (SQ (VBP are) (NP (PRP they)) (VP (VBG going) (S (VP (TO to) (VP (VB learn) (ADVP (RB now))))))) (. ?))))))))))) "
165,20,21,this,thinking,"Even though many teachers do not use a lesson plan for their own teaching , one could suggest that this thinking has been internalized as -LSB- tacit knowledge -RSB- -LRB- / / en.wikipedia.org/wiki/Tacit_knowledge -RRB- .","(ROOT (S (SBAR (RB Even) (IN though) (S (NP (JJ many) (NNS teachers)) (VP (VBP do) (RB not) (VP (VB use) (NP (DT a) (NN lesson) (NN plan)) (PP (IN for) (NP (PRP$ their) (JJ own) (NN teaching))))))) (, ,) (NP (CD one)) (VP (MD could) (VP (VB suggest) (SBAR (IN that) (S (NP (DT this) (NN thinking)) (VP (VBZ has) (VP (VBN been) (VP (VBN internalized) (PP (IN as) (NP (NP (-LRB- -LSB-) (JJ tacit) (NN knowledge) (-RRB- -RSB-)) (PRN (-LRB- -LRB-) (NP (: /) (: /) (NN en.wikipedia.org/wiki/Tacit_knowledge)) (-RRB- -RRB-))))))))))) (. .))) "
168,7,8,this,kind,A mentor who has actively used this kind of document with her student teachers explain : _ This spring my students handed in a lesson plan for `` it 's learning '' two days before the lesson was to be held .,(ROOT (S (NP (NP (DT A) (NN mentor)) (SBAR (WHNP (WP who)) (S (VP (VBZ has) (ADVP (RB actively)) (VP (VBN used) (NP (NP (DT this) (NN kind)) (PP (IN of) (NP (NN document)))) (PP (IN with) (NP (PRP$ her) (NN student) (NNS teachers)))))))) (VP (VBP explain) (: :) (NP (NP (CD _)) (SBAR (S (NP-TMP (DT This) (NN spring)) (NP (NP (PRP$ my) (NNS students)) (VP (VBN handed) (PP (IN in) (NP (DT a) (NN lesson) (NN plan))) (SBAR (IN for) (`` ``) (S (NP (PRP it)) (VP (VBZ 's) (VP (VBG learning) ('' '') (NP (CD two) (NNS days)) (PP (IN before) (NP (DT the) (NN lesson))))))))) (VP (VBD was) (S (VP (TO to) (VP (VB be) (VP (VBN held)))))))))) (. .))) 
173,12,13,this,method,At the end of the practicum period the students expressed that this method made them work on a different level when planning .,(ROOT (S (PP (IN At) (NP (NP (DT the) (NN end)) (PP (IN of) (NP (DT the) (NN practicum) (NN period))))) (NP (DT the) (NNS students)) (VP (VBD expressed) (SBAR (IN that) (S (NP (DT this) (NN method)) (VP (VBD made) (NP (PRP them)) (VP (VB work) (PP (IN on) (NP (DT a) (JJ different) (NN level))) (SBAR (WHADVP (WRB when)) (FRAG (NP (NN planning))))))))) (. .))) 
176,6,8,this,document,There is a danger that this planning document serve only as a ritual document .,(ROOT (S (NP (EX There)) (VP (VBZ is) (NP (DT a) (NN danger)) (SBAR (IN that) (S (NP (DT this) (NN planning) (NN document)) (VP (VBP serve) (ADVP (RB only)) (PP (IN as) (NP (DT a) (NN ritual) (NN document))))))) (. .))) 
203,6,8,these,experience,Only a small part of these accumulated experiences end up as a part of the person 's self-stories .,(ROOT (S (NP (NP (RB Only) (DT a) (JJ small) (NN part)) (PP (IN of) (NP (DT these) (VBN accumulated) (NNS experiences)))) (VP (VB end) (PRT (RP up)) (PP (IN as) (NP (NP (DT a) (NN part)) (PP (IN of) (NP (NP (DT the) (NN person) (POS 's)) (NNS self-stories)))))) (. .))) 
222,5,6,this,context,"The personal narratives in this context are stories told by members of the staff , and written down so that the staff can use them to work on joint problem solving .","(ROOT (S (NP (NP (DT The) (JJ personal) (NNS narratives)) (PP (IN in) (NP (DT this) (NN context)))) (VP (VBP are) (NP (NP (NNS stories)) (VP (VP (VBN told) (PP (IN by) (NP (NP (NNS members)) (PP (IN of) (NP (DT the) (NN staff)))))) (, ,) (CC and) (VP (VBN written) (PRT (RP down)) (ADVP (RB so)) (SBAR (IN that) (S (NP (DT the) (NN staff)) (VP (MD can) (VP (VB use) (S (NP (PRP them)) (VP (TO to) (VP (VB work) (PP (IN on) (NP (NP (JJ joint) (NN problem)) (VP (VBG solving))))))))))))))) (. .))) "
226,2,3,this,type,"In this type of setting , before writing down the personal narrative , teachers collect data using logs , videos , observations , interviews , etc. .","(ROOT (S (PP (IN In) (NP (NP (DT this) (NN type)) (PP (IN of) (NP (NN setting))))) (, ,) (PP (IN before) (S (VP (VBG writing) (PRT (RP down)) (NP (DT the) (JJ personal) (NN narrative))))) (, ,) (NP (NNS teachers)) (VP (VBP collect) (NP (NP (NNS data)) (PP (VBG using) (NP (NNS logs) (, ,) (NNS videos) (, ,) (NNS observations) (, ,) (NNS interviews) (, ,) (FW etc.))))) (. .))) "
232,9,10,this,information,The purpose of the log was to make this information available for other travellers .,(ROOT (S (NP (NP (DT The) (NN purpose)) (PP (IN of) (NP (DT the) (NN log)))) (VP (VBD was) (S (VP (TO to) (VP (VB make) (S (NP (DT this) (NN information)) (ADJP (JJ available) (PP (IN for) (NP (JJ other) (NNS travellers))))))))) (. .))) 
235,2,3,this,context,In this context log writing is used to support cognitive development .,(ROOT (S (PP (IN In) (NP (DT this) (NN context))) (NP (NN log) (NN writing)) (VP (VBZ is) (VP (VBN used) (S (VP (TO to) (VP (VB support) (NP (JJ cognitive) (NN development))))))) (. .))) 
246,2,3,this,log,In this log we can continue working on episodes from the spontaneous log .,(ROOT (S (PP (IN In) (NP (DT this) (NN log))) (NP (PRP we)) (VP (MD can) (VP (VB continue) (S (VP (VBG working) (PP (IN on) (NP (NP (NNS episodes)) (PP (IN from) (NP (DT the) (JJ spontaneous) (NN log))))))))) (. .))) 
297,2,3,these,student,With these students I find that it helps to ... -RRB- The type of feedback will depend on several factors : * What is the purpose of the text ?,(ROOT (S (SBAR (IN With) (PRN (S (NP (NP (DT these) (NNS students)) (NP (PRP I))) (VP (VBP find) (SBAR (IN that) (FRAG (NP (NP (PRP it)) (SBAR (S (VP (VBZ helps) (PP (TO to))) (: ...)))))))) (-RRB- -RRB-)) (S (NP (NP (DT The) (NN type)) (PP (IN of) (NP (NN feedback)))) (VP (MD will) (VP (VB depend) (PP (IN on) (NP (JJ several) (NNS factors))))))) (: :) (S (X (SYM *)) (NP (WP What)) (VP (VBZ is) (NP (NP (DT the) (NN purpose)) (PP (IN of) (NP (DT the) (NN text)))))) (. ?))) 
302,10,11,this,process,* How much time has been set aside for this process ?,(ROOT (X (X (SYM *)) (S (ADJP (WRB How) (JJ much)) (S (NP (NP (NN time)) (SBAR (S (VP (VBZ has) (VP (VBN been) (VP (VBN set) (PP (ADVP (RB aside)) (IN for) (NP (DT this) (NN process))) (. ?))))))))))) 
309,2,3,this,kind,With this kind of openness challenges are easier to share and are made less private .,(ROOT (S (PP (IN With) (NP (NP (DT this) (NN kind)) (PP (IN of) (NP (NN openness))))) (NP (NNS challenges)) (VP (VP (VBP are) (ADJP (JJR easier) (S (VP (TO to) (VP (VB share)))))) (CC and) (VP (VBP are) (VP (VBN made) (S (ADJP (RBR less) (JJ private)))))) (. .))) 
311,5,6,this,way,"A student puts it this way : _ `` I see the advantage in addressing my thoughts through a log , but I find the idea threatening that others can read about what I feel that I do n't master .","(ROOT (S (S (NP (DT A) (NN student)) (VP (VBZ puts) (NP (NP (NP (PRP it)) (NP (DT this) (NN way))) (: :) (NP (NP (CD _)) (SBAR (`` ``) (S (NP (PRP I)) (VP (VBP see) (NP (DT the) (NN advantage)) (PP (IN in) (S (VP (VBG addressing) (NP (PRP$ my) (NNS thoughts)) (PP (IN through) (NP (DT a) (NN log))))))))))))) (, ,) (CC but) (S (NP (PRP I)) (VP (VBP find) (S (NP (DT the) (NN idea)) (VP (VBG threatening) (SBAR (IN that) (S (NP (NNS others)) (VP (MD can) (VP (VB read) (PP (IN about) (SBAR (WHNP (WP what)) (S (NP (PRP I)) (VP (VBP feel) (SBAR (IN that) (S (NP (PRP I)) (VP (VBP do) (VP (RB n't) (NP (NN master)))))))))))))))))) (. .))) "
438,24,25,this,behaviour,"If we want to know about the prevalence of a particular behaviour , we can make a note on a form every time this behaviour occurs -LRB- Nilssen 2010 -RRB- .","(ROOT (S (SBAR (IN If) (S (NP (PRP we)) (VP (VBP want) (S (VP (TO to) (VP (VB know) (PP (IN about) (NP (NP (DT the) (NN prevalence)) (PP (IN of) (NP (DT a) (JJ particular) (NN behaviour))))))))))) (, ,) (NP (PRP we)) (VP (MD can) (VP (VB make) (S (NP (NP (DT a) (NN note)) (PP (IN on) (NP (DT a) (NN form)))) (VP (NP (NP (DT every) (NN time)) (SBAR (S (NP (DT this) (NN behaviour)) (VP (VBZ occurs))))) (PRN (-LRB- -LRB-) (NP (NNP Nilssen) (CD 2010)) (-RRB- -RRB-)))))) (. .))) "
450,6,7,these,observation,It is easy to generalize these observations and give them too much weight .,(ROOT (S (NP (PRP It)) (VP (VBZ is) (ADJP (JJ easy) (S (VP (TO to) (VP (VP (VB generalize) (NP (DT these) (NNS observations))) (CC and) (VP (VB give) (NP (PRP them)) (NP (ADJP (RB too) (JJ much)) (NN weight)))))))) (. .))) 
468,9,10,this,class,For the first time since I came to this class I noticed that Per was among those who were in control !,(ROOT (S (PP (IN For) (NP (NP (DT the) (JJ first) (NN time)) (SBAR (IN since) (S (NP (PRP I)) (VP (VBD came) (PP (TO to) (NP (DT this) (NN class)))))))) (NP (CD I)) (VP (VBD noticed) (SBAR (IN that) (FRAG (NP (NP (IN Per)) (SBAR (S (VP (VBD was) (PP (IN among) (NP (NP (DT those)) (SBAR (WHNP (WP who)) (S (VP (VBD were) (PP (IN in) (NP (NN control))))))))))))))) (. !))) 
471,9,10,this,activity,"As usual , Jan had some problems with this activity .","(ROOT (S (PP (IN As) (ADJP (JJ usual))) (, ,) (NP (NNP Jan)) (VP (VBD had) (NP (NP (DT some) (NNS problems)) (PP (IN with) (NP (DT this) (NN activity))))) (. .))) "
473,22,23,this,challenge,"Per , who was still excited that he had done better at the game than the others , immediately took on this challenge and taught Jan to embroider in no time !","(ROOT (S (NP (NP (IN Per)) (, ,) (SBAR (WHNP (WP who)) (S (VP (VBD was) (ADVP (RB still)) (VP (VBN excited) (SBAR (IN that) (S (NP (PRP he)) (VP (VBD had) (VP (VBN done) (ADVP (RB better)) (PP (IN at) (NP (NP (DT the) (NN game)) (PP (IN than) (NP (DT the) (NNS others))))))))))))) (, ,)) (ADVP (RB immediately)) (VP (VP (VBD took) (PRT (RP on)) (NP (DT this) (NN challenge))) (CC and) (VP (VBD taught) (NP-TMP (NNP Jan)) (S (VP (TO to) (VP (VB embroider) (PP (IN in) (NP (DT no) (NN time)))))))) (. !))) "
474,8,9,this,accomplishment,"Both of them were very proud of this accomplishment , and while Per sat there with a big smile on his face and was pleased with himself , Jan went over to Mari to show her what he had made .","(ROOT (S (S (NP (NP (DT Both)) (PP (IN of) (NP (PRP them)))) (VP (VBD were) (ADJP (RB very) (JJ proud)) (PP (IN of) (NP (DT this) (NN accomplishment))))) (, ,) (CC and) (S (SBAR (IN while) (FRAG (NP (NP (IN Per)) (SBAR (S (VP (VP (VBD sat) (NP (EX there)) (PP (IN with) (NP (NP (DT a) (JJ big) (NN smile)) (PP (IN on) (NP (PRP$ his) (NN face)))))) (CC and) (VP (VBD was) (VP (VBN pleased) (PP (IN with) (NP (PRP himself))))))))))) (, ,) (NP (NNP Jan)) (VP (VBD went) (PP (IN over) (PP (TO to) (NP (NNP Mari)))) (S (VP (TO to) (VP (VB show) (NP (PRP$ her)) (SBAR (WHNP (WP what)) (S (NP (PRP he)) (VP (VBD had) (VP (VBN made)))))))))) (. .))) "
477,5,6,these,impression,"I have to absorb these impressions before I can elaborate any further , but I have to say that it was a really fun and exciting experience .","(ROOT (S (S (NP (PRP I)) (VP (VBP have) (S (VP (TO to) (VP (VB absorb) (NP (DT these) (NNS impressions)) (SBAR (IN before) (S (NP (PRP I)) (VP (MD can) (VP (VB elaborate) (ADVP (DT any) (RBR further))))))))))) (, ,) (CC but) (S (NP (PRP I)) (VP (VBP have) (S (VP (TO to) (VP (VB say) (SBAR (IN that) (S (NP (PRP it)) (VP (VBD was) (NP (NP (DT a) (ADVP (RB really)) (NN fun)) (CC and) (NP (JJ exciting) (NN experience))))))))))) (. .))) "
505,2,3,this,book,In this book we describe four different skill areas that a mentor should be familiar with .,(ROOT (S (PP (IN In) (NP (DT this) (NN book))) (NP (PRP we)) (VP (VBP describe) (NP (CD four) (JJ different) (NN skill) (NNS areas)) (SBAR (IN that) (S (NP (DT a) (NN mentor)) (VP (MD should) (VP (VB be) (ADJP (JJ familiar) (PP (IN with)))))))) (. .))) 
514,10,11,these,skill,This book seeks to identify the most important of these skills .,(ROOT (S (NP (DT This) (NN book)) (VP (VBZ seeks) (S (VP (TO to) (VP (VB identify) (NP (NP (DT the) (ADJP (RBS most) (JJ important))) (PP (IN of) (NP (DT these) (NNS skills)))))))) (. .))) 
533,3,4,these,consideration,"Based on these considerations , we have attempted to include conversational techniques in a broader pedagogical context .","(ROOT (S (PP (VBN Based) (PP (IN on) (NP (DT these) (NNS considerations)))) (, ,) (NP (PRP we)) (VP (VBP have) (VP (VBN attempted) (S (VP (TO to) (VP (VB include) (NP (JJ conversational) (NNS techniques)) (PP (IN in) (NP (DT a) (JJR broader) (JJ pedagogical) (NN context)))))))) (. .))) "
557,2,3,this,article,In this article we discuss different ways to metacommunicate in professional mentorship conversations .,(ROOT (S (PP (IN In) (NP (DT this) (NN article))) (NP (PRP we)) (VP (VBP discuss) (S (NP (JJ different) (NNS ways)) (VP (TO to) (VP (VB metacommunicate) (PP (IN in) (NP (JJ professional) (NN mentorship) (NNS conversations))))))) (. .))) 
575,12,13,this,time,", speaking order : `` I would like to speak first this time , '' length of conversation : `` I 'm running out of time , can we make this conversation as short as possible ? ''","(ROOT (PRN (, ,) (S (VP (VBG speaking) (NP (NP (NN order)) (: :) (`` ``) (S (NP (PRP I)) (VP (MD would) (VP (VB like) (S (VP (TO to) (VP (VB speak) (NP (RB first) (NP (DT this) (NN time)) (, ,) ('' '') (NP (NP (NN length)) (PP (IN of) (NP (NP (NN conversation)) (: :) (`` ``) (S (NP (PRP I)) (VP (VBP 'm) (VP (VBG running) (PP (IN out) (SBARQ (PP (IN of) (NP (NN time))) (, ,) (SQ (MD can) (NP (PRP we)) (VP (VB make) (NP (DT this) (NN conversation)) (PP (IN as) (ADJP (JJ short) (PP (IN as) (ADJP (JJ possible))))))) (. ?)))))) ('' '')))))))))))))))) "
575,31,32,this,conversation,", speaking order : `` I would like to speak first this time , '' length of conversation : `` I 'm running out of time , can we make this conversation as short as possible ? ''","(ROOT (PRN (, ,) (S (VP (VBG speaking) (NP (NP (NN order)) (: :) (`` ``) (S (NP (PRP I)) (VP (MD would) (VP (VB like) (S (VP (TO to) (VP (VB speak) (NP (RB first) (NP (DT this) (NN time)) (, ,) ('' '') (NP (NP (NN length)) (PP (IN of) (NP (NP (NN conversation)) (: :) (`` ``) (S (NP (PRP I)) (VP (VBP 'm) (VP (VBG running) (PP (IN out) (SBARQ (PP (IN of) (NP (NN time))) (, ,) (SQ (MD can) (NP (PRP we)) (VP (VB make) (NP (DT this) (NN conversation)) (PP (IN as) (ADJP (JJ short) (PP (IN as) (ADJP (JJ possible))))))) (. ?)))))) ('' '')))))))))))))))) "
590,4,5,this,kind,The advantage of this kind of agreement is that both parties get a chance to present their expectations .,(ROOT (S (NP (NP (DT The) (NN advantage)) (PP (IN of) (NP (NP (DT this) (NN kind)) (PP (IN of) (NP (NN agreement)))))) (VP (VBZ is) (SBAR (IN that) (S (NP (DT both) (NNS parties)) (VP (VBP get) (S (NP (DT a) (NN chance)) (VP (TO to) (VP (VB present) (NP (PRP$ their) (NNS expectations))))))))) (. .))) 
604,11,12,this,decision,"If the mentee decides against a specific mentoring approach , this decision should be taken into account .","(ROOT (S (SBAR (IN If) (S (NP (DT the) (NN mentee)) (VP (VBZ decides) (PP (IN against) (NP (DT a) (JJ specific) (VBG mentoring) (NN approach)))))) (, ,) (NP (DT this) (NN decision)) (VP (MD should) (VP (VB be) (VP (VBN taken) (PP (IN into) (NP (NN account)))))) (. .))) "
605,2,3,this,context,In this context one could imagine a dilemma if the mentee asks the mentor to use other mentoring methods than the one that the mentor prefers .,(ROOT (S (PP (IN In) (NP (DT this) (NN context))) (NP (CD one)) (VP (MD could) (VP (VB imagine) (NP (DT a) (NN dilemma)) (SBAR (IN if) (S (NP (DT the) (NN mentee)) (VP (VBZ asks) (NP (DT the) (NN mentor) (S (VP (TO to) (VP (VB use) (NP (JJ other) (NN mentoring) (NNS methods)) (PP (IN than) (NP (DT the) (CD one))) (SBAR (IN that) (S (NP (DT the) (NN mentor)) (VP (VBZ prefers))))))))))))) (. .))) 
610,29,30,this,kind,"A survey conducted by Baltzersen -LRB- 2008 -RRB- shows that among students who find metacommunicating in mentoring important , only around half of the students in fact use this kind of communication .","(ROOT (S (NP (NP (DT A) (NN survey)) (VP (VBN conducted) (PP (IN by) (NP (NN Baltzersen)))) (PRN (-LRB- -LRB-) (NP (CD 2008)) (-RRB- -RRB-))) (VP (VBZ shows) (SBAR (IN that) (FRAG (PP (IN among) (NP (NP (NNS students)) (SBAR (WHNP (WP who)) (S (VP (VBP find) (ADJP (JJ metacommunicating) (PP (IN in) (S (VP (VBG mentoring) (ADJP (JJ important)))))) (, ,) (S (NP (NP (QP (XS (RB only) (IN around)) (DT half))) (PP (IN of) (NP (NP (DT the) (NNS students)) (PP (IN in) (NP (NN fact)))))) (VP (VB use) (NP (NP (DT this) (NN kind)) (PP (IN of) (NP (NN communication)))))))))))))) (. .))) "
639,8,9,these,question,"By throwing light on a conversation , these questions can contribute to clarify ambiguities and clear up misunderstandings in the mentorship conversation .","(ROOT (S (PP (IN By) (S (VP (VBG throwing) (NP (NN light)) (PP (IN on) (NP (DT a) (NN conversation)))))) (, ,) (NP (DT these) (NNS questions)) (VP (MD can) (VP (VB contribute) (S (VP (TO to) (VP (VP (VB clarify) (NP (NNS ambiguities))) (CC and) (VP (VB clear) (PRT (RP up)) (NP (NP (NNS misunderstandings)) (PP (IN in) (NP (DT the) (NN mentorship) (NN conversation)))))))))) (. .))) "
640,51,52,that,way,"Below are some examples : * `` I understand that we disagree , but I am certain that I know what you are thinking when ... '' * `` I do n't understand what you mean by ... '' * `` I get a little uncertain when you put it that way . ''","(ROOT (S (S (NP (NNP Below)) (VP (VBP are) (NP (NP (DT some) (NNS examples)) (PRN (: :) (SBAR (X (SYM *)) (S (`` ``) (NP (PRP I)) (VP (VBP understand) (SBAR (IN that) (S (S (NP (PRP we)) (VP (VBP disagree))) (, ,) (CC but) (S (NP (PRP I)) (VP (VBP am) (ADJP (JJ certain) (SBAR (IN that) (S (NP (PRP I)) (VP (VBP know) (SBAR (WHNP (WP what)) (S (NP (PRP you)) (VP (VBP are) (VP (VBG thinking) (NP (WRB when)))))))) (: ...)))))))) ('' '')))) (SBAR (S (SBAR (X (SYM *)) (S (`` ``) (NP (PRP I)) (VP (VBP do) (RB n't) (VP (VB understand) (NP (WP what)))))) (NP (PRP you)) (VP (VBP mean) (PP (IN by)))))))) (: ...) ('' '') (S (X (SYM *)) (NP (`` ``) (PRP I)) (VP (VBP get) (ADJP (ADJP (NP (DT a) (JJ little)) (JJ uncertain)) (SBAR (WHADVP (WRB when)) (S (NP (PRP you)) (VP (VBP put) (S (NP (PRP it)) (NP (DT that) (NN way))))))))) (. .) ('' ''))) "
664,4,5,this,conflict,We had observed this conflict between the child and an assistant .,(ROOT (S (NP (PRP We)) (VP (VBD had) (VP (VBN observed) (NP (NP (DT this) (NN conflict)) (PP (IN between) (NP (NP (DT the) (NN child)) (CC and) (NP (DT an) (NN assistant))))))) (. .))) 
669,19,20,this,mentoring,I tell her that the processing of the relationship to her mother should not be a topic in this mentoring .,(ROOT (S (NP (PRP I)) (VP (VBP tell) (NP (PRP$ her)) (SBAR (IN that) (S (NP (NP (DT the) (NN processing)) (PP (IN of) (NP (NP (DT the) (NN relationship)) (PP (TO to) (NP (PRP$ her) (NN mother)))))) (VP (MD should) (RB not) (VP (VB be) (NP (NP (DT a) (NN topic)) (PP (IN in) (NP (DT this) (NN mentoring))))))))) (. .))) 
670,4,5,this,relationship,But the way this relationship affects her today is a topic that we can discuss during mentoring '' _ -LRB- Carson and Birkeland 2009 : 99 -RRB- .,(ROOT (S (CC But) (NP (NP (DT the) (NN way)) (SBAR (S (NP (DT this) (NN relationship)) (VP (VBZ affects) (NP (PRP$ her) (NN today)))))) (VP (VBZ is) (NP (DT a) (NN topic)) (SBAR (IN that) (S (NP (PRP we)) (VP (MD can) (VP (VB discuss) (PP (IN during) (NP (NP (NN mentoring) ('' '') (NN _)) (PRN (-LRB- -LRB-) (NP (NNP Carson) (CC and) (NNP Birkeland)) (NP (NP (CD 2009)) (: :) (NP (CD 99))) (-RRB- -RRB-))))))))) (. .))) 
715,2,3,this,way,In this way the mentor is showing that she is listening carefully to the mentee .,(ROOT (S (PP (IN In) (NP (DT this) (NN way))) (NP (DT the) (NN mentor)) (VP (VBZ is) (VP (VBG showing) (SBAR (IN that) (S (NP (PRP she)) (VP (VBZ is) (VP (VBG listening) (ADVP (RB carefully)) (PP (TO to) (NP (DT the) (NN mentee))))))))) (. .))) 
725,3,4,this,definition,"In using this definition as a starting point , Lauvås and Handal -LRB- 2000 -RRB- maintain that paraphrasing is not really about repeating what has been said , but rather understanding and interpreting the meaning behind what has been said .","(ROOT (S (PP (IN In) (S (VP (VBG using) (NP (NP (DT this) (NN definition)) (PP (IN as) (NP (DT a) (VBG starting) (NN point))))))) (, ,) (NP (NP (NNP Lauvås) (CC and) (NNP Handal)) (PRN (-LRB- -LRB-) (NP (CD 2000)) (-RRB- -RRB-))) (VP (VBP maintain) (SBAR (IN that) (S (NP (NN paraphrasing)) (VP (VBZ is) (RB not) (ADVP (RB really)) (PP (IN about) (S (VP (VP (VBG repeating) (SBAR (WHNP (WP what)) (S (VP (VBZ has) (VP (VBN been) (VP (VBN said)))))) (, ,) (FRAG (CONJP (CC but) (RB rather)) (NP (NN understanding)))) (CC and) (VP (VBG interpreting) (NP (DT the) (NN meaning)) (PP (IN behind) (SBAR (WHNP (WP what)) (S (VP (VBZ has) (VP (VBN been) (VP (VBN said))))))))))))))) (. .))) "
743,19,20,this,further,This may for instance be appropriate when the mentee is saying `` I am not capable of explaining this further '' or `` Now I feel that I might be on to something '' -LRB- Lauvås and Handal 2000 -RRB- .,(ROOT (S (NP (DT This)) (VP (MD may) (PP (IN for) (NP (NN instance))) (VP (VB be) (ADJP (JJ appropriate)) (SBAR (WHADVP (WRB when)) (S (NP (DT the) (NN mentee)) (VP (VBZ is) (VP (VBG saying) (S (`` ``) (NP (PRP I)) (VP (VBP am) (RB not) (ADJP (JJ capable) (PP (IN of) (S (VP (VBG explaining) (NP (NP (DT this) (JJ further)) ('' '') (CC or) (NP (`` ``) (FRAG (ADVP (RB Now)) (NP (NP (PRP I)) (SBAR (S (VP (VBP feel) (SBAR (IN that) (S (NP (PRP I)) (VP (MD might) (VP (VB be) (PP (IN on) (PP (TO to) (NP (NN something))))))))))))) ('' '') (PRN (-LRB- -LRB-) (NP (NP (NNP Lauvås)) (CC and) (NP (NNP Handal) (CD 2000))) (-RRB- -RRB-)))))))))))))))) (. .))) 
752,9,10,these,assumption,One starts asking questions to confirm or refute these assumptions .,(ROOT (S (NP (CD One)) (VP (VBZ starts) (S (VP (VBG asking) (NP (NNS questions)) (S (VP (TO to) (VP (VB confirm) (CC or) (VB refute) (NP (DT these) (NNS assumptions)))))))) (. .))) 
769,3,4,this,type,Questions of this type introduce new topics of discussion .,(ROOT (S (NP (NP (NNS Questions)) (PP (IN of) (NP (DT this) (NN type)))) (VP (VB introduce) (NP (NP (JJ new) (NNS topics)) (PP (IN of) (NP (NN discussion))))) (. .))) 
773,3,4,this,kind,Questions of this kind should be open and neutral -LRB- non-leading -RRB- questions .,(ROOT (S (NP (NP (NNS Questions)) (PP (IN of) (NP (DT this) (NN kind)))) (VP (MD should) (VP (VB be) (NP (ADJP (ADJP (JJ open) (CC and) (JJ neutral)) (PRN (-LRB- -LRB-) (ADJP (JJ non-leading)) (-RRB- -RRB-))) (NNS questions)))) (. .))) 
781,5,6,this,scenario,The mentee might in this scenario find it more difficult to open up and would consequently talk less .,(ROOT (S (NP (DT The) (NN mentee)) (VP (VP (MD might) (ADVP (IN in) (NP (DT this) (NN scenario))) (VP (VB find) (S (NP (PRP it)) (ADJP (RBR more) (JJ difficult) (S (VP (TO to) (VP (VB open) (PRT (RP up))))))))) (CC and) (VP (MD would) (ADVP (RB consequently)) (VP (VB talk) (NP (JJR less))))) (. .))) 
801,8,10,these,response,The mentor is showing interest by using these minimum responses .,(ROOT (S (NP (DT The) (NN mentor)) (VP (VBZ is) (VP (VBG showing) (NP (NN interest)) (PP (IN by) (S (VP (VBG using) (NP (DT these) (JJ minimum) (NNS responses))))))) (. .))) 
802,3,4,these,response,"However , these responses should only be used to a degree -- over use could make the mentee doubt that the mentor is paying attention and interested in what she has to say .","(ROOT (S (ADVP (RB However)) (, ,) (NP (DT these) (NNS responses)) (VP (MD should) (ADVP (RB only)) (VP (VB be) (VP (VP (VBN used) (PP (TO to) (NP (NP (DT a) (NN degree)) (: --) (PP (IN over) (NP (NN use))) (SBAR (S (VP (MD could) (VP (VB make) (NP (DT the) (NN mentee) (NN doubt)) (SBAR (IN that) (S (NP (DT the) (NN mentor)) (VP (VBZ is) (VP (VBG paying) (NP (NN attention))))))))))))) (CC and) (VP (JJ interested) (PP (IN in) (SBAR (WHNP (WP what)) (S (NP (PRP she)) (VP (VBZ has) (S (VP (TO to) (VP (VB say)))))))))))) (. .))) "
839,2,3,this,context,"In this context , Rogers maintains that a therapist should possess three qualities : ### Genuineness -LSB- -LSB- edit -RSB- -LRB- / w/index .","(ROOT (S (S (PP (IN In) (NP (DT this) (NN context))) (, ,) (NP (NNP Rogers)) (VP (VBZ maintains) (SBAR (IN that) (S (NP (DT a) (NN therapist)) (VP (MD should) (VP (VB possess) (NP (CD three) (NNS qualities)))))))) (: :) (S (NP (CD ###) (NN Genuineness)) (VP (-LRB- -LSB-) (VP (-LRB- -LSB-) (VB edit) (-RRB- -RSB-) (-LRB- -LRB-) (PP (: /) (NP (NN w/index)))))) (. .))) "
843,17,18,this,kind,In a video interview Rogers asks if it is at all possible to be genuine in this kind of setting .,(ROOT (S (PP (IN In) (NP (DT a) (NN video) (NN interview))) (NP (NNP Rogers)) (VP (VBZ asks) (SBAR (IN if) (S (NP (PRP it)) (VP (VBZ is) (ADVP (IN at) (DT all)) (ADJP (JJ possible) (S (VP (TO to) (VP (VB be) (ADJP (JJ genuine) (PP (IN in) (NP (NP (DT this) (NN kind)) (PP (IN of) (NP (NN setting)))))))))))))) (. .))) 
852,10,11,this,esteem,The therapist should not judge wether the client deserves this esteem .,(ROOT (S (NP (DT The) (NN therapist)) (VP (MD should) (RB not) (VP (VB judge) (SBAR (IN wether) (S (NP (DT the) (NN client)) (VP (VBZ deserves) (NP (DT this) (NN esteem))))))) (. .))) 
858,41,42,this,understanding,"php?title = Mentor_teacher / Active_listening & action = edit & section = T-10 -RRB- -RSB- The therapist must , in an empathetic manner , be able to recognize the client 's feelings and points of view , and subsequently communicate this understanding back to the client .","(ROOT (S (NP (NP (NN php?title) (JJ =) (NN Mentor_teacher)) (PRN (: /) (S (NP (NNP Active_listening)) (NP (CC &) (NP (NN action) (JJ =) (NN edit)) (CC &) (NP (NN section) (JJ =) (NN T-10)))) (-RRB- -RRB-))) (VP (-RRB- -RSB-) (SBAR (S (NP (DT The) (NN therapist)) (VP (VP (MD must) (, ,) (PP (IN in) (NP (DT an) (JJ empathetic) (NN manner))) (, ,) (VP (VB be) (ADJP (JJ able) (S (VP (TO to) (VP (VB recognize) (NP (NP (NP (DT the) (NN client) (POS 's)) (NNS feelings) (CC and) (NNS points)) (PP (IN of) (NP (NN view)))))))))) (, ,) (CC and) (VP (ADVP (RB subsequently)) (VBP communicate) (NP (DT this) (NN understanding)) (PRT (RB back)) (PP (TO to) (NP (DT the) (NN client)))))))) (. .))) "
872,48,49,this,approach,"-LSB- -RSB- -LRB- / / bits.wikimedia.org/static-1.22wmf18/skins/common/images/magnify-clip.png -RRB- Aktive listening has been criticized for being `` parrot-communication '' According to Bjørndal -LRB- 2011 -RRB- , in the early stages of Roger 's career , he took a skills approach to empathy , but eventually he distanced himself from this approach .","(ROOT (S (S (-LRB- -LSB-) (SBAR (-RRB- -RSB-) (PRN (-LRB- -LRB-) (PP (: /) (NP (: /) (NN bits.wikimedia.org/static-1.22wmf18/skins/common/images/magnify-clip.png))) (-RRB- -RRB-)) (S (NP (JJ Aktive) (NN listening)) (VP (VBZ has) (VP (VBN been) (VP (VBN criticized) (PP (IN for) (S (VP (VBG being) (NP (`` ``) (NN parrot-communication) ('' ''))))) (PP (VBG According) (PP (TO to) (NP (NP (NNP Bjørndal)) (PRN (-LRB- -LRB-) (NP (CD 2011)) (-RRB- -RRB-)) (, ,) (PP (IN in) (NP (NP (DT the) (JJ early) (NNS stages)) (PP (IN of) (NP (NP (NNP Roger) (POS 's)) (NN career))))))))))))) (, ,) (NP (PRP he)) (VP (VBD took) (SBAR (S (NP (DT a) (NNS skills)) (VP (VBP approach) (PP (TO to) (NP (NN empathy)))))))) (, ,) (CC but) (S (ADVP (RB eventually)) (NP (PRP he)) (VP (VBD distanced) (NP (PRP himself)) (PP (IN from) (NP (DT this) (NN approach))))) (. .))) "
878,19,20,these,attitude,This approach to empathy emphasizes the importance of being conscious about one 's own attitudes and the consequences these attitudes might have for the meeting with the mentee -LRB- Bjørndal 2011 -RRB- .,(ROOT (S (NP (NP (DT This) (NN approach)) (PP (TO to) (NP (NN empathy)))) (VP (VBZ emphasizes) (NP (NP (DT the) (NN importance)) (PP (IN of) (S (VP (VBG being) (ADJP (JJ conscious) (PP (IN about) (NP (NP (NP (CD one) (POS 's)) (JJ own) (NNS attitudes)) (CC and) (NP (NP (NP (DT the) (NNS consequences)) (SBAR (S (NP (DT these) (NNS attitudes)) (VP (MD might) (VP (VB have) (PP (IN for) (NP (NP (DT the) (NN meeting)) (PP (IN with) (NP (DT the) (NN mentee)))))))))) (-LRB- -LRB-) (NP (JJ Bjørndal) (CD 2011)) (-RRB- -RRB-)))))))))) (. .))) 
938,9,11,these,value,The mentee can achieve an increased understanding of these core values when asked to justify and explain her own actions .,(ROOT (S (NP (DT The) (NN mentee)) (VP (MD can) (VP (VB achieve) (NP (NP (DT an) (VBN increased) (NN understanding)) (PP (IN of) (NP (DT these) (NN core) (NNS values)))) (SBAR (WHADVP (WRB when)) (S (VP (VBN asked) (S (VP (TO to) (VP (VB justify) (CC and) (VB explain) (NP (PRP$ her) (JJ own) (NNS actions)))))))))) (. .))) 
1016,8,9,this,model,"Similar to a traditional teacher-student relationship , this model is based on one-way communication .","(ROOT (S (NP (NP (JJ Similar)) (PP (TO to) (NP (NP (DT a) (JJ traditional) (JJ teacher-student) (NN relationship)) (, ,) (NP (DT this) (NN model))))) (VP (VBZ is) (VP (VBN based) (PP (IN on) (NP (JJ one-way) (NN communication))))) (. .))) "
1025,5,6,these,community,"Mentoring is continuous in these communities , but is not considered an activity on its own .","(ROOT (S (NP (NN Mentoring)) (VP (VP (VBZ is) (ADJP (JJ continuous) (PP (IN in) (NP (DT these) (NNS communities))))) (, ,) (CC but) (VP (VBZ is) (RB not) (VP (VBN considered) (NP (NP (DT an) (NN activity)) (PP (IN on) (NP (PRP$ its) (JJ own))))))) (. .))) "
1049,10,11,this,theory,Jean Lave and Etienne Wenger -LRB- 1991 -RRB- developed this theory by studying how craftsmen in african societies learn .,(ROOT (S (NP (NP (NP (NNP Jean) (NNP Lave)) (CC and) (NP (NNP Etienne) (NNP Wenger))) (PRN (-LRB- -LRB-) (NP (CD 1991)) (-RRB- -RRB-))) (VP (VBD developed) (NP (DT this) (NN theory)) (PP (IN by) (S (VP (VBG studying) (SBAR (WHADVP (WRB how)) (S (NP (NP (NNS craftsmen)) (PP (IN in) (NP (JJ african) (NNS societies)))) (VP (VBP learn)))))))) (. .))) 
1075,14,15,this,form,"According to Skagen -LRB- 2004:19 -RRB- , Donald Schön rejects the notion that this form of apprenticeship simply means copying someone else 's actions .","(ROOT (S (PP (VBG According) (PP (TO to) (NP (NP (NNP Skagen)) (PRN (-LRB- -LRB-) (NP (CD 2004:19)) (-RRB- -RRB-))))) (, ,) (NP (NNP Donald) (NNP Schön)) (VP (VBZ rejects) (NP (DT the) (NN notion)) (SBAR (IN that) (S (NP (NP (DT this) (NN form)) (PP (IN of) (NP (NN apprenticeship)))) (ADVP (RB simply)) (VP (VBZ means) (NP (NP (NP (NN copying) (NN someone)) (ADJP (RB else)) (POS 's)) (NNS actions)))))) (. .))) "
1076,8,9,these,experience,He argues that the novice instead uses these experiences to develop her own work style .,(ROOT (S (NP (PRP He)) (VP (VBZ argues) (SBAR (IN that) (S (NP (DT the) (NN novice)) (ADVP (RB instead)) (VP (VBZ uses) (S (NP (DT these) (NNS experiences)) (VP (TO to) (VP (VB develop) (NP (PRP$ her) (JJ own) (NN work) (NN style))))))))) (. .))) 
1077,15,16,these,process,"Schön uses the terms reflective imitation , imitative reconstruction and selective reconstruction to describe these processes .","(ROOT (S (NP (NNP Schön)) (VP (VBZ uses) (S (NP (NP (DT the) (NNS terms)) (ADJP (JJ reflective) (NP-TMP (NP (NN imitation)) (, ,) (NP (JJ imitative) (NN reconstruction)) (CC and) (NP (JJ selective) (NN reconstruction))))) (VP (TO to) (VP (VB describe) (NP (DT these) (NNS processes)))))) (. .))) "
1081,22,23,these,premise,"She believes that she will learn a great deal by following the mentor 's ideas , and decides to participate on these premises .","(ROOT (S (NP (PRP She)) (VP (VP (VBZ believes) (SBAR (IN that) (S (NP (PRP she)) (VP (MD will) (VP (VB learn) (NP (DT a) (JJ great) (NN deal)) (PP (IN by) (S (VP (VBG following) (NP (NP (DT the) (NN mentor) (POS 's)) (NNS ideas)))))))))) (, ,) (CC and) (VP (VBZ decides) (S (VP (TO to) (VP (VB participate) (PP (IN on) (NP (DT these) (NNS premises)))))))) (. .))) "
1087,18,20,this,mentor,"** Personal narrative no. 2 : ** Another architecture student , Judith , has greater issues with this same mentor .","(ROOT (S (FRAG (FRAG (X (X (SYM **)) (NP (NP (NNP Personal)) (NP (JJ narrative) (NN no.)))) (NP (CD 2))) (: :) (FRAG (X (SYM **)) (NP (DT Another) (NN architecture) (NN student)))) (, ,) (NP (NNP Judith) (, ,)) (VP (VBZ has) (NP (NP (JJR greater) (NNS issues)) (PP (IN with) (NP (DT this) (JJ same) (NN mentor))))) (. .))) "
1122,17,18,this,thinking,"The didactic model of Hiim and Hippe -LSB- 4 -RSB- , for instance , builds on this thinking .","(ROOT (S (NP (NP (DT The) (JJ didactic) (NN model)) (PP (IN of) (NP (NNP Hiim) (CC and) (NNP Hippe)))) (VP (-LRB- -LSB-) (SBAR (S (NP (NP (CD 4) (-RRB- -RSB-)) (, ,) (PP (IN for) (NP (NN instance))) (, ,)) (VP (VBZ builds) (PP (IN on) (NP (DT this) (NN thinking))))))) (. .))) "
1123,4,5,this,type,"Taking place within this type of pedagogical regime , Skagen -LRB- 2004 : 125-126 -RRB- is of the opinion that mentoring has become one-sided .","(ROOT (S (S (VP (VBG Taking) (NP (NN place)) (PP (IN within) (NP (NP (DT this) (NN type)) (PP (IN of) (NP (JJ pedagogical) (NN regime))))))) (, ,) (NP (NP (NNP Skagen)) (PRN (-LRB- -LRB-) (NP (NP (CD 2004)) (: :) (NP (CD 125-126))) (-RRB- -RRB-))) (VP (VBZ is) (PP (IN of) (NP (NP (DT the) (NN opinion)) (SBAR (WHNP (WDT that)) (S (NP (NN mentoring)) (VP (VBZ has) (VP (VBN become) (S (ADJP (JJ one-sided)))))))))) (. .))) "
1162,3,4,these,party,"Not all these parties participate directly in the mentoring , but they all can influence how the mentoring is organized -LRB- cf. Bronfenbrenner -RRB- .","(ROOT (S (S (FRAG (RB Not) (NP (DT all))) (NP (DT these) (NNS parties)) (VP (VBP participate) (ADVP (RB directly)) (PP (IN in) (NP (DT the) (NN mentoring))))) (, ,) (CC but) (S (NP (PRP they)) (ADVP (DT all)) (VP (MD can) (VP (VB influence) (SBAR (WHADVP (WRB how)) (S (NP (DT the) (NN mentoring)) (VP (VBZ is) (ADJP (VBN organized) (PRN (-LRB- -LRB-) (S (VP (VB cf.) (NP (NNP Bronfenbrenner)))) (-RRB- -RRB-))))))))) (. .))) "
1223,17,18,these,question,php?title = Mentor_teacher / Systemic_mentoring & action = edit & section = T-7 -RRB- -RSB- With these questions we consider the ways that different people react to new situations .,(ROOT (S (NP (NP (NN php?title) (JJ =) (NN Mentor_teacher)) (PRN (: /) (S (NP (NNP Systemic_mentoring)) (NP (CC &) (NP (NN action) (JJ =) (NN edit)) (CC &) (NP (NN section) (JJ =) (NN T-7)))) (-RRB- -RRB-))) (-RRB- -RSB-) (PP (IN With) (NP (DT these) (NNS questions))) (NP (PRP we)) (VP (VBP consider) (NP (NP (DT the) (NNS ways)) (SBAR (WHNP (WDT that) (JJ different) (NNS people)) (S (VP (VBP react) (PP (TO to) (NP (JJ new) (NNS situations)))))))) (. .))) 
1223,23,25,that,people,php?title = Mentor_teacher / Systemic_mentoring & action = edit & section = T-7 -RRB- -RSB- With these questions we consider the ways that different people react to new situations .,(ROOT (S (NP (NP (NN php?title) (JJ =) (NN Mentor_teacher)) (PRN (: /) (S (NP (NNP Systemic_mentoring)) (NP (CC &) (NP (NN action) (JJ =) (NN edit)) (CC &) (NP (NN section) (JJ =) (NN T-7)))) (-RRB- -RRB-))) (-RRB- -RSB-) (PP (IN With) (NP (DT these) (NNS questions))) (NP (PRP we)) (VP (VBP consider) (NP (NP (DT the) (NNS ways)) (SBAR (WHNP (WDT that) (JJ different) (NNS people)) (S (VP (VBP react) (PP (TO to) (NP (JJ new) (NNS situations)))))))) (. .))) 
1226,2,3,these,question,All these questions contribute to eliciting information that could give the mentee a wider and more complex picture of her activity .,(ROOT (S (NP (DT All) (DT these) (NNS questions)) (VP (VBP contribute) (PP (TO to) (NP (VBG eliciting) (NN information) (SBAR (WHNP (WDT that)) (S (VP (MD could) (VP (VB give) (NP (DT the) (NN mentee)) (NP (NP (DT a) (ADJP (ADJP (JJR wider)) (CC and) (ADJP (RBR more) (JJ complex))) (NN picture)) (PP (IN of) (NP (PRP$ her) (NN activity))))))))))) (. .))) 
1241,17,18,these,question,php?title = Mentor_teacher / Systemic_mentoring & action = edit & section = T-10 -RRB- -RSB- In these questions about the future we encourage the mentee to consider alternative options .,(ROOT (S (NP (NP (NN php?title) (JJ =) (NN Mentor_teacher)) (PRN (: /) (S (NP (NNP Systemic_mentoring)) (NP (CC &) (NP (NN action) (JJ =) (NN edit)) (CC &) (NP (NN section) (JJ =) (NN T-10)))) (-RRB- -RRB-))) (-RRB- -RSB-) (PP (IN In) (NP (NP (DT these) (NNS questions)) (PP (IN about) (NP (DT the) (NN future))))) (NP (PRP we)) (VP (VBP encourage) (S (NP (DT the) (NN mentee)) (VP (TO to) (VP (VB consider) (NP (JJ alternative) (NNS options)))))) (. .))) 
1264,3,4,this,alliance,I saw this alliance as a threat to me as leader .,(ROOT (S (NP (PRP I)) (VP (VBD saw) (NP (DT this) (NN alliance)) (PP (IN as) (NP (NP (DT a) (NN threat)) (PP (TO to) (NP (PRP me))))) (PP (IN as) (NP (NN leader)))) (. .))) 
1311,3,4,these,change,"When making these changes , employees will understand what is important in the organization , what creates a good life , happiness , development and freedom -LRB- Ludema , Cooperrider & Barrett 2006 -RRB- .","(ROOT (S (SBAR (WHADVP (WRB When)) (S (VP (VBG making) (NP (DT these) (NNS changes))))) (, ,) (NP (NNS employees)) (VP (MD will) (VP (VB understand) (SBAR (WHNP (WP what)) (S (VP (VBZ is) (ADJP (JJ important) (PP (IN in) (NP (NP (DT the) (NN organization)) (, ,) (SBAR (WHNP (WDT what)) (S (VP (VBZ creates) (NP (NP (DT a) (JJ good) (NN life) (, ,) (NN happiness) (, ,) (NN development) (CC and) (NN freedom)) (PRN (-LRB- -LRB-) (NP (NP (NP (NN Ludema)) (, ,) (NP (NNP Cooperrider) (CC &) (NNP Barrett))) (NP (CD 2006))) (-RRB- -RRB-)))))))))))))) (. .))) "
1323,3,5,this,collection,Common for this data collection is the search for positive stories .,(ROOT (S (NP (NP (JJ Common)) (PP (IN for) (NP (DT this) (NNS data) (NN collection)))) (VP (VBZ is) (NP (NP (DT the) (NN search)) (PP (IN for) (NP (JJ positive) (NNS stories))))) (. .))) 
1325,4,5,these,story,"And by bringing these stories forward , and with them our experiences , we will be able to create a common experience base around what we value and what energizes us in our daily lives .","(ROOT (S (CC And) (PP (IN by) (S (VP (VBG bringing) (NP (NP (DT these) (NNS stories)) (UCP (ADVP (RB forward)) (, ,) (CC and) (PP (IN with) (NP (PRP them))))) (NP (PRP$ our) (NNS experiences))))) (, ,) (NP (PRP we)) (VP (MD will) (VP (VB be) (ADJP (JJ able) (S (VP (TO to) (VP (VB create) (NP (DT a) (JJ common) (NN experience) (NN base)) (PP (IN around) (SBAR (WHNP (WP what)) (S (S (NP (PRP we)) (NP (NN value))) (CC and) (S (NP (WP what)) (VP (VBZ energizes) (NP (PRP us)) (PP (IN in) (NP (PRP$ our) (JJ daily) (NNS lives)))))))))))))) (. .))) "
1329,6,7,this,process,"When listening to employees during this process , we try to identify and explore energizing aspects of their stories .","(ROOT (S (SBAR (WHADVP (WRB When)) (S (VP (VBG listening) (PP (TO to) (NP (NNS employees))) (PP (IN during) (NP (DT this) (NN process)))))) (, ,) (NP (PRP we)) (VP (VBP try) (S (VP (TO to) (VP (VB identify) (CC and) (VB explore) (NP (NP (VBG energizing) (NNS aspects)) (PP (IN of) (NP (PRP$ their) (NNS stories)))))))) (. .))) "
1339,2,3,this,phase,In this phase the organization 's employees make an attempt at creating relations and systems that can support the desired development .,(ROOT (S (PP (IN In) (NP (DT this) (NN phase))) (NP (NP (DT the) (NN organization) (POS 's)) (NNS employees)) (VP (VBP make) (NP (DT an) (NN attempt)) (PP (IN at) (S (VP (VBG creating) (NP (NP (NNS relations) (CC and) (NNS systems)) (SBAR (WHNP (WDT that)) (S (VP (MD can) (VP (VB support) (NP (DT the) (VBN desired) (NN development))))))))))) (. .))) 
1340,4,5,this,phase,The purpose of this phase is to define a vision and what is needed to realize this vision .,(ROOT (S (NP (NP (DT The) (NN purpose)) (PP (IN of) (NP (DT this) (NN phase)))) (VP (VBZ is) (SBAR (SBAR (S (VP (TO to) (VP (VB define) (NP (DT a) (NN vision)))))) (CC and) (SBAR (WHNP (WP what)) (S (VP (VBZ is) (VP (VBN needed) (S (VP (TO to) (VP (VB realize) (NP (DT this) (NN vision))))))))))) (. .))) 
1340,17,18,this,vision,The purpose of this phase is to define a vision and what is needed to realize this vision .,(ROOT (S (NP (NP (DT The) (NN purpose)) (PP (IN of) (NP (DT this) (NN phase)))) (VP (VBZ is) (SBAR (SBAR (S (VP (TO to) (VP (VB define) (NP (DT a) (NN vision)))))) (CC and) (SBAR (WHNP (WP what)) (S (VP (VBZ is) (VP (VBN needed) (S (VP (TO to) (VP (VB realize) (NP (DT this) (NN vision))))))))))) (. .))) 
1346,4,5,this,phase,More benefits in this phase are realized based on the amount of effective and creative tools for evaluation and development that have been identified .,(ROOT (S (ADVP (RBR More) (NP (NNS benefits))) (PP (IN in) (NP (DT this) (NN phase))) (VP (VBP are) (VP (VBN realized) (PP (VBN based) (PP (IN on) (NP (NP (DT the) (NN amount)) (PP (IN of) (NP (ADJP (JJ effective) (CC and) (JJ creative)) (NNS tools)))))))) (PP (IN for) (NP (NP (NN evaluation) (CC and) (NN development)) (SBAR (WHNP (WDT that)) (S (VP (VBP have) (VP (VBN been) (VP (VBN identified)))))))) (. .))) 
1388,17,20,these,exam,The transposition of a word for transport to a name for a teacher came about for these 19th century exam preparation teachers due to the students ' conception that they were being driven through the examinations or were able to ride through the examinations on a coach with the help of their prep teachers .,(ROOT (S (NP (NP (DT The) (NN transposition)) (PP (IN of) (NP (NP (DT a) (NN word)) (PP (IN for) (NP (NP (NN transport)) (PP (TO to) (NP (NP (DT a) (NN name)) (PP (IN for) (NP (DT a) (NN teacher)))))))))) (VP (VP (VBD came) (ADVP (IN about) (PP (IN for) (NP (DT these) (JJ 19th) (NN century) (NN exam)))) (NP (NP (NN preparation) (NNS teachers)) (ADJP (JJ due) (PP (TO to) (NP (NP (DT the) (NNS students) (POS ')) (NN conception))))) (SBAR (IN that) (S (NP (PRP they)) (VP (VBD were) (VP (VBG being) (VP (VBN driven) (PP (IN through) (NP (DT the) (NNS examinations))))))))) (CC or) (VP (VBD were) (ADJP (JJ able) (S (VP (TO to) (VP (VB ride) (PP (IN through) (NP (NP (DT the) (NNS examinations)) (PP (IN on) (NP (DT a) (NN coach))))))))) (PP (IN with) (NP (NP (DT the) (NN help)) (PP (IN of) (NP (PRP$ their) (JJ prep) (NNS teachers))))))) (. .))) 
1405,3,5,this,state,"To reach this productive state we should not analyze our actions , but rather create images of ourselves performing good actions .","(ROOT (S (S (VP (TO To) (VP (VB reach) (NP (DT this) (JJ productive) (NN state))))) (NP (PRP we)) (VP (MD should) (RB not) (VP (VP (VB analyze) (NP (PRP$ our) (NNS actions))) (, ,) (CONJP (CC but) (RB rather)) (VP (VB create) (NP (NP (NNS images)) (PP (IN of) (S (NP (PRP ourselves)) (VP (VBG performing) (NP (JJ good) (NNS actions))))))))) (. .))) "
1407,20,21,this,observation,"This requires us to separate between an observation of our actions on one side , and an evaluation of this observation on the other .","(ROOT (S (NP (DT This)) (VP (VBZ requires) (S (NP (PRP us)) (VP (TO to) (VP (VB separate) (PP (IN between) (NP (NP (DT an) (NN observation)) (PP (IN of) (NP (NP (NP (PRP$ our) (NNS actions)) (PP (IN on) (NP (CD one) (NN side)))) (, ,) (CC and) (NP (NP (DT an) (NN evaluation)) (PP (IN of) (NP (NP (DT this) (NN observation)) (PP (IN on) (NP (DT the) (JJ other)))))))))))))) (. .))) "
1443,24,25,that,optimum,"According to Merleau-Ponty , `` when one 's situation deviates from some optimal body-environment relationship , one 's activity takes one closer to that optimum and thereby relieves the `` tension '' of the deviation .","(ROOT (S (PP (VBG According) (PP (TO to) (NP (NNP Merleau-Ponty)))) (, ,) (`` ``) (SBAR (WHADVP (WRB when)) (S (NP (NP (NN one) (POS 's)) (NN situation)) (VP (VBZ deviates) (PP (IN from) (NP (DT some) (JJ optimal) (NN body-environment) (NN relationship)))))) (, ,) (NP (NP (CD one) (POS 's)) (NN activity)) (VP (VP (VBZ takes) (ADVP (NP (CD one)) (JJR closer)) (PP (TO to) (NP (DT that) (NN optimum)))) (CC and) (VP (ADVP (RB thereby)) (VBZ relieves) (NP (NP (DT the) (`` ``) (NN tension) ('' '')) (PP (IN of) (NP (DT the) (NN deviation)))))) (. .))) "
1444,15,16,that,optimum,"One does not need to know , nor can one normally express , what that optimum is .","(ROOT (S (S (S (NP (CD One)) (VP (VBZ does) (RB not) (VP (VB need) (S (VP (TO to) (VP (VB know))))))) (, ,) (CC nor) (SQ (MD can) (NP (PRP one)) (VP (ADVP (RB normally)) (VBP express)))) (, ,) (SBAR (WHNP (WHNP (WP what)) (NP (WDT that) (NN optimum))) (S (VP (VBZ is)))) (. .))) "
1479,14,15,this,page,php?title = Mentor_teacher / Print_version & action = info -RRB- * -LSB- Cite this page -RSB- -LRB- / w/index .,(ROOT (S (VP (NN php?title) (NP (NP (NP (JJ =) (NN Mentor_teacher)) (PRN (: /) (NP (NP (NNP Print_version)) (CC &) (NP (NN action) (JJ =) (NN info))) (-RRB- -RRB-))) (X (SYM *))) (S (VP (-LRB- -LSB-) (VP (VB Cite) (S (NP (DT this) (NN page)) (NP (NP (-RRB- -RSB-)) (-LRB- -LRB-) (PP (: /) (NP (NN w/index))))))))) (. .))) 
1485,3,4,this,site,"By using this site , you agree to the -LSB- Terms of Use -RSB- -LRB- / / wikimediafoundation.org/wiki/Terms_of_Use -RRB- and -LSB- Privacy Policy . -RSB-","(ROOT (S (PP (IN By) (S (VP (VBG using) (NP (DT this) (NN site))))) (, ,) (NP (PRP you)) (VP (VBP agree) (PP (PP (TO to) (NP (NP (DT the) (-LRB- -LSB-) (NNS Terms)) (PP (IN of) (NP (NP (NN Use) (-RRB- -RSB-)) (PRN (-LRB- -LRB-) (NP (: /) (: /) (NN wikimediafoundation.org/wiki/Terms_of_Use)) (-RRB- -RRB-)))))) (CC and) (PP (-LRB- -LSB-) (NP (NNP Privacy) (NNP Policy))))) (. .) (-RRB- -RSB-))) "
