2,7,8,this,page,-LSB- Unreviewed changes are displayed on this page -RSB- -LRB- / / bits.wikimedia.org/static-1.22wmf19/extensions/FlaggedRevs/frontend/modules/img/1.png -RRB- This page may need to be -LSB- reviewed -RSB- -LRB- / wiki/Wikibooks : REVIEW -RRB- for quality .,(ROOT (S (SBAR (-LRB- -LSB-) (S (NP (JJ Unreviewed) (NNS changes)) (VP (VBP are) (VP (VBN displayed) (PP (IN on) (NP (DT this) (NN page) (-RRB- -RSB-))))))) (PRN (-LRB- -LRB-) (VP (: /) (NP (: /) (NN bits.wikimedia.org/static-1.22wmf19/extensions/FlaggedRevs/frontend/modules/img/1.png))) (-RRB- -RRB-)) (NP (DT This) (NN page)) (VP (MD may) (VP (VB need) (S (VP (TO to) (VP (VB be) (VP (-LRB- -LSB-) (VP (VBN reviewed) (NP (NP (NP (-RRB- -RSB-)) (PRN (-LRB- -LRB-) (NP (NP (: /) (NNS wiki/Wikibooks)) (: :) (NP (NNP REVIEW))) (-RRB- -RRB-))) (PP (IN for) (NP (NN quality))))))))))) (. .))) 
20,8,9,these,plan,"He gave his life to make real these plans , while others made fortunes with his -LSB- inventions -RSB- -LRB- / / en.wikipedia.org/wiki/invention -RRB- .","(ROOT (S (NP (PRP He)) (VP (VBD gave) (NP (PRP$ his) (NN life) (S (VP (TO to) (VP (VB make) (NP (NP (NP (JJ real) (DT these) (NNS plans)) (, ,) (SBAR (IN while) (S (NP (NNS others)) (VP (VBD made) (NP (NNS fortunes)) (PP (IN with) (NP (PRP$ his) (-LRB- -LSB-) (NNS inventions)))))) (-RRB- -RSB-)) (PRN (-LRB- -LRB-) (NP (: /) (: /) (NN en.wikipedia.org/wiki/invention)) (-RRB- -RRB-)))))))) (. .))) "
84,13,14,that,period,The audible sounds were of the quality of the telephones diaphragms of that period of time .,(ROOT (S (NP (DT The) (JJ audible) (NNS sounds)) (VP (VBD were) (PP (IN of) (NP (NP (DT the) (NN quality)) (PP (IN of) (NP (NP (DT the) (NNS telephones) (NNS diaphragms)) (PP (IN of) (NP (NP (DT that) (NN period)) (PP (IN of) (NP (NN time)))))))))) (. .))) 
89,7,8,this,time,Tesla suffered a nervous breakdown during this time .,(ROOT (S (NP (NNP Tesla)) (VP (VBD suffered) (NP (DT a) (JJ nervous) (NN breakdown)) (PP (IN during) (NP (DT this) (NN time)))) (. .))) 
147,4,5,this,type,His innovations in this type of light emission were not regularly patented .,(ROOT (S (NP (NP (PRP$ His) (NNS innovations)) (PP (IN in) (NP (NP (DT this) (NN type)) (PP (IN of) (NP (JJ light) (NN emission)))))) (VP (VBD were) (RB not) (VP (ADVP (RB regularly)) (VBN patented))) (. .))) 
159,3,4,this,location,"He chose this location primarily because of the frequent thunderstorms , the high altitude -LRB- where the air , being at a lower pressure , had a lower dielectric breakdown strength , making it easier to ionize -RRB- , and the dryness of the air -LRB- minimizing leakage of electric charge through insulators -RRB- .","(ROOT (S (NP (PRP He)) (VP (VBD chose) (NP (DT this) (NN location)) (PP (ADVP (RB primarily)) (IN because) (IN of) (NP (NP (NP (DT the) (JJ frequent) (NNS thunderstorms)) (, ,) (NP (DT the) (JJ high) (NN altitude)) (PRN (-LRB- -LRB-) (SBAR (WHADVP (WRB where)) (S (NP (DT the) (NN air)) (, ,) (S (VP (VBG being) (PP (IN at) (NP (DT a) (JJR lower) (NN pressure))))) (, ,) (VP (VBD had) (NP (DT a) (JJR lower) (JJ dielectric) (NN breakdown) (NN strength)) (, ,) (S (VP (VBG making) (S (NP (PRP it)) (ADJP (JJR easier) (S (VP (TO to) (VP (VB ionize))))))))))) (-RRB- -RRB-))) (, ,) (CC and) (NP (NP (NP (DT the) (NN dryness)) (PP (IN of) (NP (DT the) (NN air)))) (PRN (-LRB- -LRB-) (VP (VBG minimizing) (NP (NP (NN leakage)) (PP (IN of) (NP (JJ electric) (NN charge)))) (PP (IN through) (NP (NNS insulators)))) (-RRB- -RRB-)))))) (. .))) "
191,2,3,this,time,"At this time , Tesla realized that it was possible to transceive power around the globe .","(ROOT (S (PP (IN At) (NP (DT this) (NN time))) (, ,) (NP (NNP Tesla)) (VP (VBD realized) (SBAR (IN that) (S (NP (PRP it)) (VP (VBD was) (ADJP (JJ possible) (PP (TO to) (NP (JJ transceive) (NN power)))) (PP (IN around) (NP (DT the) (NN globe))))))) (. .))) "
199,18,19,this,method,He received patents on wireless that developed -LSB- standing waves -RSB- -LRB- / / en.wikipedia.org/wiki/standing_wave -RRB- by this method .,(ROOT (S (NP (PRP He)) (VP (VBD received) (NP (NP (NNS patents)) (PP (IN on) (NP (NN wireless))) (SBAR (WHNP (WDT that)) (S (VP (VBD developed) (NP (NP (-LRB- -LSB-) (VBG standing) (NNS waves) (-RRB- -RSB-)) (PRN (-LRB- -LRB-) (NP (: /) (: /) (NN en.wikipedia.org/wiki/standing_wave)) (-RRB- -RRB-)) (PP (IN by) (NP (DT this) (NN method))))))))) (. .))) 
201,25,26,this,range,"In the -LSB- 1950s -RSB- -LRB- / / en.wikipedia.org/wiki/1950s -RRB- , researchers confirmed -LSB- resonant frequency -RSB- -LRB- / / en.wikipedia.org/wiki/resonant_frequency -RRB- was in this range -LRB- interesting to note , -LSB- Theta -RSB- -LRB- / / en.wikipedia.org/wiki/Theta -RRB- -LSB- brain waves -RSB- -LRB- / / en.wikipedia.org/wiki/brain_waves -RRB- also cycle in this range -RRB- .","(ROOT (S (PP (IN In) (NP (NP (DT the) (-LRB- -LSB-) (CD 1950s) (-RRB- -RSB-)) (PRN (-LRB- -LRB-) (NP (: /) (: /) (NNS en.wikipedia.org/wiki/1950s)) (-RRB- -RRB-)))) (, ,) (NP (NNS researchers)) (VP (VBD confirmed) (SBAR (S (NP (NP (-LRB- -LSB-) (JJ resonant) (NN frequency) (-RRB- -RSB-)) (PRN (-LRB- -LRB-) (NP (: /) (: /) (NN en.wikipedia.org/wiki/resonant_frequency)) (-RRB- -RRB-))) (VP (VBD was) (PP (IN in) (NP (NP (DT this) (NN range)) (PRN (-LRB- -LRB-) (NP (JJ interesting) (S (VP (TO to) (VP (VB note) (, ,) (-LRB- -LSB-) (S (NP (NNP Theta) (-RRB- -RSB-)) (PRN (-LRB- -LRB-) (PP (: /) (NP (: /) (NN en.wikipedia.org/wiki/Theta))) (-RRB- -RRB-)) (VP (-LRB- -LSB-) (NP (NP (NN brain) (NNS waves)) (PP (-RRB- -RSB-) (PRN (-LRB- -LRB-) (: /) (NX (: /) (NNS en.wikipedia.org/wiki/brain_waves)) (-RRB- -RRB-)) (NP (NP (ADVP (RB also)) (NN cycle)) (PP (IN in) (NP (DT this) (NN range)))))))))))) (-RRB- -RRB-)))))))) (. .))) "
201,52,53,this,range,"In the -LSB- 1950s -RSB- -LRB- / / en.wikipedia.org/wiki/1950s -RRB- , researchers confirmed -LSB- resonant frequency -RSB- -LRB- / / en.wikipedia.org/wiki/resonant_frequency -RRB- was in this range -LRB- interesting to note , -LSB- Theta -RSB- -LRB- / / en.wikipedia.org/wiki/Theta -RRB- -LSB- brain waves -RSB- -LRB- / / en.wikipedia.org/wiki/brain_waves -RRB- also cycle in this range -RRB- .","(ROOT (S (PP (IN In) (NP (NP (DT the) (-LRB- -LSB-) (CD 1950s) (-RRB- -RSB-)) (PRN (-LRB- -LRB-) (NP (: /) (: /) (NNS en.wikipedia.org/wiki/1950s)) (-RRB- -RRB-)))) (, ,) (NP (NNS researchers)) (VP (VBD confirmed) (SBAR (S (NP (NP (-LRB- -LSB-) (JJ resonant) (NN frequency) (-RRB- -RSB-)) (PRN (-LRB- -LRB-) (NP (: /) (: /) (NN en.wikipedia.org/wiki/resonant_frequency)) (-RRB- -RRB-))) (VP (VBD was) (PP (IN in) (NP (NP (DT this) (NN range)) (PRN (-LRB- -LRB-) (NP (JJ interesting) (S (VP (TO to) (VP (VB note) (, ,) (-LRB- -LSB-) (S (NP (NNP Theta) (-RRB- -RSB-)) (PRN (-LRB- -LRB-) (PP (: /) (NP (: /) (NN en.wikipedia.org/wiki/Theta))) (-RRB- -RRB-)) (VP (-LRB- -LSB-) (NP (NP (NN brain) (NNS waves)) (PP (-RRB- -RSB-) (PRN (-LRB- -LRB-) (: /) (NX (: /) (NNS en.wikipedia.org/wiki/brain_waves)) (-RRB- -RRB-)) (NP (NP (ADVP (RB also)) (NN cycle)) (PP (IN in) (NP (DT this) (NN range)))))))))))) (-RRB- -RRB-)))))))) (. .))) "
215,14,15,these,signal,"It is important to recognize that when he says he `` recorded '' these signals , it is meant that he wrote down the data and his impressions of what he had heard .","(ROOT (S (S (NP (PRP It)) (VP (VBZ is) (ADJP (JJ important) (S (VP (TO to) (VP (VB recognize) (NP (NP (DT that)) (SBAR (WHADVP (WRB when)) (S (NP (PRP he)) (VP (VBZ says) (NP (NP (PRP he)) (`` ``) (VP (VBN recorded) ('' '') (NP (DT these) (NNS signals)))))))))))))) (, ,) (NP (PRP it)) (VP (VBZ is) (VP (VBN meant) (SBAR (IN that) (S (NP (PRP he)) (VP (VBD wrote) (PRT (RP down)) (NP (NP (DT the) (NNS data)) (CC and) (NP (NP (PRP$ his) (NNS impressions)) (PP (IN of) (SBAR (WHNP (WP what)) (S (NP (PRP he)) (VP (VBD had) (VP (VBN heard))))))))))))) (. .))) "
226,11,13,this,pretain,The United States Patent Office classification system currently denotes that this patent pretains to superconductivity technology -LRB- Class 505/825 -RRB- .,(ROOT (S (NP (DT The) (NNP United) (NNPS States) (NNP Patent) (NNP Office) (NN classification) (NN system)) (ADVP (RB currently)) (VP (VBZ denotes) (PP (IN that) (NP (DT this) (NN patent) (NNS pretains))) (PP (TO to) (NP (NP (NN superconductivity) (NN technology)) (PRN (-LRB- -LRB-) (NP (NN Class) (CD 505/825)) (-RRB- -RRB-))))) (. .))) 
227,2,3,this,patent,Within this patent it describes the increase intensity and duration of electric oscillations of a -LSB- low temperature -RSB- -LRB- / / en.wikipedia.org/wiki/Cryogenics -RRB- -LSB- resonating -RSB- -LRB- / / en.wikipedia.org/wiki/resonator -RRB- circuit .,(ROOT (S (PP (IN Within) (NP (DT this) (NN patent))) (NP (PRP it)) (VP (VBZ describes) (NP (NP (DT the) (NN increase) (NN intensity) (CC and) (NN duration)) (PP (IN of) (NP (NP (JJ electric) (NNS oscillations)) (PP (IN of) (NP (NP (DT a) (ADJP (-LRB- -LSB-) (JJ low)) (NN temperature) (-RRB- -RSB-)) (PRN (-LRB- -LRB-) (NP (: /) (: /) (NNS en.wikipedia.org/wiki/Cryogenics)) (-RRB- -RRB-))))))) (PP (-LRB- -LSB-) (S (VP (VBG resonating) (NP (-RRB- -RSB-) (PRN (-LRB- -LRB-) (NP (: /) (: /) (NN en.wikipedia.org/wiki/resonator)) (-RRB- -RRB-)) (NN circuit)))))) (. .))) 
248,2,3,this,time,"By this time , Tesla had also designed the Tesla turbine at Wardenclyffe and produced Tesla coils for sale to various businesses .","(ROOT (S (PP (IN By) (NP (DT this) (NN time))) (, ,) (NP (NNP Tesla)) (VP (VBD had) (ADVP (RB also)) (VP (VP (VBN designed) (NP (DT the) (NNP Tesla) (NN turbine)) (PP (IN at) (NP (NNP Wardenclyffe)))) (CC and) (VP (VBD produced) (NP (NNP Tesla) (NNS coils)) (PP (IN for) (NP (NN sale))) (PP (TO to) (NP (JJ various) (NNS businesses)))))) (. .))) "
250,15,16,that,year,The main hall continued to be used for blackface minstrel shows until October of that year .,(ROOT (S (NP (DT The) (JJ main) (NN hall)) (VP (VBD continued) (S (VP (TO to) (VP (VB be) (VP (VBN used) (SBAR (IN for) (S (NP (NN blackface) (NN minstrel)) (VP (VBZ shows) (PP (IN until) (NP (NP (NNP October)) (PP (IN of) (NP (DT that) (NN year))))))))))))) (. .))) 
257,11,12,this,time,The facility 's main building was breached and vandalized around this time .,(ROOT (S (NP (NP (DT The) (NN facility) (POS 's)) (JJ main) (NN building)) (VP (VBD was) (VP (VBN breached) (CC and) (VBN vandalized) (PP (IN around) (NP (DT this) (NN time))))) (. .))) 
258,16,17,this,period,Collapse of the Wardenclyffe project may have contributed to the mental breakdown Tesla experienced during this period .,(ROOT (S (NP (NP (NN Collapse)) (PP (IN of) (NP (DT the) (NNP Wardenclyffe) (NN project)))) (VP (MD may) (VP (VB have) (VP (VBN contributed) (PP (TO to) (NP (NP (DT the) (JJ mental) (NN breakdown)) (SBAR (S (NP (NNP Tesla)) (VP (VBD experienced) (PP (IN during) (NP (DT this) (NN period))))))))))) (. .))) 
260,2,3,this,fire,"In this fire , he lost much of his equipment , notes and documents .","(ROOT (S (PP (IN In) (NP (DT this) (NN fire))) (, ,) (NP (PRP he)) (VP (VBD lost) (NP (NP (RB much)) (PP (IN of) (NP (PRP$ his) (NN equipment) (, ,) (NNS notes) (CC and) (NNS documents))))) (. .))) "
264,9,10,this,day,"However , the main building remains standing to this day .","(ROOT (S (ADVP (RB However)) (, ,) (NP (DT the) (JJ main) (NN building)) (VP (VBZ remains) (S (VP (VBG standing) (PP (TO to) (NP (DT this) (NN day)))))) (. .))) "
278,24,25,this,position,Tesla always disputed the claim that -LSB- Marconi -RSB- -LRB- / / en.wikipedia.org/wiki/Guglielmo_Marconi -RRB- invented radio and he gave a simple reason for this position .,(ROOT (S (NP (NNP Tesla)) (ADVP (RB always)) (VP (VBD disputed) (NP (DT the) (NN claim)) (SBAR (IN that) (S (S (NP (NP (-LRB- -LSB-) (NNP Marconi) (-RRB- -RSB-)) (PRN (-LRB- -LRB-) (NP (: /) (: /) (NNS en.wikipedia.org/wiki/Guglielmo_Marconi)) (-RRB- -RRB-))) (VP (VBN invented) (NP (NN radio)))) (CC and) (S (NP (PRP he)) (VP (VBD gave) (NP (DT a) (JJ simple) (NN reason)) (PP (IN for) (NP (DT this) (NN position)))))))) (. .))) 
283,3,4,this,context,"Seen in this context , some believe that it is Tesla 's lecture and patent record from 1888 onwards that contains the fundamental information on the ' ... great many inventions ... ' that form the basis for modern radio and wireless technology .","(ROOT (S (S (S (VP (VBN Seen) (PP (IN in) (NP (DT this) (NN context))))) (, ,) (NP (DT some)) (VP (VBP believe) (SBAR (IN that) (S (NP (PRP it)) (VP (VBZ is) (NP (NP (NP (NP (NNP Tesla) (POS 's)) (NN lecture)) (CC and) (NP (NN patent) (NN record))) (PP (IN from) (NP (NP (CD 1888) (NNS onwards)) (SBAR (WHNP (WDT that)) (S (VP (VBZ contains) (NP (DT the) (JJ fundamental) (NN information)) (PP (IN on) (NP (NP (DT the)) ('' ') (: ...) (NP (JJ great) (JJ many) (NNS inventions))))))))))))))) (: ...) ('' ') (S (NP (WDT that)) (VP (VBP form) (NP (NP (DT the) (NN basis)) (PP (IN for) (NP (NP (JJ modern) (NN radio)) (CC and) (NP (JJ wireless) (NN technology))))))) (. .))) "
305,2,3,this,time,"At this time , he was staying at the -LSB- Waldorf-Astoria Hotel -RSB- -LRB- / / en.wikipedia.org/wiki/Waldorf-Astoria_Hotel -RRB- , renting in an arrangement for deferred payments .","(ROOT (S (PP (IN At) (NP (DT this) (NN time))) (, ,) (NP (PRP he)) (VP (VBD was) (VP (VP (VBG staying) (PP (IN at) (NP (DT the) (-LRB- -LSB-) (NNP Waldorf-Astoria) (NNP Hotel) (-RRB- -RSB-)))) (PRN (-LRB- -LRB-) (S (VP (: /) (NP (: /) (NN en.wikipedia.org/wiki/Waldorf-Astoria_Hotel)))) (-RRB- -RRB-)) (, ,) (VP (VBG renting) (PP (IN in) (NP (NP (DT an) (NN arrangement)) (PP (IN for) (NP (JJ deferred) (NNS payments)))))))) (. .))) "
308,4,5,this,honor,The irony of this honor was probably not lost on Tesla .,(ROOT (S (NP (NP (DT The) (NN irony)) (PP (IN of) (NP (DT this) (NN honor)))) (VP (VBD was) (ADVP (RB probably)) (RB not) (VP (VBN lost) (PP (IN on) (NP (NNP Tesla))))) (. .))) 
339,45,46,this,world,"Reminiscent of -LSB- Mach 's principle -RSB- -LRB- / / en.wikipedia.org/wiki/Mach%27s_principle -RRB- , Tesla stated in 1925 that , _ There is no thing endowed with life - from man , who is enslaving the elements , to the nimblest creature - in all this world that does not sway in its turn .","(ROOT (S (S (NP (NP (JJ Reminiscent)) (PP (IN of) (NP (NP (NP (-LRB- -LSB-) (NNP Mach) (POS 's)) (NN principle) (-RRB- -RSB-)) (PRN (-LRB- -LRB-) (NP (: /) (: /) (NN en.wikipedia.org/wiki/Mach%27s_principle)) (-RRB- -RRB-)))))) (, ,) (NP (NNP Tesla)) (VP (VBD stated) (PP (IN in) (NP (CD 1925))) (SBAR (IN that) (, ,) (S (NP (NP (CD _)) (NP (EX There))) (VP (VBZ is) (ADJP (NP (DT no) (NN thing)) (JJ endowed) (PP (IN with) (NP (NN life)))) (: -) (PP (IN from) (NP (NP (NN man)) (, ,) (SBAR (WHNP (WP who)) (S (VP (VBZ is) (VP (VBG enslaving) (NP (DT the) (NNS elements))))))))))) (, ,) (PP (PP (TO to) (NP (DT the) (JJS nimblest) (NN creature))) (: -) (PP (IN in) (NP (NP (PDT all) (DT this) (NN world)) (SBAR (WHNP (WDT that)) (S (VP (VBZ does) (RB not) (VP (VB sway) (PP (IN in) (NP (PRP$ its) (NN turn))))))))))) (. .))) "
362,15,16,these,item,Tesla 's Serbian-Orthodox family and the Yugoslav embassy struggled with American authorities to gain these items after his death due to the potential significance of some of his research .,(ROOT (S (NP (NP (NP (NNP Tesla) (POS 's)) (NNP Serbian-Orthodox) (NN family)) (CC and) (NP (DT the) (NNP Yugoslav) (NN embassy))) (VP (VBD struggled) (PP (IN with) (NP (JJ American) (NNS authorities))) (S (VP (TO to) (VP (VB gain) (NP (DT these) (NNS items)) (PP (IN after) (NP (PRP$ his) (NN death))) (PP (JJ due) (TO to) (NP (NP (DT the) (JJ potential) (NN significance)) (PP (IN of) (NP (NP (DT some)) (PP (IN of) (NP (PRP$ his) (NN research))))))))))) (. .))) 
465,14,15,this,page,php?title = Nikola_Tesla / Print_version & action = info -RRB- * -LSB- Cite this page -RSB- -LRB- / w/index .,(ROOT (S (VP (NN php?title) (NP (NP (NP (JJ =) (NN Nikola_Tesla)) (PRN (: /) (NP (NP (NNP Print_version)) (CC &) (NP (NN action) (JJ =) (NN info))) (-RRB- -RRB-))) (X (SYM *))) (S (VP (-LRB- -LSB-) (VP (VB Cite) (S (NP (DT this) (NN page)) (NP (NP (-RRB- -RSB-)) (-LRB- -LRB-) (PP (: /) (NP (NN w/index))))))))) (. .))) 
471,3,4,this,site,"By using this site , you agree to the -LSB- Terms of Use -RSB- -LRB- / / wikimediafoundation.org/wiki/Terms_of_Use -RRB- and -LSB- Privacy Policy . -RSB-","(ROOT (S (PP (IN By) (S (VP (VBG using) (NP (DT this) (NN site))))) (, ,) (NP (PRP you)) (VP (VBP agree) (PP (PP (TO to) (NP (NP (DT the) (-LRB- -LSB-) (NNS Terms)) (PP (IN of) (NP (NP (NN Use) (-RRB- -RSB-)) (PRN (-LRB- -LRB-) (NP (: /) (: /) (NN wikimediafoundation.org/wiki/Terms_of_Use)) (-RRB- -RRB-)))))) (CC and) (PP (-LRB- -LSB-) (NP (NNP Privacy) (NNP Policy))))) (. .) (-RRB- -RSB-))) "
