2,7,8,this,page,-LSB- Unreviewed changes are displayed on this page -RSB- -LRB- / / bits.wikimedia.org/static-1.22wmf19/extensions/FlaggedRevs/frontend/modules/img/1.png -RRB- The -LSB- latest reviewed version -RSB- -LRB- / / en.wikibooks.org/w/index.php?title=Non-Programmer%27s_Tutorial_for_Python_3/Print_version&stable=1 -RRB- was -LSB- checked -RSB- -LRB- / / en.wikibooks.org/w/index.php?title=Special:Log&type=review&page=Non-Programmer%27s_Tutorial_for_Python_3/Print_version -RRB- on _ 20 August 2011 _ .,(ROOT (S (NP (-LRB- -LSB-) (JJ Unreviewed) (NNS changes)) (VP (VBP are) (VP (VBN displayed) (PP (IN on) (NP (NP (DT this) (NN page)) (-RRB- -RSB-) (PRN (-LRB- -LRB-) (NP (: /) (: /) (NN bits.wikimedia.org/static-1.22wmf19/extensions/FlaggedRevs/frontend/modules/img/1.png)) (-RRB- -RRB-)) (NP (DT The) (-LRB- -LSB-)))) (NP-TMP (NP (NP (JJS latest)) (VP (VBN reviewed) (NP (NN version)) (SBAR (-RRB- -RSB-) (S (-LRB- -LRB-) (NP (: /) (: /) (NN en.wikibooks.org/w/index.php?title=Non-Programmer%27s_Tutorial_for_Python_3/Print_version&stable=1)) (-RRB- -RRB-) (VP (VBD was) (-LRB- -LSB-) (VP (VBN checked) (PP (-RRB- -RSB-) (PRN (-LRB- -LRB-) (PP (: /) (NP (: /) (NN en.wikibooks.org/w/index.php?title=Special:Log&type=review&page=Non-Programmer%27s_Tutorial_for_Python_3/Print_version))) (-RRB- -RRB-))) (PP (IN on) (NP (QP (CD _) (CD 20)))) (NP-TMP (NNP August) (CD 2011)))))))) (NP (CD _))))) (. .))) 
33,9,10,this,tutorial,Front matter All example Python source code in this tutorial is granted to the public domain .,(ROOT (S (NP (NP (NN Front) (NN matter)) (NP (DT All) (NN example)) (NP (NP (NNP Python) (NN source) (NN code)) (PP (IN in) (NP (DT this) (NN tutorial))))) (VP (VBZ is) (VP (VBN granted) (PP (TO to) (NP (DT the) (JJ public) (NN domain))))) (. .))) 
35,29,30,this,tutorial,"Since you are expected to learn programming , the Creative Commons Attribution-ShareAlike license would require you to keep all programs that are derived from the source code in this tutorial under that license .","(ROOT (S (SBAR (IN Since) (S (NP (PRP you)) (VP (VBP are) (VP (VBN expected) (S (VP (TO to) (VP (VB learn) (NP (NN programming))))))))) (, ,) (NP (DT the) (NNP Creative) (NNPS Commons) (JJ Attribution-ShareAlike) (NN license)) (VP (MD would) (VP (VB require) (S (NP (PRP you)) (VP (TO to) (VP (VB keep) (NP (NP (DT all) (NNS programs)) (SBAR (WHNP (WDT that)) (S (VP (VBP are) (VP (VBN derived) (PP (IN from) (NP (NP (DT the) (NN source) (NN code)) (PP (IN in) (NP (DT this) (NN tutorial))))) (PP (IN under) (NP (DT that) (NN license))))))))))))) (. .))) "
35,32,33,that,license,"Since you are expected to learn programming , the Creative Commons Attribution-ShareAlike license would require you to keep all programs that are derived from the source code in this tutorial under that license .","(ROOT (S (SBAR (IN Since) (S (NP (PRP you)) (VP (VBP are) (VP (VBN expected) (S (VP (TO to) (VP (VB learn) (NP (NN programming))))))))) (, ,) (NP (DT the) (NNP Creative) (NNPS Commons) (JJ Attribution-ShareAlike) (NN license)) (VP (MD would) (VP (VB require) (S (NP (PRP you)) (VP (TO to) (VP (VB keep) (NP (NP (DT all) (NNS programs)) (SBAR (WHNP (WDT that)) (S (VP (VBP are) (VP (VBN derived) (PP (IN from) (NP (NP (DT the) (NN source) (NN code)) (PP (IN in) (NP (DT this) (NN tutorial))))) (PP (IN under) (NP (DT that) (NN license))))))))))))) (. .))) "
42,7,8,this,tutorial,I welcome questions and comments about this tutorial .,(ROOT (S (NP (PRP I)) (VP (VBP welcome) (NP (NNS questions) (CC and) (NNS comments)) (PP (IN about) (NP (DT this) (NN tutorial)))) (. .))) 
50,5,6,this,tutorial,"As we go through this tutorial , I will attempt to teach you how to program .","(ROOT (S (SBAR (IN As) (S (NP (PRP we)) (VP (VBP go) (PP (IN through) (NP (DT this) (NN tutorial)))))) (, ,) (NP (PRP I)) (VP (MD will) (VP (VB attempt) (S (VP (TO to) (VP (VB teach) (NP (PRP you)) (NP (WRB how)) (PP (TO to) (NP (NN program)))))))) (. .))) "
70,19,20,this,format,"** Josh ** You may pass , Josh -LRB- Some of the tutorial has not been converted to this format .","(ROOT (S (S (X (X (SYM **)) (NP (NNP Josh))) (X (SYM **)) (NP (PRP You)) (VP (MD may) (VP (VB pass)))) (, ,) (NP (NP (NNP Josh)) (-LRB- -LRB-) (PP (NP (DT Some)) (IN of) (NP (DT the) (NN tutorial)))) (VP (VBZ has) (RB not) (VP (VBN been) (VP (VBN converted) (PP (TO to) (NP (DT this) (NN format)))))) (. .))) "
82,19,20,this,tutorial,The most recent version is Python 3.3 ; ** Python 2.7 and older versions will not work with this tutorial ** .,(ROOT (S (S (NP (DT The) (RBS most) (JJ recent) (NN version)) (VP (VBZ is) (NP (NNP Python) (CD 3.3)))) (: ;) (X (X (SYM **)) (NP (NP (NNP Python)) (SBAR (S (NP (NP (CD 2.7) (CC and) (JJR older)) (NNS versions)) (VP (MD will) (RB not) (VP (VB work) (PP (IN with) (NP (NP (DT this) (JJ tutorial)) (X (SYM **)))))))))) (. .))) 
108,16,17,this,computer,**************************************************************** Personal firewall software may warn about the connection IDLE makes to its subprocess using this computer 's internal loopback interface .,(ROOT (S (NP (NP (NNP ****************************************************************) (NNP Personal)) (SBAR (S (NP (NN firewall) (NN software)) (VP (MD may) (VP (VB warn) (PP (IN about) (NP (DT the) (NN connection) (NNP IDLE)))))))) (VP (VBZ makes) (PP (TO to) (NP (NP (PRP$ its) (NN subprocess)) (VP (VBG using) (NP (NP (DT this) (NN computer) (POS 's)) (JJ internal) (NN loopback) (NN interface)))))) (. .))) 
150,7,8,these,document,"There might even be copies of these documents on your computer , which came with your Python installation : * The official -LSB- Python 3 Tutorial -RSB- -LRB- http://www.python.org/doc/3.2/tutorial/index.html -RRB- by Guido van Rossum is often a good starting point for general questions .","(ROOT (S (S (NP (EX There)) (VP (MD might) (ADVP (RB even)) (VP (VB be) (NP (NP (NNS copies)) (PP (IN of) (NP (NP (DT these) (NNS documents)) (PP (IN on) (NP (NP (PRP$ your) (NN computer)) (, ,) (SBAR (WHNP (WDT which)) (S (VP (VBD came) (PP (IN with) (NP (PRP$ your) (NN Python) (NN installation)))))))))))))) (: :) (S (FRAG (X (SYM *)) (NP (DT The) (NN official))) (-LRB- -LSB-) (NP (NP (NP (NN Python) (CD 3) (NN Tutorial) (-RRB- -RSB-)) (PRN (-LRB- -LRB-) (NP (NN http://www.python.org/doc/3.2/tutorial/index.html)) (-RRB- -RRB-))) (PP (IN by) (NP (NNP Guido) (NNP van) (NNP Rossum)))) (VP (VBZ is) (ADVP (RB often)) (NP (NP (DT a) (JJ good) (VBG starting) (NN point)) (PP (IN for) (NP (JJ general) (NNS questions)))))) (. .))) "
160,37,38,these,list,"In order not to reinvent the wheel and discuss the same questions again and again , people will appreciate very much if you _ do a web search for a solution to your problem before contacting these lists !","(ROOT (S (S (PP (IN In) (NP (NN order))) (RB not) (VP (TO to) (VP (VP (VB reinvent) (NP (DT the) (NN wheel))) (CC and) (VP (VB discuss) (NP (DT the) (JJ same) (NNS questions)) (ADVP (RB again) (CC and) (RB again)))))) (, ,) (NP (NNS people)) (VP (MD will) (VP (VB appreciate) (ADVP (ADVP (RB very) (RB much)) (SBAR (IN if) (S (NP (PRP you)) (VP (VBP _) (VP (VB do) (NP (DT a) (NN web) (NN search)) (PP (IN for) (NP (NP (DT a) (NN solution)) (PP (TO to) (NP (PRP$ your) (NN problem))))) (PP (IN before) (S (VP (VBG contacting) (NP (DT these) (NNS lists)))))))))))) (. !))) "
162,15,16,this,chapter,"Hello , World ### What you should know Once you 've read and mastered this chapter , you should know how to edit programs in a text editor or IDLE , save them to the hard disk , and run them once they have been saved .","(ROOT (S (INTJ (UH Hello)) (, ,) (NP (NNP World) (CD ###)) (SBAR (WHNP (WP What)) (S (NP (PRP you)) (VP (MD should) (VP (VB know) (SBAR (RB Once) (S (NP (PRP you)) (VP (VBP 've) (VP (VBN read) (CC and) (VBN mastered) (NP (DT this) (NN chapter)))))))))) (, ,) (NP (PRP you)) (VP (MD should) (VP (VB know) (SBAR (WHADVP (WRB how)) (S (VP (TO to) (VP (VP (VB edit) (NP (NNS programs)) (PP (IN in) (NP (NP (DT a) (NN text) (NN editor)) (CC or) (NP (NN IDLE))))) (, ,) (VP (VB save) (NP (PRP them)) (PP (TO to) (NP (DT the) (JJ hard) (NN disk)))) (, ,) (CC and) (VP (VB run) (NP (PRP them)) (SBAR (IN once) (S (NP (PRP they)) (VP (VBP have) (VP (VBN been) (VP (VBN saved))))))))))))) (. .))) "
166,2,3,this,program,"When this program is run here 's what it prints : Hello , World !","(ROOT (SBAR (WHADVP (WRB When)) (S (S (NP (DT this) (NN program)) (VP (VBZ is) (VP (VBN run) (ADVP (RB here))))) (S (NP (POS 's)) (X (X (WP what)) (NP (NP (PRP it)) (SBAR (S (VP (VBZ prints) (PRN (: :) (FRAG (INTJ (UH Hello)) (, ,) (NP (NNP World))) (. !))))))))))) "
170,4,5,this,program,"When you run this program it prints out : Jack and Jill went up a hill to fetch a pail of water ; Jack fell down , and broke his crown , and Jill came tumbling after .","(ROOT (S (S (SBAR (WHADVP (WRB When)) (S (NP (PRP you)) (VP (VBP run) (NP (DT this) (NN program))))) (NP (PRP it)) (VP (VBZ prints) (PRT (RP out)))) (: :) (S (NP (NNP Jack) (CC and) (NNP Jill)) (VP (VBD went) (PRT (RP up)) (NP (DT a) (NN hill) (S (VP (TO to) (VP (VB fetch) (NP (NP (DT a) (NN pail)) (PP (IN of) (NP (NN water)))))))))) (: ;) (S (NP (NNP Jack)) (VP (VP (VBD fell) (ADVP (RB down))) (, ,) (CC and) (VP (VBD broke) (NP (PRP$ his) (NN crown))))) (, ,) (CC and) (S (NP (NNP Jill)) (VP (VBD came) (S (VP (VBG tumbling) (PP (IN after)))))) (. .))) "
171,5,6,this,program,"When the computer runs this program it first sees the line : print -LRB- `` Jack and Jill went up a hill '' -RRB- so the computer prints : Jack and Jill went up a hill Then the computer goes down to the next line and sees : print -LRB- `` to fetch a pail of water ; '' -RRB- So the computer prints to the screen : to fetch a pail of water ; The computer keeps looking at each line , follows the command and then goes on to the next line .","(ROOT (S (S (SBAR (WHADVP (WRB When)) (S (NP (DT the) (NN computer)) (VP (VBZ runs) (NP (DT this) (NN program))))) (S (NP (PRP it)) (ADVP (RB first)) (VP (VBZ sees) (NP (NP (DT the) (NN line)) (: :) (NP (NP (NN print)) (PRN (-LRB- -LRB-) (`` ``) (S (NP (NNP Jack) (CC and) (NNP Jill)) (VP (VBD went) (PRT (RP up)) (NP (DT a) (NN hill)))) ('' '') (-RRB- -RRB-)))))) (IN so) (S (NP (NP (DT the) (NN computer) (NNS prints)) (: :) (NP (NNP Jack) (CC and) (NNP Jill))) (VP (VBD went) (PRT (RP up)) (NP (NP (NP (DT a) (NN hill)) (SBAR (S (RB Then) (NP (DT the) (NN computer)) (VP (VP (VBZ goes) (ADVP (RB down) (PP (TO to) (NP (DT the) (JJ next) (NN line))))) (CC and) (VP (VBZ sees)))))) (: :) (NP (NP (NN print)) (PRN (-LRB- -LRB-) (`` ``) (S (VP (TO to) (VP (VB fetch) (NP (NP (DT a) (NN pail)) (PP (IN of) (NP (NN water)) (: ;)))))) ('' '') (-RRB- -RRB-))))))) (IN So) (S (NP (NP (DT the) (NN computer) (NNS prints)) (PP (TO to) (NP (NP (DT the) (NN screen)) (: :) (S (VP (TO to) (VP (VB fetch) (NP (NP (NP (DT a) (NN pail)) (PP (IN of) (NP (NN water)))) (: ;) (NP (DT The) (NN computer))))))))) (VP (VP (VBZ keeps) (S (VP (VBG looking) (PP (IN at) (NP (DT each) (NN line)))))) (, ,) (VP (VBZ follows) (NP (DT the) (NN command))) (CC and) (VP (ADVP (RB then)) (VBZ goes) (PP (IN on) (PP (TO to) (NP (DT the) (JJ next) (NN line))))))) (. .))) "
176,3,5,this,print,"So in this example print -LRB- `` Hello , World ! '' -RRB-","(ROOT (FRAG (RB So) (PP (IN in) (NP (NP (DT this) (NN example) (NN print)) (PRN (-LRB- -LRB-) (FRAG (INTJ (`` ``) (UH Hello)) (, ,) (NP (NNP World)) (. !) ('' '')) (-RRB- -RRB-)))))) "
179,3,4,this,argument,Note that this argument is a group of characters enclosed in double quotes -LRB- '' '' -RRB- .,(ROOT (S (VP (VB Note) (SBAR (IN that) (S (NP (DT this) (NN argument)) (VP (VBZ is) (NP (NP (DT a) (NN group)) (PP (IN of) (NP (NP (NNS characters)) (VP (VBN enclosed) (PP (IN in) (NP (NP (JJ double) (NNS quotes)) (PRN (-LRB- -LRB-) (NP ('' '')) ('' '') (-RRB- -RRB-)))))))))))) (. .))) 
188,2,3,this,example,"In this example , the print function is followed by two arguments , with each of the arguments separated by a comma .","(ROOT (S (PP (IN In) (NP (DT this) (NN example))) (, ,) (NP (DT the) (NN print) (NN function)) (VP (VBZ is) (VP (VBN followed) (PP (IN by) (NP (CD two) (NNS arguments))) (, ,) (PP (IN with) (NP (NP (DT each)) (PP (IN of) (NP (NP (DT the) (NNS arguments)) (VP (VBN separated) (PP (IN by) (NP (DT a) (NN comma)))))))))) (. .))) "
198,30,31,that,line,"Note that any text can follow a comment , and that when the program is run , the text after the ` # ` through to the end of that line is ignored .","(ROOT (S (VP (VB Note) (SBAR (SBAR (IN that) (S (NP (DT any) (NN text)) (VP (MD can) (VP (VB follow) (NP (DT a) (NN comment)))))) (, ,) (CC and) (SBAR (IN that) (S (SBAR (WHADVP (WRB when)) (S (NP (DT the) (NN program)) (VP (VBZ is) (VP (VBN run))))) (, ,) (NP (NP (DT the) (NN text)) (PP (IN after) (NP (NP (DT the) (`` `) (# #)) (`` `) (PP (IN through) (PP (TO to) (NP (NP (DT the) (NN end)) (PP (IN of) (NP (DT that) (NN line))))))))) (VP (VBZ is) (VP (VBN ignored))))))) (. .))) "
233,20,21,that,information,"Of course , getting information from the user would be useless if we did n't have anywhere to put that information and this is where variables come in .","(ROOT (S (PP (IN Of) (NP (NN course))) (, ,) (S (S (VP (VBG getting) (NP (NN information)) (PP (IN from) (NP (DT the) (NN user))))) (VP (MD would) (VP (VB be) (ADJP (JJ useless)) (SBAR (IN if) (S (NP (PRP we)) (VP (VBD did) (RB n't) (VP (VB have) (S (ADVP (RB anywhere)) (VP (TO to) (VP (VB put) (NP (DT that) (NN information)))))))))))) (CC and) (S (NP (DT this)) (VP (VBZ is) (SBAR (WHADVP (WRB where)) (S (NP (NNS variables)) (VP (VBP come) (PP (IN in))))))) (. .))) "
240,2,5,this,b23,In this example ` b23 ` and ` first_name ` are variables that are storing strings .,(ROOT (S (IN In) (NP (DT this) (NN example) (`` `) (NN b23)) (`` `) (S (CC and) (S (`` `) (NP (JJ first_name)) (`` `) (VP (VBP are) (NP (NP (NNS variables)) (SBAR (WHNP (WDT that))))))) (VP (VBP are) (VP (VBG storing) (NP (NNS strings)))) (. .))) 
241,34,35,this,program,"` Spam ` , ` Bill ` , ` a + b is ` , ` first_name is ` , and ` Sorted Parts , After Midnight or ` are the strings in this program .","(ROOT (S (VP (NP (`` `) (NP (NNP Spam)) (`` `) (SBAR (S (PRN (, ,) (S (NP (`` `) (NNP Bill)) (VP (`` `))) (, ,)) (NP (NP (`` `) (DT a)) (CC +) (NP (NN b))) (VP (VBZ is) (`` `) (VP (, ,) (S (VP (`` `) (ADVP (NN first_name)) (VP (VBZ is) (`` `) (VP (, ,) (S (VP (CC and) (VP (`` `) (VBN Sorted) (NP (NNP Parts)) (, ,) (PP (IN After) (NP (NN Midnight)))))))) (CC or) (`` `) (VP (VBP are) (NP (NP (DT the) (NNS strings)) (PP (IN in) (NP (DT this) (NN program))))))))))))) (. .))) "
244,2,3,that,variable,"Remember that variables are used to store a value , they do not use quotation marks -LRB- '' and ' -RRB- .","(ROOT (S (VP (VB Remember) (SBAR (S (NP (DT that) (NNS variables)) (VP (VBP are) (VP (VBN used) (S (VP (TO to) (VP (VB store) (NP (DT a) (NN value)) (PRN (S (, ,) (NP (PRP they)) (VP (VBP do) (RB not) (VP (VB use) (NP (NP (NN quotation) (NNS marks)) (-LRB- -LRB-) ('' '') (ADVP (CC and))))) ('' ')) (-RRB- -RRB-)))))))))) (. .))) "
247,38,39,this,tutorial,"In the second one , Python checks if the string -LRB- the actual letters ` P ` , ` i ` , and ` m ` -RRB- are the same as in ` value2 ` -LRB- continue this tutorial for more explanation about strings and about the ` = = ` -RRB- .","(ROOT (FRAG (PP (IN In) (NP (NP (NP (DT the) (JJ second) (CD one)) (, ,) (VP (ADJP (ADJP (NNP Python)) (SBAR (NP (NNS checks)) (IN if) (S (NP (DT the) (NP (NP (NN string)) (-LRB- -LRB-) (NP (NP (DT the) (JJ actual) (NNS letters)) (`` `) (NP (NN P))))) (VP (VP (`` `)) (, ,) (NP (`` `) (NP (FW i)) (`` `) (SBAR (S (NP (PRN (, ,) (CC and) (`` `) (NP (NN m)) (`` `) (-RRB- -RRB-))) (VP (VBP are) (NP (DT the) (JJ same)))))))))) (PP (IN as) (PP (IN in) (`` `) (NP (NN value2))))) (`` `)) (PRN (-LRB- -LRB-) (S (VP (VB continue) (NP (NP (DT this) (NN tutorial)) (PP (IN for) (NP (NP (JJR more) (NN explanation)) (PP (IN about) (NP (NP (NNS strings)) (ADVP (CC and)))) (PP (IN about) (NP (DT the) (ADJP (`` `) (JJ =)) (JJ =))) (`` `)))))) (-RRB- -RRB-)))) (. .))) "
248,8,9,these,box,"### Assignment Okay , so we have these boxes called variables and also data that can go into the variable .","(ROOT (NP (NP (NNP ###) (NNP Assignment)) (SBAR (S (S (FRAG (INTJ (UH Okay)) (, ,) (ADVP (IN so))) (NP (PRP we)) (VP (VBP have) (NP (NP (DT these) (NNS boxes)) (VP (VBN called) (NP (NNS variables)))))) (CC and) (ADVP (RB also)) (S (NP (NP (NNS data)) (SBAR (WHNP (WDT that)) (S (VP (MD can) (VP (VB go) (PP (IN into) (NP (DT the) (NN variable))))))))))) (. .))) "
279,6,7,that,statement,Control structures change the order that statements are executed or decide if a certain statement will be run .,(ROOT (S (NP (NNP Control) (NNS structures)) (VP (VBP change) (NP (NP (DT the) (NN order)) (SBAR (WHNP (WDT that) (NNS statements)) (S (VP (VBP are) (VP (VP (VBN executed)) (CC or) (VP (VB decide) (SBAR (IN if) (S (NP (DT a) (JJ certain) (NN statement)) (VP (MD will) (VP (VB be) (VP (VBN run))))))))))))) (. .))) 
292,7,8,this,statement,"The first time the computer sees this statement , ` a ` is zero , so it is less than 10 .","(ROOT (S (S (NP (NP (DT The) (JJ first) (NN time)) (SBAR (S (NP (DT the) (NN computer)) (VP (VBZ sees) (NP (NP (DT this) (NN statement)) (, ,) (NP (`` `) (DT a))))))) (`` `) (VP (VBZ is) (NP (CD zero)))) (, ,) (IN so) (S (NP (PRP it)) (VP (VBZ is) (NP (QP (XS (JJR less) (IN than)) (CD 10))))) (. .))) "
295,2,3,that,point,"Reaching that point , the program will stop running the indented lines .","(ROOT (S (S (VP (VBG Reaching) (NP (DT that) (NN point)))) (, ,) (NP (DT the) (NN program)) (VP (MD will) (VP (VB stop) (S (VP (VBG running) (NP (DT the) (JJ indented) (NNS lines)))))) (. .))) "
362,54,55,this,program,"if n < 0 : print -LRB- `` The absolute value of '' , n , `` is '' , - n -RRB- else : print -LRB- `` The absolute value of '' , n , `` is '' , n -RRB- Here is the output from the two times that I ran this program : Number ?","(ROOT (FRAG (SBAR (IN if) (S (NP (NP (NN n)) (VP (VBG <) (NP (NP (NP (NP (CD 0)) (: :) (NP (NP (NP (NN print)) (-LRB- -LRB-) (NP (NP (`` ``) (NP (NNP The) (JJ absolute) (NN value)) (PP (IN of)) ('' '')) (, ,) (NP (NP (NN n)) (PRN (, ,) (S (VP (`` ``) (VBZ is) ('' ''))) (, ,)))) (: -)) (PRN (NP (NN n)))) (-RRB- -RRB-)) (ADJP (RB else))) (: :) (NP (NP (NN print)) (-LRB- -LRB-) (NP (NP (NP (`` ``) (NNP The)) (SBAR (S (NP (NP (NP (JJ absolute) (NN value)) (PP (IN of)) ('' '')) (, ,) (NP (NN n)) (, ,)) (`` ``) (VP (VBZ is)) ('' '')))) (, ,) (NP (NN n))) (-RRB- -RRB-))))) (ADVP (RB Here)) (VP (VBZ is) (NP (NP (DT the) (NN output)) (PP (IN from) (NP (DT the) (CD two) (NNS times)))) (SBAR (IN that) (S (NP (PRP I)) (VP (VBD ran) (NP (NP (DT this) (NN program)) (: :) (NP (NNP Number))))))))) (. ?))) "
364,20,21,this,piece,** 1 ** The absolute value of 1 is 1 So what does the computer do when it sees this piece of code ?,(ROOT (S (S (X (X (SYM **)) (NP (CD 1))) (X (X (SYM **)) (NP (NP (DT The) (JJ absolute) (NN value)) (PP (IN of)))) (NP (CD 1)) (VP (VBZ is) (NP (CD 1)))) (CC So) (S (NP (WP what)) (VP (VBZ does) (SBAR (S (NP (DT the) (NN computer)) (VP (VBP do) (SBAR (WHADVP (WRB when)) (S (NP (PRP it)) (VP (VBZ sees) (NP (NP (DT this) (NN piece)) (PP (IN of) (NP (NN code)))))))))))) (. ?))) 
411,8,9,this,section,Modify the higher or lower program from this section to keep track of how many times the user has entered the wrong number .,(ROOT (S (VP (VB Modify) (NP (NP (DT the) (ADJP (JJR higher) (CC or) (JJR lower)) (NN program)) (PP (IN from) (NP (DT this) (NN section) (S (VP (TO to) (VP (VB keep) (NP (NP (NN track)) (SBAR (WHPP (IN of) (WHNP (WHADJP (WRB how) (JJ many)) (NNS times))) (S (NP (DT the) (NN user)) (VP (VBZ has) (VP (VBN entered) (NP (DT the) (JJ wrong) (NN number)))))))))))))) (. .))) 
458,2,3,this,case,In this case it is : ` height = int -LRB- input -LRB- `` Height : '' -RRB- -RRB- ` What does that line do ?,(ROOT (S (PP (IN In) (NP (DT this) (NN case))) (NP (PRP it)) (VP (VBZ is) (: :) (S (`` `) (NP (NP (NP (NN height) (JJ =) (NN int)) (-LRB- -LRB-) (NP (NN input)) (PRN (-LRB- -LRB-) (`` ``) (NP (NNP Height) (: :)) ('' '') (-RRB- -RRB-)) (-RRB- -RRB-)) (SBAR (S (`` `) (NP (WP What)) (VP (VBZ does) (SBAR (IN that) (S (NP (NN line)) (VP (VB do)))))))))) (. ?))) 
555,9,10,this,chapter,"Defining Functions ### Creating Functions To start off this chapter I am going to give you an example of what you could do but should n't -LRB- so do n't type it in -RRB- : a = 23 b = -23 if a < 0 : a = - a if b < 0 : b = - b if a = = b : print -LRB- `` The absolute values of '' , a , `` and '' , b , `` are equal . '' -RRB-","(ROOT (S (VP (VP (VBG Defining) (NP (NNS Functions))) (PRN (S (NP (CD ###)) (VP (VBG Creating) (NP (NP (NNS Functions)) (SBAR (S (S (VP (TO To) (VP (VB start) (PRT (RP off)) (NP (NP (DT this) (NN chapter)) (SBAR (S (NP (PRP I)) (VP (VBP am) (VP (VBG going) (S (VP (TO to) (VP (VB give) (S (NP (PRP you)) (NP (NP (DT an) (NN example)) (PRN (PP (IN of) (NP (SBAR (WHNP (WP what)) (S (S (NP (PRP you)) (VP (VP (MD could) (VP (VB do))) (CC but) (VP (MD should) (RB n't)))) (PRN (-LRB- -LRB-) (SBAR (RB so) (SINV (VP (VBP do) (RB n't)) (NP (NN type)) (NP (PRP it)) (PP (IN in)))) (-RRB- -RRB-)))) (: :) (NP (NP (NP (NP (DT a) (ADJP (JJ =) (NP-TMP (CD 23))) (NN b)) (ADJP (JJ =) (NP-TMP (CD -23)))) (SBAR (IN if) (S (NP (NP (NP (DT a) (JJR <) (CD 0)) (: :) (NP (QP (DT a))) (X (SYM =))) (: -) (NP (NP (NP (DT a) (ADJP (IN if)) (NN b)) (JJR <)) (NP (CD 0))) (: :)) (VP (NN b) (S (NP (NP (FRAG (X (SYM =)) (: -) (NP (NN b)))) (PP (IN if) (NP (DT a) (JJ =) (JJ =) (NN b))))))))) (: :) (NP (NP (NN print)) (-LRB- -LRB-) (NP (NP (`` ``) (NP (NNP The) (JJ absolute) (NNS values)) (PP (IN of)) ('' '')) (, ,) (NP (DT a))))))) (, ,)) (`` ``))) (ADVP (CC and)))) ('' ''))))))) (, ,) (NP (NN b))))) (, ,) (`` ``) (VP (VBP are) (ADJP (JJ equal))) (. .) ('' '')))))) (-RRB- -RRB-))))) "
565,5,6,this,program,The key feature of this program is the ` def ` statement .,(ROOT (S (NP (NP (DT The) (JJ key) (NN feature)) (PP (IN of) (NP (DT this) (NN program)))) (VP (VBZ is) (NP (NP (DT the) (`` `) (FW def)) (`` `) (NP (NN statement)))) (. .))) 
586,3,5,these,example,"Well , these next examples -LRB- which are a bit contrived -RRB- should help clear things up .","(ROOT (S (INTJ (RB Well)) (, ,) (NP (NP (DT these) (JJ next) (NNS examples)) (PRN (-LRB- -LRB-) (SBAR (WHNP (WDT which)) (S (VP (VBP are) (ADJP (NP (DT a) (NN bit)) (JJ contrived))))) (-RRB- -RRB-))) (VP (MD should) (VP (VB help) (NP (JJ clear) (NNS things)) (PRT (RP up)))) (. .))) "
588,15,18,this,value,"Even though ` a ` was assigned a new value inside the function , this newly assigned value was only relevant to ` print_func ` , when the function finishes running , and the ` a ` 's values is printed again , we see the originally assigned values .","(ROOT (S (SBAR (RB Even) (IN though) (S (`` `) (NP (DT a)) (`` `) (VP (VBD was) (VP (VBN assigned) (NP (NP (DT a) (JJ new) (NN value)) (PP (IN inside) (NP (DT the) (NN function)))))))) (, ,) (NP (DT this) (RB newly) (VBN assigned) (NN value)) (VP (VBD was) (ADVP (RB only)) (ADJP (JJ relevant) (S (VP (TO to) (`` `) (VP (VB print_func) (S (`` `) (S (, ,) (SBAR (WHADVP (WRB when)) (S (NP (DT the) (NN function)) (VP (VP (VBZ finishes) (S (VP (VBG running) (PRN (, ,) (CC and) (ADVP (DT the)))))) (NP (NP (`` `) (DT a)) (`` `) (SBAR (S (NP (POS 's)) (VP (ADVP (NNS values)) (VP (VBZ is) (VP (VBN printed) (ADVP (RB again))))))))))) (, ,) (NP (PRP we)) (VP (VBP see) (NP (DT the) (ADJP (RB originally) (VBN assigned)) (NNS values)))))))))) (. .))) "
595,25,26,that,point,"When the function is called with ` c_var = a_func -LRB- b_var -RRB- ` , 15 is assigned to ` a_var ` since at that point in time ` b_var ` is 15 , making the call to the function ` a_func -LRB- 15 -RRB- ` .","(ROOT (FRAG (SBAR (WHADVP (WRB When)) (S (NP (DT the) (NN function)) (VP (VBZ is) (VP (VBN called) (PP (IN with) (`` `) (NP (NN c_var))) (NP (NP (JJ =) (NN a_func) (-LRB- -LRB-) (NN b_var) (-RRB- -RRB-)) (`` `) (SBAR (S (PRN (, ,) (S (NP (CD 15)) (VP (VBZ is) (VP (VBN assigned) (S (VP (TO to) (`` `) (VP (VB a_var) (`` `) (ADVP (IN since) (PP (IN at) (NP (DT that) (NN point)))) (PP (IN in) (NP (NN time)))))))))) (`` `) (NP (JJ b_var)) (VP (`` `) (VBZ is) (S (NP (NP (CD 15)) (PRN (, ,) (S (VP (VBG making) (NP (DT the) (NN call)) (PP (TO to) (NP (NP (DT the) (NN function)) (`` `) (NP (NN a_func)) (PRN (-LRB- -LRB-) (NP (CD 15)) (-RRB- -RRB-))))))) (`` `))))))))))) (. .))) "
623,7,8,this,section,"Advanced Functions Example Some people find this section useful , and some find it confusing .","(ROOT (S (S (NP (NP (NNP Advanced) (NNPS Functions) (NNP Example)) (NP (DT Some) (NNS people))) (VP (VBP find) (S (NP (DT this) (NN section)) (ADJP (JJ useful))))) (, ,) (CC and) (S (NP (DT some)) (VP (VBP find) (S (NP (PRP it)) (ADJP (JJ confusing))))) (. .))) "
625,63,64,this,program,"Now we will do a walk through for the following program : def mult -LRB- a , b -RRB- : if b = = 0 : return 0 rest = mult -LRB- a , b - 1 -RRB- value = a + rest return value print -LRB- `` 3 * 2 = '' , mult -LRB- 3 , 2 -RRB- -RRB- Basically this program creates a positive integer multiplication function -LRB- that is far slower than the built in multiplication function -RRB- and then demonstrates this function with a use of the function .","(ROOT (S (S (ADVP (RB Now)) (NP (PRP we)) (VP (MD will) (VP (VB do) (NP (DT a) (NN walk)) (PP (IN through) (IN for) (NP (DT the) (VBG following) (NN program)))) (: :) (NP (NP (NP (NP (NN def) (NN mult)) (PRN (-LRB- -LRB-) (NP (NP (DT a)) (, ,) (NP (NN b))) (-RRB- -RRB-))) (: :) (NP (NP (ADJP (IN if) (NN b)) (JJ =)) (ADJP (JJ =) (NP-TMP (CD 0)))) (: :) (NP (NP (NP (NP (NN return) (CD 0) (NN rest)) (NP (JJ =) (NN mult))) (-LRB- -LRB-) (NP (DT a)) (, ,)) (NP (SYM b))) (: -) (NP (LST (LS 1) (-RRB- -RRB-)) (NP (NN value)) (PP (JJ =) (NP (DT a))))) (CC +) (NP (NP (NP (NN rest) (NN return) (NN value) (NN print)) (-LRB- -LRB-) (NP (NP (`` ``) (CD 3)) (SBAR (S (VP (SYM *) (NP (CD 2))))))) (JJ =)))) ('' '')) (, ,) (NP (NP (NP (NN mult)) (PRN (-LRB- -LRB-) (NP (CD 3)) (, ,) (NP (CD 2)) (-RRB- -RRB-)) (-RRB- -RRB-)) (ADVP (RB Basically) (NP (DT this) (NN program)))) (VP (VP (VBZ creates) (NP (NP (DT a) (JJ positive) (NN integer) (NN multiplication) (NN function)) (PRN (-LRB- -LRB-) (SBAR (WHNP (WDT that)) (S (VP (VBZ is) (ADJP (ADJP (RB far) (JJR slower)) (PP (IN than) (NP (DT the) (ADJP (VBN built) (PP (IN in) (NP (NN multiplication)))) (NN function))))))) (-RRB- -RRB-)))) (CC and) (VP (ADVP (RB then)) (VBZ demonstrates) (NP (DT this) (NN function)) (PP (IN with) (NP (NP (DT a) (NN use)) (PP (IN of) (NP (DT the) (NN function))))))) (. .))) "
625,86,87,this,function,"Now we will do a walk through for the following program : def mult -LRB- a , b -RRB- : if b = = 0 : return 0 rest = mult -LRB- a , b - 1 -RRB- value = a + rest return value print -LRB- `` 3 * 2 = '' , mult -LRB- 3 , 2 -RRB- -RRB- Basically this program creates a positive integer multiplication function -LRB- that is far slower than the built in multiplication function -RRB- and then demonstrates this function with a use of the function .","(ROOT (S (S (ADVP (RB Now)) (NP (PRP we)) (VP (MD will) (VP (VB do) (NP (DT a) (NN walk)) (PP (IN through) (IN for) (NP (DT the) (VBG following) (NN program)))) (: :) (NP (NP (NP (NP (NN def) (NN mult)) (PRN (-LRB- -LRB-) (NP (NP (DT a)) (, ,) (NP (NN b))) (-RRB- -RRB-))) (: :) (NP (NP (ADJP (IN if) (NN b)) (JJ =)) (ADJP (JJ =) (NP-TMP (CD 0)))) (: :) (NP (NP (NP (NP (NN return) (CD 0) (NN rest)) (NP (JJ =) (NN mult))) (-LRB- -LRB-) (NP (DT a)) (, ,)) (NP (SYM b))) (: -) (NP (LST (LS 1) (-RRB- -RRB-)) (NP (NN value)) (PP (JJ =) (NP (DT a))))) (CC +) (NP (NP (NP (NN rest) (NN return) (NN value) (NN print)) (-LRB- -LRB-) (NP (NP (`` ``) (CD 3)) (SBAR (S (VP (SYM *) (NP (CD 2))))))) (JJ =)))) ('' '')) (, ,) (NP (NP (NP (NN mult)) (PRN (-LRB- -LRB-) (NP (CD 3)) (, ,) (NP (CD 2)) (-RRB- -RRB-)) (-RRB- -RRB-)) (ADVP (RB Basically) (NP (DT this) (NN program)))) (VP (VP (VBZ creates) (NP (NP (DT a) (JJ positive) (NN integer) (NN multiplication) (NN function)) (PRN (-LRB- -LRB-) (SBAR (WHNP (WDT that)) (S (VP (VBZ is) (ADJP (ADJP (RB far) (JJR slower)) (PP (IN than) (NP (DT the) (ADJP (VBN built) (PP (IN in) (NP (NN multiplication)))) (NN function))))))) (-RRB- -RRB-)))) (CC and) (VP (ADVP (RB then)) (VBZ demonstrates) (NP (DT this) (NN function)) (PP (IN with) (NP (NP (DT a) (NN use)) (PP (IN of) (NP (DT the) (NN function))))))) (. .))) "
630,2,3,this,function,Later this function can be run .,(ROOT (S (ADVP (RB Later)) (NP (DT this) (NN function)) (VP (MD can) (VP (VB be) (VP (VBN run)))) (. .))) 
651,3,4,this,line,What does this line do ?,(ROOT (SBARQ (WHNP (WP What)) (SQ (VBZ does) (NP (DT this) (NN line)) (VP (VB do))) (. ?))) 
667,2,3,this,run,"In this run of the function , ` a = 3 ` and ` rest = 0 ` so now ` value = 3 ` .","(ROOT (FRAG (PP (IN In) (NP (NP (DT this) (NN run)) (PP (IN of) (NP (NP (DT the) (NN function)) (, ,)) (NP (`` `) (NP (DT a) (JJ =) (CD 3)) (`` `) (CC and) (`` `) (NP (NP (NN rest)) (VP (JJ =) (NP (NP (CD 0)) (`` `) (ADJP (RB so))))))) (PP (RB now) (NP (NP (`` `) (NN value)) (ADJP (JJ =) (NP-TMP (CD 3))))) (`` `))) (. .))) "
679,6,7,this,return,"The next line runs , this returns 6 from the function .","(ROOT (NP (NP (DT The) (JJ next) (NN line)) (NP (NP (NNS runs)) (, ,) (NP (DT this) (NNS returns))) (NP (NP (CD 6)) (PP (IN from) (NP (DT the) (NN function)))) (. .))) "
691,5,6,this,chapter,"In the examples in this chapter , recursion is realized by defining a function calling itself .","(ROOT (S (PP (IN In) (NP (NP (DT the) (NNS examples)) (PP (IN in) (NP (DT this) (NN chapter))))) (, ,) (NP (NN recursion)) (VP (VBZ is) (VP (VBN realized) (PP (IN by) (S (VP (VBG defining) (NP (NP (DT a) (NN function)) (VP (VBG calling) (NP (PRP itself))))))))) (. .))) "
714,9,10,this,example,** 3 ** The month is March In this example the ` months ` is a list .,(ROOT (S (S (X (X (SYM **)) (NP (CD 3))) (X (SYM **)) (NP (DT The) (NN month)) (VP (VBZ is) (NP (NP (NNP March)) (SBAR (S (PP (IN In) (NP (DT this) (NN example))) (NP (DT the) (`` `) (NNS months)) (`` `) (VP (VBZ is) (NP (DT a) (NN list)))))))) (. .))) 
715,88,89,this,case,"` months ` is defined with the lines ` months = -LSB- ` January ' , ` February ' , ` March ' , ` April ' , ` May ' , ` June ' , ` July ' , ` and ` ` August ' , ` September ' , ` October ' , ` November ' , ` December ' -RSB- ` -LRB- note that a ` \ ` could also be used to split a long line , but that is not necessary in this case because Python is intelligent enough to recognize that everything within brackets belongs together -RRB- .","(ROOT (S (S (`` `) (NP (NNS months)) (`` `) (VP (VBZ is) (VP (VBN defined) (PP (IN with) (NP (DT the) (NNS lines))) (NP (`` `) (NP (NNS months)) (ADJP (JJ =) (PP (-LRB- -LSB-) (NP (NP (`` `) (NNP January) ('' ')) (, ,) (NP (`` `) (NNP February) ('' ')) (, ,) (NP (`` `) (NNP March) ('' ')) (, ,) (NP (`` `) (NNP April) ('' ')) (, ,) (NP (`` `) (NNP May) ('' ')) (, ,) (NP (`` `) (NNP June) ('' ')) (, ,) (NP (`` `) (NNP July) ('' '))))) (, ,) (`` `) (CC and) (`` `) (NP (`` `) (NNP August) ('' ')) (, ,) (NP (`` `) (NNP September) ('' ')) (, ,) (NP (`` `) (NNP October) ('' ')) (, ,) (NP (NP (`` `) (NNP November) ('' ')) (, ,) (NP (NP (`` `) (NNP December)) ('' ') (VP (-RRB- -RSB-)) (`` `))))))) (PRN (-LRB- -LRB-) (S (NP (NP (NN note)) (SBAR (SBAR (IN that) (S (NP (DT a) (`` `) (NX (CD \))) (`` `) (VP (MD could) (ADVP (RB also)) (VP (VB be) (VP (VBN used) (S (VP (TO to) (VP (VB split) (NP (DT a) (JJ long) (NN line)))))))))) (, ,) (CC but) (SBAR (WHNP (DT that)) (S (VP (VBZ is) (RB not) (ADJP (JJ necessary) (PP (IN in) (NP (DT this) (NN case)))) (SBAR (IN because) (S (NP (NNP Python)) (VP (VBZ is) (ADJP (JJ intelligent) (RB enough) (S (VP (TO to) (VP (VB recognize) (NP (DT that) (NN everything)) (PP (IN within) (NP (NNS brackets))))))))))))))) (VP (VBZ belongs) (ADVP (RB together)))) (-RRB- -RRB-)) (. .))) "
715,97,98,that,everything,"` months ` is defined with the lines ` months = -LSB- ` January ' , ` February ' , ` March ' , ` April ' , ` May ' , ` June ' , ` July ' , ` and ` ` August ' , ` September ' , ` October ' , ` November ' , ` December ' -RSB- ` -LRB- note that a ` \ ` could also be used to split a long line , but that is not necessary in this case because Python is intelligent enough to recognize that everything within brackets belongs together -RRB- .","(ROOT (S (S (`` `) (NP (NNS months)) (`` `) (VP (VBZ is) (VP (VBN defined) (PP (IN with) (NP (DT the) (NNS lines))) (NP (`` `) (NP (NNS months)) (ADJP (JJ =) (PP (-LRB- -LSB-) (NP (NP (`` `) (NNP January) ('' ')) (, ,) (NP (`` `) (NNP February) ('' ')) (, ,) (NP (`` `) (NNP March) ('' ')) (, ,) (NP (`` `) (NNP April) ('' ')) (, ,) (NP (`` `) (NNP May) ('' ')) (, ,) (NP (`` `) (NNP June) ('' ')) (, ,) (NP (`` `) (NNP July) ('' '))))) (, ,) (`` `) (CC and) (`` `) (NP (`` `) (NNP August) ('' ')) (, ,) (NP (`` `) (NNP September) ('' ')) (, ,) (NP (`` `) (NNP October) ('' ')) (, ,) (NP (NP (`` `) (NNP November) ('' ')) (, ,) (NP (NP (`` `) (NNP December)) ('' ') (VP (-RRB- -RSB-)) (`` `))))))) (PRN (-LRB- -LRB-) (S (NP (NP (NN note)) (SBAR (SBAR (IN that) (S (NP (DT a) (`` `) (NX (CD \))) (`` `) (VP (MD could) (ADVP (RB also)) (VP (VB be) (VP (VBN used) (S (VP (TO to) (VP (VB split) (NP (DT a) (JJ long) (NN line)))))))))) (, ,) (CC but) (SBAR (WHNP (DT that)) (S (VP (VBZ is) (RB not) (ADJP (JJ necessary) (PP (IN in) (NP (DT this) (NN case)))) (SBAR (IN because) (S (NP (NNP Python)) (VP (VBZ is) (ADJP (JJ intelligent) (RB enough) (S (VP (TO to) (VP (VB recognize) (NP (DT that) (NN everything)) (PP (IN within) (NP (NNS brackets))))))))))))))) (VP (VBZ belongs) (ADVP (RB together)))) (-RRB- -RRB-)) (. .))) "
720,16,17,that,location,Give a list a number and it will return the value that is stored at that location .,(ROOT (S (S (VP (VB Give) (NP (DT a) (NN list)) (NP (DT a) (NN number)))) (CC and) (S (NP (PRP it)) (VP (MD will) (VP (VB return) (NP (NP (DT the) (NN value)) (SBAR (WHNP (WDT that)) (S (VP (VBZ is) (VP (VBN stored) (PP (IN at) (NP (DT that) (NN location))))))))))) (. .))) 
748,83,84,these,feature,` demolist.index -LRB- `` value '' -RRB- ` returns the index of the first place that ` `` value '' ` occurs ` demolist.append -LRB- `` value '' -RRB- ` adds an element ` `` value '' ` at the end of the list ` demolist.remove -LRB- `` value '' -RRB- ` removes the first occurrence of value from ` demolist ` -LRB- same as ` del demolist -LSB- demolist.index -LRB- `` value '' -RRB- -RSB- ` -RRB- This next example uses these features in a more useful way : menu_item = 0 namelist = -LSB- -RSB- while menu_item !,(ROOT (S (`` `) (NP (NP (NN demolist.index)) (SBAR (S (NP (PRN (-LRB- -LRB-) (`` ``) (NP (NN value)) ('' '') (-RRB- -RRB-))) (`` `) (VP (VBZ returns) (SBAR (S (NP (NP (DT the) (NN index)) (PP (IN of) (NP (NP (DT the) (JJ first) (NN place)) (SBAR (IN that) (S (`` `) (NP (`` ``) (NN value) ('' '')) (`` `) (VP (VBZ occurs) (ADJP (`` `) (JJ demolist.append))))) (PRN (-LRB- -LRB-) (`` ``) (NP (NN value)) ('' '') (-RRB- -RRB-))))) (`` `) (VP (VBZ adds) (NP (NP (DT an) (NN element)) (`` `) (NP (`` ``) (NN value) ('' '')))))))))) (`` `) (SBAR (X (IN at)) (S (NP (NP (DT the) (NN end)) (PP (IN of) (NP (NP (DT the) (NN list)) (`` `) (NP (NN demolist.remove)) (PRN (-LRB- -LRB-) (`` ``) (NP (NN value)) ('' '') (-RRB- -RRB-))))) (VP (`` `) (VBZ removes) (NP (NP (DT the) (JJ first) (NN occurrence)) (PP (IN of) (NP (NN value)))) (PP (IN from) (`` `) (ADJP (JJ demolist)))))) (`` `) (SBAR (PRN (-LRB- -LRB-) (NP (NP (JJ same)) (PP (IN as) (`` `) (NP (NP (FW del) (FW demolist)) (PP (-LRB- -LSB-) (NP (NP (NN demolist.index)) (PRN (-LRB- -LRB-) (`` ``) (NP (NN value)) ('' '') (-RRB- -RRB-)))) (PP (-RRB- -RSB-)) (`` `)))) (-RRB- -RRB-)) (S (NP (DT This) (JJ next) (NN example)) (VP (VBZ uses) (NP (DT these) (NNS features)) (PP (IN in) (NP (NP (DT a) (ADJP (RBR more) (JJ useful)) (NN way)) (: :) (NP (NN menu_item))))))) (NP (JJ =) (ADJP (NP (CD 0) (NN namelist)) (JJ =)) (-LRB- -LSB-)) (VP (-RRB- -RSB-) (PP (IN while) (NP (NN menu_item)))) (. !))) 
770,12,13,this,program,This line starts a loop that allows the menu system for this program .,(ROOT (S (NP (DT This) (NN line)) (VP (VBZ starts) (NP (NP (DT a) (NN loop)) (SBAR (WHNP (WDT that)) (S (VP (VBZ allows) (NP (NP (DT the) (NN menu) (NN system)) (PP (IN for) (NP (DT this) (NN program))))))))) (. .))) 
778,9,10,this,section,"Jump down another two lines , and notice this section of code : item_number = namelist.index -LRB- del_name -RRB- del namelist -LSB- item_number -RSB- Here the ` index ` function is used to find the index value that will be used later to remove the item .","(ROOT (FRAG (S (VP (VB Jump) (PRT (RP down)) (NP (DT another) (CD two) (NNS lines))) (, ,) (CC and) (VP (VB notice) (NP (NP (DT this) (NN section)) (PP (IN of) (NP (NN code)))))) (: :) (NP (NP (NP (NN item_number) (JJ =) (NN namelist.index)) (PRN (-LRB- -LRB-) (NP (NN del_name)) (-RRB- -RRB-)) (NP (DT del) (NN namelist) (-LRB- -LSB-) (NN item_number))) (-RRB- -RSB-) (NP (NP (RB Here)) (SBAR (S (NP (DT the) (`` `) (NN index) (`` `) (NN function)) (VP (VBZ is) (VP (VBN used) (S (VP (TO to) (VP (VB find) (NP (NP (DT the) (NN index) (NN value)) (SBAR (WHNP (WDT that)) (S (VP (MD will) (VP (VB be) (VP (VBN used) (ADVP (RB later)) (S (VP (TO to) (VP (VB remove) (NP (DT the) (NN item)))))))))))))))))))) (. .))) "
811,11,12,this,chapter,"For Loops And here is the new typing exercise for this chapter : onetoten = range -LRB- 1 , 11 -RRB- for count in onetoten : print -LRB- count -RRB- and the ever-present output : 1 2 3 4 5 6 7 8 9 10 The output looks awfully familiar but the program code looks different .","(ROOT (S (PP (IN For) (NP (NNS Loops))) (S (CC And) (NP (RB here)) (VP (VBZ is) (NP (NP (NP (NP (DT the) (JJ new) (NN typing) (NN exercise)) (PP (IN for) (NP (DT this) (NN chapter)))) (: :) (NP (NP (NP (NN onetoten) (JJ =) (NN range)) (PRN (-LRB- -LRB-) (NP (CD 1)) (, ,) (NP (CD 11)) (-RRB- -RRB-))) (PP (IN for) (NP (NP (NN count)) (PP (IN in) (NP (NN onetoten)))))) (: :) (NP (NP (NP (NN print)) (PRN (-LRB- -LRB-) (NP (NN count)) (-RRB- -RRB-))) (CC and) (NP (DT the) (JJ ever-present) (NN output))) (: :) (NP (NP (QP (CD 1) (CD 2)) (QP (CD 3) (CD 4))) (NP (QP (CD 5) (CD 6)) (QP (CD 7) (CD 8))))) (SBAR (S (NP (QP (CD 9) (CD 10)) (DT The) (NN output)) (VP (VBZ looks) (ADJP (RB awfully) (JJ familiar)))))))) (CC but) (S (NP (DT the) (NN program) (NN code)) (VP (VBZ looks) (ADJP (JJ different)))) (. .))) "
813,10,12,this,range,"The ` range ` function uses two arguments like this ` range -LRB- start , finish -RRB- ` .","(ROOT (S (NP (DT The) (`` `) (NN range) (`` `) (NN function)) (VP (VBZ uses) (NP (NP (CD two) (NNS arguments)) (PP (IN like) (NP (NP (DT this) (`` `) (NN range)) (PRN (-LRB- -LRB-) (NP (NP (NN start)) (, ,) (NP (NN finish))) (-RRB- -RRB-))))) (ADVP (`` `))) (. .))) "
816,3,4,this,program,"Note that this program could have been done in a shorter way : for count in range -LRB- 1 , 11 -RRB- : print -LRB- count -RRB- The range function returns an iterable .","(ROOT (S (VP (VB Note) (SBAR (IN that) (S (NP (DT this) (NN program)) (VP (MD could) (VP (VB have) (VP (VBN been) (VP (VBN done) (PP (IN in) (NP (DT a) (JJR shorter) (NN way))))))))) (: :) (PP (IN for) (NP (NP (NN count)) (PP (IN in) (NP (NP (NN range)) (PRN (-LRB- -LRB-) (NP (CD 1)) (, ,) (NP (CD 11)) (-RRB- -RRB-)) (: :) (NP (NP (NN print)) (PRN (-LRB- -LRB-) (NP (NN count)) (-RRB- -RRB-)) (SBAR (S (NP (DT The) (NN range) (NN function)) (VP (VBZ returns) (NP (DT an) (JJ iterable))))))))))) (. .))) "
873,13,14,this,example,The other `` trick '' of ` and ` is used in this example .,(ROOT (NP (NP (DT The) (JJ other) (`` ``) (NN trick) ('' '')) (PP (IN of) (SBAR (S (`` `) (NP (CC and)) (`` `) (VP (VBZ is) (VP (VBN used) (PP (IN in) (NP (DT this) (NN example)))))))) (. .))) 
883,35,36,these,expression,"### A note on Boolean Operators A common mistake for people new to programming is a misunderstanding of the way that boolean operators works , which stems from the way the python interpreter reads these expressions .","(ROOT (S (NP (NP (NN ###) (NN A) (NN note)) (PP (IN on) (NP (NNP Boolean) (NNP Operators) (NNP A) (JJ common) (NN mistake))) (PP (IN for) (NP (NP (NNS people)) (ADJP (JJ new) (PP (TO to) (NP (NN programming))))))) (VP (VBZ is) (NP (NP (DT a) (NN misunderstanding)) (PP (IN of) (NP (NP (DT the) (NN way)) (SBAR (IN that) (S (NP (NN boolean) (NNS operators)) (VP (VBZ works)))))) (, ,) (SBAR (WHNP (WDT which)) (S (VP (VBZ stems) (PP (IN from) (NP (NP (DT the) (NN way)) (SBAR (S (NP (DT the) (NN python) (NN interpreter)) (VP (VBZ reads) (NP (DT these) (NNS expressions)))))))))))) (. .))) "
889,11,12,these,result,"After examining what the interpreter does with boolean operators , these results do in fact exactly what you are asking of them , it 's just not the same as what you think you are asking .","(ROOT (S (S (PP (IN After) (S (VP (VBG examining) (SBAR (WHNP (WP what)) (S (NP (DT the) (NN interpreter)) (VP (VBZ does) (PP (IN with) (NP (NN boolean) (NNS operators))))))))) (, ,) (NP (DT these) (NNS results)) (VP (VBP do) (PP (IN in) (NP (NN fact))) (SBAR (WHADJP (RB exactly) (WP what)) (S (NP (PRP you)) (VP (VBP are) (VP (VBG asking) (PP (IN of) (NP (PRP them))))))))) (, ,) (NP (PRP it)) (VP (VBZ 's) (ADVP (RB just)) (RB not) (NP (DT the) (JJ same)) (PP (IN as) (SBAR (WHNP (WP what)) (S (NP (PRP you)) (VP (VBP think) (SBAR (S (NP (PRP you)) (VP (VBP are) (VP (VBG asking)))))))))) (. .))) "
899,6,7,this,point,"One thing to note at this point is that the boolean expression returns a value indicating ` True ` or ` False ` , but that Python considers a number of different things to have a truth value assigned to them .","(ROOT (S (NP (NP (CD One) (NN thing)) (SBAR (S (VP (TO to) (VP (VB note) (PP (IN at) (NP (DT this) (NN point)))))))) (VP (VBZ is) (SBAR (IN that) (S (NP (DT the) (NN boolean) (NN expression)) (VP (VBZ returns) (SBAR (S (NP (NP (DT a) (NN value)) (PP (VBG indicating) (NP (`` `) (NP (JJ True)) (`` `) (CC or) (`` `) (NP (NNP False))))) (`` `) (VP (VP (PRN (, ,) (CC but) (ADVP (IN that) (NP (NNP Python)))) (VBZ considers) (NP (NP (DT a) (NN number)) (PP (IN of) (NP (JJ different) (NNS things))) (S (VP (TO to) (VP (VB have) (NP (DT a) (NN truth))))))) (VP (NN value) (S (VP (VBN assigned) (PP (TO to) (NP (PRP them))))))))))))) (. .))) "
901,57,59,those,expression,Below is a table with examples of the truth values of various objects : True False True False 1 0 Numbers other than zero The string ` None ' Nonempty strings Empty strings Nonempty lists Empty lists Nonempty dictionaries Empty dictionaries Now it is possible to understand the perplexing results we were getting when we tested those boolean expressions before .,(ROOT (S (NP (NNP Below)) (VP (VBZ is) (NP (NP (DT a) (NN table)) (PP (IN with) (NP (NP (NNS examples)) (PP (IN of) (NP (NP (DT the) (NN truth) (NNS values)) (PP (IN of) (NP (NP (JJ various) (NNS objects)) (: :) (ADVP (JJ True)) (NP (NNP False) (NNP True) (NNP False)))))) (ADVP (NP (CD 1) (CD 0) (NNS Numbers)) (JJ other) (PP (IN than) (NP (CD zero)))) (NP (NP (NP (NP (DT The) (NN string) (`` `) (NN None) ('' ')) (NP (NNP Nonempty) (NNS strings))) (JJ Empty) (NNS strings)) (SBAR (S (NP (NNP Nonempty)) (VP (VBZ lists) (S (NP (JJ Empty) (NNS lists)) (NP (NNP Nonempty) (NNS dictionaries)) (SBAR (NP (JJ Empty) (NNS dictionaries)) (RB Now) (S (NP (PRP it)) (VP (VBZ is) (ADJP (JJ possible) (S (VP (TO to) (VP (VB understand) (NP (NP (DT the) (JJ perplexing) (NNS results)) (SBAR (S (NP (PRP we)) (VP (VBD were) (VP (VBG getting) (SBAR (WHADVP (WRB when)) (S (NP (PRP we)) (VP (VBD tested) (NP (DT those) (JJ boolean) (NNS expressions)) (PP (IN before)))))))))))))))))))))))))) (. .))) 
924,2,3,this,message,"# this message is n't printed in the third chance , so we print it now print -LRB- `` You ran out of chances . '' -RRB-","(ROOT (S (# #) (NP (DT this) (NN message)) (VP (VBZ is) (RB n't) (VP (VBN printed) (PP (IN in) (NP (DT the) (JJ third) (NN chance))) (, ,) (SBAR (IN so) (S (NP (PRP we)) (VP (VBP print) (SBAR (S (NP (PRP it)) (ADVP (RB now)) (VP (VBP print) (SBAR (S (-LRB- -LRB-) (NP (`` ``) (PRP You)) (VP (VBD ran) (ADVP (RB out)) (PP (IN of) (NP (NNS chances)))))))))))))) (. .) ('' '') (-RRB- -RRB-))) "
948,3,4,this,line,All that this line does is to tell Python that ` numbers ` is a dictionary .,(ROOT (S (NP (NP (DT All)) (SBAR (IN that) (S (NP (DT this) (NN line)) (VP (VBZ does))))) (VP (VBZ is) (S (VP (TO to) (VP (VB tell) (NP (NNP Python)) (SBAR (IN that) (S (`` `) (NP (NNS numbers)) (`` `) (VP (VBZ is) (NP (DT a) (NN dictionary))))))))) (. .))) 
954,4,5,this,case,Of course in this case ` x ` is a string .,(ROOT (S (S (PP (IN Of) (NP (NP (NN course)) (PP (IN in) (NP (DT this) (NN case))))) (`` `) (NP (CC x)) (`` `) (VP (VBZ is) (NP (DT a) (NN string)))) (. .))) 
959,21,22,that,key,The line ` del numbers -LSB- name -RSB- ` removes the key ` name ` and the value associated with that key .,(ROOT (S (NP (NP (DT The) (NN line) (`` `) (FW del)) (SBAR (S (NP (NP (NNS numbers)) (PP (-LRB- -LSB-) (NP (NN name) (-RRB- -RSB-)))) (VP (`` `) (VBZ removes) (NP (DT the) (JJ key) (`` `) (NN name)) (`` `) (PP (CC and) (NP (DT the) (NN value))))))) (VP (VBN associated) (PP (IN with) (NP (DT that) (NN key)))) (. .))) 
965,15,16,those,dictionary,Values can be any type of variable -LRB- including lists or even dictionaries -LRB- those dictionaries or lists of course can contain dictionaries or lists themselves -LRB- scary right ?,(ROOT (S (NP (NNS Values)) (VP (MD can) (VP (VP (VB be) (NP (NP (DT any) (NN type)) (PP (IN of) (NP (JJ variable))))) (PRN (-LRB- -LRB-) (PP (VBG including) (NP (NP (NP (NNS lists)) (CC or) (NP (NP (RB even) (NNS dictionaries)) (-LRB- -LRB-) (NP (NP (DT those) (NNS dictionaries) (CC or) (NNS lists)) (PP (IN of) (NP (NN course)))))) (SBAR (S (VP (MD can) (VP (VB contain) (S (NP (NNS dictionaries) (CC or) (NNS lists)) (NP (PRP themselves))))))))) (-LRB- -LRB-)) (NP (JJ scary) (NN right)))) (. ?))) 
1012,5,6,this,chapter,Using Modules Here 's this chapter 's typing exercise -LRB- name it cal.py -LRB- ` import ` actually looks for a file named calendar.py and reads it in .,(ROOT (S (S (VP (VBG Using) (NP (NNS Modules)) (ADVP (RB Here)))) (VP (VBZ 's) (NP (NP (NP (DT this) (NN chapter) (POS 's)) (NP (NP (NN typing) (NN exercise)) (-LRB- -LRB-) (NP (NP (NN name)) (ADJP (NP (PRP it)) (JJ cal.py))))) (SBAR (S (-LRB- -LRB-) (NP (`` `) (NN import)) (VP (`` `) (VP (ADVP (RB actually)) (VBZ looks) (PP (IN for) (NP (NP (DT a) (NN file)) (VP (VBN named) (S (ADJP (JJ calendar.py))))))) (CC and) (VP (VBZ reads) (NP (PRP it)) (PP (IN in)))))))) (. .))) 
1017,11,12,this,case,The command ` import ` loads a module -LRB- in this case the ` calendar ` module -RRB- .,(ROOT (NP (NP (DT The) (NN command)) (NP (NP (`` `) (NN import) (`` `) (NNS loads)) (NP (NP (DT a) (NN module)) (PRN (-LRB- -LRB-) (NP (PP (IN in) (NP (DT this) (NN case))) (NP (NP (DT the) (`` `) (NN calendar)) (`` `) (NP (NN module)))) (-RRB- -RRB-)))) (. .))) 
1020,10,11,this,function,The line ` calendar.prcal -LRB- year -RRB- ` uses this function .,(ROOT (S (NP (DT The) (NN line)) (NP (`` `) (JJ calendar.prcal) (-LRB- -LRB-) (NN year) (-RRB- -RRB-)) (VP (`` `) (VBZ uses) (NP (DT this) (NN function))) (. .))) 
1042,82,83,those,example,"Here are some examples of using indexing to access a single element of a list : >> > ** some_numbers = -LSB- ` zero ' , ` one ' , ` two ' , ` three ' , ` four ' , ` five ' -RSB- ** >> > ** some_numbers -LSB- 0 -RSB- ** ` zero ' >> > ** some_numbers -LSB- 4 -RSB- ** ` four ' >> > ** some_numbers -LSB- 5 -RSB- ** ` five ' All those examples should look familiar to you .","(ROOT (S (ADVP (RB Here)) (VP (VBP are) (NP (NP (DT some) (NNS examples)) (PP (IN of) (S (VP (VBG using) (NP (NN indexing)) (S (VP (TO to) (VP (VB access) (NP (NP (NP (DT a) (JJ single) (NN element)) (PP (IN of) (NP (NP (NP (DT a) (NN list)) (: :) (NP (ADJP (CD >>) (JJR >))) (X (X (SYM **)) (NP (NNS some_numbers)))) (ADJP (JJ =) (NP-TMP (NP (-LRB- -LSB-) (`` `) (CD zero) ('' ')) (, ,) (NP (`` `) (CD one)))))) ('' ')) (, ,) (`` `) (NP (CD two)) ('' ')) (, ,) (NP (`` `) (NP (CD three)) ('' ') (VP (, ,) (S (NP (`` `) (NP (CD four)) ('' ') (PRN (, ,) (S (`` `) (NP (CD five)) ('' ') (VP (-RRB- -RSB-) (X (X (SYM **)) (ADJP (ADJP (NP (CD >>)) (JJR >)) (SBAR (X (SYM **)) (S (NP (NP (NNS some_numbers)) (PP (-LRB- -LSB-) (NP (CD 0)))) (VP (-RRB- -RSB-) (X (SYM **)) (NP (`` `) (NP (CD zero)) ('' ') (PP (NP (NP (CD >>) (JJR >)) (X (X (SYM **)) (NP (NNS some_numbers)))) (-LRB- -LSB-) (NP (CD 4))))))))) (VP (-RRB- -RSB-) (X (SYM **)))))))))))))))))) (NP (`` `) (NP (CD four)) ('' ') (VP (ADJP (ADJP (NP (CD >>)) (JJR >)) (SBAR (X (SYM **)) (S (NP (NNS some_numbers)) (VP (-LRB- -LSB-) (NP (NP (CD 5)) (PP (-RRB- -RSB-) (X (SYM **)))) (NP (`` `) (NP (CD five)) ('' ') (SBAR (S (NP (PDT All) (DT those) (NNS examples)) (VP (MD should) (VP (VB look) (ADJP (JJ familiar))))))))))) (PP (TO to) (NP (PRP you))))) (. .))) "
1104,8,9,that,string,The ` middle ` procedure shows that that strings can also use the ` len -LRB- -RRB- ` function and array indexes and slices .,(ROOT (S (NP (NP (DT The) (`` `) (JJ middle) (`` `) (NN procedure)) (SBAR (S (VP (VBZ shows) (SBAR (IN that) (S (NP (DT that) (NNS strings)) (VP (MD can) (ADVP (RB also)) (VP (VB use) (NP (DT the) (`` `) (NN len)))))))))) (VP (-LRB- -LRB-) (-RRB- -RRB-) (`` `) (NP (NP (NP (NN function) (CC and) (NN array)) (NNS indexes)) (CC and) (NP (NNS slices)))) (. .))) 
1129,16,17,this,case,The string is split by whitespace by default or by the optional argument -LRB- in this case a comma -RRB- .,(ROOT (S (NP (DT The) (NN string)) (VP (VBZ is) (VP (VBN split) (PP (IN by) (NP (NN whitespace))) (PP (PP (IN by) (NP (NN default))) (CC or) (PP (IN by) (NP (NP (DT the) (JJ optional) (NN argument)) (PRN (-LRB- -LRB-) (PP (IN in) (NP (NP (DT this) (NN case)) (NP (DT a) (NN comma)))) (-RRB- -RRB-))))))) (. .))) 
1146,2,3,that,sense,"In that sense strings are just a special case of lists , where the list elements are single characters .","(ROOT (S (PP (IN In) (NP (DT that) (NN sense))) (NP (NNS strings)) (VP (VBP are) (ADVP (RB just)) (NP (NP (DT a) (JJ special) (NN case)) (PP (IN of) (NP (NP (NNS lists)) (, ,) (SBAR (WHADVP (WRB where)) (S (NP (DT the) (NN list) (NNS elements)) (VP (VBP are) (NP (JJ single) (NNS characters))))))))) (. .))) "
1220,4,5,that,file,Let 's use that file .,(ROOT (S (VP (VB Let) (S (NP (PRP 's)) (VP (VB use) (NP (DT that) (NN file))))) (. .))) 
1221,12,13,this,program,"Keep in mind , in order to prevent some errors , this program uses concepts from the Next chapter .","(ROOT (S (S (VP (VB Keep) (PP (IN in) (NP (NN mind))) (, ,) (SBAR (IN in) (NN order) (S (VP (TO to) (VP (VB prevent) (NP (DT some) (NNS errors)))))))) (, ,) (NP (DT this) (NN program)) (VP (VBZ uses) (NP (NNS concepts)) (PP (IN from) (NP (DT the) (JJ Next) (NN chapter)))) (. .))) "
1222,6,7,this,example,Please feel free to revisit this example after the next chapter .,(ROOT (S (INTJ (VB Please)) (VP (VB feel) (ADJP (JJ free) (S (VP (TO to) (VP (VB revisit) (NP (DT this) (NN example)) (PP (IN after) (NP (DT the) (JJ next) (NN chapter)))))))) (. .))) 
1225,8,9,this,example,"The first argument in the context of this example , should be the name of the program which you would like to invoke the printing subprocess from .","(ROOT (S (NP (NP (DT The) (JJ first) (NN argument)) (PP (IN in) (NP (NP (DT the) (NN context)) (PP (IN of) (NP (DT this) (NN example)))))) (, ,) (VP (MD should) (VP (VB be) (NP (NP (DT the) (NN name)) (PP (IN of) (NP (NP (DT the) (NN program)) (SBAR (WHNP (WDT which)) (S (NP (PRP you)) (VP (MD would) (VP (VB like) (S (VP (TO to) (VP (VB invoke) (NP (DT the) (NN printing) (NN subprocess)) (PP (IN from)))))))))))))) (. .))) "
1226,10,11,that,program,The second argument should be the specific subprocess within that program .,(ROOT (S (NP (DT The) (JJ second) (NN argument)) (VP (MD should) (VP (VB be) (NP (NP (DT the) (JJ specific) (NN subprocess)) (PP (IN within) (NP (DT that) (NN program)))))) (. .))) 
1227,8,9,this,program,"For simplicity , just understand that in this program , ` ' / p ' ` is the subprocess used to access your printer through the specified application .","(ROOT (S (PP (IN For) (NP (NN simplicity))) (, ,) (ADVP (RB just)) (VP (VBP understand) (SBAR (IN that) (S (PP (IN in) (NP (DT this) (NN program))) (, ,) (NP (`` `) ('' ') (: /) (NN p) ('' ')) (`` `) (VP (VBZ is) (NP (NP (DT the) (NN subprocess)) (VP (VBN used) (S (VP (TO to) (VP (VB access) (NP (PRP$ your) (NN printer)) (PP (IN through) (NP (DT the) (VBN specified) (NN application)))))))))))) (. .))) "
1229,2,3,this,case,"In this case , it is the same file used earlier in this chapter .","(ROOT (S (PP (IN In) (NP (DT this) (NN case))) (, ,) (NP (PRP it)) (VP (VBZ is) (NP (NP (DT the) (JJ same) (NN file)) (VP (VBN used) (ADVP (RBR earlier) (PP (IN in) (NP (DT this) (NN chapter))))))) (. .))) "
1229,13,14,this,chapter,"In this case , it is the same file used earlier in this chapter .","(ROOT (S (PP (IN In) (NP (DT this) (NN case))) (, ,) (NP (PRP it)) (VP (VBZ is) (NP (NP (DT the) (JJ same) (NN file)) (VP (VBN used) (ADVP (RBR earlier) (PP (IN in) (NP (DT this) (NN chapter))))))) (. .))) "
1273,6,7,this,tutorial,"If you have been following this tutorial , you should be able to understand a fair amount of it .","(ROOT (S (SBAR (IN If) (S (NP (PRP you)) (VP (VBP have) (VP (VBN been) (VP (VBG following) (NP (DT this) (NN tutorial))))))) (, ,) (NP (PRP you)) (VP (MD should) (VP (VB be) (ADJP (JJ able) (S (VP (TO to) (VP (VB understand) (NP (NP (DT a) (JJ fair) (NN amount)) (PP (IN of) (NP (PRP it)))))))))) (. .))) "
1275,40,41,this,book,Here are few other books which cover Python 3 : * -LSB- A Byte of Python by Swaroop C H -RSB- -LRB- http://www.swaroopch.com/notes/Python -RRB- * -LSB- Hands-on Python Tutorial by Dr. Andrew N. Harrington -RSB- -LRB- http://anh.cs.luc.edu/python/hands-on/3.1/handsonHtml/index.html -RRB- Hopefully this book covers everything you have needed to get started programming .,(ROOT (S (S (NP (RB Here)) (VP (VBP are) (NP (NP (JJ few) (JJ other) (NNS books)) (SBAR (WHNP (WDT which)) (S (VP (VBP cover) (NP (NNP Python) (CD 3)))))))) (: :) (S (X (X (SYM *)) (PP (-LRB- -LSB-) (NP (NP (DT A) (NN Byte)) (PP (IN of) (NP (NP (NAC (NNP Python) (PP (IN by) (NP (NNP Swaroop) (NNP C)))) (NN H) (-RRB- -RSB-)) (PRN (-LRB- -LRB-) (NP (NN http://www.swaroopch.com/notes/Python)) (-RRB- -RRB-))))))) (X (X (SYM *)) (NP (NP (-LRB- -LSB-) (JJ Hands-on) (NNP Python) (NNP Tutorial)) (PP (IN by) (NP (NP (NP (NNP Dr.) (NNP Andrew) (NNP N.) (NNP Harrington) (-RRB- -RSB-)) (PRN (-LRB- -LRB-) (NP (NN http://anh.cs.luc.edu/python/hands-on/3.1/handsonHtml/index.html)) (-RRB- -RRB-))) (ADVP (RB Hopefully)))))) (NP (DT this) (NN book)) (VP (VBZ covers) (NP (NP (NN everything)) (SBAR (S (NP (PRP you)) (VP (VBP have) (VP (VBN needed) (S (VP (TO to) (VP (VB get) (VP (VBN started) (NP (NN programming))))))))))))) (. .))) 
1285,4,5,that,problem,For more on that problem see < http://www.python.org/doc/faq/programming/#how-can-i-create-a-stand-alone-binary-from-a-python-script > -LRB- IFAQ -RRB- Why do you use first person in this tutorial ?,(ROOT (S (PP (IN For) (NP (NP (RBR more)) (PP (IN on) (NP (DT that) (NN problem))))) (S (VP (VB see) (NP (NP (ADJP (JJR <) (JJ http://www.python.org/doc/faq/programming/#how-can-i-create-a-stand-alone-binary-from-a-python-script)) (JJR >)) (PRN (-LRB- -LRB-) (NP (NN IFAQ)) (-RRB- -RRB-))))) (ADVP (WRB Why)) (VP (VBP do) (S (NP (PRP you)) (VP (VB use) (NP (JJ first) (NN person)) (PP (IN in) (NP (DT this) (NN tutorial)))))) (. ?))) 
1285,20,21,this,tutorial,For more on that problem see < http://www.python.org/doc/faq/programming/#how-can-i-create-a-stand-alone-binary-from-a-python-script > -LRB- IFAQ -RRB- Why do you use first person in this tutorial ?,(ROOT (S (PP (IN For) (NP (NP (RBR more)) (PP (IN on) (NP (DT that) (NN problem))))) (S (VP (VB see) (NP (NP (ADJP (JJR <) (JJ http://www.python.org/doc/faq/programming/#how-can-i-create-a-stand-alone-binary-from-a-python-script)) (JJR >)) (PRN (-LRB- -LRB-) (NP (NN IFAQ)) (-RRB- -RRB-))))) (ADVP (WRB Why)) (VP (VBP do) (S (NP (PRP you)) (VP (VB use) (NP (JJ first) (NN person)) (PP (IN in) (NP (DT this) (NN tutorial)))))) (. ?))) 
1290,10,11,this,faq,"Ask on the discussion page or add it to this FAQ , or email one of the -LSB- Authors -RSB- -LRB- / wiki/Non-Programmer % 27s_Tutorial_for_Python_3 / Authors -RRB- .","(ROOT (S (VP (VP (VB Ask) (PP (IN on) (NP (DT the) (NN discussion) (NN page)))) (CC or) (VP (VB add) (NP (PRP it)) (PP (TO to) (NP (NP (NP (DT this) (NN FAQ)) (, ,) (CC or) (NP (NP (NN email) (CD one)) (PP (IN of) (NP (DT the) (-LRB- -LSB-) (NNS Authors)))) (-RRB- -RSB-)) (PRN (-LRB- -LRB-) (NP (NP (: /) (ADJP (JJ wiki/Non-Programmer)) (NN %) (NN 27s_Tutorial_for_Python_3)) (PP (: /) (NP (NNS Authors)))) (-RRB- -RRB-)))))) (. .))) "
1291,15,18,this,non-programmer,"For other FAQs , you may want to see the Python 2.6 version of this page -LSB- Non-Programmer 's Tutorial for Python 2.6 / FAQ -RSB- -LRB- / wiki/Non-Programmer % 27s_Tutorial_for_Python_2 .6 / FAQ -RRB- , or the -LSB- Python FAQ -RSB- -LRB- http://www.python.org/doc/faq/ -RRB- .","(ROOT (S (PP (IN For) (NP (JJ other) (NNS FAQs))) (, ,) (NP (PRP you)) (VP (MD may) (VP (VB want) (S (VP (TO to) (VP (VB see) (NP (NP (DT the) (NNP Python) (CD 2.6) (NN version)) (PP (IN of) (NP (NP (NP (DT this) (NN page) (-LRB- -LSB-) (NN Non-Programmer) (POS 's)) (NNP Tutorial)) (PP (IN for) (NP (NP (NNP Python) (NX (NX (NX (CD 2.6) (: /) (NN FAQ) (-RRB- -RSB-)) (PRN (-LRB- -LRB-) (NP (NP (NP (: /) (ADJP (JJ wiki/Non-Programmer)) (NN %) (NN 27s_Tutorial_for_Python_2)) (NP (CD .6))) (NP (: /) (NN FAQ))) (-RRB- -RRB-))) (, ,) (CC or) (NX (DT the) (-LRB- -LSB-) (NNP Python) (NNP FAQ)) (-RRB- -RSB-))) (PRN (-LRB- -LRB-) (NP (NN http://www.python.org/doc/faq/)) (-RRB- -RRB-)))))))))))) (. .))) "
1303,16,17,this,page,php?title = Non-Programmer % 27s_Tutorial_for_Python_3 / Print_version & action = info -RRB- * -LSB- Cite this page -RSB- -LRB- / w/index .,(ROOT (S (NP (NP (NN php?title)) (VP (JJ =) (NP (CD Non-Programmer) (NN %)) (NP (NP (NP (NN 27s_Tutorial_for_Python_3)) (PRN (: /) (NP (NP (NNP Print_version)) (CC &) (NP (NN action) (JJ =) (NN info))) (-RRB- -RRB-))) (X (SYM *))))) (VP (-LRB- -LSB-) (VP (VB Cite) (S (NP (DT this) (NN page)) (NP (NP (-RRB- -RSB-)) (-LRB- -LRB-) (PP (: /) (NP (NN w/index))))))) (. .))) 
1309,3,4,this,site,"By using this site , you agree to the -LSB- Terms of Use -RSB- -LRB- / / wikimediafoundation.org/wiki/Terms_of_Use -RRB- and -LSB- Privacy Policy . -RSB-","(ROOT (S (PP (IN By) (S (VP (VBG using) (NP (DT this) (NN site))))) (, ,) (NP (PRP you)) (VP (VBP agree) (PP (PP (TO to) (NP (NP (DT the) (-LRB- -LSB-) (NNS Terms)) (PP (IN of) (NP (NP (NN Use) (-RRB- -RSB-)) (PRN (-LRB- -LRB-) (NP (: /) (: /) (NN wikimediafoundation.org/wiki/Terms_of_Use)) (-RRB- -RRB-)))))) (CC and) (PP (-LRB- -LSB-) (NP (NNP Privacy) (NNP Policy))))) (. .) (-RRB- -RSB-))) "
