2,7,8,this,page,-LSB- Unreviewed changes are displayed on this page -RSB- -LRB- / / bits.wikimedia.org/static-1.22wmf19/extensions/FlaggedRevs/frontend/modules/img/1.png -RRB- This page may need to be -LSB- reviewed -RSB- -LRB- / wiki/Wikibooks : REVIEW -RRB- for quality .,(ROOT (S (SBAR (-LRB- -LSB-) (S (NP (JJ Unreviewed) (NNS changes)) (VP (VBP are) (VP (VBN displayed) (PP (IN on) (NP (DT this) (NN page) (-RRB- -RSB-))))))) (PRN (-LRB- -LRB-) (VP (: /) (NP (: /) (NN bits.wikimedia.org/static-1.22wmf19/extensions/FlaggedRevs/frontend/modules/img/1.png))) (-RRB- -RRB-)) (NP (DT This) (NN page)) (VP (MD may) (VP (VB need) (S (VP (TO to) (VP (VB be) (VP (-LRB- -LSB-) (VP (VBN reviewed) (NP (NP (NP (-RRB- -RSB-)) (PRN (-LRB- -LRB-) (NP (NP (: /) (NNS wiki/Wikibooks)) (: :) (NP (NNP REVIEW))) (-RRB- -RRB-))) (PP (IN for) (NP (NN quality))))))))))) (. .))) 
4,40,41,this,message,-LSB- Printer.svg -RSB- -LRB- / / upload.wikimedia.org/wikipedia/commons/thumb/2/23/Printer.svg/40px-Printer.svg.png -RRB- ** This is the -LSB- print version -RSB- -LRB- / wiki/Help : Print_versions -RRB- of -LSB- OpenSCAD User Manual -RSB- -LRB- / wiki/OpenSCAD _ User_Manual -RRB- ** You wo n't see this message or any elements not part of the book 's content when you print or -LSB- preview -RSB- -LRB- / / en.wikibooks.org/w/index.php?title=OpenSCAD_User_Manual/Print_version&action=purge&printable=yes -RRB- this page .,(ROOT (S (NP (-LRB- -LSB-) (NN Printer.svg)) (VP (-RRB- -RSB-) (PRN (-LRB- -LRB-) (PP (: /) (NP (: /) (NN upload.wikimedia.org/wikipedia/commons/thumb/2/23/Printer.svg/40px-Printer.svg.png))) (-RRB- -RRB-)) (SBAR (SBAR (X (SYM **)) (S (S (NP (DT This)) (VP (VBZ is) (NP (NP (NP (DT the) (-LRB- -LSB-) (NN print) (NN version) (-RRB- -RSB-)) (PRN (-LRB- -LRB-) (NP (NP (: /) (NN wiki/Help)) (: :) (NP (NNS Print_versions))) (-RRB- -RRB-))) (PP (IN of) (NP (-LRB- -LSB-) (NN OpenSCAD) (NN User) (NN Manual)))))) (-RRB- -RSB-) (PRN (-LRB- -LRB-) (PP (: /) (NP (NN wiki/OpenSCAD) (CD _) (NN User_Manual))) (-RRB- -RRB-)) (S (X (SYM **)) (NP (PRP You)) (VP (MD wo) (RB n't) (VP (VB see) (NP (NP (DT this) (NN message)) (CC or) (NP (DT any) (NNS elements))) (PP (RB not) (NP (NP (NN part)) (PP (IN of) (NP (NP (DT the) (NN book) (POS 's)) (NN content))))) (SBAR (WHADVP (WRB when)) (S (NP (PRP you)) (VP (VBP print))))))))) (CC or) (SBAR (-LRB- -LSB-) (S (NP (NN preview)) (VP (-RRB- -RSB-) (PRN (-LRB- -LRB-) (: /) (NX (: /) (NNS en.wikibooks.org/w/index.php?title=OpenSCAD_User_Manual/Print_version&action=purge&printable=yes)) (-RRB- -RRB-)) (NP (DT this) (NN page))))))) (. .))) 
4,64,65,this,page,-LSB- Printer.svg -RSB- -LRB- / / upload.wikimedia.org/wikipedia/commons/thumb/2/23/Printer.svg/40px-Printer.svg.png -RRB- ** This is the -LSB- print version -RSB- -LRB- / wiki/Help : Print_versions -RRB- of -LSB- OpenSCAD User Manual -RSB- -LRB- / wiki/OpenSCAD _ User_Manual -RRB- ** You wo n't see this message or any elements not part of the book 's content when you print or -LSB- preview -RSB- -LRB- / / en.wikibooks.org/w/index.php?title=OpenSCAD_User_Manual/Print_version&action=purge&printable=yes -RRB- this page .,(ROOT (S (NP (-LRB- -LSB-) (NN Printer.svg)) (VP (-RRB- -RSB-) (PRN (-LRB- -LRB-) (PP (: /) (NP (: /) (NN upload.wikimedia.org/wikipedia/commons/thumb/2/23/Printer.svg/40px-Printer.svg.png))) (-RRB- -RRB-)) (SBAR (SBAR (X (SYM **)) (S (S (NP (DT This)) (VP (VBZ is) (NP (NP (NP (DT the) (-LRB- -LSB-) (NN print) (NN version) (-RRB- -RSB-)) (PRN (-LRB- -LRB-) (NP (NP (: /) (NN wiki/Help)) (: :) (NP (NNS Print_versions))) (-RRB- -RRB-))) (PP (IN of) (NP (-LRB- -LSB-) (NN OpenSCAD) (NN User) (NN Manual)))))) (-RRB- -RSB-) (PRN (-LRB- -LRB-) (PP (: /) (NP (NN wiki/OpenSCAD) (CD _) (NN User_Manual))) (-RRB- -RRB-)) (S (X (SYM **)) (NP (PRP You)) (VP (MD wo) (RB n't) (VP (VB see) (NP (NP (DT this) (NN message)) (CC or) (NP (DT any) (NNS elements))) (PP (RB not) (NP (NP (NN part)) (PP (IN of) (NP (NP (DT the) (NN book) (POS 's)) (NN content))))) (SBAR (WHADVP (WRB when)) (S (NP (PRP you)) (VP (VBP print))))))))) (CC or) (SBAR (-LRB- -LSB-) (S (NP (NN preview)) (VP (-RRB- -RSB-) (PRN (-LRB- -LRB-) (: /) (NX (: /) (NNS en.wikibooks.org/w/index.php?title=OpenSCAD_User_Manual/Print_version&action=purge&printable=yes)) (-RRB- -RRB-)) (NP (DT this) (NN page))))))) (. .))) 
62,7,9,this,example,"Or you can copy and paste this simple example into the OpenSCAD window : ** Usage example 1 - example004.scad : ** difference -LRB- -RRB- -LCB- cube -LRB- 30 , center = true -RRB- ; sphere -LRB- 20 -RRB- ; -RCB- translate -LRB- -LSB- 0 , 0 , 30 -RSB- -RRB- -LCB- cylinder -LRB- h = 40 , r = 10 -RRB- ; -RCB- !","(ROOT (S (CC Or) (NP (PRP you)) (VP (VP (MD can) (VP (VB copy) (CC and) (VB paste) (PRN (NP (NP (DT this) (JJ simple) (NN example)) (PP (IN into) (NP (NP (NP (NP (DT the) (NN OpenSCAD) (NN window)) (PRN (: :) (FRAG (FRAG (X (X (X (SYM **)) (NP (NN Usage))) (NP (NN example) (CD 1))) (: -) (NP (NN example004.scad))) (: :) (FRAG (X (SYM **)) (NP (NN difference))) (-LRB- -LRB-))) (-RRB- -RRB-)) (PRN (-LRB- -LCB-) (S (NP (NP (NP (NN cube)) (PRN (-LRB- -LRB-) (NP (CD 30)) (, ,) (NP (NN center)))) (ADJP (JJ =))) (ADJP (JJ true))) (-RRB- -RRB-))) (: ;) (NP (NP (NN sphere)) (PRN (-LRB- -LRB-) (NP (CD 20)) (-RRB- -RRB-))) (: ;)))) (-RRB- -RCB-)) (S (VP (VB translate))))) (PRN (-LRB- -LRB-) (S (VP (-LRB- -LSB-) (NP (NP (CD 0)) (, ,) (NP (NP (NP (CD 0)) (, ,) (ADJP (CD 30) (-RRB- -RSB-)) (-RRB- -RRB-)) (PRN (-LRB- -LCB-) (NP (NP (NP (NN cylinder)) (-LRB- -LRB-) (NP (NP (NN h)) (ADJP (JJ =) (NP-TMP (CD 40)))) (, ,)) (PP (NN r) (NP (JJ =) (CD 10)))) (-RRB- -RRB-))) (: ;)))) (-RRB- -RCB-))) (. !))) "
88,2,3,this,case,"In this case , the object is the ` cube -LRB- -RRB- ` to be created .","(ROOT (S (PP (IN In) (NP (DT this) (NN case))) (, ,) (NP (DT the) (NN object)) (VP (VBZ is) (PRN (S (NP (DT the) (`` `) (NN cube)) (VP (-LRB- -LRB-))) (-RRB- -RRB-)) (`` `) (S (VP (TO to) (VP (VB be) (VP (VBN created)))))) (. .))) "
108,20,21,this,view,"If the OpenCSG library is not available or the video card or drivers do not support OpenGL , then this view will produce no visible output .","(ROOT (S (SBAR (IN If) (S (S (NP (DT the) (NN OpenCSG) (NN library)) (VP (VBZ is) (RB not) (ADJP (JJ available)))) (CC or) (S (NP (NP (DT the) (NN video) (NN card)) (CC or) (NP (NNS drivers))) (VP (VBP do) (RB not) (VP (VB support) (NP (NN OpenGL))))))) (, ,) (ADVP (RB then)) (NP (DT this) (NN view)) (VP (MD will) (VP (VB produce) (NP (DT no) (JJ visible) (NN output)))) (. .))) "
125,6,9,those,method,"To combine the benefits of those two display methods , you can selectively wrap parts of your program in a -LSB- render -RSB- -LRB- / wiki/OpenSCAD _ User_Manual / The_OpenSCAD_Language #render -RRB- function and force them to be baken into a mesh even with OpenCSG mode enabled .","(ROOT (S (S (VP (TO To) (VP (VB combine) (NP (NP (DT the) (NNS benefits)) (PP (IN of) (NP (DT those) (CD two) (NN display) (NNS methods))))))) (, ,) (NP (PRP you)) (VP (MD can) (ADVP (RB selectively)) (VP (VP (VB wrap) (NP (NP (NNS parts)) (PP (IN of) (NP (PRP$ your) (NN program)))) (PP (IN in) (NP (NP (DT a) (-LRB- -LSB-)) (VP (VBP render) (NP (-RRB- -RSB-) (PRN (-LRB- -LRB-) (PP (: /) (NP (NN wiki/OpenSCAD) (CD _) (JJ User_Manual) (: /) (NN The_OpenSCAD_Language) (NN #render))) (-RRB- -RRB-)) (NN function)))))) (CC and) (VP (VB force) (S (NP (PRP them)) (VP (TO to) (VP (VB be) (VP (VBN baken) (PP (IN into) (NP (DT a) (NN mesh))) (SBAR (RB even) (IN with) (S (NP (NN OpenCSG) (NN mode)) (VP (VBD enabled))))))))))) (. .))) "
132,6,7,this,option,"In CGAL grid mode , this option has no effect .","(ROOT (S (PP (IN In) (NP (NNP CGAL) (NN grid) (NN mode))) (, ,) (NP (DT this) (NN option)) (VP (VBZ has) (NP (DT no) (NN effect))) (. .))) "
133,2,3,this,option,"Enabling this option shows the difference between OpenCSG and CGAL quite clearly : While in CGAL mode you see an edge drawn everywhere it `` belongs '' , OpenCSG will not show edges resulting from boolean operations -- this is because they were never explicitly calculated but are just where one object 's Z clipping begins or ends .","(ROOT (S (S (S (VP (VBG Enabling) (NP (DT this) (NN option)))) (VP (VBZ shows) (NP (NP (DT the) (NN difference)) (PP (IN between) (NP (NN OpenCSG) (CC and) (NN CGAL)))) (ADVP (RB quite) (RB clearly)))) (: :) (S (SBAR (IN While) (S (PP (IN in) (NP (NNP CGAL) (NN mode))) (NP (PRP you)) (VP (VBP see) (NP (NP (DT an) (NN edge)) (VP (VBN drawn) (ADVP (RB everywhere)) (SBAR (S (NP (PRP it)) (VP (`` ``) (VBZ belongs) ('' ''))))))))) (, ,) (NP (NN OpenCSG)) (VP (MD will) (RB not) (VP (VB show) (NP (NP (NNS edges)) (VP (VBG resulting) (PP (IN from) (NP (JJ boolean) (NNS operations)))))))) (: --) (S (NP (DT this)) (VP (VBZ is) (SBAR (IN because) (S (NP (PRP they)) (VP (VP (VBD were) (ADVP (RB never)) (VP (ADVP (RB explicitly)) (VBN calculated))) (CC but) (VP (VBP are) (ADVP (ADVP (RB just)) (SBAR (WHADVP (WRB where)) (S (NP (NP (NP (CD one) (NN object) (POS 's)) (NN Z)) (ADJP (JJ clipping))) (VP (VP (VBZ begins)) (CC or) (VP (VBZ ends)))))))))))) (. .))) "
183,6,7,that,call,"However , all instances within that call will behave as described above with the last-set value being used throughout .","(ROOT (S (ADVP (RB However)) (, ,) (NP (NP (DT all) (NNS instances)) (PP (IN within) (NP (DT that) (NN call)))) (VP (MD will) (VP (VB behave) (SBAR (IN as) (S (VP (VBN described) (PP (IN above) (IN with) (NP (NP (DT the) (JJ last-set) (NN value)) (VP (VBG being) (VP (VBN used) (PP (IN throughout))))))))))) (. .))) "
188,24,25,those,value,"ECHO : 9 ECHO : 9 * * Even though the ` test ' module calculated value changes for ` p ' , those values remained inside the module .","(ROOT (NP (NP (NN ECHO)) (: :) (NP (NP (NP (CD 9) (NN ECHO)) (: :) (NP (QP (CD 9))) (X (SYM *))) (SBAR (FRAG (SBAR (X (SYM *)) (S (SBAR (RB Even) (IN though) (S (NP (DT the) (`` `) (NN test) ('' ') (NN module)) (VP (VBN calculated) (NP (NN value) (NNS changes)) (PP (IN for) (`` `) (NP (NN p)) ('' '))))) (, ,) (NP (DT those) (NNS values)) (VP (VBD remained) (PP (IN inside) (NP (DT the) (NN module)))))) (. .)))))) "
203,113,114,those,constant,"* ECHO 6 * / module test -LRB- q -RRB- -LCB- p = 2 + q ; echo -LRB- p -RRB- ; p = 4 + q ; echo -LRB- p -RRB- ; -RCB- ** Output ** ECHO : 9 ECHO : 9 ECHO : 6 ECHO : 12 ECHO : 12 ECHO : 6 While this appears to be counter-intuitive , it allows you to do some interesting things : For instance , if you set up your shared library files to have default values defined as variables at their root level , when you include that file in your own code , you can 're - define ' or override those constants by simply assigning a new value to them .","(ROOT (X (X (SYM *)) (NP (NP (NN ECHO)) (SBAR (FRAG (NP (NP (CD 6)) (SBAR (FRAG (X (SYM *)) (VP (: /) (NP (NP (NN module) (NN test)) (NP (NP (-LRB- -LRB-) (NN q) (-RRB- -RRB-)) (-LRB- -LCB-) (NP (NP (NP (NN p)) (ADJP (JJ =) (NP-TMP (CD 2)))) (CC +) (NP (NP (NN q)) (PRN (: ;) (S (VP (VB echo) (S (NP (NP (-LRB- -LRB-) (NN p) (-RRB- -RRB-)) (: ;) (NP (NP (NP (NN p)) (ADJP (JJ =) (NP-TMP (CD 4)))) (CC +) (NP (NN q))) (: ;)) (VP (VB echo) (-LRB- -LRB-) (NP (NN p)) (-RRB- -RRB-))))) (: ;)))) (-RRB- -RCB-))))))) (X (X (SYM **)) (NP (NP (NN Output)) (SBAR (FRAG (X (X (SYM **)) (NP (NNP ECHO))) (: :) (NP (NP (CD 9)) (SBAR (S (NP (NP (NN ECHO)) (: :) (NP (NP (CD 9) (NN ECHO)) (: :) (NP (NP (CD 6) (NN ECHO)) (: :) (NP (NP (CD 12) (NN ECHO)) (: :) (NP (NP (CD 12) (NN ECHO)) (: :) (NP (NP (CD 6)) (SBAR (S (SBAR (IN While) (S (NP (DT this)) (VP (VBZ appears) (S (VP (TO to) (VP (VB be) (ADJP (JJ counter-intuitive)))))))) (, ,) (NP (PRP it)) (VP (VBZ allows) (S (NP (PRP you)) (VP (TO to) (VP (VB do) (NP (DT some) (JJ interesting) (NNS things)) (: :) (PRN (PP (IN For) (NP (NN instance))) (, ,)) (SBAR (IN if) (S (NP (PRP you)) (VP (VBD set) (PRT (RP up)) (NP (PRP$ your) (JJ shared) (NN library) (NNS files)) (S (VP (TO to) (VP (VB have) (NP (NP (NN default) (NNS values)) (VP (VBN defined) (PP (IN as) (NP (NP (NNS variables)) (PP (IN at) (NP (PRP$ their) (NN root) (NN level)))))))))) (, ,) (SBAR (WHADVP (WRB when)) (S (NP (PRP you)) (VP (VBP include) (SBAR (IN that) (S (S (VP (NN file) (PP (IN in) (NP (PRP$ your) (JJ own) (NN code))))) (, ,) (NP (PRP you)) (VP (MD can) (VP (VB 're)))))))))))))))))))))) (: -)) (VP (VP (VB define)) ('' ') (CC or) (VP (VB override) (NP (DT those) (NNS constants)) (PP (IN by) (S (ADVP (RB simply)) (VP (VBG assigning) (NP (DT a) (JJ new) (NN value)) (PP (TO to) (NP (PRP them))))))))))) (. .)))))))))) "
213,8,9,this,identifier,"To read the value , you specify this identifier from your script : TotalWidth = dxf_dim -LRB- file = `` drawing.dxf '' , name = `` TotalWidth '' , layer = `` SCAD.Origin '' , origin =[ 0 , 0 -RSB- , scale = 1 -RRB- ; For a nice example of both functions , see Example009 and the image on the -LSB- homepage of OpenSCAD -RSB- -LRB- http://www.openscad.org/ -RRB- .","(ROOT (S (S (VP (TO To) (VP (VB read) (NP (DT the) (NN value))))) (, ,) (NP (PRP you)) (VP (VBP specify) (NP (DT this) (NN identifier)) (PP (IN from) (NP (NP (PRP$ your) (NN script)) (: :) (NP (NN TotalWidth) (JJ =) (NN dxf_dim)) (PRN (-LRB- -LRB-) (NP (NP (NP (NN file)) (VP (JJ =) (NP (`` ``) (FW drawing.dxf) ('' '')))) (, ,) (NP (NP (NN name)) (ADJP (JJ =) (NP-TMP (NP (`` ``) (NNP TotalWidth) ('' '')) (, ,) (NP (NN layer)))) (ADVP (JJ =)) (NP (NP (`` ``) (NN SCAD.Origin) ('' '')) (, ,) (NP (NP (NN origin) (NN =[)) (NP (CD 0))))) (, ,) (NP (CD 0) (-RRB- -RSB-)) (, ,) (NP (NP (NN scale)) (ADJP (JJ =) (NP-TMP (CD 1))))) (-RRB- -RRB-))))) (: ;) (S (PP (IN For) (NP (NP (DT a) (JJ nice) (NN example)) (PP (IN of) (NP (DT both) (NNS functions))))) (, ,) (VP (VBP see) (NP (NP (NN Example009)) (CC and) (NP (DT the) (NN image))) (PP (IN on) (NP (NP (DT the) (-LRB- -LSB-) (NN homepage)) (PP (IN of) (NP (NP (NN OpenSCAD) (-RRB- -RSB-)) (PRN (-LRB- -LRB-) (NP (NN http://www.openscad.org/)) (-RRB- -RRB-)))))))) (. .))) "
226,46,47,this,case,"-LSB- -RSB- -LRB- / / bits.wikimedia.org/static-1.22wmf19/skins/common/images/magnify-clip.png -RRB- OpenSCAD iteration over a range -RRB- ** Usage example 2b - iteration over a range specifying an increment : ** / / Note : The middle parameter in the range designation / / -LRB- ' 0.2 ' in this case -RRB- is the ` increment-by ' value / / Warning : Depending on the ` increment-by ' value , the / / real end value may be smaller than the given one .","(ROOT (S (S (NP (-LRB- -LSB-)) (VP (-RRB- -RSB-)) (PRN (-LRB- -LRB-) (VP (: /) (NP (: /) (NN bits.wikimedia.org/static-1.22wmf19/skins/common/images/magnify-clip.png) (-RRB- -RRB-) (NN OpenSCAD) (NN iteration)) (PP (IN over) (NP (DT a) (NN range)))) (-RRB- -RRB-)) (SBAR (X (SYM **)) (S (NP (NP (NN Usage) (NN example)) (SBAR (FRAG (X (SYM 2b)) (: -) (NP (NP (NN iteration)) (PP (IN over) (NP (NP (DT a) (NN range)) (VP (VBG specifying) (NP (DT an) (NN increment)) (: :) (FRAG (X (SYM **)) (: /) (VP (: /) (NP (NP (VB Note)) (: :) (NP (NP (DT The) (JJ middle) (NN parameter)) (PP (IN in) (NP (DT the) (NN range) (NN designation)))))) (: /)))))) (: /))) (PRN (-LRB- -LRB-) (PP ('' ') (NP (NP (CD 0.2)) ('' ') (PP (IN in) (NP (DT this) (NN case))))) (-RRB- -RRB-))) (VP (VBZ is) (NP (NP (DT the) (`` `) (JJ increment-by) ('' ') (NN value)) (PP (: /) (NP (: /) (NN Warning)))))))) (: :) (S (PP (VBG Depending) (PP (IN on) (NP (DT the) (`` `) (JJ increment-by) ('' ') (NN value)))) (, ,) (NP (NP (DT the) (: /) (: /)) (JJ real) (NN end) (NN value)) (VP (MD may) (VP (VB be) (ADJP (ADJP (JJR smaller)) (PP (IN than) (NP (DT the) (VBN given) (QP (CD one)))))))) (. .))) "
309,2,3,this,function,Note this function is not in 2013.01 and is pending pull request < https://github.com/openscad/openscad/pull/333 > .,(ROOT (S (VP (VB Note) (SBAR (S (NP (DT this) (NN function)) (VP (VP (VBZ is) (RB not) (PP (IN in) (NP (CD 2013.01)))) (CC and) (VP (VBZ is) (VP (VBG pending) (S (VP (VB pull) (NP (NN request) (JJR <)) (S (ADJP (NP (CD https://github.com/openscad/openscad/pull/333)) (JJR >))))))))))) (. .))) 
311,2,3,this,return,Note this returns is the actual numeric length while ** len ** returns the number of elements in the vector or array .,(ROOT (S (NP (NP (VB Note)) (SBAR (S (NP (DT this) (NNS returns)) (VP (VBZ is) (NP (NP (NP (DT the) (ADJP (JJ actual) (JJ numeric)) (NN length)) (SBAR (IN while) (FRAG (X (SYM **)) (NP (NN len))))) (X (SYM **))))))) (VP (VBZ returns) (NP (NP (DT the) (NN number)) (PP (IN of) (NP (NP (NNS elements)) (PP (IN in) (NP (DT the) (NN vector) (CC or) (NN array))))))) (. .))) 
338,17,18,that,length,"If a single number is given , the result will be a cube with sides of that length .","(ROOT (S (SBAR (IN If) (S (NP (DT a) (JJ single) (NN number)) (VP (VBZ is) (VP (VBN given))))) (, ,) (NP (DT the) (NN result)) (VP (MD will) (VP (VB be) (NP (NP (DT a) (NN cube)) (PP (IN with) (NP (NP (NNS sides)) (PP (IN of) (NP (DT that) (NN length)))))))) (. .))) "
352,5,7,these,variable,"For more information on these special variables look at : -LSB- OpenSCAD_User_Manual / Other_Language_Features -RSB- -LRB- / wiki/OpenSCAD _ User_Manual / Other_Language_Features -RRB- $ fa Angle in degrees $ fs Angle in mm $ fn Resolution ** Usage Examples ** sphere -LRB- r = 1 -RRB- ; sphere -LRB- r = 5 -RRB- ; sphere -LRB- r = 10 -RRB- ; / / this will create a high resolution sphere with a 2mm radius sphere -LRB- 2 , $ fn = 100 -RRB- ; / / will also create a 2mm high resolution sphere but this one / / does not have as many small triangles on the poles of the sphere sphere -LRB- 2 , $ fa = 5 , $ fs = 0.1 -RRB- ; !","(ROOT (S (IN For) (S (NP (NP (JJR more) (NN information)) (PP (IN on) (NP (DT these) (JJ special) (NNS variables)))) (VP (VBP look) (PP (IN at)))) (: :) (SINV (VP (-LRB- -LSB-) (NP (NP (NP (JJ OpenSCAD_User_Manual) (: /) (NNS Other_Language_Features)) (PP (-RRB- -RSB-) (PRN (-LRB- -LRB-) (NP (NP (: /) (NN wiki/OpenSCAD)) (NP (CD _) (JJ User_Manual) (: /) (NNS Other_Language_Features))) (-RRB- -RRB-)) (NP ($ $) (CD fa))) (X (X (NP (NP (NNP Angle)) (PP (IN in) (NP (NNS degrees)))) (NP ($ $) (CD fs)) (NP (NP (NNP Angle)) (PP (IN in) (NP (NN mm))))) (NP (NP ($ $) (CD fn)) (NP (NN Resolution))))) (X (SYM **)))) (NP (NNP Usage) (NNS Examples)) (SBAR (X (SYM **)) (S (NP (NP (NP (NN sphere)) (PRN (-LRB- -LRB-) (S (NP (NN r)) (ADJP (JJ =) (NP-TMP (CD 1)))) (-RRB- -RRB-))) (: ;) (NP (NP (NP (NN sphere)) (PRN (-LRB- -LRB-) (S (NP (NN r)) (ADJP (JJ =) (NP-TMP (CD 5)))) (-RRB- -RRB-))) (: ;) (NP (NP (NN sphere)) (PRN (-LRB- -LRB-) (S (NP (NN r)) (ADJP (JJ =) (NP-TMP (CD 10)))) (-RRB- -RRB-)))) (: ;)) (VP (: /) (SBAR (: /) (S (NP (DT this)) (VP (MD will) (VP (VB create) (NP (DT a) (JJ high) (NN resolution) (NN sphere)) (PP (IN with) (NP (NP (DT a) (JJ 2mm) (NN radius) (NN sphere)) (PRN (-LRB- -LRB-) (NP (NP (NP (CD 2)) (, ,) (NP ($ $) (CD fn))) (NP (JJ =) (CD 100))) (-RRB- -RRB-)))))))))))) (: ;) (S (S (NP (: /) (: /)) (VP (MD will) (ADVP (RB also)) (VP (VB create) (NP (DT a) (JJ 2mm) (JJ high) (NN resolution) (NN sphere))))) (CC but) (S (NP (DT this) (CD one) (: /) (: /)) (VP (VBZ does) (RB not) (VP (VB have) (NP (NP (QP (RB as) (JJ many)) (JJ small) (NNS triangles)) (PP (IN on) (NP (NP (DT the) (NNS poles)) (PP (IN of) (NP (NP (DT the) (NN sphere) (NN sphere)) (PRN (-LRB- -LRB-) (S (NP (NP (CD 2)) (, ,) (NP (NP (NP ($ $) (CD fa)) (ADJP (JJ =) (NP-TMP (CD 5)))) (, ,) (NP ($ $) (CD fs)))) (ADJP (JJ =) (NP-TMP (CD 0.1)))) (-RRB- -RRB-))))))))))) (: ;) (. !))) "
352,96,97,this,one,"For more information on these special variables look at : -LSB- OpenSCAD_User_Manual / Other_Language_Features -RSB- -LRB- / wiki/OpenSCAD _ User_Manual / Other_Language_Features -RRB- $ fa Angle in degrees $ fs Angle in mm $ fn Resolution ** Usage Examples ** sphere -LRB- r = 1 -RRB- ; sphere -LRB- r = 5 -RRB- ; sphere -LRB- r = 10 -RRB- ; / / this will create a high resolution sphere with a 2mm radius sphere -LRB- 2 , $ fn = 100 -RRB- ; / / will also create a 2mm high resolution sphere but this one / / does not have as many small triangles on the poles of the sphere sphere -LRB- 2 , $ fa = 5 , $ fs = 0.1 -RRB- ; !","(ROOT (S (IN For) (S (NP (NP (JJR more) (NN information)) (PP (IN on) (NP (DT these) (JJ special) (NNS variables)))) (VP (VBP look) (PP (IN at)))) (: :) (SINV (VP (-LRB- -LSB-) (NP (NP (NP (JJ OpenSCAD_User_Manual) (: /) (NNS Other_Language_Features)) (PP (-RRB- -RSB-) (PRN (-LRB- -LRB-) (NP (NP (: /) (NN wiki/OpenSCAD)) (NP (CD _) (JJ User_Manual) (: /) (NNS Other_Language_Features))) (-RRB- -RRB-)) (NP ($ $) (CD fa))) (X (X (NP (NP (NNP Angle)) (PP (IN in) (NP (NNS degrees)))) (NP ($ $) (CD fs)) (NP (NP (NNP Angle)) (PP (IN in) (NP (NN mm))))) (NP (NP ($ $) (CD fn)) (NP (NN Resolution))))) (X (SYM **)))) (NP (NNP Usage) (NNS Examples)) (SBAR (X (SYM **)) (S (NP (NP (NP (NN sphere)) (PRN (-LRB- -LRB-) (S (NP (NN r)) (ADJP (JJ =) (NP-TMP (CD 1)))) (-RRB- -RRB-))) (: ;) (NP (NP (NP (NN sphere)) (PRN (-LRB- -LRB-) (S (NP (NN r)) (ADJP (JJ =) (NP-TMP (CD 5)))) (-RRB- -RRB-))) (: ;) (NP (NP (NN sphere)) (PRN (-LRB- -LRB-) (S (NP (NN r)) (ADJP (JJ =) (NP-TMP (CD 10)))) (-RRB- -RRB-)))) (: ;)) (VP (: /) (SBAR (: /) (S (NP (DT this)) (VP (MD will) (VP (VB create) (NP (DT a) (JJ high) (NN resolution) (NN sphere)) (PP (IN with) (NP (NP (DT a) (JJ 2mm) (NN radius) (NN sphere)) (PRN (-LRB- -LRB-) (NP (NP (NP (CD 2)) (, ,) (NP ($ $) (CD fn))) (NP (JJ =) (CD 100))) (-RRB- -RRB-)))))))))))) (: ;) (S (S (NP (: /) (: /)) (VP (MD will) (ADVP (RB also)) (VP (VB create) (NP (DT a) (JJ 2mm) (JJ high) (NN resolution) (NN sphere))))) (CC but) (S (NP (DT this) (CD one) (: /) (: /)) (VP (VBZ does) (RB not) (VP (VB have) (NP (NP (QP (RB as) (JJ many)) (JJ small) (NNS triangles)) (PP (IN on) (NP (NP (DT the) (NNS poles)) (PP (IN of) (NP (NP (DT the) (NN sphere) (NN sphere)) (PRN (-LRB- -LRB-) (S (NP (NP (CD 2)) (, ,) (NP (NP (NP ($ $) (CD fa)) (ADJP (JJ =) (NP-TMP (CD 5)))) (, ,) (NP ($ $) (CD fs)))) (ADJP (JJ =) (NP-TMP (CD 0.1)))) (-RRB- -RRB-))))))))))) (: ;) (. !))) "
367,2,3,this,parameter,Use this parameter if you want plain cylinder .,(ROOT (S (VP (VB Use) (NP (DT this) (NN parameter)) (SBAR (IN if) (S (NP (PRP you)) (VP (VBP want) (NP (JJ plain) (NN cylinder)))))) (. .))) 
403,13,14,this,case,"This means that if you 're looking at the triangle -LRB- in this case -LSB- 4,0,5 -RSB- -RRB- from the outside you 'll see that the path is clockwise around the center of the face .","(ROOT (S (NP (DT This)) (VP (VBZ means) (SBAR (IN that) (S (SBAR (IN if) (S (NP (PRP you)) (VP (VBP 're) (VP (VBG looking) (PP (IN at) (NP (NP (DT the) (NN triangle)) (PRN (-LRB- -LRB-) (PP (IN in) (NP (NP (DT this) (NN case)) (PP (-LRB- -LSB-) (NP (CD 4,0,5) (-RRB- -RSB-))))) (-RRB- -RRB-)))) (PP (IN from) (NP (DT the) (JJ outside))))))) (NP (PRP you)) (VP (MD 'll) (VP (VB see) (SBAR (IN that) (S (NP (DT the) (NN path)) (VP (VBZ is) (ADJP (JJ clockwise) (PP (IN around) (NP (NP (DT the) (NN center)) (PP (IN of) (NP (DT the) (NN face)))))))))))))) (. .))) "
466,13,16,this,color,"For example , to create a red sphere , you can use this code : color -LRB- `` red '' -RRB- sphere -LRB- 5 -RRB- ; Alpha is also available with named colors : color -LRB- `` Blue '' ,0.5 -RRB- cube -LRB- 5 -RRB- ; The available color names are taken from the World Wide Web consortium 's -LSB- SVG color list -RSB- -LRB- http://www.w3.org/TR/css3-color/ -RRB- .","(ROOT (S (PP (IN For) (NP (NN example))) (, ,) (S (S (VP (TO to) (VP (VB create) (NP (DT a) (JJ red) (NN sphere))))) (, ,) (NP (PRP you)) (VP (MD can) (VP (VB use) (NP (DT this) (NN code) (: :) (NN color)) (PRN (-LRB- -LRB-) (`` ``) (ADJP (JJ red)) ('' '') (-RRB- -RRB-))))) (FRAG (NP (NP (NP (NN sphere)) (PRN (-LRB- -LRB-) (NP (CD 5)) (-RRB- -RRB-))) (: ;) (S (NP (NN Alpha)) (VP (VBZ is) (ADVP (RB also)) (ADJP (JJ available) (PP (IN with) (NP (NP (VBN named) (NNS colors)) (: :) (NP (NP (NP (NN color)) (PRN (-LRB- -LRB-) (NP (NP (`` ``) (NNP Blue) ('' '')) (NP (CD ,0.5))) (-RRB- -RRB-))) (NP (NP (NN cube)) (PRN (-LRB- -LRB-) (NP (CD 5)) (-RRB- -RRB-)))) (: ;))))))) (X (X (DT The) (ADJP (JJ available))) (NP (NP (NN color) (NNS names)) (SBAR (S (VP (VBP are) (VP (VBN taken) (PP (IN from) (NP (NP (NP (DT the) (NNP World) (NN Wide) (NN Web) (NN consortium) (POS 's)) (-LRB- -LSB-) (NNP SVG) (NN color) (NN list) (-RRB- -RSB-)) (PRN (-LRB- -LRB-) (NP (NN http://www.w3.org/TR/css3-color/)) (-RRB- -RRB-))))))))))) (. .))) "
493,17,18,this,tree,-LSB- Intersection -RSB- -LRB- / / upload.wikimedia.org/wikipedia/commons/thumb/f/f8/Openscad_intersection.jpg/400px-Openscad_intersection.jpg -RRB- ### render Always calculate the CSG model for this tree -LRB- even in OpenCSG preview mode -RRB- .,(ROOT (S (NP (NP (-LRB- -LSB-) (NN Intersection) (-RRB- -RSB-)) (PRN (-LRB- -LRB-) (NP (: /) (: /) (NN upload.wikimedia.org/wikipedia/commons/thumb/f/f8/Openscad_intersection.jpg/400px-Openscad_intersection.jpg)) (-RRB- -RRB-))) (ADVP (RB ###)) (VP (VBP render) (ADVP (RB Always)) (VP (VB calculate) (NP (DT the) (NNP CSG) (NN model)) (PP (IN for) (NP (NP (DT this) (NN tree)) (PRN (-LRB- -LRB-) (PP (ADVP (RB even)) (IN in) (NP (NN OpenCSG) (NN preview) (NN mode))) (-RRB- -RRB-)))))) (. .))) 
505,5,6,this,subtree,### Background Modifier Ignore this subtree for the normal rendering process and draw it in transparent gray -LRB- all transformations are still applied to the nodes in this tree -RRB- .,(ROOT (S (NP (NP (CD ###)) (NP (NNP Background) (NNP Modifier))) (VP (VP (VB Ignore) (NP (NP (DT this) (NN subtree)) (PP (IN for) (NP (DT the) (JJ normal) (NN rendering) (NN process))))) (CC and) (VP (VB draw) (NP (PRP it)) (PP (IN in) (NP (NP (ADJP (JJ transparent)) (JJ gray)) (PRN (-LRB- -LRB-) (S (NP (DT all) (NNS transformations)) (VP (VBP are) (ADVP (RB still)) (VP (VBN applied) (PP (TO to) (NP (NP (DT the) (NNS nodes)) (PP (IN in) (NP (DT this) (NN tree)))))))) (-RRB- -RRB-)))))) (. .))) 
505,28,29,this,tree,### Background Modifier Ignore this subtree for the normal rendering process and draw it in transparent gray -LRB- all transformations are still applied to the nodes in this tree -RRB- .,(ROOT (S (NP (NP (CD ###)) (NP (NNP Background) (NNP Modifier))) (VP (VP (VB Ignore) (NP (NP (DT this) (NN subtree)) (PP (IN for) (NP (DT the) (JJ normal) (NN rendering) (NN process))))) (CC and) (VP (VB draw) (NP (PRP it)) (PP (IN in) (NP (NP (ADJP (JJ transparent)) (JJ gray)) (PRN (-LRB- -LRB-) (S (NP (DT all) (NNS transformations)) (VP (VBP are) (ADVP (RB still)) (VP (VBN applied) (PP (TO to) (NP (NP (DT the) (NNS nodes)) (PP (IN in) (NP (DT this) (NN tree)))))))) (-RRB- -RRB-)))))) (. .))) 
508,15,16,this,subtree,-LSB- -RSB- -LRB- / / bits.wikimedia.org/static-1.22wmf19/skins/common/images/magnify-clip.png -RRB- Background modifier example ### Debug Modifier Use this subtree as usual in the rendering process but also draw it unmodified in transparent pink .,(ROOT (NP (NP (NP (-LRB- -LSB-) (-RRB- -RSB-)) (PRN (-LRB- -LRB-) (NP (: /) (: /) (NN bits.wikimedia.org/static-1.22wmf19/skins/common/images/magnify-clip.png)) (-RRB- -RRB-)) (NN Background) (NN modifier)) (NP (NP (NP (NN example) (CD ###) (NNP Debug) (NNP Modifier) (NNP Use)) (NP (DT this) (NN subtree))) (PP (IN as) (NP (ADJP (JJ usual) (PP (IN in) (NP (NP (DT the)) (VP (VBG rendering) (NP (NN process)) (PRN (CC but) (S (ADVP (RB also)) (VP (VB draw) (S (NP (PRP it)) (ADJP (JJ unmodified)))))) (PP (IN in) (ADJP (JJ transparent))))))) (NN pink)))) (. .))) 
511,23,24,this,subtree,-LSB- -RSB- -LRB- / / bits.wikimedia.org/static-1.22wmf19/skins/common/images/magnify-clip.png -RRB- OpenScad Debug Modifier example ### Root Modifier Ignore the rest of the design and use this subtree as design root .,(ROOT (S (NP (-LRB- -LSB-)) (VP (-RRB- -RSB-) (PRN (-LRB- -LRB-) (ADVP (: /)) (ADJP (: /) (JJ bits.wikimedia.org/static-1.22wmf19/skins/common/images/magnify-clip.png)) (-RRB- -RRB-)) (NP (NP (NNP OpenScad) (NNP Debug) (NNP Modifier) (NN example) (CD ###) (NN Root)) (SBAR (S (NP (NNP Modifier)) (VP (VP (VB Ignore) (NP (NP (DT the) (NN rest)) (PP (IN of) (NP (DT the) (NN design))))) (CC and) (VP (VB use) (NP (DT this) (NN subtree)) (PP (IN as) (NP (NN design) (NN root))))))))) (. .))) 
513,9,11,this,subtree,-LCB- ... -RCB- ### Disable Modifier Simply ignore this entire subtree .,(ROOT (S (NP (NP (-LRB- -LCB-) (: ...) (-RRB- -RCB-)) (NP (CD ###) (NNP Disable) (NNP Modifier))) (ADVP (RB Simply)) (VP (VB ignore) (NP (DT this) (JJ entire) (NN subtree))) (. .))) 
515,58,59,this,example,"module hole -LRB- distance , rot , size -RRB- -LCB- rotate -LRB- a = rot , v = -LSB- 1 , 0 , 0 -RSB- -RRB- -LCB- translate -LRB- -LSB- 0 , distance , 0 -RSB- -RRB- -LCB- cylinder -LRB- r = size , h = 100 , center = true -RRB- ; -RCB- -RCB- -RCB- In this example , passing in the parameters distance , rot , and size allow you to reuse this functionality multiple times , saving many lines of code and rendering your program much easier to read .","(ROOT (S (NP (NP (NN module) (NN hole)) (PRN (-LRB- -LRB-) (NP (NN distance) (, ,) (NN rot) (, ,) (NN size)) (-RRB- -RRB-))) (PRN (-LRB- -LCB-) (S (VP (VB rotate) (NP (NP (-LRB- -LRB-) (DT a) (JJ =) (NN rot) (, ,)) (SBAR (S (VP (LS v) (ADJP (JJ =)) (PRN (NP (NP (-LRB- -LSB-) (CD 1) (, ,) (CD 0)) (, ,) (NP (CD 0) (-RRB- -RSB-))) (-RRB- -RRB-))) (PRN (-LRB- -LCB-) (VP (VB translate) (PRN (-LRB- -LRB-) (PP (-LRB- -LSB-) (NP (NP (NP (CD 0)) (, ,) (NP (NN distance)) (, ,) (NP (CD 0) (-RRB- -RSB-)) (-RRB- -RRB-)) (PRN (-LRB- -LCB-) (NP (NP (NP (NN cylinder)) (-LRB- -LRB-) (NP (NP (NN r)) (NP (JJ =) (NN size)))) (, ,) (NP (NP (NN h)) (ADJP (JJ =) (NP-TMP (CD 100)))) (, ,) (NP (NP (NN center)) (ADJP (JJ =) (JJ true)))) (-RRB- -RRB-))) (: ;)) (-RRB- -RCB-))) (-RRB- -RCB-))))))) (-RRB- -RCB-)) (PP (IN In) (NP (NP (DT this) (NN example)) (, ,) (VP (VBG passing) (PP (IN in) (NP (DT the) (NNS parameters) (NN distance)))))) (, ,) (NP (NP (NN rot)) (, ,) (CC and) (NP (NN size))) (VP (VBP allow) (S (NP (PRP you)) (VP (TO to) (VP (VB reuse) (NP (DT this) (NN functionality)) (NP-TMP (JJ multiple) (NNS times)) (, ,) (S (VP (VP (VBG saving) (NP (NP (JJ many) (NNS lines)) (PP (IN of) (NP (NN code))))) (CC and) (VP (VBG rendering) (NP (NP (PRP$ your) (NN program)) (ADJP (RB much) (JJR easier))) (S (VP (TO to) (VP (VB read))))))))))) (. .))) "
515,75,76,this,functionality,"module hole -LRB- distance , rot , size -RRB- -LCB- rotate -LRB- a = rot , v = -LSB- 1 , 0 , 0 -RSB- -RRB- -LCB- translate -LRB- -LSB- 0 , distance , 0 -RSB- -RRB- -LCB- cylinder -LRB- r = size , h = 100 , center = true -RRB- ; -RCB- -RCB- -RCB- In this example , passing in the parameters distance , rot , and size allow you to reuse this functionality multiple times , saving many lines of code and rendering your program much easier to read .","(ROOT (S (NP (NP (NN module) (NN hole)) (PRN (-LRB- -LRB-) (NP (NN distance) (, ,) (NN rot) (, ,) (NN size)) (-RRB- -RRB-))) (PRN (-LRB- -LCB-) (S (VP (VB rotate) (NP (NP (-LRB- -LRB-) (DT a) (JJ =) (NN rot) (, ,)) (SBAR (S (VP (LS v) (ADJP (JJ =)) (PRN (NP (NP (-LRB- -LSB-) (CD 1) (, ,) (CD 0)) (, ,) (NP (CD 0) (-RRB- -RSB-))) (-RRB- -RRB-))) (PRN (-LRB- -LCB-) (VP (VB translate) (PRN (-LRB- -LRB-) (PP (-LRB- -LSB-) (NP (NP (NP (CD 0)) (, ,) (NP (NN distance)) (, ,) (NP (CD 0) (-RRB- -RSB-)) (-RRB- -RRB-)) (PRN (-LRB- -LCB-) (NP (NP (NP (NN cylinder)) (-LRB- -LRB-) (NP (NP (NN r)) (NP (JJ =) (NN size)))) (, ,) (NP (NP (NN h)) (ADJP (JJ =) (NP-TMP (CD 100)))) (, ,) (NP (NP (NN center)) (ADJP (JJ =) (JJ true)))) (-RRB- -RRB-))) (: ;)) (-RRB- -RCB-))) (-RRB- -RCB-))))))) (-RRB- -RCB-)) (PP (IN In) (NP (NP (DT this) (NN example)) (, ,) (VP (VBG passing) (PP (IN in) (NP (DT the) (NNS parameters) (NN distance)))))) (, ,) (NP (NP (NN rot)) (, ,) (CC and) (NP (NN size))) (VP (VBP allow) (S (NP (PRP you)) (VP (TO to) (VP (VB reuse) (NP (DT this) (NN functionality)) (NP-TMP (JJ multiple) (NNS times)) (, ,) (S (VP (VP (VBG saving) (NP (NP (JJ many) (NNS lines)) (PP (IN of) (NP (NN code))))) (CC and) (VP (VBG rendering) (NP (NP (PRP$ your) (NN program)) (ADJP (RB much) (JJR easier))) (S (VP (TO to) (VP (VB read))))))))))) (. .))) "
518,69,70,those,definition,"** For including code from external files in OpenSCAD , there are two commands available : * ** ` include < _ filename _ > ` ** acts as if the contents of the included file were written in the including file , and * ** ` use < _ filename _ > ` ** imports modules and functions , but does not execute any commands other than those definitions .","(ROOT (X (X (SYM **)) (PP (IN For) (S (VP (VBG including) (NP (NN code)) (PP (IN from) (NP (NP (NP (JJ external) (NNS files)) (PP (IN in) (NP (NN OpenSCAD)))) (, ,) (UCP (S (NP (EX there)) (VP (VBP are) (ADJP (NP (CD two) (NNS commands)) (JJ available)))) (: :) (SBAR (X (SYM *)) (S (SBAR (X (SYM **)) (S (VP (VP (`` `) (VBP include) (NP (NP (JJR <)) (SBAR (S (NP (CD _)) (VP (NN filename) (NP (NP (CD _) (JJR >)) (`` `) (SBAR (FRAG (X (SYM **)) (VP (VBZ acts))))))))) (PP (IN as)) (SBAR (IN if) (S (NP (NP (DT the) (NNS contents)) (PP (IN of) (NP (DT the) (VBN included) (NN file)))) (VP (VBD were) (VP (VBN written)))))) (SBAR (IN in) (FRAG (FRAG (NP (DT the)) (PP (VBG including) (NP (NN file)))) (, ,) (CC and) (FRAG (X (SYM *)) (VP (SYM **) (`` `) (VP (VB use) (ADJP (NP (NP (JJR <) (NX (CD _) (NN filename))) (QP (CD _))) (JJR >)) (`` `) (FRAG (X (SYM **)) (NP (NNS imports))))))))) (NP (NNS modules) (CC and) (NNS functions)))) (, ,) (ADVP (CC but)) (VP (VBZ does) (RB not) (VP (VB execute) (S (NP (DT any) (NNS commands)) (ADJP (JJ other) (PP (IN than) (NP (DT those) (NNS definitions))))))))) (. .))))))))) "
540,14,15,this,number,Even a huge circle does not have more fragments than 360 divided by this number .,(ROOT (S (NP (RB Even) (DT a) (JJ huge) (NN circle)) (VP (VBZ does) (RB not) (VP (VB have) (VP (ADVP (NP (QP (RBR more)) (NNS fragments)) (IN than) (NP (CD 360))) (VBN divided) (PP (IN by) (NP (DT this) (NN number)))))) (. .))) 
545,3,4,this,variable,Because of this variable very small circles have a smaller number of fragments than specified using $ fa .,(ROOT (S (PP (IN Because) (PP (IN of) (NP (DT this) (JJ variable)))) (NP (ADJP (RB very) (JJ small)) (NNS circles)) (VP (VBP have) (ADVP (NP (NP (DT a) (JJR smaller) (NN number)) (PP (IN of) (NP (NNS fragments)))) (IN than)) (VP (VBN specified) (S (VP (VBG using) (NP ($ $) (CD fa)))))) (. .))) 
550,2,3,this,variable,"When this variable has a value greater than zero , the other two variables are ignored and full circle is rendered using this number of fragments .","(ROOT (S (S (SBAR (WHADVP (WRB When)) (S (NP (DT this) (NN variable)) (VP (VBZ has) (NP (DT a) (NN value) (JJR greater)) (PP (IN than) (NP (CD zero)))))) (, ,) (NP (DT the) (JJ other) (CD two) (NNS variables)) (VP (VBP are) (VP (VBN ignored)))) (CC and) (S (NP (JJ full) (NN circle)) (VP (VBZ is) (VP (VBN rendered) (S (VP (VBG using) (NP (NP (DT this) (NN number)) (PP (IN of) (NP (NNS fragments))))))))) (. .))) "
550,23,24,this,number,"When this variable has a value greater than zero , the other two variables are ignored and full circle is rendered using this number of fragments .","(ROOT (S (S (SBAR (WHADVP (WRB When)) (S (NP (DT this) (NN variable)) (VP (VBZ has) (NP (DT a) (NN value) (JJR greater)) (PP (IN than) (NP (CD zero)))))) (, ,) (NP (DT the) (JJ other) (CD two) (NNS variables)) (VP (VBP are) (VP (VBN ignored)))) (CC and) (S (NP (JJ full) (NN circle)) (VP (VBZ is) (VP (VBN rendered) (S (VP (VBG using) (NP (NP (DT this) (NN number)) (PP (IN of) (NP (NNS fragments))))))))) (. .))) "
559,38,39,this,information,"If you enable the animation frame with view - > animate and give a value for `` FPS '' and `` Steps '' , the `` Time '' field shows the current value of $ t. With this information in mind , you can animate your design .","(ROOT (S (SBAR (IN If) (S (S (NP (PRP you)) (VP (VBP enable) (NP (NP (DT the) (NN animation) (NN frame)) (PP (IN with) (NP (NN view)))) (: -) (NP (JJR >) (NN animate)))) (CC and) (S (S (VP (VB give) (NP (NP (DT a) (NN value)) (PP (IN for) (NP (NP (`` ``) (NNP FPS) ('' '')) (CC and) (NP (`` ``) (NNS Steps) ('' ''))))) (, ,) (NP (DT the) (`` ``) (NNP Time) ('' '') (NN field)))) (VP (VBZ shows) (NP (NP (DT the) (JJ current) (NN value)) (PP (IN of) (NP ($ $) (CD t.)))))) (PP (IN With) (NP (NP (DT this) (NN information)) (PP (IN in) (NP (NN mind))))))) (, ,) (NP (PRP you)) (VP (MD can) (VP (VB animate) (NP (PRP$ your) (NN design)))) (. .))) "
564,25,26,this,pattern,"png '' * $ t = 1-1 / Steps filename = `` frame00000.png '' Or , for other values of Steps , it follows this pattern : * $ t = 0/Steps filename = `` frame00001.png '' * $ t = 1/Steps filename = `` frame00002.png * $ t = 2/Steps filename = `` frame00003.png '' * ... * $ t = 1-3 / Steps filename = `` frame <Steps-2> .","(ROOT (S (VP (NP (NP (NN png)) ('' '') (SBAR (SBAR (X (SYM *)) (S (S (NP (NP ($ $) (NN t)) (ADJP (JJ =) (NP-TMP (CD 1-1)))) (VP (: /) (S (NP (NNS Steps)) (VP (NN filename) (VP (JJ =) (NP (`` ``) (NN frame00000.png) ('' ''))))))) (CC Or) (S (, ,) (PP (IN for) (NP (NP (JJ other) (NNS values)) (PP (IN of) (NP (NNS Steps))))) (, ,) (NP (PRP it)) (VP (VBZ follows) (NP (DT this) (NN pattern)))))) (: :) (SBAR (X (SYM *)) (S (NP (NP ($ $) (QP (ADVP (ADVP (NP (NN t)) (PP (PP (ADVP (JJ =) (NP (NNS 0/Steps))) (ADJP (NN filename) (JJ =))) (PP (NP (NP (`` ``) (NN frame00001.png) ('' '')) (X (SYM *))) ($ $) (NP (NP (NN t) (JJ =) (NNS 1/Steps)) (VP (NN filename) (NP (NP (NP (JJ =)) (`` ``) (NP (NN frame00002.png))) (X (SYM *)))))))) (PP ($ $) (NP (NP (NP (NP (NN t)) (VP (JJ =) (NP (NNS 2/Steps)) (NP (NP (ADVP (NN filename)) (JJ =) (`` ``) (NN frame00003.png) ('' '')) (X (SYM *))))) (: ...) (S (VP (SYM *) (NP ($ $) (NN t))))) (ADJP (JJ =))))) (CD 1-3))) (VP (: /) (NP (NNS Steps)))) (VP (NN filename) (NP (NP (JJ =)) (`` ``) (NP (NN frame) (NN <Steps-2>))))))))) (. .))) "
607,17,18,that,length,"If a single number is given , the result will be a square with sides of that length .","(ROOT (S (SBAR (IN If) (S (NP (DT a) (JJ single) (NN number)) (VP (VBZ is) (VP (VBN given))))) (, ,) (NP (DT the) (NN result)) (VP (MD will) (VP (VB be) (NP (NP (DT a) (NN square)) (PP (IN with) (NP (NP (NNS sides)) (PP (IN of) (NP (DT that) (NN length)))))))) (. .))) "
636,11,12,this,example,"-LSB- -RSB- -LRB- / / upload.wikimedia.org/wikipedia/commons/8/80/Openscad-polygon-example1.png -RRB- Polygon example In this example , we have 6 points -LRB- three for the `` outer '' triangle , and three for the `` inner '' one -RRB- .","(ROOT (S (NP (-LRB- -LSB-) (ADJP (ADJP (-RRB- -RSB-)) (PRN (-LRB- -LRB-) (PP (: /) (NP (: /) (NN upload.wikimedia.org/wikipedia/commons/8/80/Openscad-polygon-example1.png))) (-RRB- -RRB-))) (NNP Polygon) (NN example)) (PP (IN In) (NP (DT this) (NN example))) (, ,) (NP (PRP we)) (VP (VBP have) (NP (NP (CD 6) (NNS points)) (PRN (-LRB- -LRB-) (NP (NP (CD three)) (PP (IN for) (NP (DT the) (`` ``) (JJ outer) ('' '') (NN triangle))) (, ,) (CC and) (NP (NP (CD three)) (PP (IN for) (NP (DT the) (`` ``) (JJ inner) ('' '') (NN one))))) (-RRB- -RRB-)))) (. .))) "
643,22,23,these,object,"Notice : Althought the 2D drawing commands operate in axes labeled as X and Y , the extrusion commands implicitly translate these objects in X-Z coordinates and rotate about the Z axis .","(ROOT (NP (NP (NNP Notice)) (: :) (NP (NP (NNP Althought)) (SBAR (S (NP (NP (DT the) (NN 2D)) (VP (VBG drawing) (NP (NNS commands)))) (VP (VBP operate) (SBAR (S (PP (IN in) (NP (NP (NNS axes)) (VP (VBN labeled) (PP (IN as) (NP (NN X) (CC and) (NN Y)))))) (, ,) (NP (DT the) (NN extrusion)) (VP (VBZ commands) (ADVP (RB implicitly)) (VP (VP (VB translate) (NP (DT these) (NNS objects)) (PP (IN in) (NP (NP (NN X-Z)) (VP (VBZ coordinates))))) (CC and) (VP (VB rotate) (PP (IN about) (NP (DT the) (NN Z) (NN axis)))))))))))) (. .))) "
837,10,11,these,option,Its usage line says : OpenSCAD 2013.05 + has these options : openscad -LSB- - o output_file -LSB- - d deps_file -RSB- -RSB- \ -LSB- - m make_command -RSB- -LSB- - D var = val -LSB- .,(ROOT (S (S (NP (PRP$ Its) (NN usage) (NN line)) (VP (VBZ says))) (: :) (S (NP (NN OpenSCAD) (CD 2013.05)) (VP (CC +) (VP (VBZ has) (NP (DT these) (NP (NNS options)) (: :) (NP (NN openscad) (-LRB- -LSB-)) (: -) (NP (NN o) (NN output_file) (-LRB- -LSB-)) (: -) (NP (NP (NN d) (NN deps_file)) (PP (-RRB- -RSB-) (NP (QP (-RRB- -RSB-) (CD \) (-LRB- -LSB-))))) (: -) (NP (NP (NN m) (NN make_command)) (NP (-RRB- -RSB-) (-LRB- -LSB-))) (: -) (NP (NP (NN D) (NN var)) (NP (JJ =) (NN val) (-LRB- -LSB-))))))) (. .))) 
864,6,7,these,assignment,"Unlike normal OpenSCAD assignments , these assignments do n't define variables , but constants , which can not be changed inside the program , and can thus be used to overwrite values defined in the program at export time .","(ROOT (S (PP (IN Unlike) (NP (JJ normal) (NN OpenSCAD) (NNS assignments))) (, ,) (NP (DT these) (NNS assignments)) (VP (VBP do) (RB n't) (VP (VB define) (NP (NP (NNS variables)) (, ,) (CC but) (NP (NNS constants)) (, ,) (SBAR (WHNP (WDT which)) (S (VP (VP (MD can) (RB not) (VP (VB be) (VP (VBN changed) (PP (IN inside) (NP (DT the) (NN program)))))) (, ,) (CC and) (VP (MD can) (ADVP (RB thus)) (VP (VB be) (VP (VBN used) (S (VP (TO to) (VP (VB overwrite) (NP (NP (NNS values)) (VP (VBN defined) (PP (IN in) (NP (NP (DT the) (NN program)) (PP (IN at) (NP (NN export) (NN time))))))))))))))))))) (. .))) "
906,7,8,this,problem,keeping the # scad files solves this problem .,(ROOT (S (S (VP (VBG keeping) (NP (DT the) (ADJP (# #) (VBD scad)) (NNS files)))) (VP (VBZ solves) (NP (DT this) (NN problem))) (. .))) 
922,12,13,these,file,"scad files of the same base name , for each of these files , an .","(ROOT (NP (NP (NN scad) (NNS files)) (PP (IN of) (NP (DT the) (JJ same) (NN base) (NN name))) (, ,) (PP (IN for) (NP (NP (DT each)) (PP (IN of) (NP (NP (DT these) (NNS files)) (, ,) (NP (DT an)))))) (. .))) "
943,29,30,this,script,OpenSCAD comes with a helper script that will try to fetch and install these automatically for you -LRB- note : you must have ` sudo ' working for this script to work -RRB- .,(ROOT (S (NP (NN OpenSCAD)) (VP (VBZ comes) (PP (IN with) (NP (NP (DT a) (NN helper) (NN script)) (SBAR (WHNP (WDT that)) (S (VP (MD will) (VP (VB try) (S (VP (TO to) (VP (VB fetch) (CC and) (VB install) (NP (DT these)) (PP (ADVP (RB automatically)) (IN for) (NP (PRP you)))))))))))) (PRN (-LRB- -LRB-) (FRAG (NP (NN note)) (: :) (S (NP (PRP you)) (VP (MD must) (VP (VB have) (NP (`` `) (NP (NN sudo)) ('' ') (VP (VBG working) (PP (IN for) (NP (DT this) (NN script))) (PP (TO to) (NP (NN work))))))))) (-RRB- -RRB-))) (. .))) 
948,10,11,this,process,OpenSCAD comes with another helper script to assist in this process .,(ROOT (S (NP (NN OpenSCAD)) (VP (VBZ comes) (PP (IN with) (NP (DT another) (NN helper) (NN script))) (S (VP (TO to) (VP (VB assist) (PP (IN in) (NP (DT this) (NN process))))))) (. .))) 
979,9,10,these,command,"Then , from the same login , run these commands : cd tests mkdir build & & cd build cmake .","(ROOT (S (ADVP (RB Then)) (, ,) (PP (IN from) (NP (DT the) (JJ same) (NN login))) (, ,) (VP (VBP run) (NP (NP (DT these) (NNS commands)) (: :) (NP (NP (NP (NN cd) (NNS tests)) (SBAR (S (VP (VBP mkdir) (VP (VB build)))))) (CC &) (NP (NP (CC &) (NN cd)) (SBAR (S (VP (VBP build) (NP (NN cmake))))))))) (. .))) "
991,2,3,that,cgal,Note that CGAL depends on Boost and OpenCSG depends on GLEW - interdependencies like this can really cause issues if there are stray libraries in unusual places .,(ROOT (S (S (S (VP (VB Note) (SBAR (S (NP (DT that) (NN CGAL)) (VP (VBZ depends) (PP (IN on) (NP (NNP Boost) (CC and) (NNP OpenCSG)))))))) (VP (VBZ depends) (PP (IN on) (NP (NNP GLEW))))) (: -) (S (NP (NP (NNS interdependencies)) (PP (IN like) (NP (DT this)))) (VP (MD can) (ADVP (RB really)) (VP (VB cause) (NP (NNS issues)) (SBAR (IN if) (S (NP (EX there)) (VP (VBP are) (NP (NP (JJ stray) (NNS libraries)) (PP (IN in) (NP (JJ unusual) (NNS places)))))))))) (. .))) 
1001,2,3,this,target,Add this target to Makefile : > > > install : > # !!,(ROOT (S (VP (VB Add) (NP (NP (NP (DT this) (NN target)) (PP (TO to) (NP (NNP Makefile)))) (: :) (NP (NP (NP (ADJP (NP (JJR >)) (JJR >)) (JJR >)) (SBAR (S (VP (VB install))))) (: :) (NP (NP (JJR >)) (NP (# #) (SYM !!)))))))) 
1031,6,7,these,server,"If you want to run these servers manually , you can attempt the following : $ Xvfb :5 - screen 0 800x600x24 & $ DISPLAY = :5 ctest Alternatively : $ xvfb-run -- server-args = ' - screen 0 800x600x24 ' ctest There are some cases where Xvfb/Xvnc wo n't work .","(ROOT (S (SBAR (IN If) (S (NP (PRP you)) (VP (VBP want) (S (VP (TO to) (VP (VB run) (NP (DT these) (NNS servers)) (ADVP (RB manually)))))))) (, ,) (NP (PRP you)) (VP (MD can) (VP (VP (VB attempt) (NP (NP (NP (NP (DT the) (NN following)) (: :) (NP (NP (ADJP ($ $) (JJ Xvfb)) (NN :5)) (: -) (NP (NP (NN screen) (CD 0) (NN 800x600x24)) (CC &) (NP (NP ($ $) (CD DISPLAY)) (NP (NP (ADJP (JJ =) (NP-TMP (CD :5))) (NN ctest)) (ADVP (RB Alternatively)))))) (: :)) (ADJP ($ $) (JJ xvfb-run))) (: --) (NP (NN server-args) (JJ =)) ('' '))) (: -) (VP (NN screen) (NP (NP (CD 0) (NN 800x600x24)) ('' ') (NP (NP (JJS ctest)) (SBAR (S (NP (EX There)) (VP (VBP are) (NP (DT some) (NNS cases)))))) (SBAR (WHADVP (WRB where)) (S (NP (NNP Xvfb/Xvnc)) (VP (MD wo) (RB n't) (VP (VB work))))))))) (. .))) "
1053,4,5,this,script,"Then , run this script before you build OpenSCAD .","(ROOT (S (ADVP (RB Then)) (, ,) (VP (VB run) (NP (DT this) (NN script)) (SBAR (IN before) (S (NP (PRP you)) (VP (VBP build) (NP (NN OpenSCAD)))))) (. .))) "
1057,22,23,this,direction,"BSD clang-building may require a good deal of fiddling and is untested , although eventually it is planned to move in this direction as the BSDs -LRB- not to mention OSX -RRB- are moving towards favoring clang as their main compiler .","(ROOT (S (NP (NNP BSD) (NN clang-building)) (VP (VP (MD may) (VP (VB require) (NP (NP (DT a) (JJ good) (NN deal)) (PP (IN of) (ADJP (JJ fiddling)))))) (CC and) (VP (VBZ is) (ADJP (JJ untested)) (, ,) (SBAR (IN although) (S (ADVP (RB eventually)) (NP (PRP it)) (VP (VBZ is) (VP (VBN planned) (S (VP (TO to) (VP (VB move) (PP (IN in) (NP (DT this) (NN direction))) (SBAR (IN as) (S (NP (NP (DT the) (NNS BSDs)) (PRN (-LRB- -LRB-) (S (RB not) (VP (TO to) (VP (VB mention) (NP (NNP OSX))))) (-RRB- -RRB-))) (VP (VBP are) (VP (VBG moving) (PP (IN towards) (S (VP (VBG favoring) (NP (NN clang)) (PP (IN as) (NP (PRP$ their) (JJ main) (NN compiler))))))))))))))))))) (. .))) "
1161,5,6,this,line,Open Openscad.pro and uncomment this line : QMAKE_LFLAGS + = - VERBOSE Now rerun nmake - f Makefile.Release > log.txt You can use a program like ` less ' -LRB- search with ' / ' -RRB- or wordpad to review the log .,(ROOT (S (S (VP (VP (VB Open) (NP (NP (NP (NNP Openscad.pro)) (CC and) (NP (NP (NP (NN uncomment)) (NP (DT this) (NN line))) (: :) (NP (NP (NN QMAKE_LFLAGS)) (SBAR (S (NP (CC +))))))) (X (SYM =)))) (: -) (VP (NNP VERBOSE) (NP (NNP Now) (NN rerun) (NN nmake))))) (: -) (S (LST (LS f)) (NP (NN Makefile.Release)) (VP (ADVP (ADJP (JJR >)) (ADVP (CD log.txt))) (VP (ADVP (PRP You)) (MD can) (VP (VB use) (NP (NP (DT a) (NN program)) (PP (IN like) (NP (`` `) (NP (RBR less)) ('' ') (PRN (-LRB- -LRB-) (NP (NP (NN search)) (PP (IN with) ('' ') (NP (: /) ('' ')))) (-RRB- -RRB-))))))) (CC or) (VP (NP (NN wordpad)) (S (VP (TO to) (VP (VB review) (NP (DT the) (NN log)))))))) (. .))) 
1162,3,4,these,error,"To debug these errors , you must understand basics about Windows linking .","(ROOT (S (S (VP (TO To) (VP (VB debug) (NP (DT these) (NNS errors))))) (, ,) (NP (PRP you)) (VP (MD must) (VP (VB understand) (NP (NNS basics)) (PP (IN about) (NP (NP (NNP Windows)) (VP (VBG linking)))))) (. .))) "
1175,11,12,this,conversation,"-LRB- DLL , of course means Dynamic Link Library in this conversation . -RRB-","(ROOT (S (-LRB- -LRB-) (NP (NP (NNP DLL)) (, ,) (PP (IN of) (NP (NN course)))) (VP (VBZ means) (NP (NP (NNP Dynamic) (NNP Link) (NNP Library)) (PP (IN in) (NP (DT this) (NN conversation))))) (. .) (-RRB- -RRB-))) "
1180,2,4,this,example,"In this particular example , glew32s.lib -LRB- s = static -RRB- should have been linked instead of glew32.lib .","(ROOT (S (PP (IN In) (NP (DT this) (JJ particular) (NN example))) (, ,) (NP (NP (NN glew32s.lib)) (PRN (-LRB- -LRB-) (NP (NP (NN s)) (NP (JJ =) (JJ static))) (-RRB- -RRB-))) (VP (MD should) (VP (VB have) (VP (VBN been) (VP (VBN linked) (PP (RB instead) (IN of) (NP (NN glew32.lib))))))) (. .))) "
1188,17,18,that,name,"lib | find / i `` DEFAULTLIB '' _ -LRB- if you have mt-gd , use that name instead -RRB- _ If this shows lines referencing ` LIBCMTD , MSVCRT , or MSVCRTD ` then you accidentally built the debug and/or dynamic version , and you need to clean the build , and try to build again with proper settings to get the _ multi-threaded static release _ version .","(ROOT (S (S (NP (NN lib) (NNS |)) (VP (VBP find) (S (VP (: /) (NP (FW i)) (NP (ADJP (`` ``) (NN DEFAULTLIB) ('' '')) (NN _)))))) (PRN (-LRB- -LRB-) (SBAR (IN if) (S (NP (PRP you)) (VP (VBP have) (NP (JJ mt-gd)) (, ,) (S (VP (VB use) (NP (DT that) (NN name)) (ADVP (RB instead))))))) (-RRB- -RRB-)) (S (SBAR (NP (CD _)) (IN If) (S (NP (DT this)) (VP (VBZ shows) (NP (NP (NNS lines)) (VP (VBG referencing) (`` `) (NP (NNP LIBCMTD) (, ,) (NNP MSVCRT) (, ,) (CC or) (NNP MSVCRTD))))))) (S (`` `) (RB then) (NP (PRP you)) (VP (VP (ADVP (RB accidentally)) (VBD built) (NP (DT the) (NN debug))) (CC and/or) (VP (JJ dynamic) (NP (NN version))))) (, ,) (CC and) (S (NP (PRP you)) (VP (VBP need) (S (VP (TO to) (VP (VB clean) (S (NP (DT the)) (VP (VP (VB build)) (, ,) (CC and) (VP (VB try) (S (VP (TO to) (VP (VB build) (ADVP (RB again)) (PP (IN with) (NP (JJ proper) (NNS settings))) (S (VP (TO to) (VP (VB get) (NP (DT the) (ADJP (CD _) (JJ multi-threaded)) (JJ static) (NN release) (NN _) (NN version))))))))))))))))) (. .))) "
1201,14,15,those,instruction,"This is the similar procedure used to build OpenCSG , so refer to those instructions above for more detail .","(ROOT (S (NP (DT This)) (VP (VBZ is) (NP (NP (DT the) (JJ similar) (NN procedure)) (VP (VBN used) (S (VP (TO to) (VP (VB build) (NP (NN OpenCSG)) (, ,) (S (RB so) (VP (VB refer) (PP (TO to) (NP (DT those) (NNS instructions))) (PP (IN above) (PP (IN for) (NP (JJR more) (NN detail)))))))))))) (. .))) "
1238,14,15,this,subtree,"-LCB- ... -RCB- / / Ignore the rest of the design and use this subtree as design root * -LCB- ... -RCB- / / Ignore this subtree % -LCB- ... -RCB- / / Ignore CSG of this subtree and draw it in transparent gray # -LCB- ... -RCB- / / Use this subtree as usual but draw it in transparent pink ## -LSB- Modules -RSB- -LRB- / wiki/OpenSCAD _ User_Manual / Modules -RRB- module name -LRB- <var1> , <var2> , ... -RRB- -LCB- ... <module code> ... -RCB- Variables can be default initialized ` <var1> = <defaultvalue> ` In module you can use ` child -LRB- 0 -RRB- ` to refer to child nodes , or ` child -LRB- i -RRB- ` where ` i ` is between ` 0 ` and ` $ children ` .","(ROOT (S (NP (-LRB- -LCB-) (: ...) (-RRB- -RCB-)) (VP (: /) (VP (: /) (S (VP (VP (VB Ignore) (NP (NP (DT the) (NN rest)) (PP (IN of) (NP (DT the) (NN design))))) (CC and) (VP (VB use) (NP (NP (NP (DT this) (NN subtree)) (PP (IN as) (NP (NN design) (NN root)))) (X (SYM *))))) (NP (NP (-LRB- -LCB-) (: ...) (-RRB- -RCB-)) (PRN (: /) (S (VP (: /) (VP (VB Ignore) (NP (NP (DT this) (JJ subtree) (NN %) (-LRB- -LCB-) (: ...) (-RRB- -RCB-)) (PRN (: /) (S (VP (: /) (VP (VP (VB Ignore) (NP (NP (NNP CSG)) (PP (IN of) (NP (DT this) (NN subtree))))) (CC and) (VP (VB draw) (SBAR (S (NP-TMP (NP (PRP it)) (PP (IN in) (ADJP (JJ transparent)))) (NP (NP (JJ gray)) (NP (QP (# #) (-LRB- -LCB-))) (: ...)) (-RRB- -RCB-) (VP (VP (: /) (S (VP (: /) (VP (VB Use) (NP (DT this) (NN subtree)) (PP (IN as) (ADJP (JJ usual))))))) (CC but) (VP (VBP draw) (NP (PRP it)) (PP (IN in) (NP (NP (ADJP (JJ transparent) (JJ pink)) (NN ##)) (-LRB- -LSB-) (NP (NP (NNS Modules)) (-RRB- -RSB-) (PRN (-LRB- -LRB-) (NP (NP (: /) (NN wiki/OpenSCAD)) (NP (CD _) (JJ User_Manual) (: /) (NNS Modules))) (-RRB- -RRB-)) (NP (NP (NN module) (NN name)) (-LRB- -LRB-) (NP (NN <var1>)) (, ,) (NP (NN <var2>)) (, ,))) (: ...))))))))))) (-RRB- -RRB-)) (SBAR (S (PRN (-LRB- -LCB-) (PP (: ...) (NP (NN <module code>)) (: ...)) (-RRB- -RCB-)) (NP (NNP Variables)) (VP (MD can) (VP (VB be) (VP (ADVP (JJ default)) (VBN initialized) (NP (`` `) (NP (NN <var1>) (JJ =) (NN <defaultvalue>)) (`` `) (SBAR (S (PP (IN In) (NP (NN module))) (NP (PRP you)) (VP (MD can) (VP (VB use) (`` `) (NP (NP (NN child)) (PRN (-LRB- -LRB-) (NP (CD 0)) (-RRB- -RRB-)))))))))))))) (`` `) (S (VP (TO to) (VP (VB refer) (PP (TO to) (NP (NP (NN child) (NNS nodes)) (, ,) (CC or) (NP (`` `) (NN child)) (PRN (-LRB- -LRB-) (NP (LS i)) (-RRB- -RRB-)))) (`` `) (SBAR (WHADVP (WRB where)) (S (`` `) (NP (FW i)) (`` `) (VP (VBZ is) (PP (IN between) (NP (`` `) (NP (CD 0)) (`` `) (CC and) (`` `) (NP ($ $) (QP (NNS children))))))))))))))) (`` `))))) (. .))) "
1238,26,28,this,%,"-LCB- ... -RCB- / / Ignore the rest of the design and use this subtree as design root * -LCB- ... -RCB- / / Ignore this subtree % -LCB- ... -RCB- / / Ignore CSG of this subtree and draw it in transparent gray # -LCB- ... -RCB- / / Use this subtree as usual but draw it in transparent pink ## -LSB- Modules -RSB- -LRB- / wiki/OpenSCAD _ User_Manual / Modules -RRB- module name -LRB- <var1> , <var2> , ... -RRB- -LCB- ... <module code> ... -RCB- Variables can be default initialized ` <var1> = <defaultvalue> ` In module you can use ` child -LRB- 0 -RRB- ` to refer to child nodes , or ` child -LRB- i -RRB- ` where ` i ` is between ` 0 ` and ` $ children ` .","(ROOT (S (NP (-LRB- -LCB-) (: ...) (-RRB- -RCB-)) (VP (: /) (VP (: /) (S (VP (VP (VB Ignore) (NP (NP (DT the) (NN rest)) (PP (IN of) (NP (DT the) (NN design))))) (CC and) (VP (VB use) (NP (NP (NP (DT this) (NN subtree)) (PP (IN as) (NP (NN design) (NN root)))) (X (SYM *))))) (NP (NP (-LRB- -LCB-) (: ...) (-RRB- -RCB-)) (PRN (: /) (S (VP (: /) (VP (VB Ignore) (NP (NP (DT this) (JJ subtree) (NN %) (-LRB- -LCB-) (: ...) (-RRB- -RCB-)) (PRN (: /) (S (VP (: /) (VP (VP (VB Ignore) (NP (NP (NNP CSG)) (PP (IN of) (NP (DT this) (NN subtree))))) (CC and) (VP (VB draw) (SBAR (S (NP-TMP (NP (PRP it)) (PP (IN in) (ADJP (JJ transparent)))) (NP (NP (JJ gray)) (NP (QP (# #) (-LRB- -LCB-))) (: ...)) (-RRB- -RCB-) (VP (VP (: /) (S (VP (: /) (VP (VB Use) (NP (DT this) (NN subtree)) (PP (IN as) (ADJP (JJ usual))))))) (CC but) (VP (VBP draw) (NP (PRP it)) (PP (IN in) (NP (NP (ADJP (JJ transparent) (JJ pink)) (NN ##)) (-LRB- -LSB-) (NP (NP (NNS Modules)) (-RRB- -RSB-) (PRN (-LRB- -LRB-) (NP (NP (: /) (NN wiki/OpenSCAD)) (NP (CD _) (JJ User_Manual) (: /) (NNS Modules))) (-RRB- -RRB-)) (NP (NP (NN module) (NN name)) (-LRB- -LRB-) (NP (NN <var1>)) (, ,) (NP (NN <var2>)) (, ,))) (: ...))))))))))) (-RRB- -RRB-)) (SBAR (S (PRN (-LRB- -LCB-) (PP (: ...) (NP (NN <module code>)) (: ...)) (-RRB- -RCB-)) (NP (NNP Variables)) (VP (MD can) (VP (VB be) (VP (ADVP (JJ default)) (VBN initialized) (NP (`` `) (NP (NN <var1>) (JJ =) (NN <defaultvalue>)) (`` `) (SBAR (S (PP (IN In) (NP (NN module))) (NP (PRP you)) (VP (MD can) (VP (VB use) (`` `) (NP (NP (NN child)) (PRN (-LRB- -LRB-) (NP (CD 0)) (-RRB- -RRB-)))))))))))))) (`` `) (S (VP (TO to) (VP (VB refer) (PP (TO to) (NP (NP (NN child) (NNS nodes)) (, ,) (CC or) (NP (`` `) (NN child)) (PRN (-LRB- -LRB-) (NP (LS i)) (-RRB- -RRB-)))) (`` `) (SBAR (WHADVP (WRB where)) (S (`` `) (NP (FW i)) (`` `) (VP (VBZ is) (PP (IN between) (NP (`` `) (NP (CD 0)) (`` `) (CC and) (`` `) (NP ($ $) (QP (NNS children))))))))))))))) (`` `))))) (. .))) "
1238,37,38,this,subtree,"-LCB- ... -RCB- / / Ignore the rest of the design and use this subtree as design root * -LCB- ... -RCB- / / Ignore this subtree % -LCB- ... -RCB- / / Ignore CSG of this subtree and draw it in transparent gray # -LCB- ... -RCB- / / Use this subtree as usual but draw it in transparent pink ## -LSB- Modules -RSB- -LRB- / wiki/OpenSCAD _ User_Manual / Modules -RRB- module name -LRB- <var1> , <var2> , ... -RRB- -LCB- ... <module code> ... -RCB- Variables can be default initialized ` <var1> = <defaultvalue> ` In module you can use ` child -LRB- 0 -RRB- ` to refer to child nodes , or ` child -LRB- i -RRB- ` where ` i ` is between ` 0 ` and ` $ children ` .","(ROOT (S (NP (-LRB- -LCB-) (: ...) (-RRB- -RCB-)) (VP (: /) (VP (: /) (S (VP (VP (VB Ignore) (NP (NP (DT the) (NN rest)) (PP (IN of) (NP (DT the) (NN design))))) (CC and) (VP (VB use) (NP (NP (NP (DT this) (NN subtree)) (PP (IN as) (NP (NN design) (NN root)))) (X (SYM *))))) (NP (NP (-LRB- -LCB-) (: ...) (-RRB- -RCB-)) (PRN (: /) (S (VP (: /) (VP (VB Ignore) (NP (NP (DT this) (JJ subtree) (NN %) (-LRB- -LCB-) (: ...) (-RRB- -RCB-)) (PRN (: /) (S (VP (: /) (VP (VP (VB Ignore) (NP (NP (NNP CSG)) (PP (IN of) (NP (DT this) (NN subtree))))) (CC and) (VP (VB draw) (SBAR (S (NP-TMP (NP (PRP it)) (PP (IN in) (ADJP (JJ transparent)))) (NP (NP (JJ gray)) (NP (QP (# #) (-LRB- -LCB-))) (: ...)) (-RRB- -RCB-) (VP (VP (: /) (S (VP (: /) (VP (VB Use) (NP (DT this) (NN subtree)) (PP (IN as) (ADJP (JJ usual))))))) (CC but) (VP (VBP draw) (NP (PRP it)) (PP (IN in) (NP (NP (ADJP (JJ transparent) (JJ pink)) (NN ##)) (-LRB- -LSB-) (NP (NP (NNS Modules)) (-RRB- -RSB-) (PRN (-LRB- -LRB-) (NP (NP (: /) (NN wiki/OpenSCAD)) (NP (CD _) (JJ User_Manual) (: /) (NNS Modules))) (-RRB- -RRB-)) (NP (NP (NN module) (NN name)) (-LRB- -LRB-) (NP (NN <var1>)) (, ,) (NP (NN <var2>)) (, ,))) (: ...))))))))))) (-RRB- -RRB-)) (SBAR (S (PRN (-LRB- -LCB-) (PP (: ...) (NP (NN <module code>)) (: ...)) (-RRB- -RCB-)) (NP (NNP Variables)) (VP (MD can) (VP (VB be) (VP (ADVP (JJ default)) (VBN initialized) (NP (`` `) (NP (NN <var1>) (JJ =) (NN <defaultvalue>)) (`` `) (SBAR (S (PP (IN In) (NP (NN module))) (NP (PRP you)) (VP (MD can) (VP (VB use) (`` `) (NP (NP (NN child)) (PRN (-LRB- -LRB-) (NP (CD 0)) (-RRB- -RRB-)))))))))))))) (`` `) (S (VP (TO to) (VP (VB refer) (PP (TO to) (NP (NP (NN child) (NNS nodes)) (, ,) (CC or) (NP (`` `) (NN child)) (PRN (-LRB- -LRB-) (NP (LS i)) (-RRB- -RRB-)))) (`` `) (SBAR (WHADVP (WRB where)) (S (`` `) (NP (FW i)) (`` `) (VP (VBZ is) (PP (IN between) (NP (`` `) (NP (CD 0)) (`` `) (CC and) (`` `) (NP ($ $) (QP (NNS children))))))))))))))) (`` `))))) (. .))) "
1238,52,53,this,subtree,"-LCB- ... -RCB- / / Ignore the rest of the design and use this subtree as design root * -LCB- ... -RCB- / / Ignore this subtree % -LCB- ... -RCB- / / Ignore CSG of this subtree and draw it in transparent gray # -LCB- ... -RCB- / / Use this subtree as usual but draw it in transparent pink ## -LSB- Modules -RSB- -LRB- / wiki/OpenSCAD _ User_Manual / Modules -RRB- module name -LRB- <var1> , <var2> , ... -RRB- -LCB- ... <module code> ... -RCB- Variables can be default initialized ` <var1> = <defaultvalue> ` In module you can use ` child -LRB- 0 -RRB- ` to refer to child nodes , or ` child -LRB- i -RRB- ` where ` i ` is between ` 0 ` and ` $ children ` .","(ROOT (S (NP (-LRB- -LCB-) (: ...) (-RRB- -RCB-)) (VP (: /) (VP (: /) (S (VP (VP (VB Ignore) (NP (NP (DT the) (NN rest)) (PP (IN of) (NP (DT the) (NN design))))) (CC and) (VP (VB use) (NP (NP (NP (DT this) (NN subtree)) (PP (IN as) (NP (NN design) (NN root)))) (X (SYM *))))) (NP (NP (-LRB- -LCB-) (: ...) (-RRB- -RCB-)) (PRN (: /) (S (VP (: /) (VP (VB Ignore) (NP (NP (DT this) (JJ subtree) (NN %) (-LRB- -LCB-) (: ...) (-RRB- -RCB-)) (PRN (: /) (S (VP (: /) (VP (VP (VB Ignore) (NP (NP (NNP CSG)) (PP (IN of) (NP (DT this) (NN subtree))))) (CC and) (VP (VB draw) (SBAR (S (NP-TMP (NP (PRP it)) (PP (IN in) (ADJP (JJ transparent)))) (NP (NP (JJ gray)) (NP (QP (# #) (-LRB- -LCB-))) (: ...)) (-RRB- -RCB-) (VP (VP (: /) (S (VP (: /) (VP (VB Use) (NP (DT this) (NN subtree)) (PP (IN as) (ADJP (JJ usual))))))) (CC but) (VP (VBP draw) (NP (PRP it)) (PP (IN in) (NP (NP (ADJP (JJ transparent) (JJ pink)) (NN ##)) (-LRB- -LSB-) (NP (NP (NNS Modules)) (-RRB- -RSB-) (PRN (-LRB- -LRB-) (NP (NP (: /) (NN wiki/OpenSCAD)) (NP (CD _) (JJ User_Manual) (: /) (NNS Modules))) (-RRB- -RRB-)) (NP (NP (NN module) (NN name)) (-LRB- -LRB-) (NP (NN <var1>)) (, ,) (NP (NN <var2>)) (, ,))) (: ...))))))))))) (-RRB- -RRB-)) (SBAR (S (PRN (-LRB- -LCB-) (PP (: ...) (NP (NN <module code>)) (: ...)) (-RRB- -RCB-)) (NP (NNP Variables)) (VP (MD can) (VP (VB be) (VP (ADVP (JJ default)) (VBN initialized) (NP (`` `) (NP (NN <var1>) (JJ =) (NN <defaultvalue>)) (`` `) (SBAR (S (PP (IN In) (NP (NN module))) (NP (PRP you)) (VP (MD can) (VP (VB use) (`` `) (NP (NP (NN child)) (PRN (-LRB- -LRB-) (NP (CD 0)) (-RRB- -RRB-)))))))))))))) (`` `) (S (VP (TO to) (VP (VB refer) (PP (TO to) (NP (NP (NN child) (NNS nodes)) (, ,) (CC or) (NP (`` `) (NN child)) (PRN (-LRB- -LRB-) (NP (LS i)) (-RRB- -RRB-)))) (`` `) (SBAR (WHADVP (WRB where)) (S (`` `) (NP (FW i)) (`` `) (VP (VBZ is) (PP (IN between) (NP (`` `) (NP (CD 0)) (`` `) (CC and) (`` `) (NP ($ $) (QP (NNS children))))))))))))))) (`` `))))) (. .))) "
1260,14,15,this,page,php?title = OpenSCAD_User_Manual / Print_version & action = info -RRB- * -LSB- Cite this page -RSB- -LRB- / w/index .,(ROOT (S (VP (NN php?title) (NP (NP (NP (ADJP (JJ =)) (JJ OpenSCAD_User_Manual)) (PRN (: /) (NP (NP (NNP Print_version)) (CC &) (NP (NN action) (JJ =) (NN info))) (-RRB- -RRB-))) (X (SYM *))) (S (VP (-LRB- -LSB-) (VP (VB Cite) (S (NP (DT this) (NN page)) (NP (NP (-RRB- -RSB-)) (-LRB- -LRB-) (PP (: /) (NP (NN w/index))))))))) (. .))) 
1266,3,4,this,site,"By using this site , you agree to the -LSB- Terms of Use -RSB- -LRB- / / wikimediafoundation.org/wiki/Terms_of_Use -RRB- and -LSB- Privacy Policy . -RSB-","(ROOT (S (PP (IN By) (S (VP (VBG using) (NP (DT this) (NN site))))) (, ,) (NP (PRP you)) (VP (VBP agree) (PP (PP (TO to) (NP (NP (DT the) (-LRB- -LSB-) (NNS Terms)) (PP (IN of) (NP (NP (NN Use) (-RRB- -RSB-)) (PRN (-LRB- -LRB-) (NP (: /) (: /) (NN wikimediafoundation.org/wiki/Terms_of_Use)) (-RRB- -RRB-)))))) (CC and) (PP (-LRB- -LSB-) (NP (NNP Privacy) (NNP Policy))))) (. .) (-RRB- -RSB-))) "
