2,7,8,this,page,-LSB- Unreviewed changes are displayed on this page -RSB- -LRB- / / bits.wikimedia.org/static-1.22wmf19/extensions/FlaggedRevs/frontend/modules/img/1.png -RRB- The -LSB- latest reviewed version -RSB- -LRB- / / en.wikibooks.org/w/index.php?title=Perl_Programming/Print_version&stable=1 -RRB- was -LSB- checked -RSB- -LRB- / / en.wikibooks.org/w/index.php?title=Special:Log&type=review&page=Perl_Programming/Print_version -RRB- on _ 1 December 2012 _ .,(ROOT (S (NP (-LRB- -LSB-) (JJ Unreviewed) (NNS changes)) (VP (VBP are) (VP (VBN displayed) (PP (IN on) (NP (NP (DT this) (NN page)) (-RRB- -RSB-) (PRN (-LRB- -LRB-) (NP (: /) (: /) (NN bits.wikimedia.org/static-1.22wmf19/extensions/FlaggedRevs/frontend/modules/img/1.png)) (-RRB- -RRB-)) (NP (DT The) (-LRB- -LSB-)))) (NP-TMP (NP (NP (JJS latest)) (VP (VBN reviewed) (NP (NN version)) (SBAR (-RRB- -RSB-) (S (-LRB- -LRB-) (NP (: /) (: /) (NN en.wikibooks.org/w/index.php?title=Perl_Programming/Print_version&stable=1)) (-RRB- -RRB-) (VP (VBD was) (-LRB- -LSB-) (VP (VBN checked) (PP (-RRB- -RSB-) (PRN (-LRB- -LRB-) (PP (: /) (NP (: /) (NN en.wikibooks.org/w/index.php?title=Special:Log&type=review&page=Perl_Programming/Print_version))) (-RRB- -RRB-))) (PP (IN on) (NP (NN _) (CD 1))) (NP-TMP (NNP December) (CD 2012)))))))) (NP (CD _))))) (. .))) 
7,16,17,this,tutorial,"However , basic operations such as making text files are outside of the realm of this tutorial .","(ROOT (S (ADVP (RB However)) (, ,) (NP (NP (JJ basic) (NNS operations)) (PP (JJ such) (IN as) (S (VP (VBG making) (NP (NN text) (NNS files)))))) (VP (VBP are) (ADVP (IN outside)) (PP (IN of) (NP (NP (DT the) (NN realm)) (PP (IN of) (NP (DT this) (NN tutorial)))))) (. .))) "
28,69,70,that,directory,"From a windows command-line interface , you can run the program thusly : C :\ > perl path \ to \ foo \ myprog.pl or , if perl.exe is not in your path : C :\ > c : \ perl \ bin \ perl.exe myprog.pl _ Note : You may have to specify the full path to your program unless you are running the command prompt in that directory .","(ROOT (S (PP (IN From) (NP (DT a) (NNS windows) (JJ command-line) (NN interface))) (, ,) (NP (PRP you)) (VP (MD can) (VP (VP (VB run) (NP (DT the) (NN program)) (ADVP (RB thusly)) (: :) (NP (NP (NN C) (CD :\)) (NP (NP (NP (JJR >) (NN perl) (NN path)) (NP (QP (CD \) (TO to) (CD \)) (NN foo))) (NP (CD \) (NN myprog.pl))))) (CC or) (, ,) (SBAR (IN if) (S (NP (NN perl.exe)) (VP (VP (VBZ is) (RB not) (PP (IN in) (NP (PRP$ your) (NN path)))) (: :) (VP (NN C) (NP (CD :\) (JJR >) (NN c))) (: :) (NP (NP (CD \) (NN perl) (NN \) (NN bin)) (SBAR (S (NP (NP (CD \) (JJ perl.exe) (NN myprog.pl)) (NP (CD _))) (VP (NN Note) (: :) (S (NP (PRP You)) (VP (MD may) (VP (VB have) (S (VP (TO to) (VP (VB specify) (NP (DT the) (JJ full) (NN path)) (PP (TO to) (NP (PRP$ your) (NN program)))))) (SBAR (IN unless) (S (NP (PRP you)) (VP (VBP are) (VP (VBG running) (S (NP (DT the) (NN command)) (ADJP (JJ prompt) (PP (IN in) (NP (DT that) (NN directory))))))))))))))))))))) (. .))) "
40,10,11,these,example,pl file extension is n't needed for either of these examples ; it 's just a useful way of identifying files .,(ROOT (S (S (NP (NN pl) (NN file) (NN extension)) (VP (VBZ is) (RB n't) (VP (VBN needed) (PP (IN for) (NP (NP (DT either)) (PP (IN of) (NP (DT these) (NNS examples)))))))) (: ;) (S (NP (PRP it)) (VP (VBZ 's) (ADVP (RB just)) (NP (NP (DT a) (JJ useful) (NN way)) (PP (IN of) (S (VP (VBG identifying) (NP (NNS files)))))))) (. .))) 
46,11,13,this,line,\ n '' ; Let 's take a look at this program line by line : * ` # !,(ROOT (S (VP (NN \) (NP (NP (NN n) ('' '')) (: ;) (VP (VB Let) (S (NP (POS 's)) (VP (VB take) (NP (NP (ADVP (NP (DT a) (NN look)) (IN at)) (DT this) (NN program) (NN line)) (PP (IN by) (NP (NN line)) (: :)) (X (SYM *))) (`` `) (# #)))))) (. !))) 
47,14,15,this,file,/ usr/bin/perl ` On Unix systems this tells the Operating System to execute this file with the program located at ` / usr/bin/perl ` .,(ROOT (S (NP (: /)) (VP (NN usr/bin/perl) (SBAR (S (`` `) (PP (IN On) (NP (NNP Unix) (NNS systems))) (NP (DT this)) (VP (VBZ tells) (S (NP (DT the) (NN Operating) (NN System)) (VP (TO to) (VP (VB execute) (NP (DT this) (NN file)) (PP (IN with) (S (NP (DT the) (NN program)) (PP (VBN located) (NP (NP (IN at)) (`` `) (PP (: /) (ADJP (JJ usr/bin/perl))) (`` `)))))))))))) (. .))) 
73,2,4,this,paragraph,Even this entire paragraph is a string .,(ROOT (S (NP (RB Even) (DT this) (JJ entire) (NN paragraph)) (VP (VBZ is) (NP (DT a) (NN string))) (. .))) 
74,10,12,this,book,"In fact , you could consider the text of this entire book as one string .","(ROOT (S (PP (IN In) (NP (NN fact))) (, ,) (NP (PRP you)) (VP (MD could) (VP (VB consider) (NP (NP (DT the) (NN text)) (PP (IN of) (NP (DT this) (JJ entire) (NN book)))) (PP (IN as) (NP (CD one) (NN string))))) (. .))) "
86,9,11,these,literal,"Later , we will learn how to assign these string literals to variables in the -LSB- Scalar Variables section -RSB- -LRB- / wiki/Perl _ Programming/Scalar _ Variables -RRB- .","(ROOT (S (ADVP (RB Later)) (, ,) (NP (PRP we)) (VP (MD will) (VP (VB learn) (SBAR (WHADVP (WRB how)) (S (VP (TO to) (VP (VB assign) (NP (DT these) (NN string) (NNS literals)) (PP (TO to) (NP (NP (NNS variables)) (PP (IN in) (NP (NP (DT the) (-LRB- -LSB-) (NNP Scalar) (NNP Variables) (NN section) (-RRB- -RSB-)) (PRN (-LRB- -LRB-) (VP (: /) (S (VP (NN wiki/Perl) (NP (CD _) (NNP Programming/Scalar) (NNP _) (NNPS Variables))))) (-RRB- -RRB-)))))))))))) (. .))) "
95,10,12,this,program,"To see what is meant by this , try this simple program : my $ name = `` Fred '' ; print `` Hello $ name \ n '' ; print ` Hello $ name \ n ' ; You should see `` Hello Fred '' on the first line and `` Hello $ name \ n '' on the second -LRB- without a newline after it -RRB- .","(ROOT (S (S (VP (TO To) (VP (VP (VB see) (SBAR (WHNP (WP what)) (S (VP (VBZ is) (VP (VBN meant) (PP (IN by) (NP (DT this)))))))) (, ,) (VP (VB try) (NP (NP (NP (DT this) (JJ simple) (NN program)) (: :) (NP (NP (NP (PRP$ my) (QP ($ $) (NN name) (JJ =))) (NP (`` ``) (NNP Fred) ('' ''))) (: ;) (S (VP (NN print) (NP (INTJ (`` ``) (UH Hello)) (NP ($ $) (NN name) (CD \) (NN n) ('' ''))))))) (: ;) (NP (NN print))) (`` `) (NP (INTJ (UH Hello)) (NP ($ $) (NN name) (CD \) (NN n) ('' '))))))) (: ;) (S (NP (PRP You)) (VP (MD should) (VP (VP (VB see) (`` ``) (NP (INTJ (UH Hello)) (NP (NNP Fred))) ('' '') (PP (IN on) (NP (DT the) (JJ first) (NN line)))) (CC and) (VP (NP (INTJ (`` ``) (UH Hello)) (NP ($ $) (NN name) (CD \) (NN n) ('' ''))) (PP (IN on) (NP (NP (DT the) (JJ second)) (PRN (-LRB- -LRB-) (PP (IN without) (NP (NP (DT a) (NN newline)) (PP (IN after) (NP (PRP it))))) (-RRB- -RRB-)))))))) (. .))) "
102,4,5,this,problem,The solution to this problem is to preceded any ` ' ` characters we actually want to appear in the string itself with the backslash -LRB- ` \ ` character -RRB- .,(ROOT (S (NP (NP (DT The) (NN solution)) (PP (TO to) (NP (DT this) (NN problem)))) (VP (VBZ is) (S (VP (TO to) (VP (VBN preceded) (NP (NP (DT any) (`` `) ('' ') (`` `) (NNS characters)) (SBAR (S (NP (PRP we)) (ADVP (RB actually)) (VP (VBP want) (S (VP (TO to) (VP (VB appear) (PP (IN in) (NP (NP (DT the) (NN string)) (ADVP (PRP itself)))) (PP (IN with) (NP (NP (DT the) (NN backslash)) (PRN (-LRB- -LRB-) (NP (NP (`` `) (NN \)) (NP (`` `) (NN character))) (-RRB- -RRB-))))))))))))))) (. .))) 
103,28,29,this,example,"Thus we have strings like this : ` xxx \ ` xxx ' ; # xxx , a single-quote character , and then xxx We have in this example a string with 7 characters exactly .","(ROOT (S (ADVP (RB Thus)) (NP (PRP we)) (VP (VBP have) (NP (NP (NNS strings)) (PP (IN like) (NP (NP (DT this)) (: :) (`` `) (NP (NP (NP (FW xxx) (FW \)) (ADJP (`` `) (NN xxx) ('' '))) (: ;) (NP (NP (# #) (FW xxx)) (, ,) (NP (DT a) (JJ single-quote) (NN character)))) (, ,) (CC and) (NP (NP (RB then) (NN xxx)) (SBAR (S (NP (PRP We)) (VP (VBP have) (PP (IN in) (NP (NP (DT this) (NN example)) (NP (NP (DT a) (NN string)) (PP (IN with) (NP (CD 7) (NNS characters)))))) (ADVP (RB exactly)))))))))) (. .))) "
106,9,10,this,idea,-LRB- C programmers are already probably used to this idea . -RRB-,(ROOT (S (-LRB- -LRB-) (NP (NN C) (NNS programmers)) (VP (VBP are) (ADVP (RB already)) (VP (ADVP (RB probably)) (VBN used) (PP (TO to) (NP (DT this) (NN idea))))) (. .) (-RRB- -RRB-))) 
127,7,9,these,character,"Since Perl permits the placement of these newline characters directly into single quoted strings , we are permitted to do the following : ` Time to start anew . '","(ROOT (S (SBAR (IN Since) (S (NP (NN Perl)) (VP (VBZ permits) (NP (NP (DT the) (NN placement)) (PP (IN of) (NP (DT these) (NN newline) (NNS characters)))) (PP (ADVP (RB directly)) (IN into) (NP (JJ single) (VBN quoted) (NNS strings)))))) (, ,) (NP (PRP we)) (VP (VBP are) (VP (VBN permitted) (S (VP (TO to) (VP (VB do) (NP (DT the) (NN following)) (: :) (`` `) (S (NP (NNP Time)) (VP (TO to) (VP (VB start) (ADVP (RB anew)))))))))) (. .) ('' '))) "
137,2,4,that,string,"Remember that single-quotes strings are delimited by ` ' ` at the beginning , and ` ' ` at the end , and everything in between is considered part of the string , included newlines , ` # ` characters and anything else .","(ROOT (SINV (S (S (VP (VB Remember) (SBAR (S (NP (DT that) (JJ single-quotes) (NNS strings)) (VP (VBP are) (VP (VBN delimited) (PP (IN by) (`` `) (NP (NP ('' ')) (`` `) (PP (IN at) (NP (NP (DT the) (NN beginning)) (, ,) (ADVP (CC and)))) (`` `))) ('' ') (PP (`` `) (IN at) (NP (NP (DT the) (NN end) (, ,) (CC and) (NN everything)) (PP (IN in) (NP (IN between))))))))))) (VP (VBZ is) (VP (VBN considered) (NP (NP (NN part)) (PP (IN of) (NP (DT the) (NN string))))))) (, ,) (VP (VBD included)) (NP (NP (NNS newlines)) (, ,) (NP (NP (`` `) (# #) (`` `) (NNS characters)) (CC and) (NP (NN anything) (RB else)))) (. .))) "
139,25,26,these,example,"php?title = Perl_Programming / Strings & action = edit & section = T-5 -RRB- -RSB- In finishing our discussion of singled-quoted strings , consider these examples of strings that are ** not ** legal because they violate the exceptions we talked about above : ` You can not do this : \ ' ; # INVALID : the ending \ can not be alone ` It is 5 o'clock ! '","(ROOT (S (NP (NP (NN php?title) (JJ =) (NN Perl_Programming)) (PRN (: /) (S (NP (NNP Strings)) (NP (CC &) (NP (NN action) (JJ =) (NN edit)) (CC &) (NP (NN section) (JJ =) (NN T-5)))) (-RRB- -RRB-))) (-RRB- -RSB-) (PP (IN In) (S (VP (VBG finishing) (NP (NP (PRP$ our) (NN discussion)) (PP (IN of) (NP (JJ singled-quoted) (NNS strings))))))) (, ,) (VP (VBP consider) (NP (NP (DT these) (NNS examples)) (PP (IN of) (NP (NP (NNS strings)) (SBAR (WHNP (WDT that)) (S (VP (VBP are) (X (SYM **)) (PP (RB not) (FRAG (X (SYM **)) (PP (JJ legal)))) (SBAR (IN because) (S (NP (PRP they)) (VP (VBP violate) (NP (NP (DT the) (NNS exceptions)) (SBAR (S (NP (PRP we)) (VP (VBD talked) (ADVP (RB about) (RB above)) (: :) (`` `) (S (S (NP (PRP You)) (VP (MD can) (RB not) (VP (VB do) (NP (DT this))))) (: :) (S (NP (NP (NN \) ('' ')) (: ;) (ADJP (# #) (NNP INVALID)) (: :)) (X (NP (DT the) (VBG ending) (NN \))) (VP (MD can) (RB not) (VP (VB be) (ADJP (RB alone))))) (S (`` `) (NP (PRP It)) (VP (VBZ is) (NP (CD 5)) (ADVP (RB o'clock))))))))))))))))))) (. !) ('' '))) "
142,6,7,these,problem,Keep an eye out for these problems .,(ROOT (S (VP (VB Keep) (NP (NP (DT an) (NN eye) (PRT (RP out))) (PP (IN for) (NP (DT these) (NNS problems))))) (. .))) 
150,4,5,this,program,"Perl gladly runs this program , but it produces no output .","(ROOT (S (S (NP (NNP Perl)) (ADVP (RB gladly)) (VP (VBZ runs) (NP (DT this) (NN program)))) (, ,) (CC but) (S (NP (PRP it)) (VP (VBZ produces) (NP (DT no) (NN output)))) (. .))) "
162,27,28,that,line,"Thus , you need to put a newline at the end of every valid string if you want your string to be the last thing on that line in the output .","(ROOT (S (ADVP (RB Thus)) (, ,) (NP (PRP you)) (VP (VBP need) (S (VP (TO to) (VP (VB put) (NP (DT a) (NN newline)) (PP (IN at) (NP (NP (DT the) (NN end)) (PP (IN of) (NP (DT every) (JJ valid) (NN string))))) (SBAR (IN if) (S (NP (PRP you)) (VP (VBP want) (NP (PRP$ your) (NN string) (S (VP (TO to) (VP (VB be) (NP (NP (DT the) (JJ last) (NN thing)) (PP (IN on) (NP (NP (DT that) (NN line)) (PP (IN in) (NP (DT the) (NN output))))))))))))))))) (. .))) "
167,31,32,those,line,"Since you are inside a single-quoted string , you can not change the format of the continued lines within the print statement , nor put comments at the ends of those lines because that would insert data into your single-quoted strings .","(ROOT (S (SBAR (IN Since) (S (NP (PRP you)) (VP (VBP are) (PP (IN inside) (NP (DT a) (JJ single-quoted) (NN string)))))) (, ,) (NP (PRP you)) (VP (MD can) (RB not) (VP (VB change) (NP (NP (NP (DT the) (NN format)) (PP (IN of) (NP (NP (DT the) (JJ continued) (NNS lines)) (PP (IN within) (NP (DT the) (NN print) (NN statement)))))) (, ,) (CC nor) (NP (NP (JJ put) (NNS comments)) (PP (IN at) (NP (NP (DT the) (NNS ends)) (PP (IN of) (NP (DT those) (NNS lines))))))) (SBAR (IN because) (S (NP (DT that)) (VP (MD would) (VP (VB insert) (NP (NNS data)) (PP (IN into) (NP (PRP$ your) (JJ single-quoted) (NNS strings))))))))) (. .))) "
171,17,18,this,case,"Like single-quoted strings , you place a group of ASCII characters between two delimiters -LRB- in this case , our delimiter is ` '' ` -RRB- .","(ROOT (S (PP (IN Like) (NP (JJ single-quoted) (NNS strings))) (, ,) (NP (PRP you)) (VP (VBP place) (NP (NP (DT a) (NN group)) (PP (IN of) (NP (NP (NNP ASCII) (NNS characters)) (PP (IN between) (NP (CD two)))))) (S (NP (NP (NNS delimiters)) (PRN (-LRB- -LRB-) (PP (IN in) (NP (DT this) (NN case))) (, ,) (NP (NP (PRP$ our) (NN delimiter)) (SBAR (S (VP (VBZ is) (`` `) (ADJP ('' ''))))))) (`` `)))) (-RRB- -RRB-) (. .))) "
182,26,27,these,character,php?title = Perl_Programming / Strings & action = edit & section = T-9 -RRB- -RSB- Let us consider an example that uses a few of these characters : # !,(ROOT (S (NP (NP (NN php?title) (JJ =) (NN Perl_Programming)) (PRN (: /) (S (NP (NNP Strings)) (NP (CC &) (NP (NN action) (JJ =) (NN edit)) (CC &) (NP (NN section) (JJ =) (NN T-9)))) (-RRB- -RRB-))) (VP (-RRB- -RSB-) (VP (VB Let) (S (NP (PRP us)) (VP (VB consider) (NP (NP (DT an) (NN example)) (SBAR (WHNP (WDT that)) (S (VP (VBZ uses) (NP (NP (DT a) (JJ few)) (PP (IN of) (NP (DT these) (NNS characters)))) (: :) (ADVP (# #)))))))))) (. !))) 
192,13,14,this,sequence,Those students familiar with the C language will be used to using this sequence to mean _ newline _ .,(ROOT (S (NP (NP (DT Those) (NNS students)) (ADJP (JJ familiar) (PP (IN with) (NP (DT the) (NN C) (NN language))))) (VP (MD will) (VP (VB be) (VP (VBN used) (PP (TO to) (S (VP (VBG using) (NP (DT this) (NN sequence) (S (VP (TO to) (VP (VB mean) (NP (JJ _) (NN newline) (NN _)))))))))))) (. .))) 
210,4,5,this,program,"Put comments in this program that explain how it works * Remember to take some time to play with single and double quoted strings , the more practice you get , the better you will be .","(ROOT (S (VP (VB Put) (NP (NP (NNS comments)) (PP (IN in) (NP (NP (DT this) (NN program)) (SBAR (WHNP (WDT that)) (S (VP (VBP explain) (SBAR (WHADVP (WRB how)) (S (NP (PRP it)) (VP (VBZ works) (SBAR (S (SBAR (X (SYM *)) (S (S (VP (VB Remember) (S (VP (TO to) (VP (VB take) (NP (DT some) (NN time) (S (VP (TO to) (VP (VB play) (PP (IN with) (NP (ADJP (JJ single) (CC and) (JJ double)) (VBN quoted) (NNS strings)))))))))))) (, ,) (X (X (DT the) (JJR more)) (NP (NN practice))) (NP (PRP you)) (VP (VBP get)))) (, ,) (X (DT the) (JJR better)) (NP (PRP you)) (VP (MD will) (VP (VB be))))))))))))))) (. .))) "
217,20,21,this,topic,php?title = Perl_Programming / Numbers & action = edit & section = T-4 -RRB- -RSB- I 'll dwell on this topic for a little longer than the other types of numbers .,(ROOT (S (NP (NP (NN php?title) (JJ =) (NN Perl_Programming)) (PRN (: /) (S (NP (NNP Numbers)) (NP (CC &) (NP (NN action) (JJ =) (NN edit)) (CC &) (NP (NN section) (JJ =) (NN T-4)))) (-RRB- -RRB-))) (VP (-RRB- -RSB-) (SBAR (S (NP (PRP I)) (VP (MD 'll) (VP (VB dwell) (PP (IN on) (NP (NP (DT this) (NN topic)) (PP (IN for) (ADJP (NP (DT a) (RB little)) (JJR longer))))) (PP (IN than) (NP (NP (DT the) (JJ other) (NNS types)) (PP (IN of) (NP (NNS numbers)))))))))) (. .))) 
219,8,10,these,work,"If you are not familiar with how these systems work , you can try these Wikipedia articles : * -LSB- Hexadecimal -RSB- -LRB- / / en.wikipedia.org/wiki/Hexadecimal -RRB- * -LSB- Octal -RSB- -LRB- / / en.wikipedia.org/wiki/Octal -RRB- * -LSB- Binary -RSB- -LRB- / / en.wikipedia.org/wiki/Binary_numeral_system -RRB- In Perl you have to specify when you are going to write a non-decimal number .","(ROOT (S (SBAR (IN If) (S (NP (PRP you)) (VP (VBP are) (RB not) (ADJP (JJ familiar) (PP (IN with) (SBAR (WHADVP (WRB how)) (S (S (NP (DT these) (NNS systems) (NN work)) (, ,) (NP (PRP you)) (VP (MD can) (VP (VB try) (NP (DT these) (NNP Wikipedia) (NNS articles)) (: :) (PP (X (SYM *)) (-LRB- -LSB-) (NP (NP (JJ Hexadecimal) (-RRB- -RSB-)) (PRN (-LRB- -LRB-) (: /) (: /) (ADJP (JJ en.wikipedia.org/wiki/Hexadecimal)) (-RRB- -RRB-)))) (PP (X (SYM *)) (-LRB- -LSB-) (NP (NP (JJ Octal) (-RRB- -RSB-)) (PRN (-LRB- -LRB-) (: /) (: /) (ADJP (JJ en.wikipedia.org/wiki/Octal)) (-RRB- -RRB-)))) (X (SYM *))))) (-LRB- -LSB-) (S (NP (NP (JJ Binary) (-RRB- -RSB-)) (PRN (-LRB- -LRB-) (NP (: /) (: /) (NN en.wikipedia.org/wiki/Binary_numeral_system)) (-RRB- -RRB-))) (PP (IN In) (NP (NNP Perl))))))))))) (NP (PRP you)) (VP (VBP have) (S (VP (TO to) (VP (VB specify) (SBAR (WHADVP (WRB when)) (S (NP (PRP you)) (VP (VBP are) (VP (VBG going) (S (VP (TO to) (VP (VB write) (NP (DT a) (JJ non-decimal) (NN number))))))))))))) (. .))) "
219,15,17,these,article,"If you are not familiar with how these systems work , you can try these Wikipedia articles : * -LSB- Hexadecimal -RSB- -LRB- / / en.wikipedia.org/wiki/Hexadecimal -RRB- * -LSB- Octal -RSB- -LRB- / / en.wikipedia.org/wiki/Octal -RRB- * -LSB- Binary -RSB- -LRB- / / en.wikipedia.org/wiki/Binary_numeral_system -RRB- In Perl you have to specify when you are going to write a non-decimal number .","(ROOT (S (SBAR (IN If) (S (NP (PRP you)) (VP (VBP are) (RB not) (ADJP (JJ familiar) (PP (IN with) (SBAR (WHADVP (WRB how)) (S (S (NP (DT these) (NNS systems) (NN work)) (, ,) (NP (PRP you)) (VP (MD can) (VP (VB try) (NP (DT these) (NNP Wikipedia) (NNS articles)) (: :) (PP (X (SYM *)) (-LRB- -LSB-) (NP (NP (JJ Hexadecimal) (-RRB- -RSB-)) (PRN (-LRB- -LRB-) (: /) (: /) (ADJP (JJ en.wikipedia.org/wiki/Hexadecimal)) (-RRB- -RRB-)))) (PP (X (SYM *)) (-LRB- -LSB-) (NP (NP (JJ Octal) (-RRB- -RSB-)) (PRN (-LRB- -LRB-) (: /) (: /) (ADJP (JJ en.wikipedia.org/wiki/Octal)) (-RRB- -RRB-)))) (X (SYM *))))) (-LRB- -LSB-) (S (NP (NP (JJ Binary) (-RRB- -RSB-)) (PRN (-LRB- -LRB-) (NP (: /) (: /) (NN en.wikipedia.org/wiki/Binary_numeral_system)) (-RRB- -RRB-))) (PP (IN In) (NP (NNP Perl))))))))))) (NP (PRP you)) (VP (VBP have) (S (VP (TO to) (VP (VB specify) (SBAR (WHADVP (WRB when)) (S (NP (PRP you)) (VP (VBP are) (VP (VBG going) (S (VP (TO to) (VP (VB write) (NP (DT a) (JJ non-decimal) (NN number))))))))))))) (. .))) "
287,2,3,this,example,In this example the second result when raised to the power of 2 should return 2 -LRB- ` -LRB- 2 ** -LRB- 1/2 -RRB- -RRB- ** 2 = 2 ` -RRB- .,(ROOT (S (PP (IN In) (NP (NP (DT this) (NN example)) (SBAR (S (NP (NP (DT the)) (ADJP (ADJP (JJ second)) (PRN (S (NP (NN result)) (VP (ADVP (WRB when)) (VBN raised) (PP (TO to) (NP (NP (DT the) (NN power)) (PP (IN of) (NP (NP (CD 2)) (SBAR (S (VP (MD should) (VP (VB return) (NP (NP (NP (CD 2)) (-LRB- -LRB-) (NP (NP (`` `) (-LRB- -LRB-)) (NP (CD 2)))) (X (SYM **))))))))) (PRN (-LRB- -LRB-) (NP (CD 1/2)) (-RRB- -RRB-)))))) (-RRB- -RRB-)))) (VP (SYM **) (NP (CD 2))))))) (NP (NP (JJ =)) (NP (CD 2))) (VP (`` `)) (-RRB- -RRB-) (. .))) 
303,4,6,this,idea,Perl expands on this basic idea to encompass most of the binary operators in perl .,(ROOT (S (NP (NNP Perl)) (VP (VBZ expands) (PP (IN on) (NP (DT this) (JJ basic) (NN idea))) (S (VP (TO to) (VP (VB encompass) (NP (NP (JJS most)) (PP (IN of) (NP (NP (DT the) (JJ binary) (NNS operators)) (PP (IN in) (NP (NN perl)))))))))) (. .))) 
318,5,7,these,set,The only difference between these two sets is the precedence they take -LRB- See Precedence -RRB- .,(ROOT (S (NP (NP (DT The) (JJ only) (NN difference)) (PP (IN between) (NP (DT these) (CD two) (NNS sets)))) (VP (VBZ is) (NP (NP (DT the) (NN precedence)) (SBAR (S (NP (PRP they)) (VP (VBP take) (PRN (-LRB- -LRB-) (S (VP (VB See) (NP (NN Precedence)))) (-RRB- -RRB-))))))) (. .))) 
322,49,50,this,case,"# Only prints `` I like cookies \ n '' if both $ a is 5 and $ b is 2 if -LRB- $ a = = 5 & & $ b = = 2 -RRB- -LCB- print `` I like cookies \ n '' ; -RCB- In this case , you could safely substitute ` and ` for ` & & ` and the conditional would still work as expected , however , this is not always the case .","(ROOT (S (NP (# #) (RB Only)) (VP (VBZ prints) (S (`` ``) (S (NP (PRP I)) (VP (VP (VBP like) (NP (NNS cookies)) (PP (NP (NP (CD \) (NN n)) ('' '') (PP (IN if) (NP (NP (DT both)) (NP (NP ($ $) (QP (DT a))) (SBAR (S (VP (VBZ is) (SBAR (S (NP (NP (CD 5)) (CC and) (NP ($ $) (NN b))) (VP (VBZ is) (ADVP (CD 2)) (NP (NP (ADJP (IN if))) (PRN (-LRB- -LRB-) (NP (NP (NP (NP ($ $) (QP (DT a) (JJ =))) (NP (QP (JJ =) (CD 5)) (CC &))) (CC &) (NP (NP ($ $) (NN b)) (ADJP (JJ =) (JJ =)))) (NP (CD 2))) (-RRB- -RRB-))) (-LRB- -LCB-) (PP (NN print)) (SBAR (S (`` ``) (NP (PRP I)) (VP (VBP like) (NP (NP (NNS cookies)) (ADJP (CD \) (NN n)))) ('' '')))))))))) (: ;))) (-RRB- -RCB-)) (IN In) (NP (DT this) (NN case)))) (PRN (, ,) (S (NP (PRP you)) (VP (MD could) (VP (ADVP (RB safely)) (VB substitute) (`` `) (ADVP (CC and)))))) (NP (`` `) (NP (IN for)) (`` `) (SBAR (S (NP (CC &)) (VP (CC &) (VP (`` `) (VP (NP (ADVP (CC and)) (QP (DT the))) (ADJP (JJ conditional) (SBAR (S (VP (MD would) (ADVP (RB still)) (VP (VB work))))))) (CONJP (IN as)) (VP (VBN expected))))))))) (, ,) (S (ADVP (RB however)) (, ,) (NP (DT this)) (VP (VBZ is) (RB not) (ADVP (RB always)) (NP (DT the) (NN case)))))) (. .))) "
400,13,14,this,program,"\ n '' ; print $ my_scalar_variable ; Now let 's break this program down : * The first two lines you already know , ` # !","(ROOT (S (S (NP (NP (NN \)) (SBAR (S (NP (NP (NN n) ('' '')) (: ;) (NP (NP (NN print)) (ADJP ($ $) (JJ my_scalar_variable))) (: ;)) (ADVP (RB Now)) (VP (VB let) (S (NP (POS 's))))))) (VP (VB break) (ADVP (NP (DT this) (NN program)) (RB down)))) (: :) (X (X (SYM *)) (NP (NP (DT The) (JJ first) (CD two) (NNS lines)) (SBAR (S (NP (PRP you)) (ADVP (RB already)) (VP (VBP know) (, ,) (`` `) (PP (# #))))))) (. !))) "
403,14,15,this,line,"In case you have n't figured this out , the scalar variable in this line is ` $ my_scalar_variable ` 2 .","(ROOT (S (S (PP (IN In) (NP (NN case))) (NP (PRP you)) (VP (VBP have) (RB n't) (VP (VBN figured) (NP (DT this)) (PRT (RP out))))) (, ,) (NP (NP (DT the) (JJ scalar) (NN variable)) (PP (IN in) (NP (DT this) (NN line)))) (VP (VBZ is) (`` `) (NP (NP (ADJP ($ $) (JJ my_scalar_variable))) (NP (`` `) (CD 2)))) (. .))) "
404,21,22,this,sign,"Notice the ` $ ` before the name _ my_scalar_variable _ , in order to define a scalar variable , this sign must appear before the name .","(ROOT (S (PP (NNP Notice) (NP (DT the) (`` `) (NAC ($ $) (`` `) (PP (IN before) (NP (DT the) (NN name) (CD _)))) (JJ my_scalar_variable) (NN _))) (, ,) (SBAR (IN in) (NN order) (S (VP (TO to) (VP (VB define) (NP (DT a) (JJ scalar) (NN variable)))))) (, ,) (NP (DT this) (NN sign)) (VP (MD must) (VP (VB appear) (PP (IN before) (NP (DT the) (NN name))))) (. .))) "
424,13,14,this,program,"Here 's the difference : * With a double quoted string , this program : # / usr/bin/perl use warnings ; $ variable = 4 ; print `` I saw $ variable lions ! ''","(ROOT (S (S (NP (RB Here)) (VP (VBZ 's) (NP (DT the) (NN difference)))) (: :) (S (PP (X (SYM *)) (IN With) (S (NP (DT a) (JJ double)) (VP (VBN quoted) (NP (NP (NP (NP (NN string)) (, ,) (NP (DT this) (NN program))) (: :) (NP (NP (# #) (: /)) (NP (JJ usr/bin/perl) (NN use) (NNS warnings))) (: ;) (NP (NP (ADJP ($ $) (JJ variable)) (JJ =)) (NP (CD 4)))) (: ;) (NP (NN print)))))) (NP (`` ``) (PRP I)) (VP (VBD saw) (NP (ADJP ($ $) (JJ variable)) (NNS lions)))) (. !) ('' ''))) "
426,8,9,this,program,"* With a single quoted string , this program : # / usr/bin/perl use warnings ; $ variable = 4 ; print ' I saw $ variable lions ! '","(ROOT (X (X (SYM *)) (PP (IN With) (NP (NP (NP (NP (DT a) (JJ single) (VBN quoted) (NN string)) (, ,) (NP (DT this) (NN program))) (: :) (NP (NP (# #) (: /)) (NP (JJ usr/bin/perl) (NN use) (NNS warnings))) (: ;) (NP (NP (ADJP ($ $) (JJ variable)) (JJ =)) (NP (CD 4)))) (: ;) (NP (NP (NN print) ('' ')) (SBAR (S (NP (PRP I)) (VP (VBD saw) (NP (ADJP ($ $) (JJ variable)) (NNS lions))) (. !) ('' ')))))))) "
439,9,10,these,operator,"Rather than returning only true or false , these operators return 1 if the left argument is greater than the right argument , 0 if they are equal , and -1 if the right argument is greater than the left argument .","(ROOT (S (PP (RB Rather) (IN than) (S (VP (VBG returning) (ADJP (RB only) (JJ true) (CC or) (JJ false))))) (, ,) (NP (DT these) (NNS operators)) (VP (VBP return) (NP (CD 1)) (SBAR (IN if) (S (NP (DT the) (JJ left) (NN argument)) (VP (VBZ is) (ADJP (ADJP (JJR greater)) (PP (IN than) (NP (NP (DT the) (JJ right) (NN argument)) (, ,) (NP (CD 0))))) (SBAR (SBAR (IN if) (S (NP (PRP they)) (VP (VBP are) (ADJP (JJ equal))))) (, ,) (CC and) (SBAR (NP (CD -1)) (IN if) (S (NP (DT the) (JJ right) (NN argument)) (VP (VBZ is) (ADJP (ADJP (JJR greater)) (PP (IN than) (NP (DT the) (JJ left) (NN argument)))))))))))) (. .))) "
462,16,17,this,method,"If you need to include a variable in your list , you can not use this method .","(ROOT (S (SBAR (IN If) (S (NP (PRP you)) (VP (VBP need) (S (VP (TO to) (VP (VB include) (NP (DT a) (JJ variable)) (PP (IN in) (NP (PRP$ your) (NN list))))))))) (, ,) (NP (PRP you)) (VP (MD can) (RB not) (VP (VB use) (NP (DT this) (NN method)))) (. .))) "
506,27,28,those,variable,_ You generally do not want to do that as this may cause problems in other parts of your program depending on the default values of those variables though !,(ROOT (S (ADVP (RB _)) (NP (PRP You)) (ADVP (RB generally)) (VP (VBP do) (RB not) (VP (VB want) (S (VP (TO to) (VP (VB do) (NP (DT that)) (SBAR (IN as) (S (NP (DT this)) (VP (MD may) (VP (VB cause) (NP (NP (NNS problems)) (PP (IN in) (NP (NP (JJ other) (NNS parts)) (PP (IN of) (NP (PRP$ your) (NN program)))))) (PP (VBG depending) (PP (IN on) (NP (NP (DT the) (NN default) (NNS values)) (PP (IN of) (NP (DT those) (NNS variables)))) (ADVP (IN though))))))))))))) (. !))) 
527,35,36,those,word,"A typical use would be to build a hash that contains a `` dictionary '' , with each key being a word in the dictionary , and the corresponding values being the definitions of those words .","(ROOT (S (S (NP (DT A) (JJ typical) (NN use)) (VP (MD would) (VP (VB be) (S (VP (TO to) (VP (VB build) (NP (NP (DT a) (NN hash)) (SBAR (WHNP (WDT that)) (S (VP (VBZ contains) (NP (NP (DT a) (`` ``) (NN dictionary) ('' '')) (, ,) (PP (IN with) (NP (DT each) (NN key) (S (VP (VBG being) (NP (NP (DT a) (NN word)) (PP (IN in) (NP (DT the) (NN dictionary))))))))))))))))))) (, ,) (CC and) (S (NP (DT the) (JJ corresponding) (NNS values)) (VP (VBG being) (NP (NP (DT the) (NNS definitions)) (PP (IN of) (NP (DT those) (NNS words)))))) (. .))) "
542,31,32,this,term,"php?title = Perl_Programming / Hash_Variables & action = edit & section = T-1 -RRB- -RSB- Originally , a `` hash '' was called an `` associative array '' , but this term is a bit outdated -LRB- people just got sick and tired of using seven syllables -RRB- .","(ROOT (S (S (NP (NP (NN php?title) (JJ =) (NN Perl_Programming)) (PRN (: /) (S (NP (NNP Hash_Variables)) (NP (CC &) (NP (NN action) (JJ =) (NN edit)) (CC &) (NP (NN section) (JJ =) (NN T-1)))) (-RRB- -RRB-))) (-RRB- -RSB-) (ADVP (RB Originally)) (, ,) (NP (DT a) (`` ``) (NN hash) ('' '')) (VP (VBD was) (VP (VBN called) (NP (DT an) (`` ``) (JJ associative) (NN array) ('' ''))))) (, ,) (CC but) (S (NP (DT this) (NN term)) (VP (VBZ is) (ADJP (NP (DT a) (NN bit)) (JJ outdated))) (PRN (-LRB- -LRB-) (S (NP (NNS people)) (VP (ADVP (RB just)) (VBD got) (ADJP (JJ sick) (CC and) (JJ tired)) (PP (IN of) (S (VP (VBG using) (NP (CD seven) (NNS syllables))))))) (-RRB- -RRB-))) (. .))) "
558,14,18,this,statement,"A simple reference is provided : print `` Hello World '' ; What this ` print ` statement is actually doing is printing to _ STDOUT _ , which stands for _ standard output _ .","(ROOT (SINV (S (NP (DT A) (JJ simple) (NN reference)) (VP (VP (VBZ is) (VP (VBN provided))) (: :) (VP (NN print) (NP (INTJ (`` ``) (UH Hello)) (NP (NNP World) ('' '')))) (: ;) (SBAR (WHNP (WP What)) (S (NP (DT this) (`` `) (NN print) (`` `) (NN statement)) (VP (VBZ is) (ADVP (RB actually)) (VP (VBG doing))))))) (VP (VBZ is) (VP (VBG printing) (PP (TO to) (NP (NP (CD _) (NNP STDOUT) (CD _)) (, ,) (SBAR (WHNP (WDT which)) (S (VP (VBZ stands) (PP (IN for))))))))) (NP (CD _) (JJ standard) (NN output) (NN _)) (. .))) "
563,45,46,these,concept,"php?title = Perl_Programming / User_Input-Output & action = edit & section = T-2 -RRB- -RSB- As you may have imagined , it 's very hard to write a good program without any type of input ; here is an example program to teach you these concepts : # !","(ROOT (FRAG (NP (NP (NP (NN php?title) (JJ =) (NN Perl_Programming)) (PRN (: /) (S (NP (NNP User_Input-Output)) (NP (CC &) (NP (NN action) (JJ =) (NN edit)) (CC &) (NP (NN section) (JJ =) (NN T-2)))) (-RRB- -RRB-))) (-RRB- -RSB-) (S (S (SBAR (IN As) (S (NP (PRP you)) (VP (MD may) (VP (VB have) (VP (VBN imagined)))))) (, ,) (NP (PRP it)) (VP (VBZ 's) (ADJP (RB very) (JJ hard)) (S (VP (TO to) (VP (VB write) (NP (DT a) (JJ good) (NN program)) (PP (IN without) (NP (NP (DT any) (NN type)) (PP (IN of) (NP (NN input)))))))))) (: ;) (S (NP (RB here)) (VP (VBZ is) (NP (DT an) (NN example) (NN program) (S (VP (TO to) (VP (VB teach) (NP (PRP you)) (NP (DT these) (NNS concepts)))))))))) (: :) (VP (# #)) (. !))) "
574,13,14,this,problem,"As with all things in Perl , there are many solutions to this problem .","(ROOT (S (PP (IN As) (PP (IN with) (NP (NP (DT all) (NNS things)) (PP (IN in) (NP (NNP Perl)))))) (, ,) (NP (EX there)) (VP (VBP are) (NP (NP (JJ many) (NNS solutions)) (PP (TO to) (NP (DT this) (NN problem))))) (. .))) "
576,20,21,this,problem,"php?title = Perl_Programming / Advanced_Output & action = edit & section = T-2 -RRB- -RSB- The quickest solution to this problem would be to use single quotes to surround the string , allowing the use of double quotes in the middle .","(ROOT (S (NP (NP (NP (NN php?title) (JJ =) (NN Perl_Programming)) (PRN (: /) (S (NP (NNP Advanced_Output)) (NP (CC &) (NP (NN action) (JJ =) (NN edit)) (CC &) (NP (NN section) (JJ =) (NN T-2)))) (-RRB- -RRB-))) (PP (-RRB- -RSB-) (NP (NP (DT The) (JJS quickest) (NN solution)) (PP (TO to) (NP (DT this) (NN problem)))))) (VP (MD would) (VP (VB be) (S (VP (TO to) (VP (VB use) (NP (JJ single) (NNS quotes)) (S (VP (TO to) (VP (VB surround) (NP (DT the) (NN string))))) (, ,) (S (VP (VBG allowing) (NP (NP (DT the) (NN use)) (PP (IN of) (NP (JJ double) (NNS quotes)))) (PP (IN in) (NP (DT the) (NN middle)))))))))) (. .))) "
589,17,18,this,problem,\ '' ; '' Luckily perl provides us with another way of quoting strings that avoids this problem .,(ROOT (S (S (NP (NN \)) (VP ('' ''))) (: ;) ('' '') (S (ADVP (RB Luckily)) (NP (NN perl)) (VP (VBZ provides) (NP (PRP us)) (PP (IN with) (NP (NP (DT another) (NN way)) (PP (IN of) (S (VP (VBG quoting) (NP (NP (NNS strings)) (SBAR (WHNP (WDT that)) (S (VP (VBZ avoids) (NP (DT this) (NN problem))))))))))))) (. .))) 
599,14,15,these,quote,; The only symbols I have found that can not be used for these quotes are ` $ ` / ` ## Block Output -LSB- -LSB- edit -RSB- -LRB- / w/index .,(ROOT (S (: ;) (S (NP (NP (DT The) (JJ only) (NNS symbols)) (SBAR (S (NP (PRP I)) (VP (VBP have) (VP (VBN found) (SBAR (IN that) (S (VP (MD can) (RB not) (VP (VB be) (VP (VBN used) (PP (IN for) (NP (DT these) (NNS quotes))))))))))))) (VP (VBP are) (`` `) (NP ($ $) (`` `)))) (: /) (`` `) (S (NP (CD ##) (NNP Block) (NN Output)) (VP (-LRB- -LSB-) (VP (-LRB- -LSB-) (VB edit) (-RRB- -RSB-) (-LRB- -LRB-) (PP (: /) (NP (NN w/index)))))) (. .))) 
601,2,3,this,situation,"For this situation , a technique called Block quoting can be used .","(ROOT (S (PP (IN For) (NP (DT this) (NN situation))) (, ,) (NP (NP (DT a) (NN technique)) (VP (VBN called) (NP (NP (NNP Block)) (VP (VBG quoting))))) (VP (MD can) (VP (VB be) (VP (VBN used)))) (. .))) "
605,2,4,this,anything,Using this technique anything can be output no matter what characters it contains .,(ROOT (S (S (VP (VBG Using) (NP (DT this) (NN technique) (NN anything)))) (VP (MD can) (VP (VB be) (NP (NN output)) (SBAR (ADVP (DT no) (NN matter)) (WHNP (WDT what) (NNS characters)) (S (NP (PRP it)) (VP (VBZ contains)))))) (. .))) 
606,5,6,this,method,"The one caveat of this method is that the closing OUTPUT must be the first character on the line , there can not be any space before it .","(ROOT (S (S (NP (NP (DT The) (CD one) (NN caveat)) (PP (IN of) (NP (DT this) (NN method)))) (VP (VBZ is) (SBAR (IN that) (S (NP (DT the) (NN closing) (NN OUTPUT)) (VP (MD must) (VP (VB be) (NP (NP (DT the) (JJ first) (NN character)) (PP (IN on) (NP (DT the) (NN line)))))))))) (, ,) (NP (EX there)) (VP (MD can) (RB not) (VP (VB be) (NP (NP (DT any) (NN space)) (PP (IN before) (NP (PRP it)))))) (. .))) "
608,29,30,these,method,php?title = Perl_Programming / Advanced_Output & action = edit & section = T-6 -RRB- -RSB- It is possible to output variables within strings when you use some of these methods : my $ one = ` mangoes ' ; print `` I like $ one . '',(ROOT (S (NP (NP (NN php?title) (JJ =) (NN Perl_Programming)) (PRN (: /) (S (NP (NNP Advanced_Output)) (NP (CC &) (NP (NN action) (JJ =) (NN edit)) (CC &) (NP (NN section) (JJ =) (NN T-6)))) (-RRB- -RRB-))) (PRN (-RRB- -RSB-) (S (NP (PRP It)) (VP (VBZ is) (ADJP (JJ possible) (PP (TO to) (NP (NP (NN output) (NNS variables)) (PP (IN within) (NP (NNS strings)))))) (SBAR (WHADVP (WRB when)) (S (NP (PRP you)) (VP (VBP use) (NP (NP (NP (NP (DT some)) (PP (IN of) (NP (DT these) (NNS methods)))) (: :) (NP (NP (PRP$ my) ($ $) (CD one)) (NP (JJ =) (`` `) (NNS mangoes) (POS ')))) (: ;) (NP (NN print))))))))) (`` ``) (NP (PRP I)) (VP (VBP like) (NP ($ $) (CD one))) (. .) ('' ''))) 
732,6,8,that,formatting,You may want to check that user-supplied formatting rules do n't contain this code .,(ROOT (S (NP (PRP You)) (VP (MD may) (VP (VB want) (S (VP (TO to) (VP (VB check) (NP (NP (DT that) (JJ user-supplied) (NN formatting)) (SBAR (S (NP (NNS rules)) (VP (VBP do) (RB n't) (VP (VB contain) (NP (DT this) (NN code)))))))))))) (. .))) 
732,13,14,this,code,You may want to check that user-supplied formatting rules do n't contain this code .,(ROOT (S (NP (PRP You)) (VP (MD may) (VP (VB want) (S (VP (TO to) (VP (VB check) (NP (NP (DT that) (JJ user-supplied) (NN formatting)) (SBAR (S (NP (NNS rules)) (VP (VBP do) (RB n't) (VP (VB contain) (NP (DT this) (NN code)))))))))))) (. .))) 
763,115,118,those,splice,"php?title = Perl_Programming / Function_Reference & action = edit & section = T-47 -RRB- -RSB- # Removes elements from an array , optionally replacing them with a new array splice -LRB- @Array -RRB- ; # Removes all elements from array splice -LRB- @Array , 10 -RRB- ; # Removes from element 10 to the end of the array splice -LRB- @Array , -10 -RRB- ; # Removes the last 10 elements of the array splice -LRB- @Array , 0 , 10 -RRB- ; # Removes the first 10 elements of the array @NewArray = splice -LRB- @Array , 0 , 10 -RRB- ; # Removes the first 10 elements of the array and returns those 10 items splice -LRB- @Array , 0 , 10 , @Array2 -RRB- ; # Replaces the first 10 elements of the array with Array2 ### unshift -LSB- -LSB- edit -RSB- -LRB- / w/index .","(ROOT (S (NP (NP (NN php?title) (JJ =) (NN Perl_Programming)) (PRN (: /) (S (NP (NNP Function_Reference)) (NP (CC &) (NP (NN action) (JJ =) (NN edit)) (CC &) (NP (NN section) (JJ =) (NN T-47)))) (-RRB- -RRB-))) (VP (-RRB- -RSB-) (NP (QP (# #) (VBZ Removes)) (NNS elements)) (PP (IN from) (NP (DT an) (NN array))) (, ,) (S (ADVP (RB optionally)) (VP (VBG replacing) (S (NP (NP (NP (NP (PRP them)) (PP (IN with) (NP (NP (DT a) (JJ new) (NN array) (NN splice)) (PRN (-LRB- -LRB-) (NP (NN @Array)) (-RRB- -RRB-))))) (: ;) (NP (NP (QP (# #) (VBZ Removes)) (DT all) (NNS elements)) (PP (IN from) (NP (NP (NN array) (NN splice)) (PRN (-LRB- -LRB-) (NP (NP (NN @Array)) (, ,) (NP (CD 10))) (-RRB- -RRB-))))) (: ;) (NP (NP (# #) (VBZ Removes)) (PP (IN from) (NP (NP (NN element) (CD 10)) (PP (TO to) (NP (NP (DT the) (NN end)) (PP (IN of) (NP (NP (DT the) (NN array) (NN splice)) (PRN (-LRB- -LRB-) (NP (NP (NN @Array)) (, ,) (NP (CD -10))) (-RRB- -RRB-))))))))) (: ;) (NP (NP (# #) (VBZ Removes)) (NP (NP (DT the) (JJ last) (CD 10) (NNS elements)) (PP (IN of) (NP (DT the) (NN array) (NN splice))) (PRN (-LRB- -LRB-) (NP (NN @Array)) (, ,) (NP (CD 0)) (, ,) (NP (CD 10)) (-RRB- -RRB-)))) (: ;) (NP (NP (# #) (VBZ Removes)) (NP (NP (DT the) (JJ first) (CD 10) (NNS elements)) (PP (IN of) (NP (NP (DT the) (NN array) (NN @NewArray) (JJ =) (NN splice)) (PRN (-LRB- -LRB-) (NP (NN @Array)) (, ,) (NP (CD 0)) (, ,) (NP (CD 10)) (-RRB- -RRB-)))))) (: ;) (NP (NP (# #) (VBZ Removes)) (NP (NP (NP (DT the) (JJ first) (CD 10) (NNS elements)) (PP (IN of) (NP (DT the) (NN array)))) (CC and) (NP (NP (NNS returns)) (NP (NP (DT those) (CD 10) (NNS items) (NN splice)) (PRN (-LRB- -LRB-) (NP (NP (NN @Array)) (, ,) (NP (CD 0)) (, ,) (NP (CD 10)) (, ,) (NP (NN @Array2))) (-RRB- -RRB-)))))) (: ;) (NP (NP (# #) (VBZ Replaces)) (NP (DT the) (JJ first) (CD 10) (NNS elements)))) (PP (IN of) (NP (NP (DT the) (NN array)) (PP (IN with) (NP (NN Array2) (CD ###)))))) (ADJP (JJ unshift) (S (VP (-LRB- -LSB-) (VP (-LRB- -LSB-) (VB edit) (-RRB- -RSB-) (-LRB- -LRB-) (PP (: /) (NP (NN w/index))))))))))) (. .))) "
778,32,33,that,key,php?title = Perl_Programming / Function_Reference & action = edit & section = T-59 -RRB- -RSB- #Tests whether or not a key exists in a hash -LRB- even if the value for that key is undef -RRB- if -LRB- exists $ hash -LCB- $ key -RCB- -RRB- -LCB- print '' \ % hash contains a value for key ' $ key ' \ n '' ; -RCB- ### keys -LSB- -LSB- edit -RSB- -LRB- / w/index .,(ROOT (S (NP (NP (NN php?title) (JJ =) (NN Perl_Programming)) (PRN (: /) (S (NP (NNP Function_Reference)) (NP (CC &) (NP (NN action) (JJ =) (NN edit)) (CC &) (NP (NN section) (JJ =) (NN T-59)))) (-RRB- -RRB-))) (VP (-RRB- -RSB-) (NP (NNS #Tests)) (SBAR (IN whether) (CC or) (RB not) (S (NP (DT a) (JJ key)) (VP (VBZ exists) (PP (IN in) (NP (DT a) (NN hash))) (PRN (-LRB- -LRB-) (SBAR (RB even) (IN if) (S (NP (NP (DT the) (NN value)) (PP (IN for) (NP (DT that) (NN key)))) (VP (VBZ is) (ADJP (JJ undef))))) (-RRB- -RRB-)) (SBAR (IN if) (PRN (-LRB- -LRB-) (S (VP (VBZ exists) (ADJP (ADJP ($ $) (JJ hash)) (PRN (-LRB- -LCB-) (ADJP ($ $) (JJ key)) (-RRB- -RCB-))))) (-RRB- -RRB-)) (S (PRN (-LRB- -LCB-) (S (NP (NP (NN print) ('' '')) (NP (CD \) (NN %) (NN hash))) (VP (VBZ contains) (ADVP (DT a)) (NP (NP (NP (NN value)) (PP (IN for) (NP (JJ key))) ('' ')) (ADJP ($ $) (JJ key))) ('' ') (PP (NN \) (NP (NN n) ('' ''))) (: ;))) (-RRB- -RCB-)) (NP (RB ###) (NNS keys)) (ADVP (-LRB- -LSB-)) (VP (-LRB- -LSB-) (VP (VB edit) (NP (NP (-RRB- -RSB-) (-LRB- -LRB-) (: /)) (NP (NN w/index))))))))))) (. .))) 
797,50,51,this,script,"For example , the following code inserts dashes just before the last line of the last file : while -LRB-<>-RRB- -LCB- if -LRB- eof -LRB- -RRB- -RRB- -LCB- print '' - '' x 30 , '' \ n '' ; -RCB- print ; -RCB- On the other hand , this script resets line numbering on each input file : # reset line numbering on each input file while -LRB-<>-RRB- -LCB- next if / ^ \ s * # / ; # skip comments print `` $ .","(ROOT (S (PP (IN For) (NP (NP (NN example)) (, ,) (NP (NP (DT the) (VBG following) (NN code) (NNS inserts)) (PP (ADVP (NP (NNS dashes)) (RB just)) (IN before) (NP (NP (DT the) (JJ last) (NN line)) (PP (IN of) (NP (NP (DT the) (JJ last) (NN file)) (: :) (PP (IN while) (NP (NP (NN -LRB-<>-RRB-)) (-LRB- -LCB-) (PP (IN if) (NP (PRN (-LRB- -LRB-) (NP (NP (NN eof)) (NP (NP (-LRB- -LRB-) (-RRB- -RRB-) (-RRB- -RRB-)) (-LRB- -LCB-) (NP (NP (NN print) ('' '')) (PRN (: -) (PP ('' '') (NP (CC x) (NP (CD 30)) (, ,) ('' '') (NP (ADJP (CD \)) (NN n)))) ('' '') (: ;))))) (-RRB- -RCB-)) (NN print))) (: ;))) (-RRB- -RCB-)))))))) (PP (IN On) (NP (DT the) (JJ other) (NN hand))) (, ,) (NP (DT this) (NN script)) (VP (VBZ resets) (NP (NN line) (NN numbering)) (PP (IN on) (NP (DT each) (NN input) (NN file))) (: :) (S (VP (# #) (VP (VB reset) (NP (NN line) (NN numbering)) (PP (IN on) (NP (DT each) (NN input) (NN file))) (SBAR (IN while) (S (NP (NP (NN -LRB-<>-RRB-)) (-LRB- -LCB-) (PP (IN next) (SBAR (IN if) (S (VP (: /) (NP (NP (QP (CD ^) (CD \)) (NNS s)) (X (SYM *))) (NP (QP (# #) (: /))))))) (: ;)) (VP (# #) (VP (VB skip) (S (NP (NNS comments)) (VP (VB print) (ADJP (`` ``) ($ $)))))))))))) (. .))) "
907,25,26,that,module,"Rather , it is a convention when writing a module to create a subroutine named ` import ' which populates the current namespace with that module 's needed variables and/or methods .","(ROOT (S (ADVP (RB Rather)) (, ,) (NP (PRP it)) (VP (VBZ is) (NP (DT a) (NN convention)) (SBAR (WHADVP (WRB when)) (S (VP (VBG writing) (NP (DT a) (NN module) (S (VP (TO to) (VP (VB create) (NP (NP (DT a) (NN subroutine)) (VP (VBN named) (NP (NP (`` `) (NN import) ('' ')) (SBAR (WHNP (WDT which)) (S (VP (VBZ populates) (NP (NP (DT the) (JJ current) (NN namespace)) (PP (IN with) (NP (DT that) (NN module) (POS 's))) (VP (VBN needed) (S (NP (NNS variables) (CC and/or) (NNS methods))))))))))))))))))) (. .))) "
1029,5,6,these,exercise,"In some cases , these exercises might include material not covered from the textbook ; in those cases , you may have to consult your platform documentation to identify a necessary function or otherwise implement one yourself .","(ROOT (S (S (PP (IN In) (NP (DT some) (NNS cases))) (, ,) (NP (DT these) (NNS exercises)) (VP (MD might) (VP (VB include) (NP (NP (NN material) (RB not)) (VP (VBN covered) (PP (IN from) (NP (DT the) (NN textbook)))))))) (: ;) (S (PP (IN in) (NP (DT those) (NNS cases))) (, ,) (NP (PRP you)) (VP (MD may) (VP (VB have) (S (VP (TO to) (VP (VB consult) (NP (PRP$ your) (NN platform) (NN documentation)) (S (VP (TO to) (VP (VP (VB identify) (NP (DT a) (JJ necessary) (NN function))) (CC or) (ADVP (RB otherwise)) (VP (VB implement) (NP (CD one))) (NP (PRP yourself))))))))))) (. .))) "
1029,17,18,those,case,"In some cases , these exercises might include material not covered from the textbook ; in those cases , you may have to consult your platform documentation to identify a necessary function or otherwise implement one yourself .","(ROOT (S (S (PP (IN In) (NP (DT some) (NNS cases))) (, ,) (NP (DT these) (NNS exercises)) (VP (MD might) (VP (VB include) (NP (NP (NN material) (RB not)) (VP (VBN covered) (PP (IN from) (NP (DT the) (NN textbook)))))))) (: ;) (S (PP (IN in) (NP (DT those) (NNS cases))) (, ,) (NP (PRP you)) (VP (MD may) (VP (VB have) (S (VP (TO to) (VP (VB consult) (NP (PRP$ your) (NN platform) (NN documentation)) (S (VP (TO to) (VP (VP (VB identify) (NP (DT a) (JJ necessary) (NN function))) (CC or) (ADVP (RB otherwise)) (VP (VB implement) (NP (CD one))) (NP (PRP yourself))))))))))) (. .))) "
1032,13,14,this,page,-LSB- -RSB- -LRB- / / upload.wikimedia.org/wikipedia/commons/thumb/9/91/Book_important2.svg/40px-Book_important2.svg.png -RRB- ** A reader has identified this page or section as an undeveloped draft or outline .,(ROOT (FRAG (WHNP (WHNP (-LRB- -LSB-) (-RRB- -RSB-)) (PRN (-LRB- -LRB-) (PP (: /) (NP (: /) (NN upload.wikimedia.org/wikipedia/commons/thumb/9/91/Book_important2.svg/40px-Book_important2.svg.png))) (-RRB- -RRB-))) (SBAR (X (SYM **)) (S (NP (DT A) (NN reader)) (VP (VBZ has) (VP (VBN identified) (NP (NP (DT this) (NN page) (CC or) (NN section)) (PP (IN as) (NP (DT an) (JJ undeveloped) (NN draft) (CC or) (NN outline)))))))) (. .))) 
1097,3,4,these,module,"Many of these modules come standard with Perl , but others must be installed as needed .","(ROOT (S (S (NP (NP (JJ Many)) (PP (IN of) (NP (DT these) (NNS modules)))) (VP (VBP come) (NP (NP (JJ standard)) (PP (IN with) (NP (NNP Perl)))))) (, ,) (CC but) (S (NP (NNS others)) (VP (MD must) (VP (VB be) (VP (VBN installed) (PP (IN as) (ADJP (VBN needed))))))) (. .))) "
1130,5,6,that,package,All subroutines declared in that package become object or class methods .,(ROOT (S (NP (DT All) (NNS subroutines)) (VP (VBD declared) (PP (IN in) (NP (NP (DT that) (NN package)) (VP (VBN become) (NP (NP (NN object) (CC or) (NN class)) (NNS methods)))))) (. .))) 
1131,21,22,this,method,"A class instance is created by calling a constructor method which must be provided by the class , by convention this method is called new -LRB- -RRB- Let 's see this constructor .","(ROOT (S (NP (DT A) (NN class) (NN instance)) (VP (VP (VBZ is) (VP (VBN created) (PP (IN by) (S (VP (VBG calling) (NP (NP (DT a) (NN constructor) (NN method)) (SBAR (WHNP (WDT which)) (S (VP (MD must) (VP (VB be) (VP (VBN provided) (PP (IN by) (NP (DT the) (NN class))) (, ,) (PP (IN by) (NP (NN convention)))))))))))))) (PRN (S (NP (DT this) (NN method)) (VP (VBZ is) (VP (VBN called) (NP-TMP (JJ new) (-LRB- -LRB-))))) (-RRB- -RRB-)) (VP (VB Let) (S (NP (POS 's)) (VP (VB see) (NP (DT this) (NN constructor)))))) (. .))) "
1131,31,32,this,constructor,"A class instance is created by calling a constructor method which must be provided by the class , by convention this method is called new -LRB- -RRB- Let 's see this constructor .","(ROOT (S (NP (DT A) (NN class) (NN instance)) (VP (VP (VBZ is) (VP (VBN created) (PP (IN by) (S (VP (VBG calling) (NP (NP (DT a) (NN constructor) (NN method)) (SBAR (WHNP (WDT which)) (S (VP (MD must) (VP (VB be) (VP (VBN provided) (PP (IN by) (NP (DT the) (NN class))) (, ,) (PP (IN by) (NP (NN convention)))))))))))))) (PRN (S (NP (DT this) (NN method)) (VP (VBZ is) (VP (VBN called) (NP-TMP (JJ new) (-LRB- -LRB-))))) (-RRB- -RRB-)) (VP (VB Let) (S (NP (POS 's)) (VP (VB see) (NP (DT this) (NN constructor)))))) (. .))) "
1132,65,67,this,something,"package Object ; sub new -LCB- return bless -LCB- -RCB- , shift ; -RCB- sub setA -LCB- my $ self = shift ; my $ a = shift ; $ self - > -LCB- a -RCB- = $ a ; -RCB- sub getA -LCB- my $ self = shift ; return $ self - > -LCB- a -RCB- ; -RCB- Client code can use this class something like this .","(ROOT (NP (NP (NN package) (NNP Object)) (: ;) (S (VP (VB sub) (NP (NP (NP (JJ new)) (-LRB- -LCB-) (NP (NP (NP (NN return)) (S (VP (VB bless))) (PRN (-LRB- -LCB-) (FRAG (-RRB- -RCB-) (, ,) (NP (NN shift)) (: ;)) (-RRB- -RCB-))) (NP (NP (NP (NN sub) (NN setA)) (-LRB- -LCB-) (NP (NP (NP (PRP$ my) (ADJP (QP ($ $) (NN self))) (JJ =) (NN shift)) (: ;) (NP (PRP$ my) (NP (NP ($ $) (QP (DT a) (JJ =))) (NP (NN shift))))) (: ;) (NP (NP ($ $) (NN self)) (: -) (NP (NP (NP (JJR >)) (-LRB- -LCB-) (NP (DT a)) (-RRB- -RCB-)) (PRN (ADVP (JJ =)) (NP ($ $) (QP (DT a))))) (: ;))) (-RRB- -RCB-)) (NP (NP (NP (JJ sub) (NN getA)) (-LRB- -LCB-) (NP (NP (PRP$ my) ($ $) (NN self)) (NP (JJ =) (NN shift))) (: ;)) (SBAR (S (VP (VB return) (NP (NP ($ $) (NN self)) (: -) (NP (NP (JJR >)) (-LRB- -LCB-) (NP (DT a)) (-RRB- -RCB-)) (: ;)))))))) (-RRB- -RCB-)) (SBAR (S (NP (NNP Client) (NN code)) (VP (MD can) (VP (VB use) (NP (DT this) (NN class) (NN something)) (PP (IN like) (NP (DT this)))))))))) (. .))) "
1169,49,50,this,module,"php?title = Perl_Programming / CPAN & action = edit & section = T-6 -RRB- -RSB- To incorporate a module into your program , use the Use keyword : use Time : : HiRes ; You can supply an optional list of the functions you want to use from this module , if you 're worried that some of the function names in the module are too similar to functions you 're already using : use Time : : Hires qw -LRB- time gmtime -RRB- ; With that done , you can simply use the supplied functions as normal .","(ROOT (S (S (NP (NP (NN php?title) (JJ =) (NN Perl_Programming)) (PRN (: /) (S (NP (NNP CPAN)) (NP (CC &) (NP (NN action) (JJ =) (NN edit)) (CC &) (NP (NN section) (JJ =) (NN T-6)))) (-RRB- -RRB-))) (-RRB- -RSB-) (S (VP (TO To) (VP (VB incorporate) (NP (DT a) (NN module)) (PP (IN into) (NP (PRP$ your) (NN program)))))) (, ,) (VP (VBP use) (SBAR (S (NP (NP (DT the) (NN Use) (NN keyword)) (: :) (NP (VB use) (NN Time)) (: :)) (: :) (VP (VBZ HiRes) (S (: ;) (S (NP (PRP You)) (VP (MD can) (VP (VB supply) (NP (NP (DT an) (JJ optional) (NN list)) (PP (IN of) (NP (DT the) (NNS functions))))))) (S (NP (PRP you)) (VP (VBP want) (S (VP (TO to) (VP (VB use) (PP (IN from) (NP (DT this) (NN module))) (, ,) (SBAR (IN if) (S (NP (PRP you)) (VP (VBP 're) (ADJP (VBN worried) (SBAR (IN that) (S (NP (NP (DT some)) (PP (IN of) (NP (NP (DT the) (NN function) (NNS names)) (PP (IN in) (NP (DT the) (NN module)))))) (VP (VBP are) (ADJP (RB too) (JJ similar) (PP (TO to) (NP (NNS functions)))))))))))))))) (S (NP (PRP you)) (VP (VBP 're) (ADVP (RB already)) (VP (VBG using))))) (: :) (S (VP (VB use) (NP (NN Time))))))))) (: :) (: :) (SINV (VP (VBZ Hires)) (NP (NP (NN qw)) (PRN (-LRB- -LRB-) (NP (NN time) (NN gmtime)) (-RRB- -RRB-)))) (: ;) (S (PP (IN With) (NP (NP (DT that)) (VP (VBN done)))) (, ,) (NP (PRP you)) (VP (MD can) (ADVP (RB simply)) (VP (VB use) (NP (DT the) (VBN supplied) (NNS functions)) (PP (IN as) (ADJP (JJ normal)))))) (. .))) "
1178,3,4,those,file,"To find those files , try looking in some of the following directories : * C : \ Perl \ html \ lib * C : \ Perl \ html \ site \ lib If you 're having real trouble finding the HTML documentation for a module , you may be able to read the * .","(ROOT (SINV (S (VP (TO To) (VP (VB find) (NP (DT those) (NNS files))))) (, ,) (VP (VBP try) (S (VP (VBG looking) (PP (IN in) (NP (NP (DT some)) (PP (IN of) (NP (NP (NP (DT the) (VBG following) (NNS directories)) (PRN (: :) (FRAG (X (SYM *)) (NP (NN C))))) (: :) (NP (NP (CD \)) (NP (NNP Perl)))))))))) (NP (CD \) (NN html) (NN \) (NN lib)) (SBAR (X (SYM *)) (S (SBAR (S (VP (NN C) (: :) (S (NP (CD \) (NNP Perl) (CD \) (NN html) (NN \) (NN site)) (NP (CD \) (NN lib)) (SBAR (IN If) (S (NP (PRP you)) (VP (VBP 're) (VP (VBG having) (NP (JJ real) (NN trouble)) (S (VP (VBG finding) (NP (DT the) (NNP HTML) (NN documentation)) (PP (IN for) (NP (DT a) (NN module))))))))))))) (, ,) (NP (PRP you)) (VP (MD may) (VP (VB be) (ADJP (JJ able) (S (VP (TO to) (VP (VB read) (NP (DT the) (X (NN *))))))))))) (. .))) "
1188,14,15,this,method,Note that the perldoc-server command must be running to provide the documentation using this method .,(ROOT (S (VP (VB Note) (SBAR (IN that) (S (NP (DT the) (JJ perldoc-server) (NN command)) (VP (MD must) (VP (VB be) (VP (VBG running) (S (VP (TO to) (VP (VB provide) (NP (NP (DT the) (NN documentation)) (VP (VBG using) (NP (DT this) (NN method))))))))))))) (. .))) 
1283,10,11,this,program,"\ n '' ; -RCB- -RCB- If you executed this program on a file containing the sentence `` The quick , brown fox jumps over the lazy dog . ''","(ROOT (S (NP (NP (NP (NN \) (NN n)) ('' '') (PRN (: ;) (NP (-RRB- -RCB-))) (-RRB- -RCB-)) (SBAR (IN If) (S (NP (PRP you)) (VP (VBD executed) (NP (DT this) (NN program)) (PP (IN on) (NP (NP (DT a) (NN file)) (VP (VBG containing) (NP (NP (DT the) (NN sentence)) (`` ``) (NP (DT The) (JJ quick) (, ,) (JJ brown) (NN fox)))))))))) (VP (VBZ jumps) (PP (IN over) (NP (DT the) (JJ lazy) (NN dog)))) (. .) ('' ''))) "
1396,6,8,that,formatting,You may want to check that user-supplied formatting rules do n't contain this code .,(ROOT (S (NP (PRP You)) (VP (MD may) (VP (VB want) (S (VP (TO to) (VP (VB check) (NP (NP (DT that) (JJ user-supplied) (NN formatting)) (SBAR (S (NP (NNS rules)) (VP (VBP do) (RB n't) (VP (VB contain) (NP (DT this) (NN code)))))))))))) (. .))) 
1396,13,14,this,code,You may want to check that user-supplied formatting rules do n't contain this code .,(ROOT (S (NP (PRP You)) (VP (MD may) (VP (VB want) (S (VP (TO to) (VP (VB check) (NP (NP (DT that) (JJ user-supplied) (NN formatting)) (SBAR (S (NP (NNS rules)) (VP (VBP do) (RB n't) (VP (VB contain) (NP (DT this) (NN code)))))))))))) (. .))) 
1427,115,118,those,splice,"php?title = Perl_Programming / Function_Reference & action = edit & section = T-47 -RRB- -RSB- # Removes elements from an array , optionally replacing them with a new array splice -LRB- @Array -RRB- ; # Removes all elements from array splice -LRB- @Array , 10 -RRB- ; # Removes from element 10 to the end of the array splice -LRB- @Array , -10 -RRB- ; # Removes the last 10 elements of the array splice -LRB- @Array , 0 , 10 -RRB- ; # Removes the first 10 elements of the array @NewArray = splice -LRB- @Array , 0 , 10 -RRB- ; # Removes the first 10 elements of the array and returns those 10 items splice -LRB- @Array , 0 , 10 , @Array2 -RRB- ; # Replaces the first 10 elements of the array with Array2 ### unshift -LSB- -LSB- edit -RSB- -LRB- / w/index .","(ROOT (S (NP (NP (NN php?title) (JJ =) (NN Perl_Programming)) (PRN (: /) (S (NP (NNP Function_Reference)) (NP (CC &) (NP (NN action) (JJ =) (NN edit)) (CC &) (NP (NN section) (JJ =) (NN T-47)))) (-RRB- -RRB-))) (VP (-RRB- -RSB-) (NP (QP (# #) (VBZ Removes)) (NNS elements)) (PP (IN from) (NP (DT an) (NN array))) (, ,) (S (ADVP (RB optionally)) (VP (VBG replacing) (S (NP (NP (NP (NP (PRP them)) (PP (IN with) (NP (NP (DT a) (JJ new) (NN array) (NN splice)) (PRN (-LRB- -LRB-) (NP (NN @Array)) (-RRB- -RRB-))))) (: ;) (NP (NP (QP (# #) (VBZ Removes)) (DT all) (NNS elements)) (PP (IN from) (NP (NP (NN array) (NN splice)) (PRN (-LRB- -LRB-) (NP (NP (NN @Array)) (, ,) (NP (CD 10))) (-RRB- -RRB-))))) (: ;) (NP (NP (# #) (VBZ Removes)) (PP (IN from) (NP (NP (NN element) (CD 10)) (PP (TO to) (NP (NP (DT the) (NN end)) (PP (IN of) (NP (NP (DT the) (NN array) (NN splice)) (PRN (-LRB- -LRB-) (NP (NP (NN @Array)) (, ,) (NP (CD -10))) (-RRB- -RRB-))))))))) (: ;) (NP (NP (# #) (VBZ Removes)) (NP (NP (DT the) (JJ last) (CD 10) (NNS elements)) (PP (IN of) (NP (DT the) (NN array) (NN splice))) (PRN (-LRB- -LRB-) (NP (NN @Array)) (, ,) (NP (CD 0)) (, ,) (NP (CD 10)) (-RRB- -RRB-)))) (: ;) (NP (NP (# #) (VBZ Removes)) (NP (NP (DT the) (JJ first) (CD 10) (NNS elements)) (PP (IN of) (NP (NP (DT the) (NN array) (NN @NewArray) (JJ =) (NN splice)) (PRN (-LRB- -LRB-) (NP (NN @Array)) (, ,) (NP (CD 0)) (, ,) (NP (CD 10)) (-RRB- -RRB-)))))) (: ;) (NP (NP (# #) (VBZ Removes)) (NP (NP (NP (DT the) (JJ first) (CD 10) (NNS elements)) (PP (IN of) (NP (DT the) (NN array)))) (CC and) (NP (NP (NNS returns)) (NP (NP (DT those) (CD 10) (NNS items) (NN splice)) (PRN (-LRB- -LRB-) (NP (NP (NN @Array)) (, ,) (NP (CD 0)) (, ,) (NP (CD 10)) (, ,) (NP (NN @Array2))) (-RRB- -RRB-)))))) (: ;) (NP (NP (# #) (VBZ Replaces)) (NP (DT the) (JJ first) (CD 10) (NNS elements)))) (PP (IN of) (NP (NP (DT the) (NN array)) (PP (IN with) (NP (NN Array2) (CD ###)))))) (ADJP (JJ unshift) (S (VP (-LRB- -LSB-) (VP (-LRB- -LSB-) (VB edit) (-RRB- -RSB-) (-LRB- -LRB-) (PP (: /) (NP (NN w/index))))))))))) (. .))) "
1442,32,33,that,key,php?title = Perl_Programming / Function_Reference & action = edit & section = T-59 -RRB- -RSB- #Tests whether or not a key exists in a hash -LRB- even if the value for that key is undef -RRB- if -LRB- exists $ hash -LCB- $ key -RCB- -RRB- -LCB- print '' \ % hash contains a value for key ' $ key ' \ n '' ; -RCB- ### keys -LSB- -LSB- edit -RSB- -LRB- / w/index .,(ROOT (S (NP (NP (NN php?title) (JJ =) (NN Perl_Programming)) (PRN (: /) (S (NP (NNP Function_Reference)) (NP (CC &) (NP (NN action) (JJ =) (NN edit)) (CC &) (NP (NN section) (JJ =) (NN T-59)))) (-RRB- -RRB-))) (VP (-RRB- -RSB-) (NP (NNS #Tests)) (SBAR (IN whether) (CC or) (RB not) (S (NP (DT a) (JJ key)) (VP (VBZ exists) (PP (IN in) (NP (DT a) (NN hash))) (PRN (-LRB- -LRB-) (SBAR (RB even) (IN if) (S (NP (NP (DT the) (NN value)) (PP (IN for) (NP (DT that) (NN key)))) (VP (VBZ is) (ADJP (JJ undef))))) (-RRB- -RRB-)) (SBAR (IN if) (PRN (-LRB- -LRB-) (S (VP (VBZ exists) (ADJP (ADJP ($ $) (JJ hash)) (PRN (-LRB- -LCB-) (ADJP ($ $) (JJ key)) (-RRB- -RCB-))))) (-RRB- -RRB-)) (S (PRN (-LRB- -LCB-) (S (NP (NP (NN print) ('' '')) (NP (CD \) (NN %) (NN hash))) (VP (VBZ contains) (ADVP (DT a)) (NP (NP (NP (NN value)) (PP (IN for) (NP (JJ key))) ('' ')) (ADJP ($ $) (JJ key))) ('' ') (PP (NN \) (NP (NN n) ('' ''))) (: ;))) (-RRB- -RCB-)) (NP (RB ###) (NNS keys)) (ADVP (-LRB- -LSB-)) (VP (-LRB- -LSB-) (VP (VB edit) (NP (NP (-RRB- -RSB-) (-LRB- -LRB-) (: /)) (NP (NN w/index))))))))))) (. .))) 
1461,50,51,this,script,"For example , the following code inserts dashes just before the last line of the last file : while -LRB-<>-RRB- -LCB- if -LRB- eof -LRB- -RRB- -RRB- -LCB- print '' - '' x 30 , '' \ n '' ; -RCB- print ; -RCB- On the other hand , this script resets line numbering on each input file : # reset line numbering on each input file while -LRB-<>-RRB- -LCB- next if / ^ \ s * # / ; # skip comments print `` $ .","(ROOT (S (PP (IN For) (NP (NP (NN example)) (, ,) (NP (NP (DT the) (VBG following) (NN code) (NNS inserts)) (PP (ADVP (NP (NNS dashes)) (RB just)) (IN before) (NP (NP (DT the) (JJ last) (NN line)) (PP (IN of) (NP (NP (DT the) (JJ last) (NN file)) (: :) (PP (IN while) (NP (NP (NN -LRB-<>-RRB-)) (-LRB- -LCB-) (PP (IN if) (NP (PRN (-LRB- -LRB-) (NP (NP (NN eof)) (NP (NP (-LRB- -LRB-) (-RRB- -RRB-) (-RRB- -RRB-)) (-LRB- -LCB-) (NP (NP (NN print) ('' '')) (PRN (: -) (PP ('' '') (NP (CC x) (NP (CD 30)) (, ,) ('' '') (NP (ADJP (CD \)) (NN n)))) ('' '') (: ;))))) (-RRB- -RCB-)) (NN print))) (: ;))) (-RRB- -RCB-)))))))) (PP (IN On) (NP (DT the) (JJ other) (NN hand))) (, ,) (NP (DT this) (NN script)) (VP (VBZ resets) (NP (NN line) (NN numbering)) (PP (IN on) (NP (DT each) (NN input) (NN file))) (: :) (S (VP (# #) (VP (VB reset) (NP (NN line) (NN numbering)) (PP (IN on) (NP (DT each) (NN input) (NN file))) (SBAR (IN while) (S (NP (NP (NN -LRB-<>-RRB-)) (-LRB- -LCB-) (PP (IN next) (SBAR (IN if) (S (VP (: /) (NP (NP (QP (CD ^) (CD \)) (NNS s)) (X (SYM *))) (NP (QP (# #) (: /))))))) (: ;)) (VP (# #) (VP (VB skip) (S (NP (NNS comments)) (VP (VB print) (ADJP (`` ``) ($ $)))))))))))) (. .))) "
1571,25,26,that,module,"Rather , it is a convention when writing a module to create a subroutine named ` import ' which populates the current namespace with that module 's needed variables and/or methods .","(ROOT (S (ADVP (RB Rather)) (, ,) (NP (PRP it)) (VP (VBZ is) (NP (DT a) (NN convention)) (SBAR (WHADVP (WRB when)) (S (VP (VBG writing) (NP (DT a) (NN module) (S (VP (TO to) (VP (VB create) (NP (NP (DT a) (NN subroutine)) (VP (VBN named) (NP (NP (`` `) (NN import) ('' ')) (SBAR (WHNP (WDT which)) (S (VP (VBZ populates) (NP (NP (DT the) (JJ current) (NN namespace)) (PP (IN with) (NP (DT that) (NN module) (POS 's))) (VP (VBN needed) (S (NP (NNS variables) (CC and/or) (NNS methods))))))))))))))))))) (. .))) "
1713,14,15,this,page,php?title = Perl_Programming / Print_version & action = info -RRB- * -LSB- Cite this page -RSB- -LRB- / w/index .,(ROOT (S (VP (NN php?title) (NP (NP (NP (JJ =) (NN Perl_Programming)) (PRN (: /) (NP (NP (NNP Print_version)) (CC &) (NP (NN action) (JJ =) (NN info))) (-RRB- -RRB-))) (X (SYM *))) (S (VP (-LRB- -LSB-) (VP (VB Cite) (S (NP (DT this) (NN page)) (NP (NP (-RRB- -RSB-)) (-LRB- -LRB-) (PP (: /) (NP (NN w/index))))))))) (. .))) 
1719,3,4,this,site,"By using this site , you agree to the -LSB- Terms of Use -RSB- -LRB- / / wikimediafoundation.org/wiki/Terms_of_Use -RRB- and -LSB- Privacy Policy . -RSB-","(ROOT (S (PP (IN By) (S (VP (VBG using) (NP (DT this) (NN site))))) (, ,) (NP (PRP you)) (VP (VBP agree) (PP (PP (TO to) (NP (NP (DT the) (-LRB- -LSB-) (NNS Terms)) (PP (IN of) (NP (NP (NN Use) (-RRB- -RSB-)) (PRN (-LRB- -LRB-) (NP (: /) (: /) (NN wikimediafoundation.org/wiki/Terms_of_Use)) (-RRB- -RRB-)))))) (CC and) (PP (-LRB- -LSB-) (NP (NNP Privacy) (NNP Policy))))) (. .) (-RRB- -RSB-))) "
