2,7,8,this,page,-LSB- Unreviewed changes are displayed on this page -RSB- -LRB- / / bits.wikimedia.org/static-1.22wmf19/extensions/FlaggedRevs/frontend/modules/img/1.png -RRB- This page may need to be -LSB- reviewed -RSB- -LRB- / wiki/Wikibooks : REVIEW -RRB- for quality .,(ROOT (S (SBAR (-LRB- -LSB-) (S (NP (JJ Unreviewed) (NNS changes)) (VP (VBP are) (VP (VBN displayed) (PP (IN on) (NP (DT this) (NN page) (-RRB- -RSB-))))))) (PRN (-LRB- -LRB-) (VP (: /) (NP (: /) (NN bits.wikimedia.org/static-1.22wmf19/extensions/FlaggedRevs/frontend/modules/img/1.png))) (-RRB- -RRB-)) (NP (DT This) (NN page)) (VP (MD may) (VP (VB need) (S (VP (TO to) (VP (VB be) (VP (-LRB- -LSB-) (VP (VBN reviewed) (NP (NP (NP (-RRB- -RSB-)) (PRN (-LRB- -LRB-) (NP (NP (: /) (NNS wiki/Wikibooks)) (: :) (NP (NNP REVIEW))) (-RRB- -RRB-))) (PP (IN for) (NP (NN quality))))))))))) (. .))) 
26,28,29,those,toxin,"When it does happen , the muscles will produce many toxins that are created during anaerobic respiration , and then the cardiovascular system will try to cleanse those toxins as fast as it can .","(ROOT (S (S (SBAR (WHADVP (WRB When)) (S (NP (PRP it)) (VP (VBZ does) (VP (VB happen))))) (, ,) (NP (DT the) (NNS muscles)) (VP (MD will) (VP (VB produce) (NP (NP (JJ many) (NNS toxins)) (SBAR (WHNP (WDT that)) (S (VP (VBP are) (VP (VBN created) (PP (IN during) (NP (JJ anaerobic) (NN respiration))))))))))) (, ,) (CC and) (S (ADVP (RB then)) (NP (DT the) (JJ cardiovascular) (NN system)) (VP (MD will) (VP (VB try) (S (VP (TO to) (VP (VB cleanse) (NP (DT those) (NNS toxins)) (PP (IN as) (ADJP (JJ fast))) (SBAR (IN as) (S (NP (PRP it)) (VP (MD can)))))))))) (. .))) "
51,7,8,these,system,"But once we start exercising , these systems keep on becoming more and more effective and conditioned .","(ROOT (S (CC But) (SBAR (RB once) (S (NP (PRP we)) (VP (VBP start) (S (VP (VBG exercising)))))) (, ,) (NP (DT these) (NNS systems)) (VP (VBP keep) (PP (IN on) (S (VP (VBG becoming) (ADJP (ADJP (ADVP (RBR more) (CC and) (RBR more)) (JJ effective)) (CC and) (ADJP (JJ conditioned))))))) (. .))) "
97,2,5,that,day,"Considering that sitting/lying whole day -LRB- basal metabolic rate -RRB- is about 2000-3000 calories for most people , a difference of .6 -LRB- 2 - 1.4 -RRB- times basal metabolic rate is 1200 - 1800 extra calories per day that a fit individual can spend compared to a deconditioned individual .","(ROOT (S (PP (VBG Considering) (NP (NP (NP (DT that) (VBG sitting/lying) (JJ whole) (NN day)) (PRN (-LRB- -LRB-) (NP (JJ basal) (JJ metabolic) (NN rate)) (-RRB- -RRB-))) (SBAR (S (VP (VBZ is) (PP (IN about) (NP (NP (CD 2000-3000) (NNS calories)) (PP (IN for) (NP (JJS most) (NNS people)))))))))) (, ,) (NP (NP (DT a) (NN difference)) (PP (IN of) (NP (NN .6)))) (PRN (-LRB- -LRB-) (NP (NP (CD 2)) (: -) (NP (CD 1.4))) (-RRB- -RRB-)) (NP (NP (NNS times)) (ADJP (JJ basal) (JJ metabolic) (NN rate))) (VP (VBZ is) (NP (NP (CD 1200)) (: -) (NP (NP (CD 1800) (JJ extra) (NNS calories)) (PP (IN per) (NP (NN day))))) (SBAR (IN that) (S (NP (DT a) (JJ fit) (NN individual)) (VP (MD can) (VP (VB spend) (PP (VBN compared) (PP (TO to) (NP (DT a) (JJ deconditioned) (NN individual))))))))) (. .))) "
98,9,11,these,calorie,Do you have any idea how much difference these 1200-1800 calories can make !,(ROOT (SQ (VBP Do) (NP (PRP you)) (VP (VB have) (NP (NP (DT any) (NN idea)) (SBAR (WHNP (WHADJP (WRB how) (JJ much)) (NN difference)) (S (NP (DT these) (CD 1200-1800) (NNS calories)) (VP (MD can) (VP (VB make))))))) (. !))) 
108,20,22,this,phase,"When warming up , you slowly bring your body into the correct state for more intense exercise , without this warm-up phase the body 's muscles and tendons are tight and prone to injury thus it 's important to warm up to prevent injury .","(ROOT (S (SBAR (WHADVP (WRB When)) (S (VP (VBG warming) (PRT (RP up))))) (, ,) (S (NP (PRP you)) (ADVP (RB slowly)) (VP (VP (VB bring) (NP (PRP$ your) (NN body)) (PP (IN into) (NP (NP (DT the) (JJ correct) (NN state)) (PP (IN for) (NP (ADJP (RBR more) (JJ intense)) (NN exercise)))))) (, ,) (PP (IN without) (NP (NP (DT this) (NN warm-up) (NN phase)) (SBAR (S (NP (NP (DT the) (NN body) (POS 's)) (NNS muscles) (CC and) (NNS tendons)) (VP (VBP are) (ADJP (JJ tight) (CC and) (JJ prone)) (PP (TO to) (NP (NN injury)))))))))) (RB thus) (S (NP (PRP it)) (VP (VBZ 's) (ADJP (JJ important) (S (VP (TO to) (VP (VB warm) (PRT (RP up)) (S (VP (TO to) (VP (VB prevent) (NP (NN injury))))))))))) (. .))) "
139,3,4,this,system,Pedals without this system but that offer the possibility to lock your foot are called clipless .,(ROOT (S (NP (NP (NNS Pedals)) (PP (IN without) (NP (NP (DT this) (NN system)) (PP (CC but) (NP (DT that)))))) (VP (VBP offer) (SBAR (S (NP (DT the) (NN possibility) (S (VP (TO to) (VP (VB lock) (NP (PRP$ your) (NN foot)))))) (VP (VBP are) (VP (VBN called) (S (ADJP (JJ clipless)))))))) (. .))) 
146,3,4,this,mistake,I made this mistake and I do n't think that my bike justifies the expenditure .,(ROOT (S (S (NP (PRP I)) (VP (VBD made) (NP (DT this) (NN mistake)))) (CC and) (S (NP (PRP I)) (VP (VBP do) (RB n't) (VP (VB think) (SBAR (IN that) (S (NP (PRP$ my) (NN bike)) (VP (VBZ justifies) (NP (DT the) (NN expenditure)))))))) (. .))) 
166,17,18,this,article,The use of a helmet is heavily debated and a little out of the scope of this article .,(ROOT (S (NP (NP (DT The) (NN use)) (PP (IN of) (NP (DT a) (NN helmet)))) (VP (VBZ is) (ADVP (RB heavily)) (VP (VP (VBN debated)) (CC and) (VP (NP (DT a) (JJ little)) (PP (IN out) (IN of) (NP (NP (DT the) (NN scope)) (PP (IN of) (NP (DT this) (NN article)))))))) (. .))) 
211,2,3,this,type,"For this type of training , increasing the total amount of repetitions or sets is a good way to increase muscle endurance .","(ROOT (S (PP (IN For) (NP (NP (DT this) (NN type)) (PP (IN of) (NP (NN training))))) (, ,) (S (VP (VBG increasing) (NP (NP (DT the) (JJ total) (NN amount)) (PP (IN of) (NP (NNS repetitions) (CC or) (NNS sets)))))) (VP (VBZ is) (NP (DT a) (JJ good) (NN way) (S (VP (TO to) (VP (VB increase) (NP (NN muscle) (JJ endurance))))))) (. .))) "
222,15,16,those,sub-goal,"It is important to set doable sub-goals as well , and when you accomplish those sub-goals it gives you motivation to continue working toward your main goal .","(ROOT (S (S (NP (PRP It)) (VP (VBZ is) (ADJP (JJ important) (S (VP (TO to) (VP (VB set) (NP (JJ doable) (NNS sub-goals)) (ADVP (RB as) (RB well)))))))) (, ,) (CC and) (S (SBAR (WHADVP (WRB when)) (S (NP (PRP you)) (VP (VBP accomplish) (NP (DT those) (NNS sub-goals))))) (NP (PRP it)) (VP (VBZ gives) (NP (PRP you)) (NP (NN motivation)) (S (VP (TO to) (VP (VB continue) (S (VP (VBG working) (PP (IN toward) (NP (PRP$ your) (JJ main) (NN goal)))))))))) (. .))) "
233,11,13,those,level,We might not realize that we are pushing ourselves to those high levels because the body seems to be able to do it .,(ROOT (S (NP (PRP We)) (VP (MD might) (RB not) (VP (VB realize) (SBAR (IN that) (S (NP (PRP we)) (VP (VBP are) (VP (VBG pushing) (NP (PRP ourselves)) (PP (TO to) (NP (DT those) (JJ high) (NNS levels))) (SBAR (IN because) (S (NP (DT the) (NN body)) (VP (VBZ seems) (S (VP (TO to) (VP (VB be) (ADJP (JJ able) (S (VP (TO to) (VP (VB do) (NP (PRP it)))))))))))))))))) (. .))) 
239,6,7,that,day,It has been years from that day but I still ca n't lift 20 lbs .,(ROOT (S (S (NP (PRP It)) (VP (VBZ has) (VP (VBN been) (NP (NP (NNS years)) (PP (IN from) (NP (DT that) (NN day))))))) (CC but) (S (NP (PRP I)) (ADVP (RB still)) (VP (MD ca) (RB n't) (VP (VB lift) (NP (CD 20) (NNS lbs))))) (. .))) 
286,7,8,this,process,"A key part of both of this process is stretching , during this activity light movements are undertaken that increase your flexibility and decrease the likelihood of strain injuries More major injuries are often course by lack of care being taken during proper short and fitness activities , it is vital that you read information available to you and make sure you are using the equipment -LRB- including safety gear correctly -RRB- Stretching exercises usually take the form of extending a muscle -LRB- see Static and Dynamic -RRB- through a slow movement arch that exercises and prepares the muscles for training , it is important that a large group of muscles that are going to be used in the main exercises are stretched prior to it , stretching is also generally more effective after a short warm up .","(ROOT (S (S (NP (NP (DT A) (JJ key) (NN part)) (PP (IN of) (NP (NP (DT both)) (PP (IN of) (NP (DT this) (NN process)))))) (VP (VBZ is) (VP (VBG stretching)))) (, ,) (S (PP (IN during) (NP (DT this) (NN activity))) (NP (JJ light) (NNS movements)) (VP (VBP are) (VP (VBN undertaken) (SBAR (IN that) (S (S (NP (NN increase)) (NP (PRP$ your) (NN flexibility))) (CC and) (S (S (VP (VB decrease) (NP (NP (DT the) (NN likelihood)) (PP (IN of) (NP (NN strain) (NNS injuries)))))) (ADVP (RBR More) (NP (JJ major) (NNS injuries))) (VP (VBP are) (ADVP (RB often)) (NP (NP (NN course)) (PP (IN by) (NP (NP (NN lack)) (PP (IN of) (NP (NP (NN care)) (VP (VBG being) (VP (VBN taken) (PP (IN during) (NP (ADJP (JJ proper) (JJ short)) (CC and) (NP (NN fitness) (NNS activities)))))))))))))))))) (, ,) (S (NP (PRP it)) (VP (VBZ is) (ADJP (JJ vital)) (SBAR (IN that) (S (NP (PRP you)) (VP (VP (VBP read) (S (NP (NN information)) (ADJP (JJ available) (PP (TO to) (NP (PRP you)))))) (CC and) (VP (VB make) (ADJP (JJ sure) (SBAR (S (NP (PRP you)) (VP (VBP are) (VP (VBG using) (NP (DT the) (NN equipment)) (PRN (-LRB- -LRB-) (PP (VBG including) (NP (NP (NN safety) (NN gear)) (ADVP (RB correctly)))) (-RRB- -RRB-)) (S (VP (VBG Stretching) (SBAR (S (NP (NNS exercises)) (ADVP (RB usually)) (VP (VBP take) (NP (NP (DT the) (NN form)) (PP (IN of) (S (VP (VBG extending) (NP (DT a) (NN muscle)))))) (PRN (-LRB- -LRB-) (S (VP (VB see) (NP (NP (JJ Static)) (CC and) (NP (NNP Dynamic))))) (-RRB- -RRB-)))))))))))) (PP (IN through) (NP (NP (DT a) (JJ slow) (NN movement) (NN arch)) (SBAR (WHNP (WDT that)) (S (VP (VBZ exercises) (CC and) (VBZ prepares) (NP (NP (DT the) (NNS muscles)) (PP (IN for) (NP (NN training))))))))))))))) (, ,) (S (NP (PRP it)) (VP (VBZ is) (ADJP (JJ important)) (SBAR (IN that) (S (NP (NP (DT a) (JJ large) (NN group)) (PP (IN of) (NP (NP (NNS muscles)) (SBAR (WHNP (WDT that)) (S (VP (VBP are) (VP (VBG going) (S (VP (TO to) (VP (VB be) (VP (VBN used) (PP (IN in) (NP (DT the) (JJ main) (NNS exercises)))))))))))))) (VP (VBP are) (VP (VBN stretched) (PP (RB prior) (PP (TO to) (NP (PRP it)))))))))) (, ,) (S (S (VP (VBG stretching))) (VP (VBZ is) (ADVP (RB also)) (ADJP (RB generally) (RBR more) (JJ effective)) (PP (IN after) (NP (DT a) (ADJP (JJ short) (JJ warm))) (ADVP (RB up))))) (. .))) "
286,13,14,this,activity,"A key part of both of this process is stretching , during this activity light movements are undertaken that increase your flexibility and decrease the likelihood of strain injuries More major injuries are often course by lack of care being taken during proper short and fitness activities , it is vital that you read information available to you and make sure you are using the equipment -LRB- including safety gear correctly -RRB- Stretching exercises usually take the form of extending a muscle -LRB- see Static and Dynamic -RRB- through a slow movement arch that exercises and prepares the muscles for training , it is important that a large group of muscles that are going to be used in the main exercises are stretched prior to it , stretching is also generally more effective after a short warm up .","(ROOT (S (S (NP (NP (DT A) (JJ key) (NN part)) (PP (IN of) (NP (NP (DT both)) (PP (IN of) (NP (DT this) (NN process)))))) (VP (VBZ is) (VP (VBG stretching)))) (, ,) (S (PP (IN during) (NP (DT this) (NN activity))) (NP (JJ light) (NNS movements)) (VP (VBP are) (VP (VBN undertaken) (SBAR (IN that) (S (S (NP (NN increase)) (NP (PRP$ your) (NN flexibility))) (CC and) (S (S (VP (VB decrease) (NP (NP (DT the) (NN likelihood)) (PP (IN of) (NP (NN strain) (NNS injuries)))))) (ADVP (RBR More) (NP (JJ major) (NNS injuries))) (VP (VBP are) (ADVP (RB often)) (NP (NP (NN course)) (PP (IN by) (NP (NP (NN lack)) (PP (IN of) (NP (NP (NN care)) (VP (VBG being) (VP (VBN taken) (PP (IN during) (NP (ADJP (JJ proper) (JJ short)) (CC and) (NP (NN fitness) (NNS activities)))))))))))))))))) (, ,) (S (NP (PRP it)) (VP (VBZ is) (ADJP (JJ vital)) (SBAR (IN that) (S (NP (PRP you)) (VP (VP (VBP read) (S (NP (NN information)) (ADJP (JJ available) (PP (TO to) (NP (PRP you)))))) (CC and) (VP (VB make) (ADJP (JJ sure) (SBAR (S (NP (PRP you)) (VP (VBP are) (VP (VBG using) (NP (DT the) (NN equipment)) (PRN (-LRB- -LRB-) (PP (VBG including) (NP (NP (NN safety) (NN gear)) (ADVP (RB correctly)))) (-RRB- -RRB-)) (S (VP (VBG Stretching) (SBAR (S (NP (NNS exercises)) (ADVP (RB usually)) (VP (VBP take) (NP (NP (DT the) (NN form)) (PP (IN of) (S (VP (VBG extending) (NP (DT a) (NN muscle)))))) (PRN (-LRB- -LRB-) (S (VP (VB see) (NP (NP (JJ Static)) (CC and) (NP (NNP Dynamic))))) (-RRB- -RRB-)))))))))))) (PP (IN through) (NP (NP (DT a) (JJ slow) (NN movement) (NN arch)) (SBAR (WHNP (WDT that)) (S (VP (VBZ exercises) (CC and) (VBZ prepares) (NP (NP (DT the) (NNS muscles)) (PP (IN for) (NP (NN training))))))))))))))) (, ,) (S (NP (PRP it)) (VP (VBZ is) (ADJP (JJ important)) (SBAR (IN that) (S (NP (NP (DT a) (JJ large) (NN group)) (PP (IN of) (NP (NP (NNS muscles)) (SBAR (WHNP (WDT that)) (S (VP (VBP are) (VP (VBG going) (S (VP (TO to) (VP (VB be) (VP (VBN used) (PP (IN in) (NP (DT the) (JJ main) (NNS exercises)))))))))))))) (VP (VBP are) (VP (VBN stretched) (PP (RB prior) (PP (TO to) (NP (PRP it)))))))))) (, ,) (S (S (VP (VBG stretching))) (VP (VBZ is) (ADVP (RB also)) (ADJP (RB generally) (RBR more) (JJ effective)) (PP (IN after) (NP (DT a) (ADJP (JJ short) (JJ warm))) (ADVP (RB up))))) (. .))) "
293,14,15,this,advice,-LSB- Nuvola apps important yellow.svg -RSB- -LRB- / / upload.wikimedia.org/wikipedia/commons/thumb/d/dc/Nuvola_apps_important_yellow.svg/40px-Nuvola_apps_important_yellow.svg.png -RRB- None of this advice should ever replace real medical help !,(ROOT (S (NP (NP (-LRB- -LSB-) (ADJP (ADJP (NP (NP (NN Nuvola) (NNS apps)) (ADJP (JJ important) (NN yellow.svg))) (-RRB- -RSB-)) (PRN (-LRB- -LRB-) (PP (: /) (NP (: /) (NN upload.wikimedia.org/wikipedia/commons/thumb/d/dc/Nuvola_apps_important_yellow.svg/40px-Nuvola_apps_important_yellow.svg.png))) (-RRB- -RRB-))) (NN None)) (PP (IN of) (NP (DT this) (NN advice)))) (VP (MD should) (ADVP (RB ever)) (VP (VB replace) (NP (JJ real) (JJ medical) (NN help)))) (. !))) 
295,22,23,that,area,"Usually of effective use are the commonly on sale at most supermarkets are topical jells that can ether numb pain in that area -LRB- such as UK product ibuprofen jell -RRB- or ` heat ' the area to ease strains -LRB- UK product ` deep heat ' -RRB- these are useful products but are best used only as directed and not over used if the pain is worse , they are short term treatments for temporary pains only .","(ROOT (S (S (ADVP (ADVP (RB Usually)) (PP (IN of) (NP (JJ effective) (NN use)))) (VP (VBP are) (NP (NP (DT the) (ADVP (RB commonly) (PP (IN on) (NP (NP (NN sale)) (PP (IN at) (NP (NP (JJS most) (NNS supermarkets)) (SBAR (S (VP (VBP are) (NP (NP (JJ topical) (NNS jells)) (SBAR (WHNP (WDT that)) (S (VP (MD can) (VP (VB ether) (ADJP (JJ numb))))))))))))))) (NN pain)) (PP (IN in) (NP (NP (DT that) (NN area)) (PRN (-LRB- -LRB-) (PP (JJ such) (IN as) (NP (NP (NNP UK)) (NP (NN product) (NN ibuprofen) (NN jell)))) (-RRB- -RRB-)) (CC or) (`` `) (NP (NN heat)) ('' '))))) (NP (DT the) (NN area) (S (VP (TO to) (VP (VB ease) (NP (NP (NNS strains)) (PRN (-LRB- -LRB-) (NP (NP (NNP UK) (NN product)) (NP (`` `) (JJ deep) (NN heat) ('' '))) (-RRB- -RRB-)) (SBAR (S (NP (DT these)) (VP (VP (VBP are) (NP (JJ useful) (NNS products))) (CC but) (VP (VBP are) (ADVP (RB best)) (VP (VP (VBN used) (CONJP (RB only) (IN as)) (VBN directed)) (CC and) (VP (RB not) (ADVP (IN over)) (VBN used) (SBAR (IN if) (S (NP (DT the) (NN pain)) (VP (VBZ is) (ADJP (JJR worse))))))))))))))))) (, ,) (NP (PRP they)) (VP (VBP are) (NP (NP (JJ short) (NN term) (NNS treatments)) (PP (IN for) (NP (JJ temporary) (NNS pains)))) (ADVP (RB only))) (. .))) "
302,4,6,these,guideline,"Please remember , these nutritional guidelines are not a weight loss guide , although many people will lose weight if they are followed .","(ROOT (S (S (INTJ (VB Please)) (VP (VB remember))) (, ,) (NP (DT these) (JJ nutritional) (NNS guidelines)) (VP (VBP are) (RB not) (NP (DT a) (NN weight) (NN loss) (NN guide)) (, ,) (SBAR (IN although) (S (NP (JJ many) (NNS people)) (VP (MD will) (VP (VB lose) (NP (NN weight)) (SBAR (IN if) (S (NP (PRP they)) (VP (VBP are) (VP (VBN followed)))))))))) (. .))) "
303,13,14,this,way,"These are guidelines for more healthy living , and that means eating this way should improve your energy levels , your immune system , your ability to heal , and your mood !","(ROOT (S (S (NP (DT These)) (VP (VBP are) (NP (NP (NNS guidelines)) (PP (IN for) (NP (JJR more) (JJ healthy) (NN living)))))) (, ,) (CC and) (S (NP (DT that)) (VP (VBZ means) (NP (NP (NN eating)) (SBAR (S (NP (DT this) (NN way)) (VP (MD should) (VP (VB improve) (NP (NP (PRP$ your) (NN energy) (NNS levels)) (, ,) (NP (PRP$ your) (JJ immune) (NN system)) (, ,) (NP (PRP$ your) (NN ability) (S (VP (TO to) (VP (VB heal))))) (, ,) (CC and) (NP (PRP$ your) (NN mood)))))))))) (. !))) "
304,8,9,this,point,"It is all to important to emphasize this point : eating and exercising correctly will do you no good for being healthy if you are not happy with the genetics you were born with , in other words , you may carry additional body fat naturally and it 's unhealthy to try and lose it .","(ROOT (S (S (NP (PRP It)) (VP (VBZ is) (SBAR (WHNP (NP (DT all)) (PP (TO to) (ADJP (JJ important)))) (S (VP (TO to) (VP (VB emphasize) (NP (DT this) (NN point)))))))) (: :) (S (NP (NP (NN eating)) (CC and) (NP (VBG exercising))) (ADVP (RB correctly)) (VP (MD will) (VP (VB do) (S (NP (PRP you)) (ADJP (DT no) (JJ good))) (PP (IN for) (S (VP (VBG being) (ADJP (JJ healthy) (SBAR (IN if) (S (NP (PRP you)) (VP (VBP are) (RB not) (ADJP (JJ happy) (PP (IN with) (NP (NP (DT the) (NNS genetics)) (SBAR (S (NP (PRP you)) (VP (VBD were) (VP (VBN born) (PP (IN with))))))))))))))))))) (, ,) (S (PP (IN in) (NP (JJ other) (NNS words))) (, ,) (NP (PRP you)) (VP (MD may) (VP (VB carry) (S (NP (JJ additional) (NN body)) (ADJP (JJ fat)) (ADVP (RB naturally)))))) (CC and) (S (NP (PRP it)) (VP (VBZ 's) (ADJP (JJ unhealthy) (S (VP (TO to) (VP (VB try) (CC and) (VB lose) (NP (PRP it)))))))) (. .))) "
343,2,3,this,revision,"In this revision , the different food types are better separated .","(ROOT (S (PP (IN In) (NP (DT this) (NN revision))) (, ,) (NP (DT the) (JJ different) (NN food) (NNS types)) (VP (VBP are) (ADVP (RBR better)) (VP (VBN separated))) (. .))) "
355,6,9,that,loss,It is important to remember that safe fat loss should not involve the loss of more than 1-2 pounds -LRB- 0.5-1kg -RRB- per week .,(ROOT (S (NP (PRP It)) (VP (VBZ is) (ADJP (JJ important) (S (VP (TO to) (VP (VB remember) (SBAR (S (NP (DT that) (JJ safe) (JJ fat) (NN loss)) (VP (MD should) (RB not) (VP (VB involve) (NP (NP (DT the) (NN loss)) (PP (IN of) (NP (NP (QP (XS (JJR more) (IN than)) (CD 1-2)) (NNS pounds)) (PRN (-LRB- -LRB-) (NP (NN 0.5-1kg)) (-RRB- -RRB-)))) (PP (IN per) (NP (NN week))))))))))))) (. .))) 
357,2,3,this,case,"In this case , the lost weight is very easily replaced once you rehydrate yourself .","(ROOT (S (PP (IN In) (NP (DT this) (NN case))) (, ,) (NP (DT the) (VBN lost) (NN weight)) (VP (VBZ is) (ADVP (RB very) (RB easily)) (VP (VBN replaced) (SBAR (RB once) (S (NP (PRP you)) (VP (VB rehydrate) (NP (PRP yourself))))))) (. .))) "
366,15,16,those,goal,"It requires learning about nutrition and exercising , making goals and a plan for those goals , and following through with them .","(ROOT (S (NP (PRP It)) (VP (VBZ requires) (S (VP (VP (VBG learning) (PP (IN about) (NP (NN nutrition)))) (CC and) (VP (VBG exercising)) (, ,) (VP (VBG making) (NP (NP (NNS goals)) (CC and) (NP (NP (DT a) (NN plan)) (PP (IN for) (NP (DT those) (NNS goals)))))) (, ,) (CC and) (VP (VBG following) (PP (IN through) (PP (IN with) (NP (PRP them)))))))) (. .))) "
373,20,22,this,period,"Of course , remember that prolonged exposure to the sun unprotected is dangereous , and for anything longer than this time period you should wear sunscreen .","(ROOT (S (S (PP (IN Of) (NP (NN course))) (, ,) (VP (VBP remember) (SBAR (IN that) (S (NP (NP (JJ prolonged) (NN exposure)) (PP (TO to) (NP (DT the) (NN sun) (JJ unprotected)))) (VP (VBZ is) (ADJP (JJ dangereous))))))) (, ,) (CC and) (S (PP (IN for) (NP (NP (NN anything)) (PP (ADVP (JJR longer)) (IN than) (NP (DT this) (NN time) (NN period))))) (NP (PRP you)) (VP (MD should) (VP (VB wear) (NP (NN sunscreen))))) (. .))) "
379,2,3,these,exercise,"But these exercises are not dangerous , and if you mind your conditions and be cautious , they are completely safe .","(ROOT (S (CC But) (S (NP (DT these) (NNS exercises)) (VP (VBP are) (RB not) (ADJP (JJ dangerous)))) (, ,) (CC and) (S (SBAR (IN if) (S (NP (PRP you)) (VP (VP (VB mind) (NP (PRP$ your) (NNS conditions))) (CC and) (VP (VB be) (ADJP (JJ cautious)))))) (, ,) (NP (PRP they)) (VP (VBP are) (ADJP (RB completely) (JJ safe)))) (. .))) "
385,2,3,this,process,Repeat this process always using opposite sides of legs and arms .,(ROOT (NP (NP (NP (NN Repeat)) (NP (DT this) (NN process))) (VP (ADVP (RB always)) (VBG using) (NP (NP (JJ opposite) (NNS sides)) (PP (IN of) (NP (NNS legs) (CC and) (NNS arms))))) (. .))) 
386,20,21,this,case,"If you are tense , you might not be able to completely extend your leg or arm , in this case do not push it , just go as far as you comfortably can and repeat the exercise .","(ROOT (S (SBAR (IN If) (S (NP (PRP you)) (VP (VBP are) (ADJP (JJ tense))))) (, ,) (NP (PRP you)) (VP (MD might) (RB not) (VP (VB be) (ADJP (JJ able) (S (VP (TO to) (VP (ADVP (RB completely)) (VB extend) (NP (PRP$ your) (NN leg) (CC or) (NN arm)))))) (, ,) (SBAR (IN in) (S (NP (DT this) (NN case)) (VP (VBP do) (RB not) (VP (VP (VB push) (NP (PRP it))) (, ,) (VP (ADVP (RB just)) (VB go) (ADVP (RB as) (RB far)) (SBAR (IN as) (S (NP (PRP you)) (ADVP (RB comfortably)) (VP (MD can))))) (CC and) (VP (VB repeat) (NP (DT the) (NN exercise))))))))) (. .))) "
387,17,18,those,arm,"Over many repetitions over several days , you should be able to get closer to extending those arms and legs straight .","(ROOT (S (PP (IN Over) (NP (NP (JJ many) (NNS repetitions)) (PP (IN over) (NP (JJ several) (NNS days))))) (, ,) (NP (PRP you)) (VP (MD should) (VP (VB be) (ADJP (JJ able) (S (VP (TO to) (VP (VB get) (ADVP (JJR closer) (PP (TO to) (S (VP (VBG extending) (NP (DT those) (NNS arms) (CC and) (NNS legs)) (ADVP (RB straight)))))))))))) (. .))) "
392,8,9,this,exercise,"If you like , you can do this exercise on top of a towel , or a stiff foam mat .","(ROOT (S (SBAR (IN If) (S (NP (PRP you)) (PP (IN like)))) (, ,) (NP (PRP you)) (VP (MD can) (VP (VB do) (NP (NP (DT this) (NN exercise)) (PP (IN on) (NP (NN top))) (PP (IN of) (NP (DT a) (NN towel))) (, ,) (CC or) (NP (DT a) (JJ stiff) (NN foam) (NN mat))))) (. .))) "
394,17,18,this,exercise,"But it can irritate your knees to be on all fours , so you can do this exercise on a blanket , towel or camping mat .","(ROOT (S (CC But) (S (NP (PRP it)) (VP (MD can) (VP (VB irritate) (NP (PRP$ your) (NNS knees)) (S (VP (TO to) (VP (VB be) (PP (IN on) (NP (DT all) (NNS fours))))))))) (, ,) (RB so) (S (NP (PRP you)) (VP (MD can) (VP (VB do) (NP (DT this) (NN exercise)) (PP (IN on) (NP (NP (DT a) (NN blanket)) (, ,) (NP (NN towel)) (CC or) (NP (NN camping) (NN mat))))))) (. .))) "
404,2,3,those,aerobic,Stack those aerobics boxes and platform things against a wall for support .,(ROOT (S (VP (VB Stack) (S (NP (DT those) (NNS aerobics)) (NP (NP (NP (NNS boxes)) (CC and) (NP (NN platform) (NNS things))) (PP (IN against) (NP (NP (DT a) (NN wall)) (PP (IN for) (NP (NN support)))))))) (. .))) 
409,8,9,this,time,Then start the entire process over only this time you jump sideways onto the box .,(ROOT (S (RB Then) (VP (VB start) (NP (NP (DT the) (JJ entire) (NN process)) (PP (IN over) (NP (NP (RB only) (DT this) (NN time)) (SBAR (S (NP (PRP you)) (VP (VBP jump) (ADVP (RB sideways)) (PP (IN onto) (NP (DT the) (NN box)))))))))) (. .))) 
418,13,14,this,page,-LSB- -RSB- -LRB- / / upload.wikimedia.org/wikipedia/commons/thumb/9/91/Book_important2.svg/40px-Book_important2.svg.png -RRB- ** A Wikibookian has nominated this page for cleanup .,(ROOT (FRAG (WHNP (WHNP (-LRB- -LSB-) (-RRB- -RSB-)) (PRN (-LRB- -LRB-) (PP (: /) (NP (: /) (NN upload.wikimedia.org/wikipedia/commons/thumb/9/91/Book_important2.svg/40px-Book_important2.svg.png))) (-RRB- -RRB-))) (SBAR (X (SYM **)) (S (NP (DT A) (NN Wikibookian)) (VP (VBZ has) (VP (VBN nominated) (NP (NP (DT this) (NN page)) (PP (IN for) (NP (NN cleanup)))))))) (. .))) 
423,3,4,this,exercise,When doing this exercise there are several things to focus on .,(ROOT (S (SBAR (WHADVP (WRB When)) (S (VP (VBG doing) (NP (DT this) (NN exercise))))) (NP (EX there)) (VP (VBP are) (NP (JJ several) (NNS things) (S (VP (TO to) (VP (VB focus) (PP (IN on))))))) (. .))) 
429,9,10,this,angle,* The important factor here is to maintain this angle by keeping proper posture .,(ROOT (S (X (SYM *)) (NP (NP (DT The) (JJ important) (NN factor)) (ADVP (RB here))) (VP (VBZ is) (S (VP (TO to) (VP (VB maintain) (NP (DT this) (NN angle)) (PP (IN by) (S (VP (VBG keeping) (NP (JJ proper) (NN posture))))))))) (. .))) 
456,5,6,this,wikibook,"That you 're reading this Wikibook means that you 've decided to take it on , or are considering it .","(ROOT (S (NP (NP (DT That)) (SBAR (S (NP (PRP you)) (VP (VBP 're) (VP (VBG reading) (NP (DT this) (NN Wikibook))))))) (VP (VP (VBZ means) (SBAR (IN that) (S (NP (PRP you)) (VP (VBP 've) (VP (VBN decided) (S (VP (TO to) (VP (VB take) (NP (PRP it)) (PP (IN on)))))))))) (, ,) (CC or) (VP (VBP are) (VP (VBG considering) (NP (PRP it))))) (. .))) "
458,2,3,this,wikibook,"In this Wikibook you 'll learn the basics of how to plan for and complete a marathon , learn time-tested tips that will keep you going to the finish line .","(ROOT (SINV (S (PP (IN In) (NP (DT this) (NN Wikibook))) (NP (PRP you)) (VP (MD 'll) (VP (VB learn) (NP (NP (DT the) (NNS basics)) (PP (IN of) (SBAR (WHADVP (WRB how)) (S (VP (TO to) (VP (VP (VB plan) (PP (IN for))) (CC and) (VP (VB complete) (NP (DT a) (NN marathon)))))))))))) (, ,) (VP (VBP learn) (ADJP (JJ time-tested))) (NP (NNS tips) (SBAR (WHNP (WDT that)) (S (VP (MD will) (VP (VB keep) (S (NP (PRP you)) (VP (VBG going) (PP (TO to) (NP (DT the) (NN finish) (NN line)))))))))) (. .))) "
459,8,9,this,book,"If you 're a seasoned veteran , this book will also outline some tips for getting faster , so that your next marathon can be your best .","(ROOT (S (SBAR (IN If) (S (NP (PRP you)) (VP (VBP 're) (NP (DT a) (JJ seasoned) (NN veteran))))) (, ,) (NP (DT this) (NN book)) (VP (MD will) (ADVP (RB also)) (VP (VB outline) (NP (DT some) (NNS tips)) (PP (IN for) (S (VP (VBG getting) (ADVP (ADVP (RBR faster)) (, ,) (ADVP (RB so) (SBAR (IN that) (S (NP (PRP$ your) (JJ next) (NN marathon)) (VP (MD can) (VP (VB be) (NP (PRP$ your) (JJS best))))))))))))) (. .))) "
493,13,14,these,requirement,"** If your local marathon is a large marathon that meets all these requirements , it probably would be an ideal choice .","(ROOT (FRAG (SBAR (X (SYM **)) (S (SBAR (IN If) (S (NP (PRP$ your) (JJ local) (NN marathon)) (VP (VBZ is) (NP (NP (DT a) (JJ large) (NN marathon)) (SBAR (WHNP (WDT that)) (S (VP (VBZ meets) (NP (PDT all) (DT these) (NNS requirements))))))))) (, ,) (NP (PRP it)) (ADVP (RB probably)) (VP (MD would) (VP (VB be) (NP (DT an) (JJ ideal) (NN choice)))))) (. .))) "
532,14,15,this,page,php?title = Physical_Activity / Print_version & action = info -RRB- * -LSB- Cite this page -RSB- -LRB- / w/index .,(ROOT (S (VP (NN php?title) (NP (NP (NP (JJ =) (NN Physical_Activity)) (PRN (: /) (NP (NP (NNP Print_version)) (CC &) (NP (NN action) (JJ =) (NN info))) (-RRB- -RRB-))) (X (SYM *))) (S (VP (-LRB- -LSB-) (VP (VB Cite) (S (NP (DT this) (NN page)) (NP (NP (-RRB- -RSB-)) (-LRB- -LRB-) (PP (: /) (NP (NN w/index))))))))) (. .))) 
538,3,4,this,site,"By using this site , you agree to the -LSB- Terms of Use -RSB- -LRB- / / wikimediafoundation.org/wiki/Terms_of_Use -RRB- and -LSB- Privacy Policy . -RSB-","(ROOT (S (PP (IN By) (S (VP (VBG using) (NP (DT this) (NN site))))) (, ,) (NP (PRP you)) (VP (VBP agree) (PP (PP (TO to) (NP (NP (DT the) (-LRB- -LSB-) (NNS Terms)) (PP (IN of) (NP (NP (NN Use) (-RRB- -RSB-)) (PRN (-LRB- -LRB-) (NP (: /) (: /) (NN wikimediafoundation.org/wiki/Terms_of_Use)) (-RRB- -RRB-)))))) (CC and) (PP (-LRB- -LSB-) (NP (NNP Privacy) (NNP Policy))))) (. .) (-RRB- -RSB-))) "
