2,7,8,this,page,-LSB- Unreviewed changes are displayed on this page -RSB- -LRB- / / bits.wikimedia.org/static-1.22wmf19/extensions/FlaggedRevs/frontend/modules/img/1.png -RRB- This page may need to be -LSB- reviewed -RSB- -LRB- / wiki/Wikibooks : REVIEW -RRB- for quality .,(ROOT (S (SBAR (-LRB- -LSB-) (S (NP (JJ Unreviewed) (NNS changes)) (VP (VBP are) (VP (VBN displayed) (PP (IN on) (NP (DT this) (NN page) (-RRB- -RSB-))))))) (PRN (-LRB- -LRB-) (VP (: /) (NP (: /) (NN bits.wikimedia.org/static-1.22wmf19/extensions/FlaggedRevs/frontend/modules/img/1.png))) (-RRB- -RRB-)) (NP (DT This) (NN page)) (VP (MD may) (VP (VB need) (S (VP (TO to) (VP (VB be) (VP (-LRB- -LSB-) (VP (VBN reviewed) (NP (NP (NP (-RRB- -RSB-)) (PRN (-LRB- -LRB-) (NP (NP (: /) (NNS wiki/Wikibooks)) (: :) (NP (NNP REVIEW))) (-RRB- -RRB-))) (PP (IN for) (NP (NN quality))))))))))) (. .))) 
21,3,4,these,approach,"None of these approaches to probability is wrong , _ per se _ , but some are more useful or more general than others .","(ROOT (S (S (NP (NP (NN None)) (PP (IN of) (NP (NP (DT these) (NNS approaches)) (PP (TO to) (NP (NN probability)))))) (VP (VBZ is) (ADJP (ADJP (JJ wrong)) (, ,) (ADJP (JJ _))) (ADVP (FW per) (FW se) (NP (CD _))))) (, ,) (CC but) (S (NP (DT some)) (VP (VBP are) (ADJP (ADJP (RBR more) (JJ useful)) (CC or) (ADJP (RBR more) (JJ general))) (PP (IN than) (NP (NNS others))))) (. .))) "
38,2,3,this,type,"While this type of probability is important , it is not the subject of this book .","(ROOT (S (SBAR (IN While) (S (NP (NP (DT this) (NN type)) (PP (IN of) (NP (NN probability)))) (VP (VBZ is) (ADJP (JJ important))))) (, ,) (NP (PRP it)) (VP (VBZ is) (RB not) (NP (NP (DT the) (NN subject)) (PP (IN of) (NP (DT this) (NN book))))) (. .))) "
38,15,16,this,book,"While this type of probability is important , it is not the subject of this book .","(ROOT (S (SBAR (IN While) (S (NP (NP (DT this) (NN type)) (PP (IN of) (NP (NN probability)))) (VP (VBZ is) (ADJP (JJ important))))) (, ,) (NP (PRP it)) (VP (VBZ is) (RB not) (NP (NP (DT the) (NN subject)) (PP (IN of) (NP (DT this) (NN book))))) (. .))) "
48,12,14,these,frequency,"Physical probabilities either explain , or are invoked to explain , these stable frequencies .","(ROOT (S (NP (JJ Physical) (NNS probabilities)) (ADVP (CC either)) (VP (VP (VB explain)) (, ,) (CC or) (VP (VBP are) (VP (VBN invoked) (S (VP (TO to) (VP (VB explain) (, ,) (NP (DT these) (JJ stable) (NNS frequencies)))))))) (. .))) "
51,28,29,this,theory,"Relative frequencies are always between 0 % -LRB- the event essentially never happens -RRB- and 100 % -LRB- the event essentially always happens -RRB- , so in this theory as well , probabilities are between 0 % and 100 % .","(ROOT (S (S (NP (JJ Relative) (NNS frequencies)) (VP (VBP are) (ADVP (RB always)) (PP (IN between) (NP (NP (NP (CD 0) (NN %)) (PRN (-LRB- -LRB-) (S (NP (DT the) (NN event)) (ADVP (RB essentially)) (VP (ADVP (RB never)) (VBZ happens))) (-RRB- -RRB-))) (CC and) (NP (NP (CD 100) (NN %)) (PRN (-LRB- -LRB-) (S (NP (DT the) (NN event)) (ADVP (RB essentially)) (VP (ADVP (RB always)) (VBZ happens))) (-RRB- -RRB-))))))) (, ,) (RB so) (S (PP (IN in) (NP (DT this) (NN theory))) (ADVP (RB as) (RB well)) (, ,) (NP (NNS probabilities)) (VP (VBP are) (PP (IN between) (NP (NP (CD 0) (NN %)) (CC and) (NP (CD 100) (NN %)))))) (. .))) "
65,49,51,these,number,"### Classical theory of probability The classical approach to probability is to count the number of _ favorable outcomes _ , the number of _ total outcomes _ -LRB- outcomes are assumed to be mutually exclusive and equiprobable -RRB- , and express the probability as a ratio of these two numbers .","(ROOT (S (S (NP (NP (NN ###) (JJ Classical) (NN theory)) (PP (IN of) (NP (NP (NN probability)) (SBAR (S (NP (NP (DT The) (JJ classical) (NN approach)) (PP (TO to) (NP (NN probability)))) (VP (VBZ is) (S (VP (TO to) (VP (VB count) (NP (NP (DT the) (NN number)) (PP (IN of) (NP (CD _) (JJ favorable) (NNS outcomes))))))))))))) (VP (VBP _))) (, ,) (NP (NP (DT the) (NN number)) (PP (IN of) (NP (CD _) (JJ total) (NNS outcomes)))) (VP (VP (VBP _) (PRN (-LRB- -LRB-) (S (NP (NNS outcomes)) (VP (VBP are) (VP (VBN assumed) (S (VP (TO to) (VP (VB be) (ADJP (RB mutually) (JJ exclusive) (CC and) (JJ equiprobable)))))))) (-RRB- -RRB-))) (, ,) (CC and) (VP (VBP express) (NP (DT the) (NN probability)) (PP (IN as) (NP (NP (DT a) (NN ratio)) (PP (IN of) (NP (DT these) (CD two) (NNS numbers))))))) (. .))) "
78,23,24,this,event,"Therefore , if the event of interest is drawing a club , there are 13 favorable outcomes , and the probability of this event is !","(ROOT (S (ADVP (RB Therefore)) (, ,) (S (SBAR (IN if) (S (NP (NP (DT the) (NN event)) (PP (IN of) (NP (NN interest)))) (VP (VBZ is) (VP (VBG drawing) (NP (DT a) (NN club)))))) (, ,) (NP (EX there)) (VP (VBP are) (NP (CD 13) (JJ favorable) (NNS outcomes)))) (, ,) (CC and) (S (NP (NP (DT the) (NN probability)) (PP (IN of) (NP (DT this) (NN event)))) (VP (VBZ is))) (. !))) "
112,4,5,this,definition,A note on this definition of probability : How do we know the sequence !,(ROOT (NP (NP (DT A) (NN note)) (PP (IN on) (NP (NP (DT this) (NN definition)) (PP (IN of) (NP (NP (NN probability)) (: :) (SBARQ (WHADVP (WRB How)) (SQ (VBP do) (NP (PRP we)) (VP (VB know) (NP (DT the) (NN sequence))))))))) (. !))) 
120,2,3,this,example,"For this example , the sequence !","(ROOT (FRAG (PP (IN For) (NP (DT this) (NN example))) (, ,) (NP (DT the) (NN sequence)) (. !))) "
130,2,3,these,axiom,"Although these axioms may not be immediately intuitive , be assured that the development is guided by the more familiar classical probability theory .","(ROOT (S (SBAR (IN Although) (S (NP (DT these) (NNS axioms)) (VP (MD may) (RB not) (VP (VB be) (ADJP (RB immediately) (JJ intuitive)))))) (, ,) (VP (VB be) (VP (VBN assured) (SBAR (IN that) (S (NP (DT the) (NN development)) (VP (VBZ is) (VP (VBN guided) (PP (IN by) (NP (DT the) (ADJP (RBR more) (JJ familiar)) (JJ classical) (NN probability) (NN theory))))))))) (. .))) "
133,7,8,that,p,It follows from -LRB- iii -RRB- that P -LRB- φ -RRB- = 0 .,(ROOT (S (NP (PRP It)) (VP (VBZ follows) (PP (IN from) (NP (NP (-LRB- -LRB-) (LS iii) (-RRB- -RRB-)) (SBAR (WHNP (WHNP (WDT that) (NN P)) (PRN (-LRB- -LRB-) (NP (NN φ)) (-RRB- -RRB-))) (S (ADJP (JJ =) (NP-TMP (CD 0)))))))) (. .))) 
137,3,4,this,book,Readers of this book should have a good understanding of both those topics before attempting to read and understand this book completely .,(ROOT (S (NP (NP (NNS Readers)) (PP (IN of) (NP (DT this) (NN book)))) (VP (MD should) (VP (VB have) (NP (NP (NP (DT a) (JJ good) (NN understanding)) (PP (IN of))) (CC both) (NP (NP (DT those) (NNS topics)) (PP (IN before) (S (VP (VBG attempting) (S (VP (TO to) (VP (VB read) (CC and) (VB understand) (NP (DT this) (NN book)) (ADVP (RB completely)))))))))))) (. .))) 
137,12,13,those,topic,Readers of this book should have a good understanding of both those topics before attempting to read and understand this book completely .,(ROOT (S (NP (NP (NNS Readers)) (PP (IN of) (NP (DT this) (NN book)))) (VP (MD should) (VP (VB have) (NP (NP (NP (DT a) (JJ good) (NN understanding)) (PP (IN of))) (CC both) (NP (NP (DT those) (NNS topics)) (PP (IN before) (S (VP (VBG attempting) (S (VP (TO to) (VP (VB read) (CC and) (VB understand) (NP (DT this) (NN book)) (ADVP (RB completely)))))))))))) (. .))) 
137,20,21,this,book,Readers of this book should have a good understanding of both those topics before attempting to read and understand this book completely .,(ROOT (S (NP (NP (NNS Readers)) (PP (IN of) (NP (DT this) (NN book)))) (VP (MD should) (VP (VB have) (NP (NP (NP (DT a) (JJ good) (NN understanding)) (PP (IN of))) (CC both) (NP (NP (DT those) (NNS topics)) (PP (IN before) (S (VP (VBG attempting) (S (VP (TO to) (VP (VB read) (CC and) (VB understand) (NP (DT this) (NN book)) (ADVP (RB completely)))))))))))) (. .))) 
143,20,21,these,event,"Since choosing a cheese does n't affect the amount of choices of vegetables , condiments , or bread , these events are called ** independent events ** .","(ROOT (S (PP (IN Since) (S (VP (VBG choosing)))) (NP (DT a) (NN cheese)) (VP (VBZ does) (RB n't) (VP (VB affect) (NP (DT the) (NN amount)) (PP (IN of) (PRN (ADVP (ADVP (NP (NNS choices)) (IN of)) (NP (NNS vegetables))) (, ,) (SBAR (WHNP (WHNP (NNS condiments)) (PRN (, ,) (CC or) (NP (NP (NN bread)) (, ,) (NP (DT these) (NNS events))))) (S (VP (VBP are) (VP (VBN called) (S (VP (SYM **) (NP (JJ independent))))))))) (NP (NP (NNS events)) (X (SYM **)))))) (. .))) "
144,2,3,this,problem,"For this problem , we will multiply 3 by 3 by 3 by 3 , so !","(ROOT (S (PP (IN For) (NP (DT this) (NN problem))) (, ,) (NP (PRP we)) (VP (MD will) (VP (VB multiply) (NP (NP (CD 3)) (PP (IN by) (NP (CD 3)))) (PP (IN by) (NP (CD 3))) (PP (IN by) (NP (CD 3))) (, ,) (ADVP (RB so)))) (. !))) "
146,10,11,this,sandwich,So there are 81 different possible combinations to form this sandwich .,(ROOT (S (RB So) (NP (EX there)) (VP (VBP are) (NP (NP (CD 81) (JJ different) (JJ possible) (NNS combinations)) (SBAR (S (VP (TO to) (VP (VB form) (NP (DT this) (NN sandwich)))))))) (. .))) 
149,8,9,this,burger,How many different ways can he create this burger ?,(ROOT (SBARQ (WHNP (WHADJP (WRB How) (JJ many)) (JJ different) (NNS ways)) (SQ (MD can) (NP (PRP he)) (VP (VB create) (NP (DT this) (NN burger)))) (. ?))) 
156,6,7,these,number,b -RRB- How many of these numbers are less than 400 ?,(ROOT (FRAG (NP (NN b)) (-RRB- -RRB-) (SBAR (WHADJP (WRB How) (JJ many) (PP (IN of) (NP (DT these) (NNS numbers)))) (S (VP (VBP are) (NP (QP (XS (JJR less) (IN than)) (CD 400)))))) (. ?))) 
196,2,3,these,event,"Obviously these events are dependent on each other , because there can not be any repetitions .","(ROOT (S (ADVP (RB Obviously)) (NP (DT these) (NNS events)) (VP (VBP are) (ADJP (JJ dependent) (PP (IN on) (NP (DT each) (JJ other)))) (, ,) (SBAR (IN because) (S (NP (EX there)) (VP (MD can) (RB not) (VP (VB be) (NP (DT any) (NNS repetitions))))))) (. .))) "
197,5,8,this,number,Let 's look at this problem one number at a time .,(ROOT (S (VP (VB Let) (S (NP (PRP 's)) (VP (VB look) (PP (IN at) (NP (NP (DT this) (NN problem) (CD one) (NN number)) (PP (IN at) (NP (DT a) (NN time)))))))) (. .))) 
199,9,10,this,time,"The second number ** can ** be 0 this time , so the possible amount returns to 10 .","(ROOT (S (NP (NP (DT The) (JJ second) (NN number)) (SBAR (FRAG (X (SYM **)) (VP (MD can)))) (SBAR (FRAG (SBAR (X (SYM **)) (S (S (VP (VB be) (NP (NP (CD 0)) (NP (DT this) (NN time))))) (, ,) (S (NP (NP (ADJP (IN so))) (PP (NP (DT the) (JJ possible) (NN amount) (NNS returns)) (PP (TO to) (NP (CD 10)))))))) (. .)))))) "
214,3,4,these,event,"Sometimes , these events will affect each other , such as when you ca n't choose the same number twice for your garage door code , so they are dependent events .","(ROOT (S (ADVP (RB Sometimes)) (, ,) (NP (DT these) (NNS events)) (VP (MD will) (VP (VB affect) (NP (DT each) (JJ other)) (, ,) (PP (JJ such) (IN as) (SBAR (WHADVP (WRB when)) (S (NP (PRP you)) (VP (MD ca) (RB n't) (VP (VB choose) (NP (DT the) (JJ same) (NN number)) (ADVP (RB twice)) (PP (IN for) (NP (PRP$ your) (NN garage) (NN door) (NN code)))))))) (, ,) (SBAR (IN so) (S (NP (PRP they)) (VP (VBP are) (NP (JJ dependent) (NNS events))))))) (. .))) "
282,8,9,these,set,"Intuitively , the probability of each of these sets is the chance that one of the events in the set will happen ; P -LRB- -LCB- H -RCB- -RRB- is the chance of tossing a head , P -LRB- -LCB- H , T -RCB- -RRB- = 1 is the chance of the coin landing either heads or tails , P -LCB- -RCB- = 0 is the probability of the coin landing ** neither ** heads ** nor ** tails , etc. .","(ROOT (S (ADVP (RB Intuitively)) (, ,) (S (NP (NP (DT the) (NN probability)) (PP (IN of) (NP (NP (DT each)) (PP (IN of) (NP (DT these) (NNS sets)))))) (VP (VBZ is) (NP (NP (NP (DT the) (NN chance)) (SBAR (IN that) (S (NP (NP (CD one)) (PP (IN of) (NP (NP (DT the) (NNS events)) (PP (IN in) (NP (DT the) (NN set)))))) (VP (MD will) (VP (VB happen)))))) (: ;) (NP (NP (NP (NN P)) (-LRB- -LRB-) (NP (-LRB- -LCB-) (NN H) (-RRB- -RCB-)) (-RRB- -RRB-)) (SBAR (S (VP (VBZ is) (NP (NP (DT the) (NN chance)) (PP (IN of) (S (VP (VBG tossing) (NP (DT a) (NN head))))))))))))) (PRN (, ,) (S (NP (NP (NP (NN P)) (PRN (-LRB- -LRB-) (NP (NP (-LRB- -LCB-) (NN H)) (, ,) (NP (NN T))) (-RRB- -RCB-)) (-RRB- -RRB-)) (ADJP (JJ =) (NP-TMP (CD 1)))) (VP (VBZ is) (NP (NP (DT the) (NN chance)) (PP (IN of) (NP (NP (DT the) (NN coin) (NN landing)) (CC either) (NP (NNS heads) (CC or) (NNS tails)) (, ,) (NP (NN P) (-LRB- -LCB-)) (-RRB- -RCB-) (ADJP (JJ =) (NP-TMP (CD 0))))) (SBAR (S (VP (VBZ is) (NP (NP (NP (DT the) (NN probability)) (PP (IN of) (NP (DT the) (NN coin) (NN landing)))) (X (SYM **)))) (NP (CC neither)))))))) (S (X (X (SYM **)) (NP (NNS heads))) (X (SYM **)) (NP (CC nor)) (VP (SYM **) (NP (NP (NNS tails)) (, ,) (NP (FW etc.))))) (. .))) "
306,19,20,this,sort,"Since these are sets of outcomes that have probabilities , it makes sense to refer to events of this sort being independent of other events of this sort .","(ROOT (S (SBAR (IN Since) (S (NP (DT these)) (VP (VBP are) (NP (NP (NNS sets)) (PP (IN of) (NP (NP (NNS outcomes)) (SBAR (WHNP (WDT that)) (S (VP (VBP have) (NP (NNS probabilities))))))))))) (, ,) (NP (PRP it)) (VP (VBZ makes) (NP (NN sense)) (S (VP (TO to) (VP (VB refer) (PP (TO to) (NP (NP (NNS events)) (PP (IN of) (NP (DT this) (NN sort))))) (S (VP (VBG being) (ADJP (JJ independent)) (PP (IN of) (NP (NP (JJ other) (NNS events)) (PP (IN of) (NP (DT this) (NN sort))))))))))) (. .))) "
306,27,28,this,sort,"Since these are sets of outcomes that have probabilities , it makes sense to refer to events of this sort being independent of other events of this sort .","(ROOT (S (SBAR (IN Since) (S (NP (DT these)) (VP (VBP are) (NP (NP (NNS sets)) (PP (IN of) (NP (NP (NNS outcomes)) (SBAR (WHNP (WDT that)) (S (VP (VBP have) (NP (NNS probabilities))))))))))) (, ,) (NP (PRP it)) (VP (VBZ makes) (NP (NN sense)) (S (VP (TO to) (VP (VB refer) (PP (TO to) (NP (NP (NNS events)) (PP (IN of) (NP (DT this) (NN sort))))) (S (VP (VBG being) (ADJP (JJ independent)) (PP (IN of) (NP (NP (JJ other) (NNS events)) (PP (IN of) (NP (DT this) (NN sort))))))))))) (. .))) "
341,38,39,these,event,"Therefore we ADD -LRB- sum -RRB- probabilities together -- UNION Events that are NOT mutually exclusive means we could draw them both -LRB- for example , we want to draw a 2 OR an 'M ' ... these events are NOT mutually exclusive , because they can not occcur together at the same time -RRB- .","(ROOT (S (ADVP (RB Therefore)) (NP (PRP we)) (VP (VBP ADD) (NP (NP (NP (PRN (-LRB- -LRB-) (NP (NN sum)) (-RRB- -RRB-)) (NNS probabilities)) (ADVP (RB together))) (: --) (NP (NP (NN UNION) (NNS Events)) (SBAR (WHNP (WDT that)) (S (VP (VBP are) (ADVP (RB NOT)) (NP (NP (ADJP (RB mutually) (JJ exclusive)) (NNS means)) (SBAR (S (NP (PRP we)) (VP (MD could) (VP (VB draw) (S (NP (PRP them)) (NP (DT both))))))))))))) (PRN (-LRB- -LRB-) (S (PP (IN for) (NP (NN example))) (, ,) (NP (PRP we)) (VP (VBP want) (S (S (VP (TO to) (VP (VB draw) (NP (DT a) (ADJP (CD 2)) (NN OR) (SBAR (WHNP (DT an)) (S (VP (VBP 'M)))) ('' '))))) (: ...) (S (NP (DT these) (NNS events)) (VP (VBP are) (ADVP (RB NOT)) (ADJP (RB mutually) (JJ exclusive))))) (, ,) (SBAR (IN because) (S (NP (PRP they)) (VP (MD can) (RB not) (VP (VB occcur) (ADVP (RB together)) (PP (IN at) (NP (DT the) (JJ same) (NN time))))))))) (-RRB- -RRB-))) (. .))) "
394,9,10,these,field,"Although we shall not initiate a study of these fields , the rules we follow in dealing with sets are derived from them .","(ROOT (S (SBAR (IN Although) (S (NP (PRP we)) (VP (MD shall) (RB not) (VP (VB initiate) (NP (NP (DT a) (NN study)) (PP (IN of) (NP (DT these) (NNS fields)))))))) (, ,) (NP (NP (DT the) (NNS rules)) (SBAR (S (NP (PRP we)) (VP (VBP follow) (PP (IN in) (S (VP (VBG dealing) (PP (IN with) (NP (NNS sets)))))))))) (VP (VBP are) (VP (VBN derived) (PP (IN from) (NP (PRP them))))) (. .))) "
397,21,22,this,fact,"-LSB- Basicset.png -RSB- -LRB- / / upload.wikimedia.org/wikibooks/en/7/76/Basicset.png -RRB- If an element x belongs to a set S , we express this fact by writing !","(ROOT (S (NP (NP (-LRB- -LSB-) (NN Basicset.png) (-RRB- -RSB-)) (PRN (-LRB- -LRB-) (NP (: /) (: /) (NN upload.wikimedia.org/wikibooks/en/7/76/Basicset.png)) (-RRB- -RRB-))) (SBAR (IN If) (S (NP (DT an) (NN element) (NN x)) (VP (VBZ belongs) (PP (TO to) (NP (DT a) (VBN set) (NN S)))))) (, ,) (NP (PRP we)) (VP (VBP express) (NP (DT this) (NN fact)) (PP (IN by) (S (VP (VBG writing))))) (. !))) "
410,3,4,this,relation,We express this relation by writing !,(ROOT (S (NP (PRP We)) (VP (VBP express) (NP (DT this) (NN relation)) (PP (IN by) (S (VP (VBG writing))))) (. !))) 
412,3,4,this,definition,Note that this definition does not require S to be different from T .,(ROOT (S (VP (VB Note) (SBAR (IN that) (S (NP (DT this) (NN definition)) (VP (VBZ does) (RB not) (VP (VB require) (NP (NN S)) (S (VP (TO to) (VP (VB be) (ADJP (JJ different) (PP (IN from) (NP (NN T)))))))))))) (. .))) 
452,8,10,these,set,"Formally , we define the union of these two sets by !","(ROOT (S (ADVP (RB Formally)) (, ,) (NP (PRP we)) (VP (VBP define) (NP (NP (DT the) (NN union)) (PP (IN of) (NP (DT these) (CD two) (NNS sets)))) (PP (IN by))) (. !))) "
462,4,5,this,fact,We also express this fact by saying that S and T are _ disjoint _ .,(ROOT (S (NP (PRP We)) (ADVP (RB also)) (VP (VBP express) (NP (DT this) (NN fact)) (PP (IN by) (S (VP (VBG saying) (SBAR (IN that) (S (NP (NN S) (CC and) (NN T)) (VP (VBP are) (NP (CD _) (JJ disjoint) (NN _))))))))) (. .))) 
465,31,32,those,element,"-LSB- Set Partition.png -RSB- -LRB- / / upload.wikimedia.org/wikibooks/en/4/46/Set_Partition.png -RRB- The _ difference _ of two sets , denoted by S - T , is defined as the set consisting of those elements of S that are not in T , !","(ROOT (S (S (VP (-LRB- -LSB-) (VP (VB Set) (NP (NN Partition.png) (-RRB- -RSB-))))) (PRN (-LRB- -LRB-) (VP (: /) (NP (: /) (NN upload.wikimedia.org/wikibooks/en/4/46/Set_Partition.png))) (-RRB- -RRB-)) (NP (NP (DT The) (NN _) (NN difference) (NN _)) (PP (IN of) (NP (NP (CD two) (NNS sets)) (, ,) (VP (VBN denoted) (PP (IN by) (NP (NN S)))) (: -) (NP (NN T))))) (, ,) (VP (VBZ is) (VP (VBN defined) (PP (IN as) (NP (NP (DT the) (NN set)) (VP (VBG consisting) (PP (IN of) (NP (NP (DT those) (NNS elements)) (PP (IN of) (NP (NN S))) (SBAR (WHNP (WDT that)) (S (VP (VBP are) (RB not) (PP (IN in) (NP (NN T)))))) (, ,)))))))) (. !))) "
521,17,18,this,event,"In such cases , the probability of an event amounts to the number of outcomes comprising this event divided by the total number of outcomes in the sample space .","(ROOT (S (PP (IN In) (NP (JJ such) (NNS cases))) (, ,) (NP (NP (DT the) (NN probability)) (PP (IN of) (NP (DT an) (NN event)))) (VP (VBZ amounts) (PP (TO to) (NP (NP (DT the) (NN number)) (PP (IN of) (NP (NP (NNS outcomes)) (VP (VBG comprising) (NP (NP (DT this) (NN event)) (VP (VBN divided) (PP (IN by) (NP (NP (DT the) (JJ total) (NN number)) (PP (IN of) (NP (NP (NNS outcomes)) (PP (IN in) (NP (DT the) (NN sample) (NN space))))))))))))))) (. .))) "
529,2,3,this,section,"In this section , we introduce useful counting techniques that can be applied to situations pertinent to probability theory .","(ROOT (S (PP (IN In) (NP (DT this) (NN section))) (, ,) (NP (PRP we)) (VP (VBP introduce) (NP (NP (JJ useful) (NN counting) (NNS techniques)) (SBAR (WHNP (WDT that)) (S (VP (MD can) (VP (VB be) (VP (VBN applied) (PP (TO to) (NP (NP (NNS situations)) (ADJP (JJ pertinent) (PP (TO to) (NP (NN probability) (NN theory))))))))))))) (. .))) "
547,7,8,this,experiment,The total number of outcomes for this experiment is 2 x 6 = 12 .,(ROOT (S (NP (NP (DT The) (JJ total) (NN number)) (PP (IN of) (NP (NP (NNS outcomes)) (PP (IN for) (NP (DT this) (NN experiment)))))) (VP (VBZ is) (NP (NP (CD 2)) (CC x) (NP (NP (CD 6)) (ADJP (JJ =) (NP-TMP (CD 12)))))) (. .))) 
562,13,14,this,experiment,We wish to compute the number of possible sequences that results from this experiment .,(ROOT (S (NP (PRP We)) (VP (VBP wish) (S (VP (TO to) (VP (VB compute) (NP (NP (DT the) (NN number)) (PP (IN of) (NP (JJ possible) (NNS sequences))) (SBAR (WHNP (WDT that)) (S (VP (VBZ results) (PP (IN from) (NP (DT this) (NN experiment))))))))))) (. .))) 
638,13,14,this,experiment,We wish to compute the number of possible sequences that results from this experiment .,(ROOT (S (NP (PRP We)) (VP (VBP wish) (S (VP (TO to) (VP (VB compute) (NP (NP (DT the) (NN number)) (PP (IN of) (NP (JJ possible) (NNS sequences))) (SBAR (WHNP (WDT that)) (S (VP (VBZ results) (PP (IN from) (NP (DT this) (NN experiment))))))))))) (. .))) 
648,3,4,this,type,Combinations of this type are referred to verbally as `` n choose r '' .,(ROOT (S (NP (NP (NNS Combinations)) (PP (IN of) (NP (DT this) (NN type)))) (VP (VBP are) (VP (VBN referred) (S (VP (TO to) (VP (ADVP (ADVP (RB verbally)) (PP (IN as) (`` ``) (NP (NN n)))) (VB choose) (NP (NN r) ('' ''))))))) (. .))) 
651,11,12,that,element,We emphasize that a combination differs from a permutation in that elements in a combination have no specific ordering .,(ROOT (S (NP (PRP We)) (VP (VBP emphasize) (SBAR (IN that) (S (NP (DT a) (NN combination)) (VP (VBZ differs) (PP (IN from) (NP (NP (DT a) (NN permutation)) (PP (IN in) (NP (DT that) (NNS elements))))) (SBAR (IN in) (S (NP (DT a) (NN combination)) (VP (VBP have) (NP (NP (DT no) (JJ specific)) (VP (VBG ordering)))))))))) (. .))) 
674,18,19,this,experiment,We wish to compute the number of distinct combinations the jar can hold after the completion of this experiment .,(ROOT (S (S (NP (PRP We)) (VP (VBP wish) (S (VP (TO to) (VP (VB compute) (NP (NP (DT the) (NN number)) (PP (IN of) (NP (JJ distinct) (NNS combinations))))))))) (NP (DT the) (NN jar)) (VP (MD can) (VP (VB hold) (PP (IN after) (NP (NP (DT the) (NN completion)) (PP (IN of) (NP (DT this) (NN experiment))))))) (. .))) 
697,3,4,this,procedure,We continue this procedure by successively choosing subsets of !,(ROOT (S (NP (PRP We)) (VP (VBP continue) (NP (DT this) (NN procedure)) (PP (IN by) (S (ADVP (RB successively)) (VP (VBG choosing) (NP (NNS subsets)) (PP (IN of)))))) (. !))) 
757,4,5,this,experiment,The outcome of this experiment is a table that contains the number of times each ball has come in sight .,(ROOT (S (NP (NP (DT The) (NN outcome)) (PP (IN of) (NP (DT this) (NN experiment)))) (VP (VBZ is) (NP (NP (DT a) (NN table)) (SBAR (WHNP (WDT that)) (S (VP (VBZ contains) (NP (NP (DT the) (NN number)) (PP (IN of) (NP (NP (NNS times)) (SBAR (S (NP (DT each) (NN ball)) (VP (VBZ has) (VP (VBN come) (PP (IN in) (NP (NN sight))))))))))))))) (. .))) 
765,10,11,this,section,"-LRB- / / upload.wikimedia.org/math/5/c/3/5c30ee682b90421abbebde33ace83554.png -RRB- ## Computing Probabilities In this section , we present two straightforward applications of combinatorics to computing the probability of winning the lottery .","(ROOT (S (NP-TMP (NP (-LRB- -LRB-) (: /) (: /) (NN upload.wikimedia.org/math/5/c/3/5c30ee682b90421abbebde33ace83554.png) (-RRB- -RRB-)) (NP (CD ##) (NNP Computing) (NNP Probabilities))) (PP (IN In) (NP (DT this) (NN section))) (, ,) (NP (PRP we)) (VP (VBP present) (NP (NP (CD two) (JJ straightforward) (NNS applications)) (PP (IN of) (NP (NP (NNS combinatorics)) (PP (TO to) (S (VP (VBG computing) (NP (NP (DT the) (NN probability)) (PP (IN of) (S (VP (VBG winning) (NP (DT the) (NN lottery))))))))))))) (. .))) "
778,9,10,this,door,Only authorized drawings department personnel have keys to this door .,(ROOT (S (RB Only) (S (VP (VBN authorized) (S (NP (NNS drawings)) (NP (NN department) (NNS personnel))))) (VP (VBP have) (NP (NNS keys)) (PP (TO to) (NP (DT this) (NN door)))) (. .))) 
801,3,5,this,probability,"We write this conditional probability as : P -LRB- `` double six '' | `` at least one six '' -RRB- , using the same letter P as for the original probability , and separating the event of which the conditional probability is indicated from the event that states the condition by a vertical line -LRB- '' | '' -RRB- .","(ROOT (S (NP (PRP We)) (VP (VBP write) (NP (DT this) (JJ conditional) (NN probability)) (PP (IN as) (: :) (NP (NP (NP (NN P)) (-LRB- -LRB-) (NP (`` ``) (NP (JJ double) (CD six)) ('' '') (PP (IN |) (`` ``) (FRAG (ADVP (IN at) (JJS least)) (NP (CD one) (CD six))) ('' ''))) (-RRB- -RRB-)) (, ,) (VP (VP (VBG using) (NP (DT the) (JJ same) (NN letter) (NN P)) (PP (IN as) (PP (IN for) (NP (DT the) (JJ original) (NN probability))))) (, ,) (CC and) (VP (VBG separating) (NP (NP (DT the) (NN event)) (SBAR (WHPP (IN of) (WHNP (WDT which))) (S (NP (DT the) (JJ conditional) (NN probability)) (VP (VBZ is) (VP (VBN indicated) (PP (IN from) (NP (NP (DT the) (NN event)) (SBAR (WHNP (IN that)) (S (VP (VBZ states) (NP (DT the) (NN condition)) (PP (IN by) (NP (NP (DT a) (JJ vertical) (NN line)) (PRN (-LRB- -LRB-) ('' '') (NP (NN |)) ('' '') (-RRB- -RRB-))))))))))))))))))) (. .))) "
807,2,3,these,example,"From these examples we learn : ## Definition The conditional probability of an event A , given the -LRB- occurrence of -RRB- the event B , is defined as : !","(ROOT (S (PP (IN From) (NP (DT these) (NNS examples))) (NP (PRP we)) (VP (VBP learn) (: :) (NP (NP (CD ##) (NNP Definition)) (SBAR (S (NP (NP (DT The) (JJ conditional) (NN probability)) (PP (IN of) (NP (DT an) (NN event) (NN A))) (, ,) (VP (VBN given) (NP (DT the) (PRN (-LRB- -LRB-) (NP (NP (NN occurrence)) (PP (IN of))) (-RRB- -RRB-))) (NP (DT the) (NN event) (NN B))) (, ,)) (VP (VBZ is) (VP (VBN defined) (PP (IN as)))))))) (: :) (. !))) "
809,45,46,this,formulum,"In the case where P -LRB- B -RRB- = 0 , the conditional probability of A given B is meaningless , but for completeness we define P -LRB- A | B -RRB- = 0 for P -LRB- B -RRB- = 0 It follows from this formula that P -LRB- A | B -RRB- P -LRB- B -RRB- = P -LRB- A and B -RRB- .","(ROOT (S (PP (IN In) (NP (DT the) (NN case))) (S (SBAR (WHADVP (WRB where)) (S (NP (NP (NP (NN P)) (PRN (-LRB- -LRB-) (NP (NN B)) (-RRB- -RRB-))) (ADJP (JJ =) (NP-TMP (CD 0)))))) (, ,) (NP (NP (DT the) (JJ conditional) (NN probability)) (PP (IN of) (NP (DT A) (VBN given) (NN B)))) (VP (VBZ is) (ADJP (JJ meaningless)))) (, ,) (CC but) (S (PP (IN for) (NP (NN completeness))) (NP (PRP we)) (VP (VBP define) (NP (NP (NP (NP (NN P)) (PRN (-LRB- -LRB-) (NP (DT A) (NN |) (NN B)) (-RRB- -RRB-))) (ADJP (JJ =) (NP-TMP (CD 0)))) (PP (IN for) (NP (NP (NP (NP (NN P)) (PRN (-LRB- -LRB-) (NP (NN B)) (-RRB- -RRB-))) (ADJP (JJ =) (NP-TMP (CD 0)))) (SBAR (S (NP (PRP It)) (VP (VBZ follows) (PP (IN from) (NP (DT this) (NN formula)))))))) (SBAR (WHNP (NP (WDT that) (NN P)) (PRN (-LRB- -LRB-) (NP (DT A) (NN |) (NN B)) (-RRB- -RRB-))) (S (NP (NP (NN P)) (PRN (-LRB- -LRB-) (NP (NN B)) (-RRB- -RRB-))) (NP (NP (JJ =) (NN P)) (PRN (-LRB- -LRB-) (NP (NP (NN A)) (CC and) (NP (NN B))) (-RRB- -RRB-)))))))) (. .))) "
809,47,48,that,p,"In the case where P -LRB- B -RRB- = 0 , the conditional probability of A given B is meaningless , but for completeness we define P -LRB- A | B -RRB- = 0 for P -LRB- B -RRB- = 0 It follows from this formula that P -LRB- A | B -RRB- P -LRB- B -RRB- = P -LRB- A and B -RRB- .","(ROOT (S (PP (IN In) (NP (DT the) (NN case))) (S (SBAR (WHADVP (WRB where)) (S (NP (NP (NP (NN P)) (PRN (-LRB- -LRB-) (NP (NN B)) (-RRB- -RRB-))) (ADJP (JJ =) (NP-TMP (CD 0)))))) (, ,) (NP (NP (DT the) (JJ conditional) (NN probability)) (PP (IN of) (NP (DT A) (VBN given) (NN B)))) (VP (VBZ is) (ADJP (JJ meaningless)))) (, ,) (CC but) (S (PP (IN for) (NP (NN completeness))) (NP (PRP we)) (VP (VBP define) (NP (NP (NP (NP (NN P)) (PRN (-LRB- -LRB-) (NP (DT A) (NN |) (NN B)) (-RRB- -RRB-))) (ADJP (JJ =) (NP-TMP (CD 0)))) (PP (IN for) (NP (NP (NP (NP (NN P)) (PRN (-LRB- -LRB-) (NP (NN B)) (-RRB- -RRB-))) (ADJP (JJ =) (NP-TMP (CD 0)))) (SBAR (S (NP (PRP It)) (VP (VBZ follows) (PP (IN from) (NP (DT this) (NN formula)))))))) (SBAR (WHNP (NP (WDT that) (NN P)) (PRN (-LRB- -LRB-) (NP (DT A) (NN |) (NN B)) (-RRB- -RRB-))) (S (NP (NP (NN P)) (PRN (-LRB- -LRB-) (NP (NN B)) (-RRB- -RRB-))) (NP (NP (JJ =) (NN P)) (PRN (-LRB- -LRB-) (NP (NP (NN A)) (CC and) (NP (NN B))) (-RRB- -RRB-)))))))) (. .))) "
811,2,3,this,case,"In this case , the occurrence of A is independent of the occurrence of B. However , P -LRB- A | B -RRB- = P -LRB- A -RRB- !","(ROOT (S (PP (IN In) (NP (DT this) (NN case))) (, ,) (NP (NP (DT the) (NN occurrence)) (PP (IN of) (NP (NN A)))) (VP (VBZ is) (NP (NP (ADJP (JJ independent) (PP (IN of) (NP (NP (NP (DT the) (NN occurrence)) (PP (IN of) (NP (NNP B.))) (ADVP (RB However))) (, ,) (NP (NP (NN P)) (PRN (-LRB- -LRB-) (NP (DT A) (NN |) (NN B)) (-RRB- -RRB-)))))) (JJ =) (NN P)) (PRN (-LRB- -LRB-) (NP (NN A)) (-RRB- -RRB-)))) (. !))) "
827,27,28,these,property,-LSB- \ \ sum _ -LCB- i -RCB- p \ -LRB- x_i \ -RRB- = 1 -RSB- -LRB- / / upload.wikimedia.org/math/f/4/e/f4e3063a3f3605c9b47c97d60f0456d7.png -RRB- Any function which satisfies these properties can be a mass function .,(ROOT (S (NP (NP (NP (-LRB- -LSB-) (NP (NP (NP (CD \) (NN \) (NN sum)) (NP (CD _))) (-LRB- -LCB-) (NP (FW i)) (-RRB- -RCB-)) (NN p) (NN \)) (PRN (-LRB- -LRB-) (NP (JJ x_i) (NN \)) (-RRB- -RRB-))) (ADJP (JJ =) (NP-TMP (CD 1)))) (VP (-RRB- -RSB-) (PRN (-LRB- -LRB-) (PP (: /) (NP (: /) (NN upload.wikimedia.org/math/f/4/e/f4e3063a3f3605c9b47c97d60f0456d7.png))) (-RRB- -RRB-)) (NP (NP (DT Any) (NN function)) (SBAR (WHNP (WDT which)) (S (VP (VBZ satisfies) (SBAR (S (NP (DT these) (NNS properties)) (VP (MD can) (VP (VB be) (NP (DT a) (NN mass) (NN function))))))))))) (. .))) 
829,5,6,these,object,"In set theory , these objects will be sets ; in number theory , they will be integers ; in functional analysis , they will be functions .","(ROOT (S (S (PP (IN In) (NP (NN set) (NN theory))) (, ,) (NP (DT these) (NNS objects)) (VP (MD will) (VP (VB be) (NP (NNS sets))))) (: ;) (S (PP (IN in) (NP (NN number) (NN theory))) (, ,) (NP (PRP they)) (VP (MD will) (VP (VB be) (NP (NNS integers))))) (: ;) (S (PP (IN in) (NP (JJ functional) (NN analysis))) (, ,) (NP (PRP they)) (VP (MD will) (VP (VB be) (NP (NNS functions))))) (. .))) "
830,2,3,these,object,"For these objects , we will use lower-case letters : a , b , c , etc. .","(ROOT (S (PP (IN For) (NP (DT these) (NNS objects))) (, ,) (NP (PRP we)) (VP (MD will) (VP (VB use) (NP (NP (JJ lower-case) (NNS letters)) (: :) (NP (NP (DT a)) (, ,) (NP (NN b)) (, ,) (NP (NN c)) (, ,) (FW etc.))))) (. .))) "
858,8,9,this,distribution,A number of other distributions derive from this distribution .,(ROOT (S (NP (NP (DT A) (NN number)) (PP (IN of) (NP (JJ other) (NNS distributions)))) (VP (VBP derive) (PP (IN from) (NP (DT this) (NN distribution)))) (. .))) 
864,7,8,this,point,"For a more complete discussion of this point and for more information on the uniform distribution , see the -LSB- Uniform distribution -LRB- continuous -RRB- -RSB- -LRB- / / en.wikipedia.org/wiki/en:Uniform_distribution_\ -LRB- continuous \ -RRB- -RRB- page at Wikipedia .","(ROOT (S (PP (IN For) (NP (NP (DT a) (ADJP (RBR more) (JJ complete)) (NN discussion)) (PP (PP (IN of) (NP (DT this) (NN point))) (CC and) (PP (IN for) (NP (NP (JJR more) (NN information)) (PP (IN on) (NP (DT the) (JJ uniform) (NN distribution)))))))) (, ,) (VP (VB see) (NP (NP (DT the) (-LRB- -LSB-) (JJ Uniform) (NN distribution)) (PRN (-LRB- -LRB-) (ADJP (JJ continuous)) (-RRB- -RRB-)) (PP (-RRB- -RSB-) (PRN (-LRB- -LRB-) (PP (: /) (NP (NP (: /) (NN en.wikipedia.org/wiki/en:Uniform_distribution_\)) (PRN (-LRB- -LRB-) (NP (JJ continuous) (NN \)) (-RRB- -RRB-)))) (-RRB- -RRB-)) (NP (NP (NN page)) (PP (IN at) (NP (NNP Wikipedia))))))) (. .))) "
865,8,9,this,distribution,A random variable _ X _ with this distribution is called a _ random number _ between _ a _ and _ b _ .,(ROOT (S (NP (NP (DT A) (JJ random) (JJ variable) (NN _) (NN X) (NN _)) (PP (IN with) (NP (DT this) (NN distribution)))) (VP (VBZ is) (VP (VBN called) (NP (NP (NP (DT a) (NN _) (JJ random) (NN number)) (NP (QP (CD _) (IN between) (CD _)) (DT a) (NN _))) (CC and) (NP (NP (NN _) (NN b)) (NP (CD _)))))) (. .))) 
889,6,7,this,number,The random variable X indicating this number of occurrences is called a _ Poisson random variable _ .,(ROOT (S (NP (NP (DT The) (JJ random) (JJ variable) (NN X)) (VP (VBG indicating) (NP (NP (DT this) (NN number)) (PP (IN of) (NP (NNS occurrences)))))) (VP (VBZ is) (VP (VBN called) (NP (NP (DT a) (NN _)) (NP (NNP Poisson) (JJ random) (JJ variable) (NN _))))) (. .))) 
935,15,16,this,book,A rather thorough article in Wikipedia could be summarized to extend the usefulness of this book : -LSB- Normal distribution from Wikipedia -RSB- -LRB- / / en.wikipedia.org/wiki/en:Normal_distribution -RRB- .,(ROOT (S (NP (NP (DT A) (RB rather) (JJ thorough) (NN article)) (PP (IN in) (NP (NNP Wikipedia)))) (VP (MD could) (VP (VB be) (VP (VBN summarized) (S (VP (TO to) (VP (VB extend) (NP (NP (NP (DT the) (NN usefulness)) (PP (IN of) (NP (DT this) (NN book)))) (: :) (NP (NP (-LRB- -LSB-) (JJ Normal) (NN distribution)) (PP (IN from) (NP (NP (NNP Wikipedia) (-RRB- -RSB-)) (PRN (-LRB- -LRB-) (NP (: /) (: /) (NN en.wikipedia.org/wiki/en:Normal_distribution)) (-RRB- -RRB-)))))))))))) (. .))) 
946,14,15,this,page,php?title = Probability/Print _ version & action = info -RRB- * -LSB- Cite this page -RSB- -LRB- / w/index .,(ROOT (S (NP (NP (NN php?title)) (ADJP (ADJP (ADJP (JJ =)) (PRN (NP (NP (NNP Probability/Print) (CD _) (NN version)) (CC &) (NP (NN action) (JJ =) (NN info))) (-RRB- -RRB-))) (SBAR (X (SYM *)) (S (NP (-LRB- -LSB-)) (VP (VB Cite) (NP (DT this) (NN page))))))) (VP (-RRB- -RSB-) (-LRB- -LRB-) (VP (: /) (NP (NN w/index)))) (. .))) 
952,3,4,this,site,"By using this site , you agree to the -LSB- Terms of Use -RSB- -LRB- / / wikimediafoundation.org/wiki/Terms_of_Use -RRB- and -LSB- Privacy Policy . -RSB-","(ROOT (S (PP (IN By) (S (VP (VBG using) (NP (DT this) (NN site))))) (, ,) (NP (PRP you)) (VP (VBP agree) (PP (PP (TO to) (NP (NP (DT the) (-LRB- -LSB-) (NNS Terms)) (PP (IN of) (NP (NP (NN Use) (-RRB- -RSB-)) (PRN (-LRB- -LRB-) (NP (: /) (: /) (NN wikimediafoundation.org/wiki/Terms_of_Use)) (-RRB- -RRB-)))))) (CC and) (PP (-LRB- -LSB-) (NP (NNP Privacy) (NNP Policy))))) (. .) (-RRB- -RSB-))) "
