2,7,8,this,page,-LSB- Unreviewed changes are displayed on this page -RSB- -LRB- / / bits.wikimedia.org/static-1.22wmf19/extensions/FlaggedRevs/frontend/modules/img/1.png -RRB- This page may need to be -LSB- reviewed -RSB- -LRB- / wiki/Wikibooks : REVIEW -RRB- for quality .,(ROOT (S (SBAR (-LRB- -LSB-) (S (NP (JJ Unreviewed) (NNS changes)) (VP (VBP are) (VP (VBN displayed) (PP (IN on) (NP (DT this) (NN page) (-RRB- -RSB-))))))) (PRN (-LRB- -LRB-) (VP (: /) (NP (: /) (NN bits.wikimedia.org/static-1.22wmf19/extensions/FlaggedRevs/frontend/modules/img/1.png))) (-RRB- -RRB-)) (NP (DT This) (NN page)) (VP (MD may) (VP (VB need) (S (VP (TO to) (VP (VB be) (VP (-LRB- -LSB-) (VP (VBN reviewed) (NP (NP (NP (-RRB- -RSB-)) (PRN (-LRB- -LRB-) (NP (NP (: /) (NNS wiki/Wikibooks)) (: :) (NP (NNP REVIEW))) (-RRB- -RRB-))) (PP (IN for) (NP (NN quality))))))))))) (. .))) 
15,3,4,these,tool,"Most of these tools are available for various computing platforms , including Linux , Windows and Mac OS X .","(ROOT (S (NP (NP (JJS Most)) (PP (IN of) (NP (DT these) (NNS tools)))) (VP (VBP are) (ADJP (JJ available) (PP (IN for) (NP (NP (JJ various) (VBG computing) (NNS platforms)) (, ,) (PP (VBG including) (NP (NP (NNP Linux)) (, ,) (NP (NP (NNP Windows) (CC and) (NNP Mac)) (NNP OS) (NN X)))))))) (. .))) "
22,17,18,those,line,Or you can use a regular expression to tell the UNIX grep command to show only those lines of a file that contain the word `` Wiki '' followed by either the word `` Books '' or the word-fragment `` pedia '' .,(ROOT (S (CC Or) (NP (PRP you)) (VP (MD can) (VP (VB use) (NP (DT a) (JJ regular) (NN expression)) (S (VP (TO to) (VP (VB tell) (NP (DT the) (NNP UNIX) (NN grep) (NN command) (S (VP (TO to) (VP (VB show) (NP (NP (RB only) (DT those) (NNS lines)) (PP (IN of) (NP (NP (DT a) (NN file)) (SBAR (WHNP (WDT that)) (S (VP (VBP contain) (NP (DT the) (NN word) (`` ``) (NNP Wiki) ('' '')) (PP (VBN followed) (PP (IN by) (CC either) (NP (DT the) (NN word)))))))))))))) (NP (NP (`` ``) (NNS Books) ('' '')) (CC or) (NP (DT the) (NN word-fragment) (`` ``) (NN pedia) ('' '')))))))) (. .))) 
66,10,13,this,syntax,## Use in Tools Tools and languages that utilize this regular expression syntax include : * -LSB- Grep -RSB- -LRB- / wiki/Grep -RRB- * -LSB- sed -RSB- -LRB- / wiki/Sed -RRB- # Basic Regular Expressions ** Basic Regular Expressions ** : Note that particular implementations of regular expressions interpret the backslash symbol differently in front of some of the metacharacters .,(ROOT (S (S (NP (NP (NN ##) (NN Use)) (PP (IN in) (NP (NP (NNP Tools) (NNP Tools)) (CC and) (NP (NP (NNS languages)) (SBAR (WHNP (WDT that)) (S (VP (VBP utilize) (NP (DT this) (JJ regular) (NN expression) (NN syntax))))))))) (VP (VBP include))) (: :) (X (X (SYM *)) (NP (NP (-LRB- -LSB-) (NN Grep)) (PP (-RRB- -RSB-) (NP (-LRB- -LRB-) (NP (: /) (NN wiki/Grep)) (-RRB- -RRB-) (SBAR (S (VP (X (SYM *)) (-LRB- -LSB-) (VP (VBN sed) (S (VP (-RRB- -RSB-) (VP (PRN (-LRB- -LRB-) (: /) (VP (VBN wiki/Sed)) (-RRB- -RRB-)) (# #) (NP (NP (NP (JJ Basic) (JJ Regular) (NNS Expressions)) (SBAR (S (VP (SYM **) (NP (JJ Basic) (JJ Regular) (NNS Expressions)))))) (X (SYM **))) (: :) (NP (VB Note) (SBAR (WHNP (DT that)) (S (NP (NP (JJ particular) (NNS implementations)) (PP (IN of) (NP (JJ regular) (NNS expressions)))) (VP (VB interpret) (NP (DT the) (JJ backslash) (NN symbol)) (ADVP (RB differently)) (PP (IN in) (NP (NP (NN front)) (PP (IN of) (NP (NP (DT some)) (PP (IN of) (NP (DT the) (NNS metacharacters)))))))))))))))))))))) (. .))) 
85,10,13,this,syntax,## Use in Tools Tools and languages that utilize this regular expression syntax include : TBD # Perl Compatible Regular Expressions Perl has a richer and more predictable syntax than even the -LSB- POSIX Extended Regular Expressions -RSB- -LRB- / wiki/Regular _ Expressions/POSIX _ Extended_Regular_Expressions -RRB- syntax .,(ROOT (S (NP (NP (NN ##) (NN Use)) (PP (IN in) (NP (NP (NNP Tools) (NNP Tools)) (CC and) (NP (NP (NNS languages)) (SBAR (WHNP (WDT that)) (S (VP (VBP utilize) (NP (DT this) (JJ regular) (NN expression) (NN syntax))))))))) (VP (VBP include) (: :) (NP (NP (NN TBD)) (PP (# #) (NP (NNP Perl) (NNP Compatible) (JJ Regular) (NNS Expressions))) (SBAR (S (NP (NNP Perl)) (VP (VBZ has) (NP (NP (NP (DT a) (ADJP (ADJP (JJR richer)) (CC and) (ADJP (RBR more) (JJ predictable))) (NN syntax)) (PP (IN than) (NP (RB even) (DT the) (-LRB- -LSB-) (NNP POSIX) (NNP Extended) (JJ Regular) (NNS Expressions)))) (-RRB- -RSB-) (PRN (-LRB- -LRB-) (NP (NP (: /) (JJ wiki/Regular) (NN _) (NN Expressions/POSIX)) (NP (CD _) (NNS Extended_Regular_Expressions))) (-RRB- -RRB-)) (NP (NN syntax)))))))) (. .))) 
94,2,3,these,reason,"For these reasons , many other utilities and applications have adopted syntaxes that look a lot like Perl 's .","(ROOT (S (PP (IN For) (NP (DT these) (NNS reasons))) (, ,) (NP (JJ many) (NX (NX (JJ other) (NNS utilities)) (CC and) (NX (NNS applications)))) (VP (VBP have) (VP (VBN adopted) (NP (NP (NNS syntaxes)) (SBAR (WHNP (WDT that)) (S (VP (VBP look) (NP (DT a) (NN lot)) (PP (IN like) (NP (NNP Perl) (POS 's))))))))) (. .))) "
163,2,3,that,backslash,Note that backslash escapes are not allowed .,(ROOT (S (NP (NP (VB Note)) (SBAR (S (NP (DT that) (NN backslash)) (VP (VBZ escapes))))) (VP (VBP are) (RB not) (VP (VBN allowed))) (. .))) 
196,124,127,this,syntax,: ... -RSB- punctuation -LSB- : blank :] -LSB- \ t -RSB- space and TAB characters only -LSB- : space :] -LSB- \ t \ n \ r \ f \ v -RSB- blank -LRB- whitespace -RRB- characters -LSB- : cntrl :] control characters -LSB- : graph :] -LSB- ^ \ t \ n \ r \ f \ v -RSB- printed characters -LSB- : print :] -LSB- ^ \ t \ n \ r \ f \ v -RSB- printed characters and space Links : * -LSB- W : Regular_expression #Character _ classes -RSB- -LRB- / / en.wikipedia.org/wiki/Regular_expression#Character_classes -RRB- * -LSB- Character Classes that are Always Supported -RSB- -LRB- http://www.boost.org/doc/libs/1_44_0/libs/regex/doc/html/boost_regex/syntax/character_classes/std_char_clases.html -RRB- at boost.org ## Use in Tools Tools and languages that utilize this regular expression syntax include : * -LSB- W : TextPad -RSB- -LRB- / / en.wikipedia.org/wiki/TextPad -RRB- ## Links * -LSB- POSIX Basic Regular Expressions -RSB- -LRB- http://www.regular-expressions.info/posix.html -RRB- at regular-expressions .,(ROOT (S (: :) (S (FRAG (: ...) (ADVP (-RRB- -RSB-)) (NP (NP (NN punctuation) (-LRB- -LSB-)) (: :) (NP (NP (JJ blank) (NN :])) (PP (-LRB- -LSB-) (NP (NP (NP (CD \) (NN t) (-RRB- -RSB-) (NN space)) (CC and) (NP (NN TAB) (NNS characters))) (ADJP (RB only) (-LRB- -LSB-))))) (: :) (NP (NN space) (NN :])))) (NP (-LRB- -LSB-) (CD \) (NN t) (CD \) (NN n) (CD \) (NN r) (NN \)) (VP (VP (ADVP (FW f) (FW \)) (LS v) (S (NP (NP (-RRB- -RSB-) (NN blank)) (PRN (-LRB- -LRB-) (NP (NN whitespace)) (-RRB- -RRB-)) (NNS characters)) (ADJP (-LRB- -LSB-)))) (: :) (VP (NN cntrl) (NP (CD :]) (NN control) (NNS characters)) (ADVP (-LRB- -LSB-))) (: :) (NP (NP (NN graph) (NN :])) (PP (-LRB- -LSB-) (NP (NP (NP (CD ^) (NN \) (NN t)) (SBAR (S (NP (CD \) (NN n)) (VP (ADVP (NP (CD \) (NN r) (NN \)) (FW f) (FW \)) (LS v) (NP (NP (-RRB- -RSB-) (VBN printed) (NNS characters) (-LRB- -LSB-)) (: :) (NP (NN print) (NN :]))))))) (NP (QP (-LRB- -LSB-) (CD ^)) (NN \) (NN t) (CD \) (NN n)) (NP (NP (CD \) (NN r) (NN \)) (ADJP (FW f) (FW \))) (LS v) (NP (-RRB- -RSB-) (VBN printed) (NX (NP (NP (NNS characters)) (CC and) (NP (NN space) (NNP Links))) (: :) (SBAR (X (SYM *)) (S (NP (-LRB- -LSB-)) (VP (NN W) (: :) (S (NP (NN Regular_expression) (NN #Character)) (ADJP (ADJP (NP (CD _) (NNS classes)) (-RRB- -RSB-)) (PRN (-LRB- -LRB-) (: /) (NX (: /) (NNS en.wikipedia.org/wiki/Regular_expression#Character_classes)) (-RRB- -RRB-))) (SBAR (X (SYM *)) (S (NP (NP (-LRB- -LSB-) (NP (NP (NNP Character) (NNS Classes)) (SBAR (WHNP (WDT that)) (S (VP (VBP are) (ADVP (RB Always)) (VP (VBN Supported)))))) (-RRB- -RSB-) (PRN (-LRB- -LRB-) (NP (NN http://www.boost.org/doc/libs/1_44_0/libs/regex/doc/html/boost_regex/syntax/character_classes/std_char_clases.html)) (-RRB- -RRB-)) (PP (IN at) (NP (NP (NN boost.org) (CD ##) (NN Use)) (PP (IN in) (NP (NNP Tools) (NNP Tools)))))) (CC and) (NP (NP (NNS languages)) (SBAR (WHNP (WDT that)) (S (VP (VBP utilize) (NP (DT this) (JJ regular) (NN expression) (NN syntax))))))) (VP (VBP include))))))))))))))) (: :) (S (X (X (X (SYM *)) (NP (NP (NP (-LRB- -LSB-) (NN W)) (: :) (NP (NN TextPad))) (PP (-RRB- -RSB-) (PRN (-LRB- -LRB-) (PP (: /) (NP (: /) (NN en.wikipedia.org/wiki/TextPad))) (-RRB- -RRB-)) (NP (CD ##))))) (NP (NNP Links))) (X (SYM *)) (NP (-LRB- -LSB-) (NNP POSIX) (NNP Basic) (JJ Regular) (NNS Expressions)) (VP (-RRB- -RSB-) (NP (NP (-LRB- -LRB-) (NN http://www.regular-expressions.info/posix.html) (-RRB- -RRB-)) (PP (IN at) (NP (NNS regular-expressions)))))) (. .))) 
210,2,3,that,backslash,Note that backslash escapes are not allowed .,(ROOT (S (NP (NP (VB Note)) (SBAR (S (NP (DT that) (NN backslash)) (VP (VBZ escapes))))) (VP (VBP are) (RB not) (VP (VBN allowed))) (. .))) 
245,10,13,this,syntax,## Use in Tools Tools and languages that utilize this regular expression syntax include : * -LSB- AWK -RSB- -LRB- / wiki/AWK -RRB- \ - uses a superset of the extended regular expression syntax ## Links * -LSB- POSIX Basic Regular Expressions -RSB- -LRB- http://www.regular-expressions.info/posix.html -RRB- at regular-expressions .,(ROOT (S (S (NP (NP (NN ##) (NN Use)) (PP (IN in) (NP (NP (NNP Tools) (NNP Tools)) (CC and) (NP (NP (NNS languages)) (SBAR (WHNP (WDT that)) (S (VP (VBP utilize) (NP (DT this) (JJ regular) (NN expression) (NN syntax))))))))) (VP (VBP include))) (: :) (X (X (SYM *)) (PP (-LRB- -LSB-) (NP (NP (NP (NP (NN AWK) (-RRB- -RSB-)) (PRN (-LRB- -LRB-) (NP (: /) (NN wiki/AWK)) (-RRB- -RRB-)) (SBAR (FRAG (X (SYM \)) (: -) (VP (VBZ uses) (NP (NP (NP (DT a) (NN superset)) (PP (IN of) (NP (NP (DT the) (JJ extended) (JJ regular) (NN expression)) (NP (NN syntax) (CD ##) (NNP Links)))) (X (SYM *))) (PP (-LRB- -LSB-) (NP (NNP POSIX) (NNP Basic) (JJ Regular) (NNS Expressions))))) (-RRB- -RSB-)))) (PRN (-LRB- -LRB-) (NP (NN http://www.regular-expressions.info/posix.html)) (-RRB- -RRB-))) (PP (IN at) (NP (NNS regular-expressions)))))) (. .))) 
247,17,18,these,character,This form of regular expression is used to reflect the fact that in many programming languages these characters may be used in identifiers .,(ROOT (S (NP (NP (DT This) (NN form)) (PP (IN of) (NP (JJ regular) (NN expression)))) (VP (VBZ is) (VP (VBN used) (S (VP (TO to) (VP (VB reflect) (NP (DT the) (NN fact)) (SBAR (IN that) (S (PP (IN in) (NP (JJ many) (NN programming) (NNS languages))) (NP (DT these) (NNS characters)) (VP (MD may) (VP (VB be) (VP (VBN used) (PP (IN in) (NP (NNS identifiers))))))))))))) (. .))) 
255,10,13,this,syntax,"## Use in Tools Tools and languages that utilize this regular expression syntax include : * -LSB- vim -RSB- -LRB- / wiki/Vim -RRB- # Emacs Regular Expressions Notes on regular expressions used in text editor ** Emacs ** : * For backslash escaping -LRB- magic vs literal -RRB- , Emacs uses a mixture of BRE and ERE .","(ROOT (FRAG (NP (NP (NN ##)) (SBAR (S (NP (NP (NN Use)) (PP (IN in) (NP (NP (NNP Tools) (NNP Tools)) (CC and) (NP (NP (NNS languages)) (SBAR (WHNP (WDT that)) (S (VP (VBP utilize) (NP (DT this) (JJ regular) (NN expression) (NN syntax))))))))) (VP (VBP include) (: :) (PP (X (SYM *)) (-LRB- -LSB-) (NP (NP (NN vim)) (-RRB- -RSB-) (PRN (-LRB- -LRB-) (NP (: /) (NN wiki/Vim)) (-RRB- -RRB-)) (NP (# #) (NNPS Emacs)))) (NP (NP (JJ Regular) (NNS Expressions) (NNS Notes)) (PP (IN on) (NP (NP (JJ regular) (NNS expressions)) (VP (VBN used) (PP (IN in) (NP (NN text) (NN editor))))))))))) (X (X (SYM **)) (NP (NP (NNS Emacs)) (SBAR (FRAG (X (SYM **)) (: :) (NP (NP (NN *)) (SBAR (S (PP (IN For) (S (NP (JJ backslash)) (VP (VBG escaping) (PRN (-LRB- -LRB-) (NP (NP (JJ magic)) (CC vs) (NP (JJ literal))) (-RRB- -RRB-))))) (, ,) (NP (NNP Emacs)) (VP (VBZ uses) (NP (NP (DT a) (NN mixture)) (PP (IN of) (NP (NNP BRE) (CC and) (NNP ERE)))))))) (. .))))))) "
261,10,13,this,syntax,## Use in Tools Tools and languages that utilize this regular expression syntax include : * -LSB- Emacs -RSB- -LRB- / wiki/Emacs -RRB- ## Links * -LSB- Regular Expressions -RSB- -LRB- http://www.emacswiki.org/emacs/RegularExpression -RRB- at emacswiki.org * -LSB- Perl and Emacs regular expressions compared -RSB- -LRB- http://www.lemoda.net/emacs/perl-emacs-regex/index.html -RRB- at lemoda.net # Shell Regular Expressions The Unix shell recognises a limited form of regular expressions used with filename substitution : Operators Operator Effect ?,(ROOT (NP (NP (NP (NN ##) (NN Use)) (PP (IN in) (NP (NP (NNP Tools) (NNP Tools)) (CC and) (NP (NNS languages)))) (SBAR (WHNP (WDT that)) (S (VP (VBP utilize) (SBAR (S (NP (DT this) (JJ regular) (NN expression) (NN syntax)) (VP (VBP include) (S (: :) (S (X (SYM *)) (PP (-LRB- -LSB-) (NP (NNS Emacs))) (-RRB- -RSB-) (-LRB- -LRB-) (NP (: /) (NNS wiki/Emacs)) (-RRB- -RRB-) (VP (VBP ##) (NP (NNP Links)))) (S (X (SYM *)) (PP (-LRB- -LSB-) (NP (JJ Regular) (NNS Expressions))) (-RRB- -RSB-) (NP (NP (-LRB- -LRB-) (NN http://www.emacswiki.org/emacs/RegularExpression) (-RRB- -RRB-)) (PP (IN at) (NP (NN emacswiki.org)) (X (SYM *)))) (VP (-LRB- -LSB-) (NP (NP (NNP Perl) (CC and) (NNP Emacs)) (JJ regular) (NNS expressions)) (PP (VBN compared) (PP (-RRB- -RSB-) (NP (NP (-LRB- -LRB-) (NN http://www.lemoda.net/emacs/perl-emacs-regex/index.html) (-RRB- -RRB-)) (PP (IN at) (NP (NP (NN lemoda.net)) (PP (# #) (NP (NNP Shell) (JJ Regular) (NNS Expressions)))))))))) (S (NP (DT The) (NNP Unix) (NN shell)) (VP (VBZ recognises) (NP (NP (DT a) (JJ limited) (NN form)) (PP (IN of) (NP (NP (JJ regular) (NNS expressions)) (VP (VBN used) (PP (IN with) (NP (NN filename) (NN substitution))))))))))))))))) (: :) (NP (NP (NNP Operators) (NNP Operator)) (NP (NN Effect))) (. ?))) 
271,10,13,this,syntax,## Use in Tools Tools and languages that utilize this regular expression syntax include : * Bourne compatible shells # Implementation ### Implementations and running times There are at least two different algorithms that decide if -LRB- and how -RRB- a given string matches a regular expression .,(ROOT (S (S (NP (NP (NN ##) (NN Use)) (PP (IN in) (NP (NP (NNP Tools) (NNP Tools)) (CC and) (NP (NP (NNS languages)) (SBAR (WHNP (WDT that)) (S (VP (VBP utilize) (NP (DT this) (JJ regular) (NN expression) (NN syntax))))))))) (VP (VBP include))) (: :) (S (SBAR (X (SYM *)) (S (NP (ADJP (NNP Bourne) (JJ compatible)) (NNS shells)) (VP (# #) (NP (NP (NNP Implementation) (NNP ###) (NNPS Implementations)) (CC and) (NP (VBG running) (NNS times)))))) (NP (EX There)) (VP (VBP are) (NP (NP (QP (XS (IN at) (JJS least)) (CD two)) (JJ different) (NNS algorithms)) (SBAR (WHNP (WDT that)) (S (VP (VBP decide) (SBAR (IN if) (PRN (-LRB- -LRB-) (CC and) (WRB how) (-RRB- -RRB-)) (S (NP (DT a) (VBN given) (NN string)) (VP (VBZ matches) (NP (DT a) (JJ regular) (NN expression))))))))))) (. .))) 
273,6,7,this,transformation,"The algorithm performs or simulates this transformation and then runs the resulting DFA on the input string , one symbol at a time .","(ROOT (S (NP (DT The) (NN algorithm)) (VP (VP (VBZ performs) (CC or) (VBZ simulates) (NP (DT this) (NN transformation))) (CC and) (VP (ADVP (RB then)) (VBZ runs) (NP (NP (DT the) (VBG resulting) (NN DFA)) (PP (IN on) (NP (NP (DT the) (NN input) (NN string)) (, ,) (NP (NP (CD one) (NN symbol)) (PP (IN at) (NP (DT a) (NN time))))))))) (. .))) "
280,10,11,this,terminology,"-LRB- This algorithm is sometimes called NFA , but this terminology is highly confusing . -RRB-","(ROOT (S (-LRB- -LRB-) (S (NP (DT This) (NN algorithm)) (VP (VBZ is) (ADVP (RB sometimes)) (VP (VBN called) (NP (NNP NFA))))) (, ,) (CC but) (S (NP (DT this) (NN terminology)) (VP (VBZ is) (ADJP (RB highly) (JJ confusing)))) (. .) (-RRB- -RRB-))) "
285,33,34,that,case,"Some implementations try to provide the best of both algorithms by first running a fast DFA match to see if the string matches the regular expression at all , and only in that case perform a potentially slower backtracking match .","(ROOT (S (NP (DT Some) (NNS implementations)) (VP (VBP try) (S (VP (TO to) (VP (VB provide) (NP (NP (DT the) (JJS best)) (PP (IN of) (NP (DT both) (NNS algorithms)))) (PP (IN by) (NP (NP (JJ first)) (VP (VBG running) (NP (DT a) (JJ fast) (NN DFA) (NN match)) (S (VP (TO to) (VP (VP (VB see) (SBAR (IN if) (S (NP (DT the) (NN string)) (VP (VBZ matches) (NP (DT the) (JJ regular) (NN expression)) (ADVP (IN at) (DT all)))))) (, ,) (CC and) (ADVP (RB only) (PP (IN in) (NP (DT that) (NN case)))) (VP (VB perform) (NP (DT a) (ADJP (RB potentially) (JJR slower)) (VBG backtracking) (NN match))))))))))))) (. .))) "
311,14,15,this,page,php?title = Regular_Expressions / Print_version & action = info -RRB- * -LSB- Cite this page -RSB- -LRB- / w/index .,(ROOT (S (VP (NN php?title) (NP (NP (NP (JJ =) (NNS Regular_Expressions)) (PRN (: /) (NP (NP (NNP Print_version)) (CC &) (NP (NN action) (JJ =) (NN info))) (-RRB- -RRB-))) (X (SYM *))) (S (VP (-LRB- -LSB-) (VP (VB Cite) (S (NP (DT this) (NN page)) (NP (NP (-RRB- -RSB-)) (-LRB- -LRB-) (PP (: /) (NP (NN w/index))))))))) (. .))) 
317,3,4,this,site,"By using this site , you agree to the -LSB- Terms of Use -RSB- -LRB- / / wikimediafoundation.org/wiki/Terms_of_Use -RRB- and -LSB- Privacy Policy . -RSB-","(ROOT (S (PP (IN By) (S (VP (VBG using) (NP (DT this) (NN site))))) (, ,) (NP (PRP you)) (VP (VBP agree) (PP (PP (TO to) (NP (NP (DT the) (-LRB- -LSB-) (NNS Terms)) (PP (IN of) (NP (NP (NN Use) (-RRB- -RSB-)) (PRN (-LRB- -LRB-) (NP (: /) (: /) (NN wikimediafoundation.org/wiki/Terms_of_Use)) (-RRB- -RRB-)))))) (CC and) (PP (-LRB- -LSB-) (NP (NNP Privacy) (NNP Policy))))) (. .) (-RRB- -RSB-))) "
