2,7,8,this,page,-LSB- Unreviewed changes are displayed on this page -RSB- -LRB- / / bits.wikimedia.org/static-1.22wmf19/extensions/FlaggedRevs/frontend/modules/img/1.png -RRB- This page may need to be -LSB- reviewed -RSB- -LRB- / wiki/Wikibooks : REVIEW -RRB- for quality .,(ROOT (S (SBAR (-LRB- -LSB-) (S (NP (JJ Unreviewed) (NNS changes)) (VP (VBP are) (VP (VBN displayed) (PP (IN on) (NP (DT this) (NN page) (-RRB- -RSB-))))))) (PRN (-LRB- -LRB-) (VP (: /) (NP (: /) (NN bits.wikimedia.org/static-1.22wmf19/extensions/FlaggedRevs/frontend/modules/img/1.png))) (-RRB- -RRB-)) (NP (DT This) (NN page)) (VP (MD may) (VP (VB need) (S (VP (TO to) (VP (VB be) (VP (-LRB- -LSB-) (VP (VBN reviewed) (NP (NP (NP (-RRB- -RSB-)) (PRN (-LRB- -LRB-) (NP (NP (: /) (NNS wiki/Wikibooks)) (: :) (NP (NNP REVIEW))) (-RRB- -RRB-))) (PP (IN for) (NP (NN quality))))))))))) (. .))) 
4,36,37,this,message,-LSB- Printer.svg -RSB- -LRB- / / upload.wikimedia.org/wikipedia/commons/thumb/2/23/Printer.svg/40px-Printer.svg.png -RRB- ** This is the -LSB- print version -RSB- -LRB- / wiki/Help : Print_versions -RRB- of -LSB- Rosacea -RSB- -LRB- / wiki/Rosacea -RRB- ** You wo n't see this message or any elements not part of the book 's content when you print or -LSB- preview -RSB- -LRB- / / en.wikibooks.org/w/index.php?title=Rosacea/Print_version&action=purge&printable=yes -RRB- this page .,(ROOT (S (NP (-LRB- -LSB-) (NN Printer.svg)) (VP (-RRB- -RSB-) (PRN (-LRB- -LRB-) (PP (: /) (NP (: /) (NN upload.wikimedia.org/wikipedia/commons/thumb/2/23/Printer.svg/40px-Printer.svg.png))) (-RRB- -RRB-)) (SBAR (SBAR (X (SYM **)) (S (S (NP (DT This)) (VP (VBZ is) (NP (NP (NP (DT the) (-LRB- -LSB-) (NN print) (NN version) (-RRB- -RSB-)) (PRN (-LRB- -LRB-) (NP (NP (: /) (NN wiki/Help)) (: :) (NP (NNS Print_versions))) (-RRB- -RRB-))) (PP (IN of) (NP (-LRB- -LSB-) (NN Rosacea)))))) (-RRB- -RSB-) (PRN (-LRB- -LRB-) (PP (: /) (NN wiki/Rosacea)) (-RRB- -RRB-)) (S (X (SYM **)) (NP (PRP You)) (VP (MD wo) (RB n't) (VP (VB see) (NP (NP (DT this) (NN message)) (CC or) (NP (DT any) (NNS elements))) (PP (RB not) (NP (NP (NN part)) (PP (IN of) (NP (NP (DT the) (NN book) (POS 's)) (NN content))))) (SBAR (WHADVP (WRB when)) (S (NP (PRP you)) (VP (VBP print))))))))) (CC or) (SBAR (-LRB- -LSB-) (S (NP (NN preview)) (VP (-RRB- -RSB-) (PRN (-LRB- -LRB-) (: /) (NX (: /) (NNS en.wikibooks.org/w/index.php?title=Rosacea/Print_version&action=purge&printable=yes)) (-RRB- -RRB-)) (NP (DT this) (NN page))))))) (. .))) 
4,60,61,this,page,-LSB- Printer.svg -RSB- -LRB- / / upload.wikimedia.org/wikipedia/commons/thumb/2/23/Printer.svg/40px-Printer.svg.png -RRB- ** This is the -LSB- print version -RSB- -LRB- / wiki/Help : Print_versions -RRB- of -LSB- Rosacea -RSB- -LRB- / wiki/Rosacea -RRB- ** You wo n't see this message or any elements not part of the book 's content when you print or -LSB- preview -RSB- -LRB- / / en.wikibooks.org/w/index.php?title=Rosacea/Print_version&action=purge&printable=yes -RRB- this page .,(ROOT (S (NP (-LRB- -LSB-) (NN Printer.svg)) (VP (-RRB- -RSB-) (PRN (-LRB- -LRB-) (PP (: /) (NP (: /) (NN upload.wikimedia.org/wikipedia/commons/thumb/2/23/Printer.svg/40px-Printer.svg.png))) (-RRB- -RRB-)) (SBAR (SBAR (X (SYM **)) (S (S (NP (DT This)) (VP (VBZ is) (NP (NP (NP (DT the) (-LRB- -LSB-) (NN print) (NN version) (-RRB- -RSB-)) (PRN (-LRB- -LRB-) (NP (NP (: /) (NN wiki/Help)) (: :) (NP (NNS Print_versions))) (-RRB- -RRB-))) (PP (IN of) (NP (-LRB- -LSB-) (NN Rosacea)))))) (-RRB- -RSB-) (PRN (-LRB- -LRB-) (PP (: /) (NN wiki/Rosacea)) (-RRB- -RRB-)) (S (X (SYM **)) (NP (PRP You)) (VP (MD wo) (RB n't) (VP (VB see) (NP (NP (DT this) (NN message)) (CC or) (NP (DT any) (NNS elements))) (PP (RB not) (NP (NP (NN part)) (PP (IN of) (NP (NP (DT the) (NN book) (POS 's)) (NN content))))) (SBAR (WHADVP (WRB when)) (S (NP (PRP you)) (VP (VBP print))))))))) (CC or) (SBAR (-LRB- -LSB-) (S (NP (NN preview)) (VP (-RRB- -RSB-) (PRN (-LRB- -LRB-) (: /) (NX (: /) (NNS en.wikibooks.org/w/index.php?title=Rosacea/Print_version&action=purge&printable=yes)) (-RRB- -RRB-)) (NP (DT this) (NN page))))))) (. .))) 
40,39,40,this,subtype,_ Papulopustular rosacea : _ Some permanent redness with red bumps -LRB- papules -RRB- with some pus filled -LRB- pustules -RRB- -LRB- which typically last 1-4 days but sometimes as long as a month or more -RRB- ; this subtype can be easily confused with acne .,(ROOT (NP (NP (NN _) (JJ Papulopustular) (NN rosacea)) (: :) (S (S (NP (CD _)) (VP (NP (NP (DT Some) (JJ permanent) (NN redness)) (PP (IN with) (NP (NP (NP (JJ red) (NNS bumps)) (PRN (-LRB- -LRB-) (NP (NNS papules)) (-RRB- -RRB-))) (PP (IN with) (NP (NP (DT some) (NN pus)) (VP (VBN filled)))))) (PRN (-LRB- -LRB-) (NP (NNS pustules)) (-RRB- -RRB-))) (PRN (-LRB- -LRB-) (FRAG (WHADVP (WDT which)) (ADJP (ADJP (ADJP (RB typically) (JJ last) (NP (CD 1-4) (NNS days))) (CC but) (ADJP (RB sometimes) (RB as) (JJ long) (PP (IN as) (NP (DT a) (NN month))))) (CC or) (ADJP (JJR more)))) (-RRB- -RRB-)))) (: ;) (S (NP (DT this) (NN subtype)) (VP (MD can) (VP (VB be) (VP (ADVP (RB easily)) (VBN confused) (PP (IN with) (NP (NN acne)))))))) (. .))) 
106,25,26,these,product,Use of acne treatments containing ingredients such as salicylic acid or benzoyl peroxide cause increased redness to the facial skin ; often we overuse these products because we feel they are not working .,(ROOT (S (NP (NP (NN Use)) (PP (IN of) (NP (NP (NN acne) (NNS treatments)) (VP (VBG containing) (NP (NP (NNS ingredients)) (PP (JJ such) (IN as) (NP (NP (JJ salicylic) (NN acid)) (CC or) (NP (NN benzoyl) (NN peroxide) (NN cause))))))))) (VP (VBD increased) (NP (NN redness)) (PP (TO to) (NP (NP (DT the) (JJ facial) (NN skin)) (: ;) (ADVP (RB often)) (NP (NP (PRP we) (NN overuse)) (NP (DT these) (NNS products))))) (SBAR (IN because) (S (NP (PRP we)) (VP (VBP feel) (SBAR (S (NP (PRP they)) (VP (VBP are) (RB not) (VP (VBG working))))))))) (. .))) 
109,9,10,this,effect,"So you tend to use more to counteract this effect and in doing so the pores tighten and close resulting in clogged pores , pimples and papules .","(ROOT (S (IN So) (NP (PRP you)) (VP (VBP tend) (S (VP (TO to) (VP (VB use) (NP (JJR more)) (UCP (S (VP (TO to) (VP (VB counteract) (NP (DT this) (NN effect))))) (CC and) (PP (IN in) (S (VP (VBG doing) (SBAR (S (NP (RB so) (DT the)) (VP (VBZ pores) (VP (VP (VB tighten)) (CC and) (VP (VB close) (S (VP (VBG resulting) (PP (IN in) (NP (NP (JJ clogged)) (VP (VBZ pores)) (, ,) (NP (NNS pimples)) (CC and) (NP (NNS papules))))))))))))))))))) (. .))) "
124,17,18,these,patient,Cleansers based on mild synthetic surfactants and/or emollients that cause minimal barrier perturbation are ideal for these patients .,(ROOT (S (NP (NP (NNS Cleansers)) (VP (VBN based) (PP (IN on) (NP (NP (JJ mild) (JJ synthetic) (NNS surfactants)) (CC and/or) (NP (NP (NNS emollients)) (SBAR (WHNP (WDT that)) (S (VP (VBP cause) (NP (JJ minimal) (NN barrier) (NN perturbation)))))))))) (VP (VBP are) (ADJP (JJ ideal) (PP (IN for) (NP (DT these) (NNS patients))))) (. .))) 
140,2,3,these,activity,All these activities should be done in a way that does not move the skin .,(ROOT (S (NP (DT All) (DT these) (NNS activities)) (VP (MD should) (VP (VB be) (VP (VBN done) (PP (IN in) (NP (NP (DT a) (NN way)) (SBAR (WHNP (WDT that)) (S (VP (VBZ does) (RB not) (VP (VB move) (NP (DT the) (NN skin))))))))))) (. .))) 
226,9,10,this,brand,"If you try something and for whatever reason this brand does n't offer you a good enough match , do n't buy it just because .","(ROOT (S (SBAR (IN If) (S (S (NP (PRP you)) (VP (VBP try) (NP (NN something)))) (CC and) (S (PP (IN for) (NP (WDT whatever) (NN reason))) (NP (DT this) (NN brand)) (VP (VBZ does) (RB n't) (VP (VB offer) (NP (PRP you)) (NP (DT a) (JJ good) (JJ enough) (NN match)))))) (, ,)) (VP (VBP do) (RB n't) (VP (VB buy) (NP (PRP it)) (ADVP (RB just) (RB because)))) (. .))) "
230,12,13,this,light,"But , do n't judge your match in blinding sunlight , this light will `` blend '' almost anything seamlessly and will not be accurate .","(ROOT (S (CC But) (, ,) (S (VP (VBP do) (RB n't) (VP (VB judge) (NP (PRP$ your) (NN match)) (PP (IN in) (S (VP (VBG blinding) (NP (NN sunlight)))))))) (, ,) (NP (DT this) (NN light)) (VP (VP (MD will) (`` ``) (VP (VB blend) ('' '') (NP-TMP (NP (RB almost) (NN anything)) (ADVP (RB seamlessly))))) (CC and) (VP (MD will) (RB not) (VP (VB be) (ADJP (JJ accurate))))) (. .))) "
231,20,21,this,subject,"### Extra bit For Men Although the above information applies to everyone , I figured I 'd touch on this subject further .","(ROOT (S (PP (NP (NNP ###) (NNP Extra) (NN bit)) (IN For) (NP (NN Men))) (SBAR (IN Although) (S (NP (DT the) (JJ above) (NN information)) (VP (VBZ applies) (PP (TO to) (NP (NN everyone)))))) (, ,) (NP (PRP I)) (VP (VBD figured) (SBAR (S (NP (PRP I)) (VP (MD 'd) (VP (VB touch) (PP (IN on) (NP (DT this) (ADJP (JJ subject)) (JJ further)))))))) (. .))) "
235,10,11,this,stuff,In short : The men who want to buy this stuff have already bought it and do n't care if something is designated `` For Men . '',(ROOT (FRAG (PP (IN In) (NP (JJ short))) (: :) (S (NP (NP (DT The) (NNS men)) (SBAR (WHNP (WP who)) (S (VP (VBP want) (S (VP (TO to) (VP (VB buy) (NP (DT this) (NN stuff))))))))) (VP (VP (VBP have) (ADVP (RB already)) (VP (VBN bought) (NP (PRP it)))) (CC and) (VP (VBP do) (RB n't) (VP (VB care) (SBAR (IN if) (S (NP (NN something)) (VP (VBZ is) (VP (VBN designated) (S (`` ``) (PP (IN For) (NP (NN Men)))))))))))) (. .) ('' ''))) 
268,22,23,this,purpose,"At subantimicrobial doses , doxycycline is an inhibitor of matrix metalloproteinases , and has been used in various experimental systems for this purpose .","(ROOT (S (PP (IN At) (NP (JJ subantimicrobial) (NNS doses))) (, ,) (NP (NN doxycycline)) (VP (VP (VBZ is) (NP (NP (DT an) (NN inhibitor)) (PP (IN of) (NP (NN matrix) (NNS metalloproteinases))))) (, ,) (CC and) (VP (VBZ has) (VP (VBN been) (VP (VBN used) (PP (IN in) (NP (NP (JJ various) (JJ experimental) (NNS systems)) (PP (IN for) (NP (DT this) (NN purpose))))))))) (. .))) "
457,3,4,this,device,Physicians using this device are trained using the FotoFacial RF ™ procedure .,(ROOT (S (NP (NP (NNP Physicians)) (VP (VBG using) (NP (DT this) (NN device)))) (VP (VBP are) (VP (VBN trained) (S (VP (VBG using) (NP (DT the) (NNP FotoFacial) (NN RF) (NN ™) (NN procedure)))))) (. .))) 
459,3,4,this,device,Physicians using this device are trained using the FotoFacial RF ™ procedure .,(ROOT (S (NP (NP (NNP Physicians)) (VP (VBG using) (NP (DT this) (NN device)))) (VP (VBP are) (VP (VBN trained) (S (VP (VBG using) (NP (DT the) (NNP FotoFacial) (NN RF) (NN ™) (NN procedure)))))) (. .))) 
490,15,16,those,claim,"If your claim is rejected , ask why your claim was rejected then refute those claims with evidence .","(ROOT (S (SBAR (IN If) (S (NP (PRP$ your) (NN claim)) (VP (VBZ is) (VP (VBN rejected))))) (, ,) (VP (VB ask) (SBAR (WHADVP (WRB why)) (S (NP (PRP$ your) (NN claim)) (VP (VBD was) (VP (VBN rejected) (S (RB then) (VP (VB refute) (NP (DT those) (NNS claims)) (PP (IN with) (NP (NN evidence)))))))))) (. .))) "
496,15,16,this,procedure,Dr. xxxxxx 's request on my behalf was denied based on your determination that this procedure would be a cosmetic one .,(ROOT (S (NP (NP (NP (NNP Dr.) (NNP xxxxxx) (POS 's)) (NN request)) (PP (IN on) (NP (PRP$ my) (NN behalf)))) (VP (VBD was) (VP (VBN denied) (PP (VBN based) (PP (IN on) (NP (PRP$ your) (NN determination)))) (SBAR (IN that) (S (NP (DT this) (NN procedure)) (VP (MD would) (VP (VB be) (NP (DT a) (JJ cosmetic) (CD one)))))))) (. .))) 
498,47,48,this,letter,"I have a tentative appointment set up to have my first Photoderm treatment on December 6 , 2001 at Dr. xxxxxx 's -LRB- different doc , this is the one who im actually getting the procedures done by -RRB- Office based on your decision after reading this letter .","(ROOT (S (NP (PRP I)) (VP (VBP have) (NP (NP (DT a) (JJ tentative) (NN appointment)) (VP (VBN set) (PRT (RP up)) (S (VP (TO to) (VP (VB have) (NP (PRP$ my) (JJ first) (NN Photoderm) (NN treatment)) (PP (IN on) (NP (NNP December) (CD 6) (, ,) (CD 2001))) (PP (IN at) (NP (NNP Dr.) (NNP xxxxxx) (POS 's))) (PRN (-LRB- -LRB-) (S (NP (JJ different) (NN doc)) (, ,) (NP (DT this)) (VP (VBZ is) (NP (NP (DT the) (NN one)) (SBAR (WHNP (WP who)) (S (VP (VBP im) (ADVP (RB actually)) (S (VP (VBG getting) (NP (NP (DT the) (NNS procedures)) (VP (VBN done) (PP (IN by)))))))))))) (-RRB- -RRB-)) (NP (NP (NNP Office)) (PP (VBN based) (PP (IN on) (NP (PRP$ your) (NN decision))))) (PP (IN after) (S (VP (VBG reading) (NP (DT this) (NN letter))))))))))) (. .))) "
504,22,24,this,year,"The cost before insurance of all the prescription medications I have used in connection with my condition since the beginning of this calendar year totals over $ 2,500 .","(ROOT (S (NP (NP (DT The) (NN cost)) (PP (IN before) (NP (NP (NN insurance)) (PP (IN of) (NP (NP (PDT all) (DT the) (NN prescription) (NNS medications)) (SBAR (S (NP (PRP I)) (VP (VBP have) (VP (VBN used) (PP (IN in) (NP (NN connection))) (PP (IN with) (NP (PRP$ my) (NN condition))) (PP (IN since) (NP (NP (DT the) (NN beginning)) (PP (IN of) (NP (DT this) (NN calendar) (NN year)))))))))))))) (VP (VBZ totals) (PP (IN over) (NP ($ $) (CD 2,500)))) (. .))) "
513,21,22,this,pain,"The insurance portion alone of the payment for the Psychiatrist I have begun seeing as a result of the depression this pain causes me , is $ 160 every month .","(ROOT (S (NP (NP (DT The) (NN insurance) (NN portion)) (PP (ADVP (RB alone)) (IN of) (NP (NP (DT the) (NN payment)) (PP (IN for) (NP (DT the) (NN Psychiatrist)))))) (PRN (S (NP (PRP I)) (VP (VBP have) (VP (VBN begun) (S (VP (VBG seeing) (PP (IN as) (NP (NP (DT a) (NN result)) (PP (IN of) (NP (NP (DT the) (NN depression)) (SBAR (S (NP (DT this) (NN pain)) (VP (VBZ causes) (NP (PRP me)))))))))))))) (, ,)) (VP (VBZ is) (NP (NP ($ $) (CD 160)) (NP (DT every) (NN month)))) (. .))) "
517,3,7,these,treatment,"Payment for these five to ten treatments would be an extreme hardship for me , as my condition leaves me unable to seek employment .","(ROOT (S (NP (NP (NN Payment)) (PP (IN for) (NP (DT these) (QP (CD five) (TO to) (CD ten)) (NNS treatments)))) (VP (MD would) (VP (VB be) (NP (NP (DT an) (JJ extreme) (NN hardship)) (PP (IN for) (NP (PRP me)))) (, ,) (SBAR (IN as) (S (NP (PRP$ my) (NN condition)) (VP (VBZ leaves) (S (NP (PRP me)) (ADJP (JJ unable) (S (VP (TO to) (VP (VB seek) (NP (NN employment)))))))))))) (. .))) "
519,4,5,this,aspect,"Photoderm will prevent this aspect of my condition from getting worse , eliminating the possible need for more costly surgery in the future .","(ROOT (S (NP (NNP Photoderm)) (VP (MD will) (VP (VB prevent) (NP (NP (DT this) (NN aspect)) (PP (IN of) (NP (PRP$ my) (NN condition)))) (PP (IN from) (S (VP (VP (VBG getting) (ADJP (JJR worse))) (, ,) (VP (VBG eliminating) (NP (DT the) (JJ possible) (NN need)) (PP (IN for) (NP (NP (JJR more) (JJ costly) (NN surgery)) (PP (IN in) (NP (DT the) (NN future))))))))))) (. .))) "
523,3,4,this,condition,Since developing this condition I have been unable to maintain a steady job .,(ROOT (S (PP (IN Since) (S (VP (VBG developing) (NP (DT this) (NN condition))))) (NP (PRP I)) (VP (VBP have) (VP (VBN been) (ADJP (JJ unable) (S (VP (TO to) (VP (VB maintain) (NP (DT a) (JJ steady) (NN job)))))))) (. .))) 
533,5,6,these,treatment,I am not having these treatments done for cosmetic reasons .,(ROOT (S (NP (PRP I)) (VP (VBP am) (RB not) (VP (VBG having) (NP (NP (DT these) (NNS treatments)) (VP (VBN done) (PP (IN for) (NP (JJ cosmetic) (NNS reasons))))))) (. .))) 
534,4,5,these,treatment,I am having these treatments done because nothing else has worked .,(ROOT (S (NP (PRP I)) (VP (VBP am) (VP (VBG having) (NP (NP (DT these) (NNS treatments)) (VP (VBN done) (SBAR (IN because) (S (NP (NN nothing) (RB else)) (VP (VBZ has) (VP (VBN worked))))))))) (. .))) 
607,38,40,this,document,"Version 1.3 , 3 November 2008 Copyright -LRB- C -RRB- 2000 , 2001 , 2002 , 2007 , 2008 Free Software Foundation , Inc. << http://fsf.org/ >> Everyone is permitted to copy and distribute verbatim copies of this license document , but changing it is not allowed .","(ROOT (S (S (NP (NP (NN Version) (CD 1.3)) (, ,) (NP (NP (NP (CD 3) (NNP November) (CD 2008)) (NP (NP (NN Copyright)) (PRN (-LRB- -LRB-) (NP (NN C)) (-RRB- -RRB-)))) (NP (NP (CD 2000)) (, ,) (NP (CD 2001)) (, ,) (NP (CD 2002)) (, ,) (NP (CD 2007)) (, ,) (NP (CD 2008) (NNP Free) (NNP Software) (NNP Foundation)) (, ,) (NP (NP (NNP Inc.) (CD <<) (NN http://fsf.org/)) (NP (CD >>) (NN Everyone)))))) (VP (VBZ is) (VP (VBN permitted) (S (VP (TO to) (VP (VB copy) (CC and) (VB distribute) (NP (NP (JJ verbatim) (NNS copies)) (PP (IN of) (NP (DT this) (NN license) (NN document)))))))))) (, ,) (CC but) (S (S (VP (VBG changing) (NP (PRP it)))) (VP (VBZ is) (RB not) (VP (VBN allowed)))) (. .))) "
609,5,6,this,license,"PREAMBLE The purpose of this License is to make a manual , textbook , or other functional and useful document `` free '' in the sense of freedom : to assure everyone the effective freedom to copy and redistribute it , with or without modifying it , either commercially or noncommercially .","(ROOT (S (NP (NP (NN PREAMBLE) (DT The) (NN purpose)) (PP (IN of) (NP (DT this) (NN License)))) (VP (VBZ is) (UCP (S (VP (TO to) (VP (VP (VB make) (S (NP (NP (NP (DT a) (NN manual)) (, ,) (NP (NN textbook)) (, ,)) (CC or) (NP (JJ other) (ADJP (JJ functional) (CC and) (JJ useful)) (NN document))) (ADJP (`` ``) (JJ free) ('' '') (PP (IN in) (NP (NP (DT the) (NN sense)) (PP (IN of) (NP (NN freedom))))))) (: :) (S (VP (TO to) (VP (VP (VB assure) (NP (NN everyone)) (NP (NP (DT the) (JJ effective) (NN freedom)) (PP (TO to) (NP (NN copy))))) (CC and) (VP (VB redistribute) (NP (PRP it)))))) (, ,) (PP (IN with) (CC or) (IN without) (S (VP (VBG modifying) (NP (PRP it)))))) (, ,) (CC either) (VP (ADVP (RB commercially)))))) (CC or) (ADVP (RB noncommercially)))) (. .))) "
610,3,4,this,license,"Secondarily , this License preserves for the author and publisher a way to get credit for their work , while not being considered responsible for modifications made by others .","(ROOT (S (ADVP (RB Secondarily)) (, ,) (NP (DT this) (NN License)) (VP (VBZ preserves) (PP (IN for) (NP (NP (DT the) (NN author) (CC and) (NN publisher)) (NP (DT a) (NN way)))) (S (VP (TO to) (VP (VB get) (NP (NN credit)) (PP (IN for) (NP (NP (PRP$ their) (NN work)) (, ,) (SBAR (IN while) (S (RB not) (VP (VBG being) (VP (VBN considered) (ADJP (JJ responsible)) (PP (IN for) (NP (NP (NNS modifications)) (VP (VBN made) (PP (IN by) (NP (NNS others)))))))))))))))) (. .))) "
613,4,5,this,license,"We have designed this License in order to use it for manuals for free software , because free software needs free documentation : a free program should come with manuals providing the same freedoms that the software does .","(ROOT (S (S (NP (PRP We)) (VP (VBP have) (VP (VBN designed) (NP (DT this) (NN License)) (PP (IN in) (NP (NN order))) (S (VP (TO to) (VP (VB use) (NP (PRP it)) (PP (IN for) (NP (NP (NNS manuals)) (PP (IN for) (NP (JJ free) (NN software))))) (, ,) (SBAR (IN because) (S (NP (JJ free) (NN software)) (VP (VBZ needs) (NP (JJ free) (NN documentation))))))))))) (: :) (S (NP (DT a) (JJ free) (NN program)) (VP (MD should) (VP (VB come) (PP (IN with) (NP (NP (NNS manuals)) (VP (VBG providing) (NP (DT the) (JJ same) (NNS freedoms)) (SBAR (IN that) (S (NP (DT the) (NN software)) (VP (VBZ does)))))))))) (. .))) "
614,2,3,this,license,"But this License is not limited to software manuals ; it can be used for any textual work , regardless of subject matter or whether it is published as a printed book .","(ROOT (S (CC But) (NP (DT this) (NN License)) (VP (VBZ is) (RB not) (VP (VBN limited) (PP (TO to) (NP (NN software) (NNS manuals))) (: ;) (SBAR (SBAR (S (NP (PRP it)) (VP (MD can) (VP (VB be) (VP (VBN used) (PP (IN for) (NP (DT any) (JJ textual) (NN work))) (, ,) (ADVP (RB regardless) (PP (IN of) (NP (JJ subject) (NN matter))))))))) (CC or) (SBAR (IN whether) (S (NP (PRP it)) (VP (VBZ is) (VP (VBN published) (PP (IN as) (NP (DT a) (VBN printed) (NN book)))))))))) (. .))) "
615,3,4,this,license,We recommend this License principally for works whose purpose is instruction or reference .,(ROOT (S (NP (PRP We)) (VP (VBP recommend) (NP (DT this) (NN License)) (ADVP (RB principally)) (PP (IN for) (NP (NP (NNS works)) (SBAR (WHNP (WP$ whose) (NN purpose)) (S (VP (VBZ is) (NP (NN instruction) (CC or) (NN reference)))))))) (. .))) 
617,36,37,this,license,"APPLICABILITY AND DEFINITIONS This License applies to any manual or other work , in any medium , that contains a notice placed by the copyright holder saying it can be distributed under the terms of this License .","(ROOT (S (NP (NP (NN APPLICABILITY) (CC AND) (NNS DEFINITIONS)) (SBAR (S (NP (DT This) (NN License)) (VP (VBZ applies) (PP (TO to) (NP (NP (DT any) (NN manual)) (CC or) (NP (JJ other) (NN work)))) (, ,) (PP (IN in) (NP (NP (DT any) (NN medium)) (, ,) (SBAR (WHNP (WDT that)) (S (VP (VBZ contains) (NP (NP (DT a) (NN notice)) (VP (VBN placed) (PP (IN by) (NP (DT the) (NN copyright) (NN holder))) (S (VP (VBG saying) (NP (PRP it))))))))))))))) (VP (MD can) (VP (VB be) (VP (VBN distributed) (PP (IN under) (NP (NP (DT the) (NNS terms)) (PP (IN of) (NP (DT this) (NN License)))))))) (. .))) "
618,17,18,that,work,"Such a notice grants a world-wide , royalty-free license , unlimited in duration , to use that work under the conditions stated herein .","(ROOT (S (NP (NP (PDT Such) (DT a) (NN notice) (NNS grants)) (SBAR (S (NP (NP (DT a) (JJ world-wide) (, ,) (JJ royalty-free) (NN license)) (, ,) (ADJP (JJ unlimited) (PP (IN in) (NP (NN duration)))) (, ,)) (VP (TO to) (VP (VB use) (NP (DT that) (NN work)) (PP (IN under) (NP (DT the) (NNS conditions)))))))) (VP (VBN stated) (ADVP (RB herein))) (. .))) "
623,51,53,that,subject,A `` Secondary Section '' is a named appendix or a front-matter section of the Document that deals exclusively with the relationship of the publishers or authors of the Document to the Document 's overall subject -LRB- or to related matters -RRB- and contains nothing that could fall directly within that overall subject .,(ROOT (S (NP (DT A) (`` ``) (JJ Secondary) (NN Section) ('' '')) (VP (VBZ is) (NP (NP (DT a) (VBN named) (NN appendix)) (CC or) (NP (NP (DT a) (NN front-matter) (NN section)) (PP (IN of) (NP (DT the) (NNP Document))) (SBAR (WHNP (WDT that)) (S (VP (VP (VBZ deals) (ADVP (RB exclusively) (PP (IN with) (NP (NP (DT the) (NN relationship)) (PP (IN of) (NP (NP (DT the) (NNS publishers) (CC or) (NNS authors)) (PP (IN of) (NP (DT the) (NNP Document)))))))) (PP (TO to) (NP (NP (NP (DT the) (NNP Document) (POS 's)) (JJ overall) (NN subject)) (PRN (-LRB- -LRB-) (FRAG (CC or) (PP (TO to) (NP (JJ related) (NNS matters)))) (-RRB- -RRB-))))) (CC and) (VP (VBZ contains) (NP (NP (NN nothing)) (SBAR (WHNP (WDT that)) (S (VP (MD could) (VP (VB fall) (ADVP (RB directly)) (PP (IN within) (NP (DT that) (JJ overall) (NN subject))))))))))))))) (. .))) 
626,33,34,this,license,"The `` Invariant Sections '' are certain Secondary Sections whose titles are designated , as being those of Invariant Sections , in the notice that says that the Document is released under this License .","(ROOT (NP (NP (DT The) (`` ``) (JJ Invariant) (NNS Sections) ('' '')) (SBAR (S (VP (VBP are) (NP (NP (JJ certain) (JJ Secondary) (NNS Sections)) (SBAR (WHNP (WP$ whose) (NNS titles)) (S (VP (VBP are) (VP (VBN designated) (, ,) (PP (IN as) (S (VP (VBG being) (NP (NP (DT those)) (PP (IN of) (NP (JJ Invariant) (NNS Sections))))))) (, ,) (PP (IN in) (NP (NP (DT the) (NN notice)) (SBAR (WHNP (WDT that)) (S (VP (VBZ says) (SBAR (IN that) (S (NP (DT the) (NNP Document)) (VP (VBZ is) (VP (VBN released) (PP (IN under) (NP (DT this) (NN License)))))))))))))))))))) (. .))) "
630,34,35,this,license,"The `` Cover Texts '' are certain short passages of text that are listed , as Front-Cover Texts or Back-Cover Texts , in the notice that says that the Document is released under this License .","(ROOT (S (NP (DT The) (`` ``) (NNP Cover) (NNP Texts) ('' '')) (VP (VBP are) (NP (NP (JJ certain) (JJ short) (NNS passages)) (PP (IN of) (NP (NN text))) (SBAR (WHNP (WDT that)) (S (VP (VBP are) (VP (VBN listed) (, ,) (PP (IN as) (NP (NP (NNP Front-Cover) (NNS Texts)) (CC or) (NP (NNP Back-Cover) (NNP Texts)))) (, ,) (PP (IN in) (NP (NP (DT the) (NN notice)) (SBAR (WHNP (WDT that)) (S (VP (VBZ says) (SBAR (IN that) (S (NP (DT the) (NNP Document)) (VP (VBZ is) (VP (VBN released) (PP (IN under) (NP (DT this) (NN License)))))))))))))))))) (. .))) "
639,32,33,this,license,"The `` Title Page '' means , for a printed book , the title page itself , plus such following pages as are needed to hold , legibly , the material this License requires to appear in the title page .","(ROOT (S (NP (DT The) (`` ``) (NNP Title) (NNP Page) ('' '')) (VP (VBZ means) (, ,) (PP (IN for) (NP (NP (DT a) (VBN printed) (NN book)) (, ,) (NP (NP (NP (DT the) (NN title) (NN page)) (ADVP (PRP itself))) (, ,) (CC plus) (NP (NP (JJ such) (VBG following) (NNS pages)) (SBAR (RB as) (S (VP (VBP are) (VP (VBN needed) (S (VP (TO to) (VP (VB hold) (, ,) (ADVP (RB legibly)))))))))) (, ,) (NP (NP (DT the) (NN material)) (SBAR (S (NP (DT this) (NN License)) (VP (VBZ requires) (S (VP (TO to) (VP (VB appear) (PP (IN in) (NP (DT the) (NN title) (NN page)))))))))))))) (. .))) "
644,28,29,this,definition,To `` Preserve the Title '' of such a section when you modify the Document means that it remains a section `` Entitled XYZ '' according to this definition .,(ROOT (S (VP (TO To) (VP (`` ``) (VB Preserve) (NP (NP (DT the) (NN Title)) ('' '') (PP (IN of) (NP (PDT such) (DT a) (NN section)))) (SBAR (WHADVP (WRB when)) (S (NP (PRP you)) (VP (VBP modify) (SBAR (S (NP (DT the) (NNP Document)) (VP (VBZ means) (SBAR (IN that) (S (NP (PRP it)) (VP (VBZ remains) (NP (DT a) (NN section) (`` ``) (JJ Entitled) (NN XYZ))))))))))) ('' '') (PP (VBG according) (PP (TO to) (NP (DT this) (NN definition)))))) (. .))) 
645,14,15,this,license,The Document may include Warranty Disclaimers next to the notice which states that this License applies to the Document .,(ROOT (S (NP (DT The) (NNP Document)) (VP (MD may) (VP (VB include) (NP (NNP Warranty) (NNP Disclaimers)) (ADVP (IN next) (PP (TO to) (NP (NP (DT the) (NN notice)) (SBAR (WHNP (WDT which)) (S (VP (VBZ states) (SBAR (IN that) (S (NP (DT this) (NN License)) (VP (VBZ applies) (PP (TO to) (NP (DT the) (NNP Document)))))))))))))) (. .))) 
646,12,13,this,license,"These Warranty Disclaimers are considered to be included by reference in this License , but only as regards disclaiming warranties : any other implication that these Warranty Disclaimers may have is void and has no effect on the meaning of this License .","(ROOT (S (S (NP (DT These) (NNP Warranty) (NNPS Disclaimers)) (VP (VBP are) (VP (VBN considered) (S (VP (TO to) (VP (VB be) (VP (VBN included) (PP (IN by) (NP (NP (NN reference)) (PP (IN in) (NP (DT this) (NN License)))))))))))) (, ,) (CC but) (S (SBAR (RB only) (IN as) (S (VP (VBZ regards) (NP (NP (VBG disclaiming) (NNS warranties)) (: :) (NP (NP (DT any) (JJ other) (NN implication)) (SBAR (IN that) (S (NP (DT these) (NNP Warranty) (NNPS Disclaimers)) (VP (MD may) (VP (VB have)))))))))) (VP (VP (VBZ is) (ADJP (JJ void))) (CC and) (VP (VBZ has) (NP (NP (DT no) (NN effect)) (PP (IN on) (NP (NP (DT the) (NN meaning)) (PP (IN of) (NP (DT this) (NN License))))))))) (. .))) "
646,26,28,these,disclaimers,"These Warranty Disclaimers are considered to be included by reference in this License , but only as regards disclaiming warranties : any other implication that these Warranty Disclaimers may have is void and has no effect on the meaning of this License .","(ROOT (S (S (NP (DT These) (NNP Warranty) (NNPS Disclaimers)) (VP (VBP are) (VP (VBN considered) (S (VP (TO to) (VP (VB be) (VP (VBN included) (PP (IN by) (NP (NP (NN reference)) (PP (IN in) (NP (DT this) (NN License)))))))))))) (, ,) (CC but) (S (SBAR (RB only) (IN as) (S (VP (VBZ regards) (NP (NP (VBG disclaiming) (NNS warranties)) (: :) (NP (NP (DT any) (JJ other) (NN implication)) (SBAR (IN that) (S (NP (DT these) (NNP Warranty) (NNPS Disclaimers)) (VP (MD may) (VP (VB have)))))))))) (VP (VP (VBZ is) (ADJP (JJ void))) (CC and) (VP (VBZ has) (NP (NP (DT no) (NN effect)) (PP (IN on) (NP (NP (DT the) (NN meaning)) (PP (IN of) (NP (DT this) (NN License))))))))) (. .))) "
646,41,42,this,license,"These Warranty Disclaimers are considered to be included by reference in this License , but only as regards disclaiming warranties : any other implication that these Warranty Disclaimers may have is void and has no effect on the meaning of this License .","(ROOT (S (S (NP (DT These) (NNP Warranty) (NNPS Disclaimers)) (VP (VBP are) (VP (VBN considered) (S (VP (TO to) (VP (VB be) (VP (VBN included) (PP (IN by) (NP (NP (NN reference)) (PP (IN in) (NP (DT this) (NN License)))))))))))) (, ,) (CC but) (S (SBAR (RB only) (IN as) (S (VP (VBZ regards) (NP (NP (VBG disclaiming) (NNS warranties)) (: :) (NP (NP (DT any) (JJ other) (NN implication)) (SBAR (IN that) (S (NP (DT these) (NNP Warranty) (NNPS Disclaimers)) (VP (MD may) (VP (VB have)))))))))) (VP (VP (VBZ is) (ADJP (JJ void))) (CC and) (VP (VBZ has) (NP (NP (DT no) (NN effect)) (PP (IN on) (NP (NP (DT the) (NN meaning)) (PP (IN of) (NP (DT this) (NN License))))))))) (. .))) "
648,21,22,this,license,"VERBATIM COPYING You may copy and distribute the Document in any medium , either commercially or noncommercially , provided that this License , the copyright notices , and the license notice saying this License applies to the Document are reproduced in all copies , and that you add no other conditions whatsoever to those of this License .","(ROOT (S (NP (JJ VERBATIM) (NNP COPYING)) (PRN (S (NP (PRP You)) (VP (MD may) (VP (VP (VB copy) (CC and) (VB distribute) (NP (NP (DT the) (NNP Document)) (PP (IN in) (NP (DT any) (NN medium))))) (, ,) (CC either) (VP (ADVP (ADVP (RB commercially)) (CC or) (ADVP (RB noncommercially))))))) (, ,)) (VP (VBD provided) (SBAR (SBAR (IN that) (S (NP (NP (DT this) (NN License)) (, ,) (NP (DT the) (NN copyright) (NNS notices)) (, ,) (CC and) (NP (NP (DT the) (NN license) (NN notice)) (VP (VBG saying) (SBAR (S (NP (DT this) (NN License)) (VP (VBZ applies) (PP (TO to) (NP (DT the) (NNP Document))))))))) (VP (VBP are) (VP (VBN reproduced) (PP (IN in) (NP (DT all) (NNS copies))))))) (, ,) (CC and) (SBAR (IN that) (S (NP (PRP you)) (VP (VBP add) (NP (DT no) (JJ other) (NNS conditions)) (ADVP (RB whatsoever)) (PP (TO to) (NP (NP (DT those)) (PP (IN of) (NP (DT this) (NN License)))))))))) (. .))) "
648,33,34,this,license,"VERBATIM COPYING You may copy and distribute the Document in any medium , either commercially or noncommercially , provided that this License , the copyright notices , and the license notice saying this License applies to the Document are reproduced in all copies , and that you add no other conditions whatsoever to those of this License .","(ROOT (S (NP (JJ VERBATIM) (NNP COPYING)) (PRN (S (NP (PRP You)) (VP (MD may) (VP (VP (VB copy) (CC and) (VB distribute) (NP (NP (DT the) (NNP Document)) (PP (IN in) (NP (DT any) (NN medium))))) (, ,) (CC either) (VP (ADVP (ADVP (RB commercially)) (CC or) (ADVP (RB noncommercially))))))) (, ,)) (VP (VBD provided) (SBAR (SBAR (IN that) (S (NP (NP (DT this) (NN License)) (, ,) (NP (DT the) (NN copyright) (NNS notices)) (, ,) (CC and) (NP (NP (DT the) (NN license) (NN notice)) (VP (VBG saying) (SBAR (S (NP (DT this) (NN License)) (VP (VBZ applies) (PP (TO to) (NP (DT the) (NNP Document))))))))) (VP (VBP are) (VP (VBN reproduced) (PP (IN in) (NP (DT all) (NNS copies))))))) (, ,) (CC and) (SBAR (IN that) (S (NP (PRP you)) (VP (VBP add) (NP (DT no) (JJ other) (NNS conditions)) (ADVP (RB whatsoever)) (PP (TO to) (NP (NP (DT those)) (PP (IN of) (NP (DT this) (NN License)))))))))) (. .))) "
648,56,57,this,license,"VERBATIM COPYING You may copy and distribute the Document in any medium , either commercially or noncommercially , provided that this License , the copyright notices , and the license notice saying this License applies to the Document are reproduced in all copies , and that you add no other conditions whatsoever to those of this License .","(ROOT (S (NP (JJ VERBATIM) (NNP COPYING)) (PRN (S (NP (PRP You)) (VP (MD may) (VP (VP (VB copy) (CC and) (VB distribute) (NP (NP (DT the) (NNP Document)) (PP (IN in) (NP (DT any) (NN medium))))) (, ,) (CC either) (VP (ADVP (ADVP (RB commercially)) (CC or) (ADVP (RB noncommercially))))))) (, ,)) (VP (VBD provided) (SBAR (SBAR (IN that) (S (NP (NP (DT this) (NN License)) (, ,) (NP (DT the) (NN copyright) (NNS notices)) (, ,) (CC and) (NP (NP (DT the) (NN license) (NN notice)) (VP (VBG saying) (SBAR (S (NP (DT this) (NN License)) (VP (VBZ applies) (PP (TO to) (NP (DT the) (NNP Document))))))))) (VP (VBP are) (VP (VBN reproduced) (PP (IN in) (NP (DT all) (NNS copies))))))) (, ,) (CC and) (SBAR (IN that) (S (NP (PRP you)) (VP (VBP add) (NP (DT no) (JJ other) (NNS conditions)) (ADVP (RB whatsoever)) (PP (TO to) (NP (NP (DT those)) (PP (IN of) (NP (DT this) (NN License)))))))))) (. .))) "
654,54,56,these,texts,"COPYING IN QUANTITY If you publish printed copies -LRB- or copies in media that commonly have printed covers -RRB- of the Document , numbering more than 100 , and the Document 's license notice requires Cover Texts , you must enclose the copies in covers that carry , clearly and legibly , all these Cover Texts : Front-Cover Texts on the front cover , and Back-Cover Texts on the back cover .","(ROOT (S (S (VP (VBG COPYING) (PP (IN IN) (NP (NP (NNP QUANTITY)) (SBAR (S (SBAR (IN If) (S (NP (PRP you)) (VP (VB publish) (NP (NP (NP (VBN printed) (NNS copies)) (PRN (-LRB- -LRB-) (CC or) (NP (NP (NNS copies)) (SBAR (S (PP (IN in) (NP (NP (NNS media)) (SBAR (WHNP (WDT that)) (S (ADVP (RB commonly)) (VP (VBP have) (VP (VBN printed) (NP (NNS covers))))))))))) (-RRB- -RRB-))) (PP (IN of) (NP (DT the) (NNP Document))))))) (, ,) (NP (NP (NP (NN numbering)) (NP (QP (XS (JJR more) (IN than)) (CD 100)))) (, ,) (CC and) (NP (NP (DT the) (NNP Document) (POS 's)) (NN license) (NN notice))) (VP (VBZ requires) (NP (NNP Cover) (NNP Texts))))))))) (, ,) (NP (PRP you)) (VP (MD must) (VP (VB enclose) (NP (DT the) (NNS copies)) (PP (IN in) (NP (NP (NP (NNS covers)) (SBAR (WHNP (WDT that)) (S (VP (VBP carry))))) (, ,) (ADVP (ADVP (RB clearly)) (CC and) (ADVP (RB legibly))) (, ,) (NP (NP (DT all)) (NP (DT these) (NNP Cover) (NNPS Texts))) (: :) (NP (NP (NNP Front-Cover) (NNS Texts)) (PP (IN on) (NP (DT the) (JJ front) (NN cover)))) (, ,) (CC and) (NP (NP (NNP Back-Cover) (NNS Texts)) (PP (IN on) (NP (DT the) (JJ back) (NN cover)))))))) (. .))) "
655,14,15,these,copy,Both covers must also clearly and legibly identify you as the publisher of these copies .,(ROOT (S (NP (DT Both) (NNS covers)) (VP (MD must) (ADVP (RB also)) (VP (ADVP (ADVP (RB clearly)) (CC and) (ADVP (RB legibly))) (VBP identify) (NP (PRP you)) (PP (IN as) (NP (NP (DT the) (NN publisher)) (PP (IN of) (NP (DT these) (NNS copies))))))) (. .))) 
658,21,22,these,condition,"Copying with changes limited to the covers , as long as they preserve the title of the Document and satisfy these conditions , can be treated as verbatim copying in other respects .","(ROOT (S (NP (NP (NNP Copying)) (PP (IN with) (NP (NNS changes)))) (VP (VBN limited) (PP (TO to) (NP (DT the) (NNS covers))) (, ,) (ADVP (ADVP (RB as) (RB long)) (SBAR (IN as) (S (NP (PRP they)) (VP (VP (VBP preserve) (NP (NP (DT the) (NN title)) (PP (IN of) (NP (DT the) (NNP Document))))) (CC and) (VP (VB satisfy) (NP (DT these) (NNS conditions))) (, ,) (VP (MD can) (VP (VB be) (VP (VBN treated) (PP (IN as) (NP (NP (JJ verbatim) (NN copying)) (PP (IN in) (NP (JJ other) (NNS respects))))))))))))) (. .))) "
661,28,30,this,copy,"If you use the latter option , you must take reasonably prudent steps , when you begin distribution of Opaque copies in quantity , to ensure that this Transparent copy will remain thus accessible at the stated location until at least one year after the last time you distribute an Opaque copy -LRB- directly or through your agents or retailers -RRB- of that edition to the public .","(ROOT (S (SBAR (IN If) (S (NP (PRP you)) (VP (VBP use) (NP (DT the) (JJ latter) (NN option))))) (, ,) (NP (PRP you)) (VP (MD must) (VP (VB take) (NP (NP (ADJP (RB reasonably) (JJ prudent)) (NNS steps)) (, ,) (SBAR (WHADVP (WRB when)) (S (NP (PRP you)) (VP (VBP begin) (NP (NP (NN distribution)) (PP (IN of) (NP (NP (JJ Opaque) (NNS copies)) (PP (IN in) (NP (NN quantity)))))) (, ,) (S (VP (TO to) (VP (VB ensure) (SBAR (IN that) (S (NP (DT this) (JJ Transparent) (NN copy)) (VP (MD will) (VP (VB remain) (ADJP (ADVP (RB thus)) (JJ accessible) (PP (IN at) (NP (DT the) (VBN stated) (NN location)))) (PP (IN until) (NP (QP (XS (IN at) (JJS least)) (CD one)) (NN year))) (PP (IN after) (NP (NP (DT the) (JJ last) (NN time)) (SBAR (S (NP (PRP you)) (VP (VBP distribute) (NP (NP (NP (DT an) (JJ Opaque) (NN copy)) (PRN (-LRB- -LRB-) (UCP (ADVP (RB directly)) (CC or) (PP (IN through) (NP (PRP$ your) (NNS agents) (CC or) (NNS retailers))))) (-RRB- -RRB-)) (PP (IN of) (NP (DT that) (NN edition)))) (PP (TO to) (NP (DT the) (NN public))))))))))))))))))))) (. .))) "
661,63,64,that,edition,"If you use the latter option , you must take reasonably prudent steps , when you begin distribution of Opaque copies in quantity , to ensure that this Transparent copy will remain thus accessible at the stated location until at least one year after the last time you distribute an Opaque copy -LRB- directly or through your agents or retailers -RRB- of that edition to the public .","(ROOT (S (SBAR (IN If) (S (NP (PRP you)) (VP (VBP use) (NP (DT the) (JJ latter) (NN option))))) (, ,) (NP (PRP you)) (VP (MD must) (VP (VB take) (NP (NP (ADJP (RB reasonably) (JJ prudent)) (NNS steps)) (, ,) (SBAR (WHADVP (WRB when)) (S (NP (PRP you)) (VP (VBP begin) (NP (NP (NN distribution)) (PP (IN of) (NP (NP (JJ Opaque) (NNS copies)) (PP (IN in) (NP (NN quantity)))))) (, ,) (S (VP (TO to) (VP (VB ensure) (SBAR (IN that) (S (NP (DT this) (JJ Transparent) (NN copy)) (VP (MD will) (VP (VB remain) (ADJP (ADVP (RB thus)) (JJ accessible) (PP (IN at) (NP (DT the) (VBN stated) (NN location)))) (PP (IN until) (NP (QP (XS (IN at) (JJS least)) (CD one)) (NN year))) (PP (IN after) (NP (NP (DT the) (JJ last) (NN time)) (SBAR (S (NP (PRP you)) (VP (VBP distribute) (NP (NP (NP (DT an) (JJ Opaque) (NN copy)) (PRN (-LRB- -LRB-) (UCP (ADVP (RB directly)) (CC or) (PP (IN through) (NP (PRP$ your) (NNS agents) (CC or) (NNS retailers))))) (-RRB- -RRB-)) (PP (IN of) (NP (DT that) (NN edition)))) (PP (TO to) (NP (DT the) (NN public))))))))))))))))))))) (. .))) "
664,32,33,this,license,"MODIFICATIONS You may copy and distribute a Modified Version of the Document under the conditions of sections 2 and 3 above , provided that you release the Modified Version under precisely this License , with the Modified Version filling the role of the Document , thus licensing distribution and modification of the Modified Version to whoever possesses a copy of it .","(ROOT (S (NP (NNS MODIFICATIONS)) (PRN (S (NP (PRP You)) (VP (MD may) (VP (VB copy) (CC and) (VB distribute) (NP (NP (DT a)) (VP (VBN Modified) (NP (NP (NN Version)) (PP (IN of) (NP (DT the) (NNP Document)))) (PP (IN under) (NP (NP (DT the) (NNS conditions)) (PP (IN of) (NP (NNS sections) (CD 2) (CC and) (CD 3))))) (PP (IN above))))))) (, ,)) (VP (VBD provided) (SBAR (IN that) (S (NP (PRP you)) (VP (VBP release) (S (NP (DT the)) (VP (VBN Modified) (NP (NP (NN Version)) (PP (IN under) (NP (RB precisely) (DT this) (NN License)))) (, ,) (PP (IN with) (NP (NP (DT the) (NNP Modified) (NNP Version)) (VP (VBG filling) (NP (NP (DT the) (NN role)) (PP (IN of) (NP (DT the) (NNP Document))))))))) (, ,) (S (ADVP (RB thus)) (VP (VBG licensing) (NP (NP (NN distribution) (CC and) (NN modification)) (PP (IN of) (NP (DT the) (NNP Modified) (NNP Version)))) (PP (TO to) (SBAR (WHNP (WP whoever)) (S (VP (VBZ possesses) (NP (NP (DT a) (NN copy)) (PP (IN of) (NP (PRP it)))))))))))))) (. .))) "
665,7,8,these,thing,"In addition , you must do these things in the Modified Version : 1 .","(ROOT (S (PP (IN In) (NP (NN addition))) (, ,) (NP (PRP you)) (VP (MD must) (VP (VB do) (NP (NP (NP (DT these) (NNS things)) (PP (IN in) (NP (DT the) (NNP Modified) (NNP Version)))) (: :) (NP (CD 1))))) (. .))) "
667,16,17,that,version,You may use the same title as a previous version if the original publisher of that version gives permission .,(ROOT (S (NP (PRP You)) (VP (MD may) (VP (VB use) (NP (DT the) (JJ same) (NN title)) (PP (IN as) (NP (DT a) (JJ previous) (NN version))) (SBAR (IN if) (S (NP (NP (DT the) (JJ original) (NN publisher)) (PP (IN of) (NP (DT that) (NN version)))) (VP (VBZ gives) (NP (NN permission))))))) (. .))) 
669,59,60,this,requirement,"List on the Title Page , as authors , one or more persons or entities responsible for authorship of the modifications in the Modified Version , together with at least five of the principal authors of the Document -LRB- all of its principal authors , if it has fewer than five -RRB- , unless they release you from this requirement .","(ROOT (S (NP (NP (NN List)) (PP (IN on) (NP (DT the) (NNP Title) (NNP Page))) (, ,) (PP (IN as) (NP (NNS authors))) (, ,)) (VP (VP (NP (QP (NP (CD one)) (CC or) (NP (JJR more))) (NNS persons) (CC or) (NNS entities)) (ADJP (JJ responsible) (PP (IN for) (NP (NP (NN authorship)) (PP (IN of) (NP (DT the) (NNS modifications))) (PP (IN in) (NP (NP (DT the) (NNP Modified) (NNP Version)) (, ,) (ADVP (RB together)))) (PP (IN with) (NP (QP (XS (IN at) (JJS least)) (CD five)))) (PP (IN of) (NP (DT the) (JJ principal) (NNS authors))) (PP (IN of) (NP (DT the) (NNP Document))) (PRN (-LRB- -LRB-) (NP (NP (DT all)) (PP (IN of) (NP (NP (PRP$ its) (JJ principal) (NNS authors)) (, ,) (SBAR (IN if) (S (NP (PRP it)) (VP (VBZ has) (NP (QP (XS (JJR fewer) (IN than)) (CD five))))))))) (-RRB- -RRB-)))))) (, ,) (SBAR (IN unless) (S (NP (PRP they)) (VP (VBP release) (NP (PRP you)) (PP (IN from) (NP (DT this) (NN requirement))))))) (. .))) "
677,25,26,this,license,"Include , immediately after the copyright notices , a license notice giving the public permission to use the Modified Version under the terms of this License , in the form shown in the Addendum below .","(ROOT (S (VP (VB Include) (, ,) (PP (ADVP (RB immediately)) (IN after) (NP (DT the) (NN copyright) (NNS notices))) (, ,) (NP (NP (DT a) (NN license) (NN notice)) (VP (VBG giving) (NP (DT the) (JJ public) (NN permission)) (S (VP (TO to) (VP (VB use) (NP (DT the) (NNP Modified) (NNP Version)) (PP (IN under) (NP (NP (DT the) (NNS terms)) (PP (IN of) (NP (DT this) (NN License))))) (, ,) (PP (IN in) (NP (NP (DT the) (NN form)) (VP (VBN shown) (PP (IN in) (NP (DT the) (NNP Addendum))) (PP (IN below))))))))))) (. .))) "
679,3,4,that,license,Preserve in that license notice the full lists of Invariant Sections and required Cover Texts given in the Document 's license notice .,(ROOT (S (VP (VP (VB Preserve) (PP (IN in) (NP (DT that) (NN license))) (S (VP (VB notice) (NP (NP (DT the) (JJ full) (NNS lists)) (PP (IN of) (NP (JJ Invariant) (NNS Sections))))))) (CC and) (VP (VBN required) (NP (NP (NNP Cover) (NNPS Texts)) (PP (VBN given) (PP (IN in) (NP (NP (DT the) (NNP Document) (POS 's)) (NN license) (NN notice))))))) (. .))) 
681,6,7,this,license,Include an unaltered copy of this License .,(ROOT (S (VP (VB Include) (NP (NP (DT an) (ADJP (JJ unaltered)) (NN copy)) (PP (IN of) (NP (DT this) (NN License))))) (. .))) 
701,35,36,these,section,"If the Modified Version includes new front-matter sections or appendices that qualify as Secondary Sections and contain no material copied from the Document , you may at your option designate some or all of these sections as invariant .","(ROOT (S (SBAR (IN If) (S (NP (NP (DT the)) (VP (VBN Modified) (NP (NN Version)))) (VP (VBZ includes) (NP (NP (JJ new) (NN front-matter) (NNS sections) (CC or) (NNS appendices)) (SBAR (WHNP (WDT that)) (S (VP (VP (VBP qualify) (PP (IN as) (NP (JJ Secondary) (NNS Sections)))) (CC and) (VP (VBP contain) (SBAR (S (NP (DT no) (NN material)) (VP (VBD copied) (PP (IN from) (NP (DT the) (NNP Document)))))))))))))) (, ,) (NP (PRP you)) (VP (MD may) (PP (IN at) (NP (PRP$ your) (NN option))) (VP (VB designate) (NP (NP (DT some)) (CC or) (NP (NP (DT all)) (PP (IN of) (NP (DT these) (NNS sections))))) (PP (IN as) (ADJP (JJ invariant))))) (. .))) "
708,17,18,this,license,The author -LRB- s -RRB- and publisher -LRB- s -RRB- of the Document do not by this License give permission to use their names for publicity for or to assert or imply endorsement of any Modified Version .,(ROOT (S (NP (NP (NP (DT The) (NN author)) (PRN (-LRB- -LRB-) (NNS s) (-RRB- -RRB-))) (CC and) (NP (NP (NP (NN publisher)) (PRN (-LRB- -LRB-) (NNS s) (-RRB- -RRB-))) (PP (IN of) (NP (DT the) (NNP Document))))) (VP (VBP do) (RB not) (ADVP (IN by) (NP (DT this) (NN License))) (VP (VB give) (NP (NN permission)) (S (VP (VP (TO to) (VP (VB use) (NP (PRP$ their) (NNS names)) (PP (IN for) (NP (NN publicity))) (PP (IN for)))) (CC or) (VP (TO to) (VP (VB assert) (CC or) (VB imply) (NP (NP (NN endorsement)) (PP (IN of) (NP (NP (DT any)) (VP (VBN Modified) (NP (NN Version)))))))))))) (. .))) 
710,13,14,this,license,"COMBINING DOCUMENTS You may combine the Document with other documents released under this License , under the terms defined in section 4 above for modified versions , provided that you include in the combination all of the Invariant Sections of all of the original documents , unmodified , and list them all as Invariant Sections of your combined work in its license notice , and that you preserve all their Warranty Disclaimers .","(ROOT (S (NP (NNP COMBINING) (NNP DOCUMENTS)) (PRN (S (NP (PRP You)) (VP (MD may) (VP (VB combine) (NP (DT the) (NNP Document)) (PP (IN with) (NP (NP (JJ other) (NNS documents)) (VP (VBN released) (PP (IN under) (NP (DT this) (NN License)))))) (, ,) (PP (IN under) (NP (NP (DT the) (NNS terms)) (VP (VBN defined) (PP (IN in) (NP (NN section) (CD 4))) (PP (IN above) (IN for) (NP (VBN modified) (NNS versions))))))))) (, ,)) (VP (VBD provided) (SBAR (SBAR (IN that) (S (S (NP (PRP you)) (VP (VBP include) (PP (IN in) (NP (DT the) (NN combination))) (PP (DT all) (IN of) (NP (NP (DT the) (JJ Invariant) (NNS Sections)) (PP (IN of) (NP (NP (DT all)) (PP (IN of) (NP (DT the) (JJ original) (NNS documents))))))) (, ,) (ADJP (JJ unmodified)))) (, ,) (CC and) (S (NP (NN list)) (NP (PRP them))) (PP (ADVP (DT all)) (IN as) (NP (NP (JJ Invariant) (NNS Sections)) (PP (IN of) (NP (PRP$ your) (JJ combined) (NN work))))) (PP (IN in) (NP (PRP$ its) (NN license) (NN notice))))) (, ,) (CC and) (SBAR (IN that) (S (NP (PRP you)) (VP (VBP preserve) (S (NP (DT all)) (NP (NP (PRP$ their) (NNP Warranty)) (NP (NNPS Disclaimers))))))))) (. .))) "
711,10,11,this,license,"The combined work need only contain one copy of this License , and multiple identical Invariant Sections may be replaced with a single copy .","(ROOT (S (S (NP (DT The) (JJ combined) (NN work)) (VP (MD need) (ADVP (RB only)) (VP (VB contain) (NP (NP (CD one) (NN copy)) (PP (IN of) (NP (DT this) (NN License))))))) (, ,) (CC and) (S (NP (JJ multiple) (JJ identical) (JJ Invariant) (NNS Sections)) (VP (MD may) (VP (VB be) (VP (VBN replaced) (PP (IN with) (NP (DT a) (JJ single) (NN copy))))))) (. .))) "
712,43,44,that,section,"If there are multiple Invariant Sections with the same name but different contents , make the title of each such section unique by adding at the end of it , in parentheses , the name of the original author or publisher of that section if known , or else a unique number .","(ROOT (S (SBAR (IN If) (S (NP (EX there)) (VP (VBP are) (NP (NP (JJ multiple) (JJ Invariant) (NNS Sections)) (PP (IN with) (NP (NP (DT the) (JJ same) (NN name)) (CC but) (NP (JJ different) (NNS contents)) (, ,))))))) (VP (VBP make) (S (NP (NP (DT the) (NN title)) (PP (IN of) (NP (DT each) (JJ such) (NN section)))) (ADJP (JJ unique) (PP (IN by) (S (VP (VBG adding) (PP (IN at) (NP (NP (DT the) (NN end)) (PP (IN of) (NP (PRP it)))))))))) (, ,) (PP (IN in) (NP (NP (NNS parentheses)) (, ,) (NP (NP (NP (DT the) (NN name)) (PP (IN of) (NP (NP (DT the) (JJ original) (NN author) (CC or) (NN publisher)) (PP (IN of) (NP (NP (DT that) (NN section)) (SBAR (IN if) (S (VP (VBN known))))))))) (, ,) (CC or) (NP (RB else) (DT a) (JJ unique) (NN number)))))) (. .))) "
717,18,19,this,license,"COLLECTIONS OF DOCUMENTS You may make a collection consisting of the Document and other documents released under this License , and replace the individual copies of this License in the various documents with a single copy that is included in the collection , provided that you follow the rules of this License for verbatim copying of each of the documents in all other respects .","(ROOT (S (NP (NP (NNS COLLECTIONS)) (PP (IN OF) (NP (NNP DOCUMENTS)))) (PRN (S (NP (PRP You)) (VP (MD may) (VP (VP (VB make) (NP (NP (NP (DT a) (NN collection)) (VP (VBG consisting) (PP (IN of) (NP (DT the) (NNP Document))))) (CC and) (NP (NP (JJ other) (NNS documents)) (VP (VBN released) (PP (IN under) (NP (DT this) (NN License))))))) (, ,) (CC and) (VP (VB replace) (NP (NP (DT the) (JJ individual) (NNS copies)) (PP (IN of) (NP (NP (DT this) (NN License)) (PP (IN in) (NP (DT the) (JJ various) (NNS documents)))))) (PP (IN with) (NP (NP (DT a) (JJ single) (NN copy)) (SBAR (WHNP (WDT that)) (S (VP (VBZ is) (VP (VBN included) (PP (IN in) (NP (DT the) (NN collection))))))))))))) (, ,)) (VP (VBD provided) (SBAR (IN that) (S (NP (PRP you)) (VP (VBP follow) (NP (NP (DT the) (NNS rules)) (PP (IN of) (NP (NP (DT this) (NN License)) (PP (IN for) (NP (NP (JJ verbatim) (NN copying)) (PP (IN of) (NP (NP (DT each)) (PP (IN of) (NP (NP (DT the) (NNS documents)) (PP (IN in) (NP (DT all) (JJ other) (NNS respects)))))))))))))))) (. .))) "
717,27,28,this,license,"COLLECTIONS OF DOCUMENTS You may make a collection consisting of the Document and other documents released under this License , and replace the individual copies of this License in the various documents with a single copy that is included in the collection , provided that you follow the rules of this License for verbatim copying of each of the documents in all other respects .","(ROOT (S (NP (NP (NNS COLLECTIONS)) (PP (IN OF) (NP (NNP DOCUMENTS)))) (PRN (S (NP (PRP You)) (VP (MD may) (VP (VP (VB make) (NP (NP (NP (DT a) (NN collection)) (VP (VBG consisting) (PP (IN of) (NP (DT the) (NNP Document))))) (CC and) (NP (NP (JJ other) (NNS documents)) (VP (VBN released) (PP (IN under) (NP (DT this) (NN License))))))) (, ,) (CC and) (VP (VB replace) (NP (NP (DT the) (JJ individual) (NNS copies)) (PP (IN of) (NP (NP (DT this) (NN License)) (PP (IN in) (NP (DT the) (JJ various) (NNS documents)))))) (PP (IN with) (NP (NP (DT a) (JJ single) (NN copy)) (SBAR (WHNP (WDT that)) (S (VP (VBZ is) (VP (VBN included) (PP (IN in) (NP (DT the) (NN collection))))))))))))) (, ,)) (VP (VBD provided) (SBAR (IN that) (S (NP (PRP you)) (VP (VBP follow) (NP (NP (DT the) (NNS rules)) (PP (IN of) (NP (NP (DT this) (NN License)) (PP (IN for) (NP (NP (JJ verbatim) (NN copying)) (PP (IN of) (NP (NP (DT each)) (PP (IN of) (NP (NP (DT the) (NNS documents)) (PP (IN in) (NP (DT all) (JJ other) (NNS respects)))))))))))))))) (. .))) "
717,51,52,this,license,"COLLECTIONS OF DOCUMENTS You may make a collection consisting of the Document and other documents released under this License , and replace the individual copies of this License in the various documents with a single copy that is included in the collection , provided that you follow the rules of this License for verbatim copying of each of the documents in all other respects .","(ROOT (S (NP (NP (NNS COLLECTIONS)) (PP (IN OF) (NP (NNP DOCUMENTS)))) (PRN (S (NP (PRP You)) (VP (MD may) (VP (VP (VB make) (NP (NP (NP (DT a) (NN collection)) (VP (VBG consisting) (PP (IN of) (NP (DT the) (NNP Document))))) (CC and) (NP (NP (JJ other) (NNS documents)) (VP (VBN released) (PP (IN under) (NP (DT this) (NN License))))))) (, ,) (CC and) (VP (VB replace) (NP (NP (DT the) (JJ individual) (NNS copies)) (PP (IN of) (NP (NP (DT this) (NN License)) (PP (IN in) (NP (DT the) (JJ various) (NNS documents)))))) (PP (IN with) (NP (NP (DT a) (JJ single) (NN copy)) (SBAR (WHNP (WDT that)) (S (VP (VBZ is) (VP (VBN included) (PP (IN in) (NP (DT the) (NN collection))))))))))))) (, ,)) (VP (VBD provided) (SBAR (IN that) (S (NP (PRP you)) (VP (VBP follow) (NP (NP (DT the) (NNS rules)) (PP (IN of) (NP (NP (DT this) (NN License)) (PP (IN for) (NP (NP (JJ verbatim) (NN copying)) (PP (IN of) (NP (NP (DT each)) (PP (IN of) (NP (NP (DT the) (NNS documents)) (PP (IN in) (NP (DT all) (JJ other) (NNS respects)))))))))))))))) (. .))) "
718,17,18,this,license,"You may extract a single document from such a collection , and distribute it individually under this License , provided you insert a copy of this License into the extracted document , and follow this License in all other respects regarding verbatim copying of that document .","(ROOT (S (NP (PRP You)) (VP (MD may) (VP (VP (VB extract) (NP (DT a) (JJ single) (NN document)) (PP (IN from) (NP (JJ such) (DT a) (NN collection)))) (, ,) (CC and) (VP (VB distribute) (NP (PRP it)) (ADVP (RB individually)) (PP (IN under) (NP (NP (DT this) (NN License)) (, ,) (VP (VBN provided) (SBAR (S (NP (PRP you)) (VP (VBP insert) (NP (NP (DT a) (NN copy)) (PP (IN of) (NP (DT this) (NN License)))) (PP (IN into) (NP (DT the) (VBN extracted) (NN document)))))))))) (, ,) (CC and) (VP (VB follow) (NP (DT this) (NN License)) (PP (IN in) (NP (NP (DT all) (JJ other) (NNS respects)) (PP (VBG regarding) (NP (NP (JJ verbatim) (NN copying)) (PP (IN of) (NP (DT that) (NN document)))))))))) (. .))) "
718,26,27,this,license,"You may extract a single document from such a collection , and distribute it individually under this License , provided you insert a copy of this License into the extracted document , and follow this License in all other respects regarding verbatim copying of that document .","(ROOT (S (NP (PRP You)) (VP (MD may) (VP (VP (VB extract) (NP (DT a) (JJ single) (NN document)) (PP (IN from) (NP (JJ such) (DT a) (NN collection)))) (, ,) (CC and) (VP (VB distribute) (NP (PRP it)) (ADVP (RB individually)) (PP (IN under) (NP (NP (DT this) (NN License)) (, ,) (VP (VBN provided) (SBAR (S (NP (PRP you)) (VP (VBP insert) (NP (NP (DT a) (NN copy)) (PP (IN of) (NP (DT this) (NN License)))) (PP (IN into) (NP (DT the) (VBN extracted) (NN document)))))))))) (, ,) (CC and) (VP (VB follow) (NP (DT this) (NN License)) (PP (IN in) (NP (NP (DT all) (JJ other) (NNS respects)) (PP (VBG regarding) (NP (NP (JJ verbatim) (NN copying)) (PP (IN of) (NP (DT that) (NN document)))))))))) (. .))) "
718,35,36,this,license,"You may extract a single document from such a collection , and distribute it individually under this License , provided you insert a copy of this License into the extracted document , and follow this License in all other respects regarding verbatim copying of that document .","(ROOT (S (NP (PRP You)) (VP (MD may) (VP (VP (VB extract) (NP (DT a) (JJ single) (NN document)) (PP (IN from) (NP (JJ such) (DT a) (NN collection)))) (, ,) (CC and) (VP (VB distribute) (NP (PRP it)) (ADVP (RB individually)) (PP (IN under) (NP (NP (DT this) (NN License)) (, ,) (VP (VBN provided) (SBAR (S (NP (PRP you)) (VP (VBP insert) (NP (NP (DT a) (NN copy)) (PP (IN of) (NP (DT this) (NN License)))) (PP (IN into) (NP (DT the) (VBN extracted) (NN document)))))))))) (, ,) (CC and) (VP (VB follow) (NP (DT this) (NN License)) (PP (IN in) (NP (NP (DT all) (JJ other) (NNS respects)) (PP (VBG regarding) (NP (NP (JJ verbatim) (NN copying)) (PP (IN of) (NP (DT that) (NN document)))))))))) (. .))) "
718,45,46,that,document,"You may extract a single document from such a collection , and distribute it individually under this License , provided you insert a copy of this License into the extracted document , and follow this License in all other respects regarding verbatim copying of that document .","(ROOT (S (NP (PRP You)) (VP (MD may) (VP (VP (VB extract) (NP (DT a) (JJ single) (NN document)) (PP (IN from) (NP (JJ such) (DT a) (NN collection)))) (, ,) (CC and) (VP (VB distribute) (NP (PRP it)) (ADVP (RB individually)) (PP (IN under) (NP (NP (DT this) (NN License)) (, ,) (VP (VBN provided) (SBAR (S (NP (PRP you)) (VP (VBP insert) (NP (NP (DT a) (NN copy)) (PP (IN of) (NP (DT this) (NN License)))) (PP (IN into) (NP (DT the) (VBN extracted) (NN document)))))))))) (, ,) (CC and) (VP (VB follow) (NP (DT this) (NN License)) (PP (IN in) (NP (NP (DT all) (JJ other) (NNS respects)) (PP (VBG regarding) (NP (NP (JJ verbatim) (NN copying)) (PP (IN of) (NP (DT that) (NN document)))))))))) (. .))) "
721,10,11,this,license,"When the Document is included in an aggregate , this License does not apply to the other works in the aggregate which are not themselves derivative works of the Document .","(ROOT (S (SBAR (WHADVP (WRB When)) (S (NP (DT the) (NNP Document)) (VP (VBZ is) (VP (VBN included) (PP (IN in) (NP (DT an) (NN aggregate))))))) (, ,) (NP (DT this) (NN License)) (VP (VBZ does) (RB not) (VP (VB apply) (PP (TO to) (NP (DT the) (JJ other) (NNS works))) (PP (IN in) (NP (NP (DT the) (NN aggregate)) (SBAR (WHNP (WDT which)) (S (VP (VBP are) (RB not) (ADVP (PRP themselves)) (NP (NP (JJ derivative) (NNS works)) (PP (IN of) (NP (DT the) (NNP Document))))))))))) (. .))) "
722,12,13,these,copy,"If the Cover Text requirement of section 3 is applicable to these copies of the Document , then if the Document is less than one half of the entire aggregate , the Document 's Cover Texts may be placed on covers that bracket the Document within the aggregate , or the electronic equivalent of covers if the Document is in electronic form .","(ROOT (S (SBAR (IN If) (S (NP (DT the) (NNP Cover)) (VP (VB Text) (SBAR (S (NP (NP (NN requirement)) (PP (IN of) (NP (NN section) (CD 3)))) (VP (VBZ is) (ADJP (JJ applicable) (PP (TO to) (NP (NP (DT these) (NNS copies)) (PP (IN of) (NP (DT the) (NNP Document)))))) (, ,) (ADVP (RB then)) (SBAR (IN if) (S (NP (DT the) (NNP Document)) (VP (VBZ is) (NP (NP (QP (XS (RBR less) (IN than)) (CD one) (NN half))) (PP (IN of) (NP (DT the) (JJ entire) (NN aggregate))))))))))))) (, ,) (NP (NP (DT the) (NNP Document) (POS 's)) (NNP Cover) (NNPS Texts)) (VP (MD may) (VP (VB be) (VP (VBN placed) (PP (IN on) (NP (NP (NNS covers)) (SBAR (WHNP (WDT that)) (S (VP (NN bracket) (NP (NP (NP (DT the) (NNP Document)) (PP (IN within) (NP (DT the) (NN aggregate)))) (, ,) (CC or) (NP (NP (DT the) (JJ electronic) (NN equivalent)) (PP (IN of) (NP (NNS covers)))))))))) (SBAR (IN if) (S (NP (DT the) (NNP Document)) (VP (VBZ is) (PP (IN in) (NP (JJ electronic) (NN form))))))))) (. .))) "
726,32,34,these,section,"Replacing Invariant Sections with translations requires special permission from their copyright holders , but you may include translations of some or all Invariant Sections in addition to the original versions of these Invariant Sections .","(ROOT (S (S (S (VP (VBG Replacing) (NP (JJ Invariant) (NNS Sections)) (PP (IN with) (NP (NNS translations))))) (VP (VBZ requires) (NP (JJ special) (NN permission)) (PP (IN from) (NP (PRP$ their) (NN copyright) (NNS holders))))) (, ,) (CC but) (S (NP (PRP you)) (VP (MD may) (VP (VB include) (NP (NP (NNS translations)) (PP (IN of) (NP (NP (DT some)) (CC or) (NP (DT all) (JJ Invariant) (NNS Sections))))) (PP (IN in) (NP (NN addition))) (PP (TO to) (NP (NP (DT the) (JJ original) (NNS versions)) (PP (IN of) (NP (DT these) (JJ Invariant) (NNS Sections)))))))) (. .))) "
727,7,8,this,license,"You may include a translation of this License , and all the license notices in the Document , and any Warranty Disclaimers , provided that you also include the original English version of this License and the original versions of those notices and disclaimers .","(ROOT (S (S (NP (PRP You)) (VP (MD may) (VP (VB include) (NP (NP (DT a) (NN translation)) (PP (IN of) (NP (DT this) (NN License))))))) (, ,) (CC and) (S (NP (NP (PDT all) (DT the) (NN license) (NNS notices)) (PP (IN in) (NP (NP (DT the) (NNP Document)) (, ,) (CC and) (NP (DT any) (NNP Warranty) (NNPS Disclaimers)) (, ,)))) (VP (VBD provided) (SBAR (IN that) (S (NP (PRP you)) (ADVP (RB also)) (VP (VBP include) (NP (NP (NP (DT the) (JJ original) (NNP English) (NN version)) (PP (IN of) (NP (DT this) (NN License)))) (CC and) (NP (NP (DT the) (JJ original) (NNS versions)) (PP (IN of) (NP (DT those) (NNS notices) (CC and) (NNS disclaimers)))))))))) (. .))) "
727,34,35,this,license,"You may include a translation of this License , and all the license notices in the Document , and any Warranty Disclaimers , provided that you also include the original English version of this License and the original versions of those notices and disclaimers .","(ROOT (S (S (NP (PRP You)) (VP (MD may) (VP (VB include) (NP (NP (DT a) (NN translation)) (PP (IN of) (NP (DT this) (NN License))))))) (, ,) (CC and) (S (NP (NP (PDT all) (DT the) (NN license) (NNS notices)) (PP (IN in) (NP (NP (DT the) (NNP Document)) (, ,) (CC and) (NP (DT any) (NNP Warranty) (NNPS Disclaimers)) (, ,)))) (VP (VBD provided) (SBAR (IN that) (S (NP (PRP you)) (ADVP (RB also)) (VP (VBP include) (NP (NP (NP (DT the) (JJ original) (NNP English) (NN version)) (PP (IN of) (NP (DT this) (NN License)))) (CC and) (NP (NP (DT the) (JJ original) (NNS versions)) (PP (IN of) (NP (DT those) (NNS notices) (CC and) (NNS disclaimers)))))))))) (. .))) "
727,41,42,those,notice,"You may include a translation of this License , and all the license notices in the Document , and any Warranty Disclaimers , provided that you also include the original English version of this License and the original versions of those notices and disclaimers .","(ROOT (S (S (NP (PRP You)) (VP (MD may) (VP (VB include) (NP (NP (DT a) (NN translation)) (PP (IN of) (NP (DT this) (NN License))))))) (, ,) (CC and) (S (NP (NP (PDT all) (DT the) (NN license) (NNS notices)) (PP (IN in) (NP (NP (DT the) (NNP Document)) (, ,) (CC and) (NP (DT any) (NNP Warranty) (NNPS Disclaimers)) (, ,)))) (VP (VBD provided) (SBAR (IN that) (S (NP (PRP you)) (ADVP (RB also)) (VP (VBP include) (NP (NP (NP (DT the) (JJ original) (NNP English) (NN version)) (PP (IN of) (NP (DT this) (NN License)))) (CC and) (NP (NP (DT the) (JJ original) (NNS versions)) (PP (IN of) (NP (DT those) (NNS notices) (CC and) (NNS disclaimers)))))))))) (. .))) "
728,14,15,this,license,"In case of a disagreement between the translation and the original version of this License or a notice or disclaimer , the original version will prevail .","(ROOT (S (PP (IN In) (NP (NP (NN case)) (PP (IN of) (NP (NP (NP (DT a) (NN disagreement)) (PP (IN between) (NP (DT the) (NN translation)))) (CC and) (NP (NP (DT the) (JJ original) (NN version)) (PP (IN of) (NP (NP (DT this) (NN License)) (CC or) (NP (DT a) (NN notice) (CC or) (NN disclaimer))))))))) (, ,) (NP (DT the) (JJ original) (NN version)) (VP (MD will) (VP (VB prevail))) (. .))) "
731,20,21,this,license,"TERMINATION You may not copy , modify , sublicense , or distribute the Document except as expressly provided under this License .","(ROOT (S (NP (NP (NN TERMINATION)) (SBAR (S (NP (PRP You)) (VP (MD may) (RB not) (VP (VB copy) (, ,) (VB modify) (, ,) (VB sublicense) (, ,) (CC or) (VB distribute) (NP (DT the) (NNP Document)) (PP (IN except) (PP (IN as) (ADVP (RB expressly))))))))) (VP (VBN provided) (PP (IN under) (NP (DT this) (NN License)))) (. .))) "
732,24,25,this,license,"Any attempt otherwise to copy , modify , sublicense , or distribute it is void , and will automatically terminate your rights under this License .","(ROOT (S (NP (NP (DT Any) (NN attempt)) (RRC (ADVP (RB otherwise)) (PP (TO to) (NP (NN copy)))) (PRN (, ,) (S (VP (VP (VB modify)) (, ,) (VP (VB sublicense)) (, ,) (CC or) (VP (VB distribute) (NP (PRP it))))))) (VP (VP (VBZ is) (ADJP (JJ void))) (, ,) (CC and) (VP (MD will) (ADVP (RB automatically)) (VP (VB terminate) (NP (PRP$ your) (NNS rights)) (PP (IN under) (NP (DT this) (NN License)))))) (. .))) "
733,9,10,this,license,"However , if you cease all violation of this License , then your license from a particular copyright holder is reinstated -LRB- a -RRB- provisionally , unless and until the copyright holder explicitly and finally terminates your license , and -LRB- b -RRB- permanently , if the copyright holder fails to notify you of the violation by some reasonable means prior to 60 days after the cessation .","(ROOT (S (ADVP (RB However)) (, ,) (SBAR (IN if) (S (NP (PRP you)) (VP (VBP cease) (NP (NP (DT all) (NN violation)) (PP (IN of) (NP (DT this) (NN License))))))) (, ,) (S (ADVP (RB then)) (NP (NP (PRP$ your) (NN license)) (PP (IN from) (NP (DT a) (JJ particular) (NN copyright) (NN holder)))) (VP (VBZ is) (VP (VBN reinstated) (S (-LRB- -LRB-) (NP (DT a)) (-RRB- -RRB-) (ADVP (RB provisionally))) (, ,) (SBAR (IN unless) (CC and) (IN until) (S (NP (DT the) (NN copyright) (NN holder)) (VP (ADVP (ADVP (RB explicitly)) (CC and) (ADVP (RB finally))) (VBZ terminates) (NP (PRP$ your) (NN license)))))))) (, ,) (CC and) (S (LST (-LRB- -LRB-) (LS b) (-RRB- -RRB-)) (NP (RB permanently)) (VP (VP (PRN (, ,) (ADVP (IN if)) (NP (NP (DT the) (NN copyright)) (NP (NN holder)))) (VBZ fails) (SBAR (PP (TO to)) (S (VP (VB notify) (NP (PRP you)) (PP (IN of) (NP (NP (DT the) (NN violation)) (PP (IN by) (NP (DT some))))))))) (NP (NP (JJ reasonable) (NNS means)) (ADVP (RB prior) (PP (TO to) (NP (NP (CD 60) (NNS days)) (PP (IN after) (NP (DT the) (NN cessation))))))))) (. .))) "
734,39,40,this,license,"Moreover , your license from a particular copyright holder is reinstated permanently if the copyright holder notifies you of the violation by some reasonable means , this is the first time you have received notice of violation of this License -LRB- for any work -RRB- from that copyright holder , and you cure the violation prior to 30 days after your receipt of the notice .","(ROOT (S (ADVP (RB Moreover)) (, ,) (S (NP (NP (PRP$ your) (NN license)) (PP (IN from) (NP (DT a) (JJ particular) (NN copyright) (NN holder)))) (VP (VBZ is) (VP (VBN reinstated) (ADVP (RB permanently)) (SBAR (IN if) (S (NP (DT the) (NN copyright) (NN holder)) (VP (VBZ notifies) (NP (NP (PRP you)) (PP (IN of) (NP (DT the) (NN violation)))) (PP (IN by) (NP (DT some) (JJ reasonable) (NNS means))))))))) (PRN (, ,) (S (NP (DT this)) (VP (VBZ is) (NP (NP (DT the) (JJ first) (NN time)) (SBAR (S (NP (PRP you)) (VP (VBP have) (VP (VBN received) (NP (NP (NN notice)) (PP (IN of) (NP (NP (NN violation)) (PP (IN of) (NP (NP (DT this) (NN License)) (PRN (-LRB- -LRB-) (PP (IN for) (NP (DT any) (NN work))) (-RRB- -RRB-))))))) (PP (IN from) (NP (DT that) (NN copyright) (NN holder)))))))))) (, ,)) (CC and) (S (NP (PRP you)) (VP (VBP cure) (ADVP (NP (DT the) (NN violation)) (RB prior)) (PP (TO to) (NP (CD 30) (NNS days))) (PP (IN after) (NP (NP (PRP$ your) (NN receipt)) (PP (IN of) (NP (DT the) (NN notice))))))) (. .))) "
734,47,49,that,holder,"Moreover , your license from a particular copyright holder is reinstated permanently if the copyright holder notifies you of the violation by some reasonable means , this is the first time you have received notice of violation of this License -LRB- for any work -RRB- from that copyright holder , and you cure the violation prior to 30 days after your receipt of the notice .","(ROOT (S (ADVP (RB Moreover)) (, ,) (S (NP (NP (PRP$ your) (NN license)) (PP (IN from) (NP (DT a) (JJ particular) (NN copyright) (NN holder)))) (VP (VBZ is) (VP (VBN reinstated) (ADVP (RB permanently)) (SBAR (IN if) (S (NP (DT the) (NN copyright) (NN holder)) (VP (VBZ notifies) (NP (NP (PRP you)) (PP (IN of) (NP (DT the) (NN violation)))) (PP (IN by) (NP (DT some) (JJ reasonable) (NNS means))))))))) (PRN (, ,) (S (NP (DT this)) (VP (VBZ is) (NP (NP (DT the) (JJ first) (NN time)) (SBAR (S (NP (PRP you)) (VP (VBP have) (VP (VBN received) (NP (NP (NN notice)) (PP (IN of) (NP (NP (NN violation)) (PP (IN of) (NP (NP (DT this) (NN License)) (PRN (-LRB- -LRB-) (PP (IN for) (NP (DT any) (NN work))) (-RRB- -RRB-))))))) (PP (IN from) (NP (DT that) (NN copyright) (NN holder)))))))))) (, ,)) (CC and) (S (NP (PRP you)) (VP (VBP cure) (ADVP (NP (DT the) (NN violation)) (RB prior)) (PP (TO to) (NP (CD 30) (NNS days))) (PP (IN after) (NP (NP (PRP$ your) (NN receipt)) (PP (IN of) (NP (DT the) (NN notice))))))) (. .))) "
735,6,7,this,section,Termination of your rights under this section does not terminate the licenses of parties who have received copies or rights from you under this License .,(ROOT (S (NP (NP (NN Termination)) (PP (IN of) (NP (NP (PRP$ your) (NNS rights)) (PP (IN under) (NP (DT this) (NN section)))))) (VP (VBZ does) (RB not) (VP (VB terminate) (NP (NP (DT the) (NNS licenses)) (PP (IN of) (NP (NP (NNS parties)) (SBAR (WHNP (WP who)) (S (VP (VBP have) (VP (VBN received) (NP (NNS copies) (CC or) (NNS rights)) (PP (IN from) (NP (PRP you))) (PP (IN under) (NP (DT this) (NN License)))))))))))) (. .))) 
735,24,25,this,license,Termination of your rights under this section does not terminate the licenses of parties who have received copies or rights from you under this License .,(ROOT (S (NP (NP (NN Termination)) (PP (IN of) (NP (NP (PRP$ your) (NNS rights)) (PP (IN under) (NP (DT this) (NN section)))))) (VP (VBZ does) (RB not) (VP (VB terminate) (NP (NP (DT the) (NNS licenses)) (PP (IN of) (NP (NP (NNS parties)) (SBAR (WHNP (WP who)) (S (VP (VBP have) (VP (VBN received) (NP (NNS copies) (CC or) (NNS rights)) (PP (IN from) (NP (PRP you))) (PP (IN under) (NP (DT this) (NN License)))))))))))) (. .))) 
742,11,12,this,license,"If the Document specifies that a particular numbered version of this License `` or any later version '' applies to it , you have the option of following the terms and conditions either of that specified version or of any later version that has been published -LRB- not as a draft -RRB- by the Free Software Foundation .","(ROOT (S (SBAR (IN If) (S (NP (DT the) (NNP Document)) (VP (VBZ specifies) (SBAR (IN that) (S (NP (DT a) (JJ particular)) (VP (VBD numbered) (SBAR (S (NP (NP (NN version)) (PP (IN of) (NP (NP (DT this) (NN License)) (`` ``) (CC or) (NP (DT any) (JJ later) (NN version))))) ('' '') (VP (VBZ applies) (PP (TO to) (NP (PRP it)))))))))))) (, ,) (NP (PRP you)) (VP (VBP have) (NP (NP (DT the) (NN option)) (PP (IN of) (S (VP (VBG following) (NP (NP (DT the) (NNS terms) (CC and) (NNS conditions)) (PP (DT either) (PP (IN of) (NP (DT that) (VBN specified) (NN version))) (CC or) (PP (IN of) (NP (DT any) (JJ later) (NN version)))) (SBAR (WHNP (WDT that)) (S (VP (VBZ has) (VP (VBN been) (VP (VBN published) (PRN (-LRB- -LRB-) (PP (RB not) (IN as) (NP (DT a) (NN draft))) (-RRB- -RRB-)))))))) (PP (IN by) (NP (DT the) (NNP Free) (NNP Software) (NNP Foundation)))))))) (. .))) "
742,35,37,that,version,"If the Document specifies that a particular numbered version of this License `` or any later version '' applies to it , you have the option of following the terms and conditions either of that specified version or of any later version that has been published -LRB- not as a draft -RRB- by the Free Software Foundation .","(ROOT (S (SBAR (IN If) (S (NP (DT the) (NNP Document)) (VP (VBZ specifies) (SBAR (IN that) (S (NP (DT a) (JJ particular)) (VP (VBD numbered) (SBAR (S (NP (NP (NN version)) (PP (IN of) (NP (NP (DT this) (NN License)) (`` ``) (CC or) (NP (DT any) (JJ later) (NN version))))) ('' '') (VP (VBZ applies) (PP (TO to) (NP (PRP it)))))))))))) (, ,) (NP (PRP you)) (VP (VBP have) (NP (NP (DT the) (NN option)) (PP (IN of) (S (VP (VBG following) (NP (NP (DT the) (NNS terms) (CC and) (NNS conditions)) (PP (DT either) (PP (IN of) (NP (DT that) (VBN specified) (NN version))) (CC or) (PP (IN of) (NP (DT any) (JJ later) (NN version)))) (SBAR (WHNP (WDT that)) (S (VP (VBZ has) (VP (VBN been) (VP (VBN published) (PRN (-LRB- -LRB-) (PP (RB not) (IN as) (NP (DT a) (NN draft))) (-RRB- -RRB-)))))))) (PP (IN by) (NP (DT the) (NNP Free) (NNP Software) (NNP Foundation)))))))) (. .))) "
743,11,12,this,license,"If the Document does not specify a version number of this License , you may choose any version ever published -LRB- not as a draft -RRB- by the Free Software Foundation .","(ROOT (S (SBAR (IN If) (S (NP (DT the) (NNP Document)) (VP (VBZ does) (RB not) (VP (VB specify) (NP (NP (DT a) (NN version) (NN number)) (PP (IN of) (NP (DT this) (NN License)))))))) (, ,) (NP (PRP you)) (VP (MD may) (VP (VB choose) (S (NP (DT any) (NN version)) (ADVP (RB ever)) (VP (VBN published) (PRN (-LRB- -LRB-) (PP (RB not) (IN as) (NP (DT a) (NN draft))) (-RRB- -RRB-)) (PP (IN by) (NP (DT the) (NNP Free) (NNP Software) (NNP Foundation))))))) (. .))) "
744,14,15,this,license,"If the Document specifies that a proxy can decide which future versions of this License can be used , that proxy 's public statement of acceptance of a version permanently authorizes you to choose that version for the Document .","(ROOT (S (SBAR (IN If) (S (NP (DT the) (NNP Document)) (VP (VBZ specifies) (SBAR (IN that) (S (NP (DT a) (NN proxy)) (VP (MD can) (VP (VB decide) (WHNP (WDT which))))))))) (NP (NP (NN future) (NNS versions)) (PP (IN of) (NP (DT this) (NN License)))) (VP (MD can) (VP (VB be) (VP (VBN used) (, ,) (SBAR (IN that) (S (NP (NP (NP (NN proxy) (POS 's)) (JJ public) (NN statement)) (PP (IN of) (NP (NP (NN acceptance)) (PP (IN of) (NP (DT a) (NN version)))))) (ADVP (RB permanently)) (VP (VBZ authorizes) (S (NP (PRP you)) (VP (TO to) (VP (VB choose) (NP (NP (DT that) (NN version)) (PP (IN for) (NP (DT the) (NNP Document))))))))))))) (. .))) "
744,35,36,that,version,"If the Document specifies that a proxy can decide which future versions of this License can be used , that proxy 's public statement of acceptance of a version permanently authorizes you to choose that version for the Document .","(ROOT (S (SBAR (IN If) (S (NP (DT the) (NNP Document)) (VP (VBZ specifies) (SBAR (IN that) (S (NP (DT a) (NN proxy)) (VP (MD can) (VP (VB decide) (WHNP (WDT which))))))))) (NP (NP (NN future) (NNS versions)) (PP (IN of) (NP (DT this) (NN License)))) (VP (MD can) (VP (VB be) (VP (VBN used) (, ,) (SBAR (IN that) (S (NP (NP (NP (NN proxy) (POS 's)) (JJ public) (NN statement)) (PP (IN of) (NP (NP (NN acceptance)) (PP (IN of) (NP (DT a) (NN version)))))) (ADVP (RB permanently)) (VP (VBZ authorizes) (S (NP (PRP you)) (VP (TO to) (VP (VB choose) (NP (NP (DT that) (NN version)) (PP (IN for) (NP (DT the) (NNP Document))))))))))))) (. .))) "
746,34,35,those,work,RELICENSING `` Massive Multiauthor Collaboration Site '' -LRB- or `` MMC Site '' -RRB- means any World Wide Web server that publishes copyrightable works and also provides prominent facilities for anybody to edit those works .,(ROOT (S (VP (VBG RELICENSING) (NP (NP (`` ``) (NP (JJ Massive) (NNP Multiauthor) (NNP Collaboration) (NN Site)) ('' '') (PRN (-LRB- -LRB-) (CC or) (`` ``) (NP (NNP MMC) (NN Site)) ('' '') (-RRB- -RRB-))) (SBAR (S (VP (VBZ means) (NP (NP (DT any) (NNP World) (NN Wide) (NN Web) (NN server)) (SBAR (WHNP (WDT that)) (S (VP (VP (VBZ publishes) (NP (JJ copyrightable) (NNS works))) (CC and) (VP (ADVP (RB also)) (VBZ provides) (NP (JJ prominent) (NNS facilities)) (PP (IN for) (NP (NN anybody))) (S (VP (TO to) (VP (VB edit) (NP (DT those) (NNS works))))))))))))))) (. .))) 
749,40,41,that,license,"`` CC-BY-SA '' means the Creative Commons Attribution-Share Alike 3.0 license published by Creative Commons Corporation , a not-for-profit corporation with a principal place of business in San Francisco , California , as well as future copyleft versions of that license published by that same organization .","(ROOT (S (NP (`` ``) (NN CC-BY-SA) ('' '')) (VP (VBZ means) (NP (NP (NP (DT the) (JJ Creative) (NNPS Commons)) (SBAR (S (NP (NNP Attribution-Share) (JJ Alike) (CD 3.0) (NN license)) (VP (VBN published) (PP (IN by) (NP (NP (NNP Creative) (NNP Commons) (NNP Corporation)) (, ,) (NP (DT a) (JJ not-for-profit) (NN corporation)))) (PP (IN with) (NP (NP (DT a) (JJ principal) (NN place)) (PP (IN of) (NP (NN business))))) (PP (IN in) (NP (NP (NNP San) (NNP Francisco)) (, ,) (NP (NNP California)))))))) (, ,) (CONJP (RB as) (RB well) (IN as)) (NP (NP (JJ future) (NN copyleft) (NNS versions)) (PP (IN of) (NP (NP (DT that) (NN license)) (VP (VBN published) (PP (IN by) (NP (DT that) (JJ same) (NN organization))))))))) (. .))) "
749,44,46,that,organization,"`` CC-BY-SA '' means the Creative Commons Attribution-Share Alike 3.0 license published by Creative Commons Corporation , a not-for-profit corporation with a principal place of business in San Francisco , California , as well as future copyleft versions of that license published by that same organization .","(ROOT (S (NP (`` ``) (NN CC-BY-SA) ('' '')) (VP (VBZ means) (NP (NP (NP (DT the) (JJ Creative) (NNPS Commons)) (SBAR (S (NP (NNP Attribution-Share) (JJ Alike) (CD 3.0) (NN license)) (VP (VBN published) (PP (IN by) (NP (NP (NNP Creative) (NNP Commons) (NNP Corporation)) (, ,) (NP (DT a) (JJ not-for-profit) (NN corporation)))) (PP (IN with) (NP (NP (DT a) (JJ principal) (NN place)) (PP (IN of) (NP (NN business))))) (PP (IN in) (NP (NP (NNP San) (NNP Francisco)) (, ,) (NP (NNP California)))))))) (, ,) (CONJP (RB as) (RB well) (IN as)) (NP (NP (JJ future) (NN copyleft) (NNS versions)) (PP (IN of) (NP (NP (DT that) (NN license)) (VP (VBN published) (PP (IN by) (NP (DT that) (JJ same) (NN organization))))))))) (. .))) "
751,14,15,this,license,"An MMC is `` eligible for relicensing '' if it is licensed under this License , and if all works that were first published under this License somewhere other than this MMC , and subsequently incorporated in whole or in part into the MMC , -LRB- 1 -RRB- had no cover texts or invariant sections , and -LRB- 2 -RRB- were thus incorporated prior to November 1 , 2008 .","(ROOT (S (S (NP (DT An) (NN MMC)) (VP (VBZ is) (ADJP (`` ``) (JJ eligible)) (PP (IN for) (S (VP (VBG relicensing)))) ('' '') (SBAR (SBAR (IN if) (S (NP (PRP it)) (VP (VBZ is) (VP (VBN licensed) (PP (IN under) (NP (DT this) (NN License))))))) (, ,) (CC and) (SBAR (IN if) (S (NP (NP (DT all) (NNS works)) (SBAR (WHNP (WDT that)) (S (VP (VBD were) (ADVP (JJ first)) (VP (VP (VBN published) (PP (IN under) (NP (DT this) (NN License))) (ADVP (RB somewhere) (JJ other) (PP (IN than) (NP (DT this) (NN MMC))))) (, ,) (CC and) (ADVP (RB subsequently)) (VP (VBN incorporated) (PP (PP (IN in) (NP (JJ whole))) (CC or) (PP (IN in) (NP (NN part)))) (PP (IN into) (NP (DT the) (NNP MMC))) (, ,) (PRN (-LRB- -LRB-) (NP (LS 1)) (-RRB- -RRB-)))))))) (VP (VBD had) (NP (NP (DT no) (NN cover) (NNS texts)) (CC or) (NP (JJ invariant) (NNS sections))))))))) (, ,) (CC and) (S (-LRB- -LRB-) (NP (LS 2)) (-RRB- -RRB-) (VP (VBD were) (ADVP (RB thus)) (VP (VBN incorporated) (PP (RB prior) (PP (TO to) (NP (NNP November) (CD 1) (, ,) (CD 2008))))))) (. .))) "
751,26,27,this,license,"An MMC is `` eligible for relicensing '' if it is licensed under this License , and if all works that were first published under this License somewhere other than this MMC , and subsequently incorporated in whole or in part into the MMC , -LRB- 1 -RRB- had no cover texts or invariant sections , and -LRB- 2 -RRB- were thus incorporated prior to November 1 , 2008 .","(ROOT (S (S (NP (DT An) (NN MMC)) (VP (VBZ is) (ADJP (`` ``) (JJ eligible)) (PP (IN for) (S (VP (VBG relicensing)))) ('' '') (SBAR (SBAR (IN if) (S (NP (PRP it)) (VP (VBZ is) (VP (VBN licensed) (PP (IN under) (NP (DT this) (NN License))))))) (, ,) (CC and) (SBAR (IN if) (S (NP (NP (DT all) (NNS works)) (SBAR (WHNP (WDT that)) (S (VP (VBD were) (ADVP (JJ first)) (VP (VP (VBN published) (PP (IN under) (NP (DT this) (NN License))) (ADVP (RB somewhere) (JJ other) (PP (IN than) (NP (DT this) (NN MMC))))) (, ,) (CC and) (ADVP (RB subsequently)) (VP (VBN incorporated) (PP (PP (IN in) (NP (JJ whole))) (CC or) (PP (IN in) (NP (NN part)))) (PP (IN into) (NP (DT the) (NNP MMC))) (, ,) (PRN (-LRB- -LRB-) (NP (LS 1)) (-RRB- -RRB-)))))))) (VP (VBD had) (NP (NP (DT no) (NN cover) (NNS texts)) (CC or) (NP (JJ invariant) (NNS sections))))))))) (, ,) (CC and) (S (-LRB- -LRB-) (NP (LS 2)) (-RRB- -RRB-) (VP (VBD were) (ADVP (RB thus)) (VP (VBN incorporated) (PP (RB prior) (PP (TO to) (NP (NNP November) (CD 1) (, ,) (CD 2008))))))) (. .))) "
751,31,32,this,mmc,"An MMC is `` eligible for relicensing '' if it is licensed under this License , and if all works that were first published under this License somewhere other than this MMC , and subsequently incorporated in whole or in part into the MMC , -LRB- 1 -RRB- had no cover texts or invariant sections , and -LRB- 2 -RRB- were thus incorporated prior to November 1 , 2008 .","(ROOT (S (S (NP (DT An) (NN MMC)) (VP (VBZ is) (ADJP (`` ``) (JJ eligible)) (PP (IN for) (S (VP (VBG relicensing)))) ('' '') (SBAR (SBAR (IN if) (S (NP (PRP it)) (VP (VBZ is) (VP (VBN licensed) (PP (IN under) (NP (DT this) (NN License))))))) (, ,) (CC and) (SBAR (IN if) (S (NP (NP (DT all) (NNS works)) (SBAR (WHNP (WDT that)) (S (VP (VBD were) (ADVP (JJ first)) (VP (VP (VBN published) (PP (IN under) (NP (DT this) (NN License))) (ADVP (RB somewhere) (JJ other) (PP (IN than) (NP (DT this) (NN MMC))))) (, ,) (CC and) (ADVP (RB subsequently)) (VP (VBN incorporated) (PP (PP (IN in) (NP (JJ whole))) (CC or) (PP (IN in) (NP (NN part)))) (PP (IN into) (NP (DT the) (NNP MMC))) (, ,) (PRN (-LRB- -LRB-) (NP (LS 1)) (-RRB- -RRB-)))))))) (VP (VBD had) (NP (NP (DT no) (NN cover) (NNS texts)) (CC or) (NP (JJ invariant) (NNS sections))))))))) (, ,) (CC and) (S (-LRB- -LRB-) (NP (LS 2)) (-RRB- -RRB-) (VP (VBD were) (ADVP (RB thus)) (VP (VBN incorporated) (PP (RB prior) (PP (TO to) (NP (NNP November) (CD 1) (, ,) (CD 2008))))))) (. .))) "
753,5,6,this,license,"# How to use this License for your documents To use this License in a document you have written , include a copy of the License in the document and put the following copyright and license notices just after the title page : Copyright -LRB- c -RRB- YEAR YOUR NAME .","(ROOT (S (# #) (SBAR (WHADVP (WRB How)) (S (VP (TO to) (VP (VB use) (NP (DT this) (NN License)) (PP (IN for) (NP (PRP$ your) (NNS documents) (S (VP (TO To) (VP (VB use) (NP (NP (DT this) (NN License)) (PP (IN in) (NP (DT a) (NN document))))))))))))) (NP (PRP you)) (VP (VP (VBP have) (VP (VBN written))) (, ,) (VP (VBP include) (NP (NP (DT a) (NN copy)) (PP (IN of) (NP (NP (DT the) (NNP License)) (PP (IN in) (NP (DT the) (NN document))))))) (CC and) (VP (VBD put) (NP (NP (DT the) (VBG following) (NN copyright)) (CC and) (NP (NN license) (NNS notices))) (PP (RB just) (IN after) (NP (NP (DT the) (NN title) (NN page)) (: :) (NP (NP (NN Copyright)) (PRN (-LRB- -LRB-) (NP (NN c)) (-RRB- -RRB-)) (NP (NN YEAR) (JJ YOUR) (NN NAME))))))) (. .))) "
753,12,13,this,license,"# How to use this License for your documents To use this License in a document you have written , include a copy of the License in the document and put the following copyright and license notices just after the title page : Copyright -LRB- c -RRB- YEAR YOUR NAME .","(ROOT (S (# #) (SBAR (WHADVP (WRB How)) (S (VP (TO to) (VP (VB use) (NP (DT this) (NN License)) (PP (IN for) (NP (PRP$ your) (NNS documents) (S (VP (TO To) (VP (VB use) (NP (NP (DT this) (NN License)) (PP (IN in) (NP (DT a) (NN document))))))))))))) (NP (PRP you)) (VP (VP (VBP have) (VP (VBN written))) (, ,) (VP (VBP include) (NP (NP (DT a) (NN copy)) (PP (IN of) (NP (NP (DT the) (NNP License)) (PP (IN in) (NP (DT the) (NN document))))))) (CC and) (VP (VBD put) (NP (NP (DT the) (VBG following) (NN copyright)) (CC and) (NP (NN license) (NNS notices))) (PP (RB just) (IN after) (NP (NP (DT the) (NN title) (NN page)) (: :) (NP (NP (NN Copyright)) (PRN (-LRB- -LRB-) (NP (NN c)) (-RRB- -RRB-)) (NP (NN YEAR) (JJ YOUR) (NN NAME))))))) (. .))) "
754,10,11,this,document,"Permission is granted to copy , distribute and/or modify this document under the terms of the GNU Free Documentation License , Version 1.3 or any later version published by the Free Software Foundation ; with no Invariant Sections , no Front-Cover Texts , and no Back-Cover Texts .","(ROOT (S (NP (NN Permission)) (VP (VBZ is) (VP (VBN granted) (S (VP (TO to) (VP (VP (VB copy)) (, ,) (VP (VB distribute) (CC and/or) (VB modify) (NP (DT this) (NN document)) (PP (IN under) (NP (NP (NP (DT the) (NNS terms)) (PP (IN of) (NP (DT the) (NNP GNU) (NNP Free) (NNP Documentation) (NNP License)))) (, ,) (NP (NNP Version) (CD 1.3)) (CC or) (NP (NP (DT any) (JJ later) (NN version)) (VP (VBN published) (PP (IN by) (NP (DT the) (NNP Free) (NNP Software) (NNP Foundation)))))))) (: ;) (PP (IN with) (NP (NP (DT no) (JJ Invariant) (NNS Sections)) (, ,) (NP (DT no) (NNP Front-Cover) (NNS Texts)) (, ,) (CC and) (NP (DT no) (NNP Back-Cover) (NNPS Texts))))))))) (. .))) "
758,19,21,those,alternative,"If you have Invariant Sections without Cover Texts , or some other combination of the three , merge those two alternatives to suit the situation .","(ROOT (S (SBAR (IN If) (S (NP (PRP you)) (VP (VBP have) (NP (JJ Invariant) (NNS Sections)) (PP (IN without) (NP (NP (NNP Cover) (NNP Texts)) (, ,) (CC or) (NP (NP (DT some) (JJ other) (NN combination)) (PP (IN of) (NP (DT the) (CD three)))) (, ,)))))) (VP (VBP merge) (S (NP (DT those) (CD two) (NNS alternatives)) (VP (TO to) (VP (VB suit) (NP (DT the) (NN situation)))))) (. .))) "
759,14,15,these,example,"If your document contains nontrivial examples of program code , we recommend releasing these examples in parallel under your choice of free software license , such as the GNU General Public License , to permit their use in free software .","(ROOT (S (SBAR (IN If) (S (NP (PRP$ your) (NN document)) (VP (VBZ contains) (NP (NP (JJ nontrivial) (NNS examples)) (PP (IN of) (NP (NN program) (NN code))))))) (, ,) (NP (PRP we)) (VP (VBP recommend) (S (VP (VBG releasing) (NP (NP (DT these) (NNS examples)) (PP (IN in) (NP (NP (NN parallel)) (PP (IN under) (NP (NP (PRP$ your) (NN choice)) (PP (IN of) (NP (JJ free) (NN software) (NN license)))))))) (PRN (, ,) (PP (JJ such) (IN as) (NP (DT the) (NNP GNU) (NNP General) (NNP Public) (NNP License))) (, ,)) (S (VP (TO to) (VP (VB permit) (NP (PRP$ their) (NN use)) (PP (IN in) (NP (JJ free) (NN software))))))))) (. .))) "
770,14,15,this,page,php?title = Rosacea/Print _ version & action = info -RRB- * -LSB- Cite this page -RSB- -LRB- / w/index .,(ROOT (S (NP (NP (NN php?title)) (ADJP (ADJP (ADJP (JJ =)) (PRN (NP (NP (NNP Rosacea/Print) (CD _) (NN version)) (CC &) (NP (NN action) (JJ =) (NN info))) (-RRB- -RRB-))) (SBAR (X (SYM *)) (S (NP (-LRB- -LSB-)) (VP (VB Cite) (NP (DT this) (NN page))))))) (VP (-RRB- -RSB-) (-LRB- -LRB-) (VP (: /) (NP (NN w/index)))) (. .))) 
776,3,4,this,site,"By using this site , you agree to the -LSB- Terms of Use -RSB- -LRB- / / wikimediafoundation.org/wiki/Terms_of_Use -RRB- and -LSB- Privacy Policy . -RSB-","(ROOT (S (PP (IN By) (S (VP (VBG using) (NP (DT this) (NN site))))) (, ,) (NP (PRP you)) (VP (VBP agree) (PP (PP (TO to) (NP (NP (DT the) (-LRB- -LSB-) (NNS Terms)) (PP (IN of) (NP (NP (NN Use) (-RRB- -RSB-)) (PRN (-LRB- -LRB-) (NP (: /) (: /) (NN wikimediafoundation.org/wiki/Terms_of_Use)) (-RRB- -RRB-)))))) (CC and) (PP (-LRB- -LSB-) (NP (NNP Privacy) (NNP Policy))))) (. .) (-RRB- -RSB-))) "
