2,41,42,this,message,-LSB- Printer.svg -RSB- -LRB- / / upload.wikimedia.org/wikipedia/commons/thumb/2/23/Printer.svg/40px-Printer.svg.png -RRB- ** This is the -LSB- print version -RSB- -LRB- / wiki/Help : Print_versions -RRB- of -LSB- Security Architecture and Design -RSB- -LRB- / wiki/Security _ Architecture_and_Design -RRB- ** You wo n't see this message or any elements not part of the book 's content when you print or -LSB- preview -RSB- -LRB- / / en.wikibooks.org/w/index.php?title=Security_Architecture_and_Design/Print_Version&action=purge&printable=yes -RRB- this page .,(ROOT (S (NP (-LRB- -LSB-) (NN Printer.svg)) (VP (-RRB- -RSB-) (PRN (-LRB- -LRB-) (PP (: /) (NP (: /) (NN upload.wikimedia.org/wikipedia/commons/thumb/2/23/Printer.svg/40px-Printer.svg.png))) (-RRB- -RRB-)) (SBAR (SBAR (X (SYM **)) (S (S (NP (DT This)) (VP (VBZ is) (NP (NP (NP (DT the) (-LRB- -LSB-) (NN print) (NN version) (-RRB- -RSB-)) (PRN (-LRB- -LRB-) (NP (NP (: /) (NN wiki/Help)) (: :) (NP (NNS Print_versions))) (-RRB- -RRB-))) (PP (IN of) (NP (NP (-LRB- -LSB-) (NNP Security) (NNP Architecture)) (CC and) (NP (NN Design))))))) (-RRB- -RSB-) (PRN (-LRB- -LRB-) (PP (: /) (NP (NN wiki/Security) (CD _) (NN Architecture_and_Design))) (-RRB- -RRB-)) (S (X (SYM **)) (NP (PRP You)) (VP (MD wo) (RB n't) (VP (VB see) (NP (NP (DT this) (NN message)) (CC or) (NP (DT any) (NNS elements))) (PP (RB not) (NP (NP (NN part)) (PP (IN of) (NP (NP (DT the) (NN book) (POS 's)) (NN content))))) (SBAR (WHADVP (WRB when)) (S (NP (PRP you)) (VP (VBP print))))))))) (CC or) (SBAR (-LRB- -LSB-) (S (NP (NN preview)) (VP (-RRB- -RSB-) (PRN (-LRB- -LRB-) (: /) (NX (: /) (NNS en.wikibooks.org/w/index.php?title=Security_Architecture_and_Design/Print_Version&action=purge&printable=yes)) (-RRB- -RRB-)) (NP (DT this) (NN page))))))) (. .))) 
2,65,66,this,page,-LSB- Printer.svg -RSB- -LRB- / / upload.wikimedia.org/wikipedia/commons/thumb/2/23/Printer.svg/40px-Printer.svg.png -RRB- ** This is the -LSB- print version -RSB- -LRB- / wiki/Help : Print_versions -RRB- of -LSB- Security Architecture and Design -RSB- -LRB- / wiki/Security _ Architecture_and_Design -RRB- ** You wo n't see this message or any elements not part of the book 's content when you print or -LSB- preview -RSB- -LRB- / / en.wikibooks.org/w/index.php?title=Security_Architecture_and_Design/Print_Version&action=purge&printable=yes -RRB- this page .,(ROOT (S (NP (-LRB- -LSB-) (NN Printer.svg)) (VP (-RRB- -RSB-) (PRN (-LRB- -LRB-) (PP (: /) (NP (: /) (NN upload.wikimedia.org/wikipedia/commons/thumb/2/23/Printer.svg/40px-Printer.svg.png))) (-RRB- -RRB-)) (SBAR (SBAR (X (SYM **)) (S (S (NP (DT This)) (VP (VBZ is) (NP (NP (NP (DT the) (-LRB- -LSB-) (NN print) (NN version) (-RRB- -RSB-)) (PRN (-LRB- -LRB-) (NP (NP (: /) (NN wiki/Help)) (: :) (NP (NNS Print_versions))) (-RRB- -RRB-))) (PP (IN of) (NP (NP (-LRB- -LSB-) (NNP Security) (NNP Architecture)) (CC and) (NP (NN Design))))))) (-RRB- -RSB-) (PRN (-LRB- -LRB-) (PP (: /) (NP (NN wiki/Security) (CD _) (NN Architecture_and_Design))) (-RRB- -RRB-)) (S (X (SYM **)) (NP (PRP You)) (VP (MD wo) (RB n't) (VP (VB see) (NP (NP (DT this) (NN message)) (CC or) (NP (DT any) (NNS elements))) (PP (RB not) (NP (NP (NN part)) (PP (IN of) (NP (NP (DT the) (NN book) (POS 's)) (NN content))))) (SBAR (WHADVP (WRB when)) (S (NP (PRP you)) (VP (VBP print))))))))) (CC or) (SBAR (-LRB- -LSB-) (S (NP (NN preview)) (VP (-RRB- -RSB-) (PRN (-LRB- -LRB-) (: /) (NX (: /) (NNS en.wikibooks.org/w/index.php?title=Security_Architecture_and_Design/Print_Version&action=purge&printable=yes)) (-RRB- -RRB-)) (NP (DT this) (NN page))))))) (. .))) 
11,9,10,this,execution,"It controls when instructions are executed , and this execution enables applications to process data .","(ROOT (S (S (NP (PRP It)) (VP (VBZ controls) (SBAR (WHADVP (WRB when)) (S (NP (NNS instructions)) (VP (VBP are) (VP (VBN executed))))))) (, ,) (CC and) (S (NP (DT this) (NN execution)) (VP (VBZ enables) (S (NP (NNS applications)) (VP (TO to) (VP (VB process) (NP (NNS data))))))) (. .))) "
23,21,22,this,type,"* It is described as volatile because if the computer 's power supply is terminated , then all information within this type of memory is lost .","(ROOT (S (S (X (SYM *)) (NP (PRP It)) (VP (VBZ is) (VP (VBN described) (PP (IN as) (ADJP (JJ volatile))) (SBAR (IN because) (IN if) (S (NP (NP (DT the) (NN computer) (POS 's)) (NN power) (NN supply)) (VP (VBZ is) (VP (VBN terminated)))))))) (, ,) (RB then) (S (NP (NP (DT all) (NN information)) (PP (IN within) (NP (NP (DT this) (NN type)) (PP (IN of) (NP (NN memory)))))) (VP (VBZ is) (VP (VBN lost)))) (. .))) "
31,14,15,these,memory,** Read Only Memory ** * ROMs are non-volatile memories.the instructions stored in these memories are called as firmware .,(ROOT (FRAG (SBAR (X (SYM **)) (S (S (VP (VB Read) (NP (NP (RB Only) (NN Memory)) (SBAR (S (S (X (SYM **)) (X (SYM *)) (NP (NNS ROMs)) (VP (VBP are) (ADJP (JJ non-volatile)))) (S (NP (JJ memories.the) (NNS instructions)) (S (VP (VBN stored) (PP (IN in) (NP (DT these) (NNS memories))))))))))) (VP (VBP are) (VP (VBN called) (PP (RB as) (NP (NN firmware))))))) (. .))) 
86,25,26,that,program,* A process that resides in a privileged domain needs to be able to execute its instructions and process its data with the assurance that programs in a different domain can not negatively affect its environment .,(ROOT (X (X (SYM *)) (NP (NP (DT A) (NN process)) (SBAR (WHNP (WDT that)) (S (VP (VBZ resides) (SBAR (SINV (PP (IN in) (NP (DT a) (JJ privileged) (NN domain))) (VP (VBZ needs) (S (VP (TO to) (VP (VB be) (ADJP (JJ able) (S (VP (TO to) (VP (VB execute) (NP (PRP$ its) (NNS instructions) (CC and) (NN process)))))))))) (NP (NP (PRP$ its) (NNS data)) (PP (IN with) (NP (NP (DT the) (NN assurance)) (SBAR (WHNP (WHNP (WDT that) (NNS programs)) (PP (IN in) (NP (DT a) (JJ different) (NN domain)))) (S (VP (MD can) (RB not) (ADVP (RB negatively)) (VP (VB affect) (NP (PRP$ its) (NN environment))))))))) (. .))))))))) 
101,14,15,this,level,It outlines the level of assurance that is required and potential impacts that this level of security could have during the development stages and on the product overall .,(ROOT (S (NP (PRP It)) (VP (VBZ outlines) (NP (NP (DT the) (NN level)) (PP (IN of) (NP (NP (NP (NN assurance)) (SBAR (WHNP (WDT that)) (S (VP (VBZ is) (VP (VBN required)))))) (CC and) (NP (NP (JJ potential) (NNS impacts)) (SBAR (IN that) (S (NP (NP (DT this) (NN level)) (PP (IN of) (NP (NN security)))) (VP (MD could) (VP (VB have) (PP (PP (IN during) (NP (DT the) (NN development) (NNS stages))) (CC and) (PP (IN on) (NP (DT the) (NN product))) (ADVP (RB overall)))))))))))) (. .))) 
113,9,10,this,channel,The TCB provides protection resources to ensure that this channel can not be compromised in any way * A trusted shell means that someone who is working in that shell can not `` bust out of it '' and other processes can not `` bust into '' it .,(ROOT (SINV (S (NP (DT The) (NN TCB)) (VP (VBZ provides) (S (NP (NN protection) (NNS resources)) (VP (TO to) (VP (VB ensure) (SBAR (IN that) (S (NP (DT this) (NN channel)) (VP (MD can) (RB not) (VP (VB be) (VP (VBN compromised) (PP (IN in) (NP (DT any) (NN way)))))))))))) (SBAR (X (SYM *)) (S (NP (DT A) (VBN trusted) (NN shell)) (VP (VBZ means) (SBAR (IN that) (S (NP (NP (NN someone)) (SBAR (WHNP (WP who)) (S (VP (VBZ is) (VP (VBG working) (PP (IN in) (NP (DT that) (NN shell)))))))) (VP (MD can) (PP (RB not) (NP (`` ``) (NP (NN bust)) (PP (ADVP (IN out)) (IN of) (NP (PRP it))) ('' '') (CC and) (NP (JJ other) (NNS processes))))))))))) (VP (MD can) (RB not)) (NP (NP (`` ``) (NN bust)) (PP (IN into) ('' '') (NP (PRP it)))) (. .))) 
113,29,30,that,shell,The TCB provides protection resources to ensure that this channel can not be compromised in any way * A trusted shell means that someone who is working in that shell can not `` bust out of it '' and other processes can not `` bust into '' it .,(ROOT (SINV (S (NP (DT The) (NN TCB)) (VP (VBZ provides) (S (NP (NN protection) (NNS resources)) (VP (TO to) (VP (VB ensure) (SBAR (IN that) (S (NP (DT this) (NN channel)) (VP (MD can) (RB not) (VP (VB be) (VP (VBN compromised) (PP (IN in) (NP (DT any) (NN way)))))))))))) (SBAR (X (SYM *)) (S (NP (DT A) (VBN trusted) (NN shell)) (VP (VBZ means) (SBAR (IN that) (S (NP (NP (NN someone)) (SBAR (WHNP (WP who)) (S (VP (VBZ is) (VP (VBG working) (PP (IN in) (NP (DT that) (NN shell)))))))) (VP (MD can) (PP (RB not) (NP (`` ``) (NP (NN bust)) (PP (ADVP (IN out)) (IN of) (NP (PRP it))) ('' '') (CC and) (NP (JJ other) (NNS processes))))))))))) (VP (MD can) (RB not)) (NP (NP (`` ``) (NN bust)) (PP (IN into) ('' '') (NP (PRP it)))) (. .))) 
132,18,19,this,concept,"* The security kernel is the hardware , firmware , and software of a TCB that implements this concept .","(ROOT (S (SBAR (X (SYM *)) (S (NP (DT The) (NN security) (NN kernel)) (VP (VBZ is) (NP (NP (DT the) (NN hardware) (, ,) (NN firmware) (, ,) (CC and) (NN software)) (PP (IN of) (NP (DT a) (NN TCB))))))) (NP (WDT that)) (VP (VBZ implements) (NP (DT this) (NN concept))) (. .))) "
135,46,47,those,user,"php?title = Security_Architecture_and_Design / Systems_Security_Architecture & action = edit & section = T-4 -RRB- -RSB- ** Overview ** * A system can operate in different modes depending on the sensitivity of the data being processed , the clearance level of the users , and what those users are authorized to do .","(ROOT (S (NP (NP (NN php?title) (JJ =) (NN Security_Architecture_and_Design)) (PRN (: /) (S (NP (NNP Systems_Security_Architecture)) (NP (CC &) (NP (NN action) (JJ =) (NN edit)) (CC &) (NP (NN section) (JJ =) (NN T-4)))) (-RRB- -RRB-))) (VP (-RRB- -RSB-) (X (X (SYM **)) (NP (NP (NNP Overview)) (SBAR (S (S (X (SYM **)) (X (SYM *)) (NP (DT A) (NN system)) (VP (MD can) (VP (VB operate) (PP (IN in) (NP (JJ different) (NNS modes))) (PP (VBG depending) (PP (IN on) (NP (NP (NP (DT the) (NN sensitivity)) (PP (IN of) (NP (NP (DT the) (NNS data)) (VP (VBG being) (VP (VBN processed)))))) (, ,) (NP (NP (DT the) (NN clearance) (NN level)) (PP (IN of) (NP (DT the) (NNS users)))) (, ,))))))) (CC and) (S (X (WP what)) (NP (DT those) (NNS users)) (VP (VBP are) (VP (VBN authorized) (S (VP (TO to) (VP (VB do)))))))))))) (. .))) "
177,20,21,those,function,"* Strong star property rule : It states a subject that has read and write capabilities can only perform those functions at the same security level , nothing higher and nothing lower .","(ROOT (S (X (X (SYM *)) (NP (NP (JJ Strong) (NN star)) (NP (NN property) (NN rule)))) (: :) (NP (PRP It)) (VP (VBZ states) (NP (NP (NP (DT a) (NN subject)) (SBAR (WHNP (WDT that)) (S (VP (VBZ has) (VP (VP (VBN read)) (CC and) (VP (VB write) (SBAR (S (NP (NNS capabilities)) (VP (MD can) (ADVP (RB only)) (VP (VB perform) (NP (DT those) (NNS functions)) (PP (IN at) (NP (DT the) (JJ same) (NN security) (NN level))))))))))))) (, ,) (ADJP (ADJP (NN nothing) (JJR higher)) (CC and) (ADJP (NN nothing) (JJR lower))))) (. .))) "
204,18,19,this,model,"php?title = Security_Architecture_and_Design / Security_Models & action = edit & section = T-9 -RRB- -RSB- * In this model , data is thought of as being held in individual discrete compartments .","(ROOT (S (NP (NP (NN php?title) (JJ =) (NN Security_Architecture_and_Design)) (PRN (: /) (S (NP (NNP Security_Models)) (NP (CC &) (NP (NN action) (JJ =) (NN edit)) (CC &) (NP (NN section) (JJ =) (NN T-9)))) (-RRB- -RRB-))) (VP (-RRB- -RSB-) (SBAR (S (FRAG (X (SYM *)) (PP (IN In) (NP (DT this) (NN model)))) (, ,) (NP (NNS data)) (VP (VBZ is) (VP (VBN thought) (PP (IN of) (PP (IN as) (S (VP (VBG being) (VP (VBN held) (PP (IN in) (NP (JJ individual) (JJ discrete) (NNS compartments))))))))))))) (. .))) "
211,11,12,this,channel,"* Types of covert channels * Covert timing : in this channel , one process relays information to another by modulating its use of system resources .","(ROOT (S (FRAG (X (X (SYM *)) (NP (NP (NNS Types)) (PP (IN of) (NP (JJ covert) (NNS channels)) (X (X (SYM *)) (NP (NNP Covert)))))) (NP (NN timing))) (: :) (S (PP (IN in) (NP (DT this) (NN channel))) (, ,) (NP (CD one) (NN process)) (VP (VBZ relays) (NP (NN information)) (PP (TO to) (NP (DT another))) (PP (IN by) (S (VP (VBG modulating) (NP (NP (PRP$ its) (NN use)) (PP (IN of) (NP (NN system) (NNS resources))))))))) (. .))) "
212,6,7,this,channel,"* Covert storage : in this channel , one process writes data to a storage location and another process directly , or indirectly reads it .","(ROOT (S (FRAG (X (X (SYM *)) (NP (NNP Covert))) (NP (NN storage))) (: :) (S (PP (IN in) (NP (DT this) (NN channel))) (, ,) (NP (CD one) (NN process)) (VP (VP (VBZ writes) (NP (NNS data)) (PP (TO to) (NP (NP (DT a) (NN storage) (NN location)) (CC and) (NP (DT another) (NN process)))) (ADVP (RB directly))) (, ,) (CC or) (VP (ADVP (RB indirectly)) (VBZ reads) (NP (PRP it))))) (. .))) "
215,14,15,these,type,"* It proposes the eight primitive protection rights , or rules of how these types of functionalities should take place securely .","(ROOT (FRAG (SBAR (X (SYM *)) (S (NP (PRP It)) (VP (VBZ proposes) (NP (NP (DT the) (CD eight) (JJ primitive) (NN protection) (NNS rights)) (, ,) (CC or) (NP (NP (NNS rules)) (PP (IN of) (SBAR (WHADVP (WRB how)) (S (NP (NP (DT these) (NNS types)) (PP (IN of) (NP (NNS functionalities)))) (VP (MD should) (VP (VB take) (NP (NN place)) (ADVP (RB securely)))))))))))) (. .))) "
229,6,7,this,model,* The main goal of this model is to protect against conflicts of interests by user 's access attempts .,(ROOT (S (X (SYM *)) (NP (NP (DT The) (JJ main) (NN goal)) (PP (IN of) (NP (DT this) (NN model)))) (VP (VBZ is) (S (VP (TO to) (VP (VB protect) (PP (IN against) (NP (NP (NNS conflicts)) (PP (IN of) (NP (NNS interests))))) (PP (IN by) (NP (NP (NN user) (POS 's)) (NN access) (NNS attempts))))))) (. .))) 
234,6,7,these,component,The relationship and interaction between these components are also evaluated .,(ROOT (S (NP (NP (DT The) (NN relationship) (CC and) (NN interaction)) (PP (IN between) (NP (DT these) (NNS components)))) (VP (VBP are) (ADVP (RB also)) (VP (VBN evaluated))) (. .))) 
252,35,36,these,item,"-LSB- Information -RSB- -LRB- / / upload.wikimedia.org/wikipedia/commons/thumb/3/35/Information_icon.svg/32px-Information_icon.svg.png -RRB- Even though the evaluation is done independently based on the above categories , the rating that is assigned at the end is a sum total of these items .","(ROOT (S (NP (NP (-LRB- -LSB-) (NN Information) (-RRB- -RSB-)) (PRN (-LRB- -LRB-) (NP (: /) (: /) (NN upload.wikimedia.org/wikipedia/commons/thumb/3/35/Information_icon.svg/32px-Information_icon.svg.png)) (-RRB- -RRB-))) (SBAR (RB Even) (IN though) (S (NP (DT the) (NN evaluation)) (VP (VBZ is) (VP (VBN done) (ADVP (RB independently)) (PP (VBN based) (PP (IN on) (NP (DT the) (JJ above) (NNS categories)))))))) (, ,) (NP (NP (DT the) (NN rating)) (SBAR (WHNP (WDT that)) (S (VP (VBZ is) (VP (VBN assigned) (PP (IN at) (NP (DT the) (NN end)))))))) (VP (VBZ is) (NP (NP (DT a) (NN sum) (NN total)) (PP (IN of) (NP (DT these) (NNS items))))) (. .))) "
257,9,10,this,rating,"* The type of environment that would require this rating is one in which users are processing information at the same sensitivity level ; thus , strict access control and auditing measures are not required .","(ROOT (S (S (NP (NP (FRAG (X (SYM *)) (NP (DT The) (NN type)))) (PP (IN of) (NP (NP (NN environment)) (SBAR (WHNP (WDT that)) (S (VP (MD would) (VP (VB require) (NP (DT this) (NN rating))))))))) (VP (VBZ is) (NP (NP (CD one)) (SBAR (WHPP (IN in) (WHNP (WDT which))) (S (NP (NNS users)) (VP (VBP are) (VP (VBG processing) (NP (NN information)) (PP (IN at) (NP (DT the) (JJ same) (NN sensitivity) (NN level)))))))))) (: ;) (S (ADVP (RB thus)) (, ,) (NP (NP (JJ strict) (NN access) (NN control)) (CC and) (NP (NN auditing) (NNS measures))) (VP (VBP are) (RB not) (VP (VBN required)))) (. .))) "
270,8,9,this,class,"* B3 : Security Domains * In this class , more granularity is provided in each protection mechanism , and the programming code that is not necessary to support the security policy is excluded .","(ROOT (FRAG (X (X (SYM *)) (NP (NN B3))) (: :) (NP (NP (NNP Security) (NNPS Domains)) (SBAR (S (S (X (SYM *)) (PP (IN In) (NP (DT this) (NN class))) (, ,) (NP (JJR more) (NN granularity)) (VP (VBZ is) (VP (VBN provided) (PP (IN in) (NP (DT each) (NN protection) (NN mechanism)))))) (, ,) (CC and) (S (NP (NP (DT the) (NN programming) (NN code)) (SBAR (WHNP (WDT that)) (S (VP (VBZ is) (RB not) (ADJP (JJ necessary) (S (VP (TO to) (VP (VB support) (NP (DT the) (NN security) (NN policy)))))))))) (VP (VBZ is) (VP (VBN excluded))))))) (. .))) "
310,19,21,these,attribute,"** TCSEC vs ITSEC ** * TCSEC bundles functionality and assurance into one rating , whereas ITSEC evaluates these two attributes separately .","(ROOT (X (X (X (SYM **)) (NP (NN TCSEC))) (NP (NP (CC vs) (NN ITSEC)) (SBAR (FRAG (SBAR (X (SYM **)) (S (FRAG (X (X (SYM *)) (NP (NP (NNS TCSEC) (NNS bundles)) (NP (NN functionality) (CC and) (NN assurance)))) (PP (IN into) (NP (CD one) (NN rating)))) (, ,) (PP (IN whereas) (NP (NN ITSEC))) (VP (VBZ evaluates) (NP (DT these) (CD two) (NNS attributes)) (ADVP (RB separately))))) (. .)))))) "
328,29,30,this,profile,"The environment , usage assumptions , and threats are illustrated along with guidance on the security policies that can be supported by products and systems that conform to this profile .","(ROOT (S (NP (NP (DT The) (NN environment)) (, ,) (NP (NN usage) (NNS assumptions)) (, ,) (CC and) (NP (NNS threats))) (VP (VBP are) (VP (VBN illustrated) (PP (IN along) (IN with) (NP (NP (ADJP (NN guidance) (PP (IN on) (NP (DT the) (NN security)))) (NNS policies)) (SBAR (WHNP (WDT that)) (S (VP (MD can) (VP (VB be) (VP (VBN supported) (PP (IN by) (NP (NP (NNS products) (CC and) (NNS systems)) (SBAR (WHNP (WDT that)) (S (VP (VBP conform) (PP (TO to) (NP (DT this) (NN profile))))))))))))))))) (. .))) "
329,19,20,this,boundary,"* _ Functional requirements _ Establishes a protection boundary , meaning the threats or compromises that are within this boundary to be countered .","(ROOT (S (SBAR (X (SYM *)) (S (NP (CD _) (JJ Functional) (NNS requirements)) (VP (VBP _)))) (VP (VBZ Establishes) (NP (DT a) (NN protection) (NN boundary)) (, ,) (S (VP (VBG meaning) (NP (NP (DT the) (NNS threats) (CC or) (NNS compromises)) (SBAR (WHNP (WDT that)) (S (VP (VBP are) (PP (IN within) (NP (DT this) (NN boundary) (S (VP (TO to) (VP (VB be) (VP (VBN countered)))))))))))))) (. .))) "
330,11,12,this,section,The product or system must enforce the boundary established in this section .,(ROOT (S (NP (DT The) (NN product) (CC or) (NN system)) (VP (MD must) (VP (VB enforce) (NP (NP (DT the) (NN boundary)) (VP (VBN established) (PP (IN in) (NP (DT this) (NN section))))))) (. .))) 
355,14,15,this,page,php?title = Security_Architecture_and_Design / Print_Version & action = info -RRB- * -LSB- Cite this page -RSB- -LRB- / w/index .,(ROOT (S (VP (NN php?title) (NP (NP (NP (JJ =) (NN Security_Architecture_and_Design)) (PRN (: /) (NP (NP (NNP Print_Version)) (CC &) (NP (NN action) (JJ =) (NN info))) (-RRB- -RRB-))) (X (SYM *))) (S (VP (-LRB- -LSB-) (VP (VB Cite) (S (NP (DT this) (NN page)) (NP (NP (-RRB- -RSB-)) (-LRB- -LRB-) (PP (: /) (NP (NN w/index))))))))) (. .))) 
361,3,4,this,site,"By using this site , you agree to the -LSB- Terms of Use -RSB- -LRB- / / wikimediafoundation.org/wiki/Terms_of_Use -RRB- and -LSB- Privacy Policy . -RSB-","(ROOT (S (PP (IN By) (S (VP (VBG using) (NP (DT this) (NN site))))) (, ,) (NP (PRP you)) (VP (VBP agree) (PP (PP (TO to) (NP (NP (DT the) (-LRB- -LSB-) (NNS Terms)) (PP (IN of) (NP (NP (NN Use) (-RRB- -RSB-)) (PRN (-LRB- -LRB-) (NP (: /) (: /) (NN wikimediafoundation.org/wiki/Terms_of_Use)) (-RRB- -RRB-)))))) (CC and) (PP (-LRB- -LSB-) (NP (NNP Privacy) (NNP Policy))))) (. .) (-RRB- -RSB-))) "
