2,7,8,this,page,-LSB- Unreviewed changes are displayed on this page -RSB- -LRB- / / bits.wikimedia.org/static-1.22wmf19/extensions/FlaggedRevs/frontend/modules/img/1.png -RRB- This page may need to be -LSB- reviewed -RSB- -LRB- / wiki/Wikibooks : REVIEW -RRB- for quality .,(ROOT (S (SBAR (-LRB- -LSB-) (S (NP (JJ Unreviewed) (NNS changes)) (VP (VBP are) (VP (VBN displayed) (PP (IN on) (NP (DT this) (NN page) (-RRB- -RSB-))))))) (PRN (-LRB- -LRB-) (VP (: /) (NP (: /) (NN bits.wikimedia.org/static-1.22wmf19/extensions/FlaggedRevs/frontend/modules/img/1.png))) (-RRB- -RRB-)) (NP (DT This) (NN page)) (VP (MD may) (VP (VB need) (S (VP (TO to) (VP (VB be) (VP (-LRB- -LSB-) (VP (VBN reviewed) (NP (NP (NP (-RRB- -RSB-)) (PRN (-LRB- -LRB-) (NP (NP (: /) (NNS wiki/Wikibooks)) (: :) (NP (NNP REVIEW))) (-RRB- -RRB-))) (PP (IN for) (NP (NN quality))))))))))) (. .))) 
4,40,41,this,message,-LSB- Printer.svg -RSB- -LRB- / / upload.wikimedia.org/wikipedia/commons/thumb/2/23/Printer.svg/40px-Printer.svg.png -RRB- ** This is the -LSB- print version -RSB- -LRB- / wiki/Help : Print_versions -RRB- of -LSB- Signals and Systems -RSB- -LRB- / wiki/Signals _ and_Systems -RRB- ** You wo n't see this message or any elements not part of the book 's content when you print or -LSB- preview -RSB- -LRB- / / en.wikibooks.org/w/index.php?title=Signals_and_Systems/Print_version&action=purge&printable=yes -RRB- this page .,(ROOT (S (NP (-LRB- -LSB-) (NN Printer.svg)) (VP (-RRB- -RSB-) (PRN (-LRB- -LRB-) (PP (: /) (NP (: /) (NN upload.wikimedia.org/wikipedia/commons/thumb/2/23/Printer.svg/40px-Printer.svg.png))) (-RRB- -RRB-)) (SBAR (SBAR (X (SYM **)) (S (NP (DT This)) (VP (VBZ is) (ADJP (ADJP (NP (NP (NP (DT the) (-LRB- -LSB-) (NN print) (NN version) (-RRB- -RSB-)) (PRN (-LRB- -LRB-) (NP (NP (: /) (NN wiki/Help)) (: :) (NP (NNS Print_versions))) (-RRB- -RRB-))) (PP (IN of) (NP (NP (-LRB- -LSB-) (NNS Signals)) (CC and) (NP (NNPS Systems))))) (-RRB- -RSB-)) (PRN (-LRB- -LRB-) (S (NP (: /) (NNS wiki/Signals)) (VP (VBP _) (NP (NNS and_Systems)))) (-RRB- -RRB-)) (SBAR (X (SYM **)) (S (NP (PRP You)) (VP (MD wo) (RB n't) (VP (VB see) (NP (NP (DT this) (NN message)) (CC or) (NP (DT any) (NNS elements))) (PP (RB not) (NP (NP (NN part)) (PP (IN of) (NP (NP (DT the) (NN book) (POS 's)) (NN content))))) (SBAR (WHADVP (WRB when)) (S (NP (PRP you)) (VP (VBP print)))))))))))) (CC or) (SBAR (-LRB- -LSB-) (S (NP (NN preview)) (VP (-RRB- -RSB-) (PRN (-LRB- -LRB-) (: /) (NX (: /) (NNS en.wikibooks.org/w/index.php?title=Signals_and_Systems/Print_version&action=purge&printable=yes)) (-RRB- -RRB-)) (NP (DT this) (NN page))))))) (. .))) 
4,64,65,this,page,-LSB- Printer.svg -RSB- -LRB- / / upload.wikimedia.org/wikipedia/commons/thumb/2/23/Printer.svg/40px-Printer.svg.png -RRB- ** This is the -LSB- print version -RSB- -LRB- / wiki/Help : Print_versions -RRB- of -LSB- Signals and Systems -RSB- -LRB- / wiki/Signals _ and_Systems -RRB- ** You wo n't see this message or any elements not part of the book 's content when you print or -LSB- preview -RSB- -LRB- / / en.wikibooks.org/w/index.php?title=Signals_and_Systems/Print_version&action=purge&printable=yes -RRB- this page .,(ROOT (S (NP (-LRB- -LSB-) (NN Printer.svg)) (VP (-RRB- -RSB-) (PRN (-LRB- -LRB-) (PP (: /) (NP (: /) (NN upload.wikimedia.org/wikipedia/commons/thumb/2/23/Printer.svg/40px-Printer.svg.png))) (-RRB- -RRB-)) (SBAR (SBAR (X (SYM **)) (S (NP (DT This)) (VP (VBZ is) (ADJP (ADJP (NP (NP (NP (DT the) (-LRB- -LSB-) (NN print) (NN version) (-RRB- -RSB-)) (PRN (-LRB- -LRB-) (NP (NP (: /) (NN wiki/Help)) (: :) (NP (NNS Print_versions))) (-RRB- -RRB-))) (PP (IN of) (NP (NP (-LRB- -LSB-) (NNS Signals)) (CC and) (NP (NNPS Systems))))) (-RRB- -RSB-)) (PRN (-LRB- -LRB-) (S (NP (: /) (NNS wiki/Signals)) (VP (VBP _) (NP (NNS and_Systems)))) (-RRB- -RRB-)) (SBAR (X (SYM **)) (S (NP (PRP You)) (VP (MD wo) (RB n't) (VP (VB see) (NP (NP (DT this) (NN message)) (CC or) (NP (DT any) (NNS elements))) (PP (RB not) (NP (NP (NN part)) (PP (IN of) (NP (NP (DT the) (NN book) (POS 's)) (NN content))))) (SBAR (WHADVP (WRB when)) (S (NP (PRP you)) (VP (VBP print)))))))))))) (CC or) (SBAR (-LRB- -LSB-) (S (NP (NN preview)) (VP (-RRB- -RSB-) (PRN (-LRB- -LRB-) (: /) (NX (: /) (NNS en.wikibooks.org/w/index.php?title=Signals_and_Systems/Print_version&action=purge&printable=yes)) (-RRB- -RRB-)) (NP (DT this) (NN page))))))) (. .))) 
5,19,20,this,book,# Introduction ** -LSB- Signals and Systems -RSB- -LRB- / wiki/Signals _ and_Systems -RRB- ** ## What is this book for ?,(ROOT (FRAG (NP (NP (# #) (NN Introduction)) (SBAR (FRAG (FRAG (X (SYM **)) (VP (-LRB- -LSB-) (NP (NNS Signals)))) (CC and) (FRAG (NP (NP (NNPS Systems)) (SBAR (S (VP (-RRB- -RSB-) (PRN (-LRB- -LRB-) (S (NP (: /) (NNS wiki/Signals)) (VP (VBP _) (NP (NNS and_Systems)))) (-RRB- -RRB-)))))) (X (X (SYM **)) (NP (NP (CD ##)) (SBAR (WHNP (WP What)) (S (VP (VBZ is) (NP (NP (DT this) (NN book)) (PP (IN for)))))))))))) (. ?))) 
6,4,5,this,book,The purpose of this book is to begin down the long and winding road of Electrical Engineering .,(ROOT (S (NP (NP (DT The) (NN purpose)) (PP (IN of) (NP (DT this) (NN book)))) (VP (VBZ is) (S (VP (TO to) (VP (VB begin) (PRT (RP down)) (NP (NP (DT the) (ADJP (JJ long) (CC and) (VBG winding)) (NN road)) (PP (IN of) (NP (JJ Electrical) (NNP Engineering)))))))) (. .))) 
9,4,5,this,book,"As such , this book will most likely spend little or no time discussing actual circuit implementations of any of the structures discussed .","(ROOT (S (PP (IN As) (NP (JJ such))) (, ,) (NP (DT this) (NN book)) (VP (MD will) (S (ADJP (RBS most) (JJ likely)) (SBAR (S (VP (VBP spend) (S (NP (NP (JJ little)) (CC or) (NP (DT no) (NN time))) (VP (VBG discussing) (NP (NP (JJ actual) (NN circuit) (NNS implementations)) (PP (IN of) (NP (NP (DT any)) (PP (IN of) (NP (NP (DT the) (NNS structures)) (VP (VBN discussed)))))))))))))) (. .))) "
10,3,4,this,book,"Also , this book will not stumble through much of the complicated mathematics , instead opting to simply point out and tabulate the relevant results .","(ROOT (S (ADVP (RB Also)) (, ,) (NP (DT this) (NN book)) (VP (MD will) (RB not) (VP (VB stumble) (PRT (RB through)) (NP (NP (RB much)) (PP (IN of) (NP (DT the) (JJ complicated) (NN mathematics))) (, ,) (VP (ADVP (RB instead)) (VBG opting) (S (VP (TO to) (VP (VP (ADVP (RB simply)) (VB point) (PRT (RP out))) (CC and) (VP (VB tabulate) (NP (DT the) (JJ relevant) (NNS results)))))))))) (. .))) "
11,2,3,this,book,"What this book will do , however , is attempt to provide some insight into a field of study that is considered very foreign and arcane to most outside observers .","(ROOT (S (SBAR (WHNP (WP What)) (S (NP (DT this) (NN book)) (VP (MD will) (VP (VB do))))) (, ,) (ADVP (RB however)) (, ,) (VP (VBZ is) (NP (NN attempt) (S (VP (TO to) (VP (VB provide) (NP (DT some) (NN insight)) (PP (IN into) (NP (NP (DT a) (NN field)) (PP (IN of) (NP (NN study))) (SBAR (WHNP (WDT that)) (S (VP (VBZ is) (VP (VBN considered) (ADJP (RB very) (JJ foreign) (CC and) (JJ arcane)) (PP (TO to) (NP (RBS most) (JJ outside) (NNS observers)))))))))))))) (. .))) "
15,3,4,these,material,", as these materials will be better handled in later books .","(ROOT (S (NP (PRN (, ,) (PP (IN as) (NP (DT these) (NNS materials))))) (VP (MD will) (VP (VB be) (VP (ADVP (RBR better)) (VBN handled) (PP (IN in) (NP (JJ later) (NNS books)))))) (. .))) "
16,4,5,this,book,## Who is this book for ?,(ROOT (FRAG (NP (NP (NN ##)) (SBAR (WHNP (WP Who)) (S (VP (VBZ is) (NP (NP (DT this) (NN book)) (PP (IN for))))))) (. ?))) 
20,16,17,this,book,"Barring previous knowledge , a concurrent course of study in integral calculus could accompany reading this book , with mixed results .","(ROOT (S (PP (VBG Barring) (NP (JJ previous) (NN knowledge))) (, ,) (NP (NP (DT a) (JJ concurrent) (NN course)) (PP (IN of) (NP (NP (NN study)) (PP (IN in) (NP (JJ integral) (NN calculus)))))) (VP (MD could) (VP (VB accompany) (S (VP (VBG reading) (NP (DT this) (NN book)))) (, ,) (PP (IN with) (NP (JJ mixed) (NNS results))))) (. .))) "
21,5,6,this,book,"Using Laplace Transforms , this book will avoid differential equations completely , and therefore no prior knowledge of that subject is needed .","(ROOT (S (S (S (VP (VBG Using) (SBAR (S (NP (NNP Laplace)) (VP (VBZ Transforms)))))) (, ,) (NP (DT this) (NN book)) (VP (MD will) (VP (VB avoid) (NP (JJ differential) (NNS equations)) (ADVP (RB completely))))) (, ,) (CC and) (ADVP (RB therefore)) (S (NP (NP (DT no) (JJ prior) (NN knowledge)) (PP (IN of) (NP (DT that) (NN subject)))) (VP (VBZ is) (VP (VBN needed)))) (. .))) "
21,19,20,that,subject,"Using Laplace Transforms , this book will avoid differential equations completely , and therefore no prior knowledge of that subject is needed .","(ROOT (S (S (S (VP (VBG Using) (SBAR (S (NP (NNP Laplace)) (VP (VBZ Transforms)))))) (, ,) (NP (DT this) (NN book)) (VP (MD will) (VP (VB avoid) (NP (JJ differential) (NNS equations)) (ADVP (RB completely))))) (, ,) (CC and) (ADVP (RB therefore)) (S (NP (NP (DT no) (JJ prior) (NN knowledge)) (PP (IN of) (NP (DT that) (NN subject)))) (VP (VBZ is) (VP (VBN needed)))) (. .))) "
22,27,28,this,subject,"Having a prior knowledge of other subjects such as physics -LRB- wave dynamics , energy , forces , fields -RRB- will provide a deeper insight into this subject , although it is not required .","(ROOT (S (S (VP (VBG Having) (NP (NP (DT a) (JJ prior) (NN knowledge)) (PP (IN of) (NP (NP (JJ other) (NNS subjects)) (PP (JJ such) (IN as) (NP (NP (NN physics)) (PRN (-LRB- -LRB-) (NP (NP (NN wave) (NNS dynamics)) (, ,) (NP (NN energy)) (, ,) (NP (NNS forces)) (, ,) (NP (NNS fields))) (-RRB- -RRB-))))))))) (VP (MD will) (VP (VB provide) (NP (DT a) (JJR deeper) (NN insight)) (PP (IN into) (NP (DT this) (NN subject))) (, ,) (SBAR (IN although) (S (NP (PRP it)) (VP (VBZ is) (RB not) (VP (VBN required))))))) (. .))) "
24,4,6,this,cover,## What will this book cover ?,(ROOT (FRAG (NP (NP (NN ##)) (SBAR (WHNP (WDT What)) (S (VP (MD will) (VP (NP (DT this) (NN book) (NN cover))))))) (. ?))) 
29,17,18,these,system,"Random processes , such as noise or interference , are so common in the studies of these systems that it 's impossible to discuss the practical use of filter systems without first discussing noise processes .","(ROOT (S (NP (NP (NNP Random) (NNS processes)) (, ,) (PP (JJ such) (IN as) (NP (NN noise) (CC or) (NN interference))) (, ,)) (VP (VBP are) (ADJP (RB so) (JJ common) (PP (IN in) (NP (NP (DT the) (NNS studies)) (PP (IN of) (NP (DT these) (NNS systems)))))) (SBAR (IN that) (S (NP (PRP it)) (VP (VBZ 's) (ADJP (JJ impossible) (S (VP (TO to) (VP (VB discuss) (NP (NP (DT the) (JJ practical) (NN use)) (PP (IN of) (NP (NN filter) (NNS systems)))) (PP (IN without) (NP (NP (JJ first)) (VP (VBG discussing) (NP (NN noise) (NNS processes))))))))))))) (. .))) "
31,6,7,these,topic,"This book will not discuss these topics at length , however , preferring to direct the reader to more comprehensive books on these subjects .","(ROOT (S (NP (DT This) (NN book)) (VP (MD will) (RB not) (VP (VB discuss) (NP (DT these) (NNS topics)) (PP (IN at) (NP (NN length))) (, ,) (ADVP (RB however)) (, ,) (S (VP (VBG preferring) (S (VP (TO to) (VP (VB direct) (NP (DT the) (NN reader)) (PP (TO to) (NP (NP (JJR more) (JJ comprehensive) (NNS books)) (PP (IN on) (NP (DT these) (NNS subjects)))))))))))) (. .))) "
31,23,24,these,subject,"This book will not discuss these topics at length , however , preferring to direct the reader to more comprehensive books on these subjects .","(ROOT (S (NP (DT This) (NN book)) (VP (MD will) (RB not) (VP (VB discuss) (NP (DT these) (NNS topics)) (PP (IN at) (NP (NN length))) (, ,) (ADVP (RB however)) (, ,) (S (VP (VBG preferring) (S (VP (TO to) (VP (VB direct) (NP (DT the) (NN reader)) (PP (TO to) (NP (NP (JJR more) (JJ comprehensive) (NNS books)) (PP (IN on) (NP (DT these) (NNS subjects)))))))))))) (. .))) "
32,27,28,those,material,"This book will attempt , so far as is possible , to provide not only the materials but also discussions about the importance and relevance of those materials .","(ROOT (S (NP (DT This) (NN book)) (VP (MD will) (VP (VB attempt) (, ,) (ADVP (ADVP (RB so) (RB far)) (SBAR (IN as) (S (VP (VBZ is) (ADJP (JJ possible)) (, ,) (S (TO to) (VP (VB provide) (NP (CONJP (RB not) (RB only)) (NP (DT the) (NNS materials)) (CONJP (CC but) (RB also)) (NP (NP (NNS discussions)) (PP (IN about) (NP (NP (DT the) (NN importance) (CC and) (NN relevance)) (PP (IN of) (NP (DT those) (NNS materials))))))))))))))) (. .))) "
33,5,6,this,book,Because the information in this book plays a fundamental role in preparing the reader for advanced discussions in other books .,(ROOT (SINV (PP (IN Because) (NP (NP (DT the) (NN information)) (PP (IN in) (NP (DT this) (NN book))))) (VP (VBZ plays)) (NP (NP (DT a) (JJ fundamental) (NN role)) (PP (IN in) (S (VP (VBG preparing) (NP (DT the) (NN reader)) (PP (IN for) (NP (NP (JJ advanced) (NNS discussions)) (PP (IN in) (NP (JJ other) (NNS books))))))))) (. .))) 
44,9,10,this,book,"Electrical Engineers , working on topics related to this book will often use MATLAB to help with modeling .","(ROOT (S (NP (JJ Electrical) (NNS Engineers)) (, ,) (S (VP (VBG working) (PP (IN on) (NP (NP (NNS topics)) (VP (VBN related) (PP (TO to) (NP (DT this) (NN book)))))))) (VP (MD will) (ADVP (RB often)) (VP (VB use) (S (NP (NNP MATLAB)) (VP (TO to) (VP (VB help) (PP (IN with) (NP (NN modeling)))))))) (. .))) "
52,6,7,this,book,"In the individual chapters , this book will not discuss MATLAB outright , nor will it explain those commands .","(ROOT (S (S (PP (IN In) (NP (DT the) (JJ individual) (NNS chapters))) (, ,) (NP (DT this) (NN book)) (VP (MD will) (RB not) (VP (VB discuss) (NP (NNP MATLAB)) (ADVP (RB outright))))) (, ,) (CC nor) (SQ (MD will) (NP (PRP it)) (VP (VB explain) (NP (DT those) (NNS commands)))) (. .))) "
52,18,19,those,command,"In the individual chapters , this book will not discuss MATLAB outright , nor will it explain those commands .","(ROOT (S (S (PP (IN In) (NP (DT the) (JJ individual) (NNS chapters))) (, ,) (NP (DT this) (NN book)) (VP (MD will) (RB not) (VP (VB discuss) (NP (NNP MATLAB)) (ADVP (RB outright))))) (, ,) (CC nor) (SQ (MD will) (NP (PRP it)) (VP (VB explain) (NP (DT those) (NNS commands)))) (. .))) "
53,22,23,these,calculation,"However , there will be some chapters at the end of the book that will demonstrate how to perform some of these calculations , and how to use some of these analysis tools in MATLAB .","(ROOT (S (ADVP (RB However)) (, ,) (NP (EX there)) (VP (MD will) (VP (VB be) (NP (NP (DT some) (NNS chapters)) (PP (IN at) (NP (NP (DT the) (NN end)) (PP (IN of) (NP (NP (DT the) (NN book)) (SBAR (WHNP (WDT that)) (S (VP (MD will) (VP (VB demonstrate) (SBAR (SBAR (WHADVP (WRB how)) (S (VP (TO to) (VP (VB perform) (NP (NP (DT some)) (PP (IN of) (NP (DT these) (NNS calculations)))))))) (, ,) (CC and) (SBAR (WHADVP (WRB how)) (S (VP (TO to) (VP (VB use) (NP (NP (DT some)) (PP (IN of) (NP (DT these) (NN analysis) (NNS tools)))) (PP (IN in) (NP (NNP MATLAB))))))))))))))))))) (. .))) "
53,31,33,these,tool,"However , there will be some chapters at the end of the book that will demonstrate how to perform some of these calculations , and how to use some of these analysis tools in MATLAB .","(ROOT (S (ADVP (RB However)) (, ,) (NP (EX there)) (VP (MD will) (VP (VB be) (NP (NP (DT some) (NNS chapters)) (PP (IN at) (NP (NP (DT the) (NN end)) (PP (IN of) (NP (NP (DT the) (NN book)) (SBAR (WHNP (WDT that)) (S (VP (MD will) (VP (VB demonstrate) (SBAR (SBAR (WHADVP (WRB how)) (S (VP (TO to) (VP (VB perform) (NP (NP (DT some)) (PP (IN of) (NP (DT these) (NNS calculations)))))))) (, ,) (CC and) (SBAR (WHADVP (WRB how)) (S (VP (TO to) (VP (VB use) (NP (NP (DT some)) (PP (IN of) (NP (DT these) (NN analysis) (NNS tools)))) (PP (IN in) (NP (NNP MATLAB))))))))))))))))))) (. .))) "
58,64,65,this,book,"`` A signal is a source of information generaly a physical quantity which varies with respect to time , space , temperature like any independent variable '' `` A signal is a physical quantity that varies with time , space or any other independent variable.by which information can be conveyed '' These are the types of signals which will be of interest in this book .","(ROOT (S (`` ``) (S (NP (DT A) (NN signal)) (VP (VBZ is) (NP (NP (DT a) (NN source)) (PP (IN of) (NP (NN information)))) (ADVP (RB generaly)) (NP (NP (DT a) (JJ physical) (NN quantity)) (SBAR (WHNP (WDT which)) (S (VP (VBZ varies) (PP (IN with) (NP (NP (NN respect)) (PP (TO to) (NP (NN time) (, ,) (NN space) (, ,) (NN temperature))) (PP (IN like) (NP (DT any) (JJ independent) (JJ variable))))) ('' '') (SBAR (`` ``) (S (NP (DT A) (NN signal)) (VP (VBZ is) (NP (NP (DT a) (JJ physical) (NN quantity)) (SBAR (WHNP (WDT that)) (S (VP (VBZ varies) (PP (IN with) (NP (NP (NN time)) (, ,) (NP (NN space)) (CC or) (NP (NP (DT any) (JJ other) (JJ independent) (NN variable.by)) (SBAR (WHNP (WDT which) (NN information)) (S (VP (MD can) (VP (VB be) (VP (VBN conveyed)))))))))))))))))))))) ('' '') (NP (DT These)) (VP (VBP are) (NP (NP (DT the) (NNS types)) (PP (IN of) (NP (NP (NNS signals)) (SBAR (WHNP (WDT which)) (S (VP (MD will) (VP (VB be) (PP (IN of) (NP (NP (NN interest)) (PP (IN in) (NP (DT this) (NN book))))))))))))) (. .))) "
77,12,13,this,book,"## Systems A ** System ** , in the sense of this book , is any physical set of components that takes a signal , and produces a signal .","(ROOT (S (NP (NNP ##) (NNPS Systems)) (VP (VP (NP (DT A) (X (SYM **))) (ADJP (ADJP (NNP System)) (SBAR (X (SYM **)) (S (, ,) (PP (IN in) (NP (NP (DT the) (NN sense)) (PP (IN of) (NP (DT this) (NN book))))) (, ,) (VP (VBZ is) (NP (NP (DT any) (JJ physical) (NN set)) (PP (IN of) (NP (NP (NNS components)) (SBAR (WHNP (WDT that)) (S (VP (VBZ takes) (NP (DT a) (NN signal))))))))) (, ,))))) (CC and) (VP (VBZ produces) (NP (DT a) (NN signal)))) (. .))) "
80,5,6,this,book,A main purpose of this book is to try and lay some of the theoretical foundation for future dealings with electrical signals .,(ROOT (S (NP (NP (DT A) (JJ main) (NN purpose)) (PP (IN of) (NP (DT this) (NN book)))) (VP (VBZ is) (S (VP (TO to) (VP (VB try) (CC and) (VB lay) (NP (NP (DT some)) (PP (IN of) (NP (NP (DT the) (JJ theoretical) (NN foundation)) (PP (IN for) (NP (JJ future) (NNS dealings)))))) (PP (IN with) (NP (JJ electrical) (NNS signals))))))) (. .))) 
85,36,37,these,function,"## Unit Step Function The unit step function and the impulse function are considered to be fundamental functions in engineering , and it is strongly recommended that the reader becomes very familiar with both of these functions .","(ROOT (S (S (NP (NP (NP (NN ##) (NN Unit) (NN Step) (NN Function)) (NP (DT The) (NN unit) (NN step) (NN function))) (CC and) (NP (DT the) (NN impulse) (NN function))) (VP (VBP are) (VP (VBN considered) (S (VP (TO to) (VP (VB be) (NP (NP (JJ fundamental) (NNS functions)) (PP (IN in) (NP (NN engineering)))))))))) (, ,) (CC and) (S (NP (PRP it)) (VP (VBZ is) (ADVP (RB strongly)) (VP (VBN recommended) (SBAR (IN that) (S (NP (DT the) (NN reader)) (VP (VBZ becomes) (ADJP (RB very) (JJ familiar) (PP (IN with) (NP (NP (DT both)) (PP (IN of) (NP (DT these) (NNS functions)))))))))))) (. .))) "
94,2,3,this,reason,"For this reason , the derivative of the unit step function is 0 at all points t , except where t = 0 .","(ROOT (S (PP (IN For) (NP (DT this) (NN reason))) (, ,) (NP (NP (DT the) (NN derivative)) (PP (IN of) (NP (DT the) (NN unit) (NN step) (NN function)))) (VP (VBZ is) (NP (NP (NP (NP (CD 0)) (PP (IN at) (NP (DT all) (NNS points) (NN t))) (, ,) (SBAR (IN except) (FRAG (WHADVP (WRB where))))) (NN t)) (ADJP (JJ =) (NP-TMP (CD 0))))) (. .))) "
110,3,4,this,_,"Specifically , this _ unit-impulse function _ is known as the Dirac delta function .","(ROOT (S (ADVP (RB Specifically)) (, ,) (NP (NP (DT this) (NN _)) (NP (JJ unit-impulse) (NN function) (NN _))) (VP (VBZ is) (VP (VBN known) (PP (IN as) (NP (DT the) (NNP Dirac) (NN delta) (NN function))))) (. .))) "
113,13,14,this,rectangle,-LSB- Dirac Delta.svg -RSB- -LRB- / / upload.wikimedia.org/wikibooks/en/thumb/d/dd/Dirac_Delta.svg/300px-Dirac_Delta.svg.png -RRB- We can define this rectangle in terms of the unit step function : !,(ROOT (S (PP (-LRB- -LSB-) (NP (NP (NNP Dirac) (NNP Delta.svg) (-RRB- -RSB-)) (PRN (-LRB- -LRB-) (NP (: /) (: /) (NN upload.wikimedia.org/wikibooks/en/thumb/d/dd/Dirac_Delta.svg/300px-Dirac_Delta.svg.png)) (-RRB- -RRB-)))) (NP (PRP We)) (VP (MD can) (VP (VB define) (NP (DT this) (NN rectangle)) (PP (IN in) (NP (NP (NNS terms)) (PP (IN of) (NP (DT the) (NN unit) (NN step) (NN function))))))) (: :) (. !))) 
114,51,52,this,rectangle,"-LSB- D \ -LRB- t \ -RRB- = \ \ frac -LCB- 1 -RCB- -LCB- A -RCB- \ -LSB- u \ -LRB- t + A/2 \ -RRB- - u \ -LRB- t - A/2 \ -RRB- \ -RSB- -RSB- -LRB- / / upload.wikimedia.org/math/6/1/3/6131bce1649aa9212e040e9bd22eb4ef.png -RRB- Now , we want to analyze this rectangle , as A becomes infinitesimally small .","(ROOT (S (S (SBAR (-LRB- -LSB-) (S (NP (NP (NN D) (NN \)) (PRN (-LRB- -LRB-) (NP (NN t) (NN \)) (-RRB- -RRB-))) (VP (JJ =) (NP (NP (NP (CD \) (CD \) (NN frac)) (-LRB- -LCB-) (NP (CD 1)) (-RRB- -RCB-)) (SBAR (S (-LRB- -LCB-) (NP (DT A)) (-RRB- -RCB-) (VP (ADVP (RB \)) (-LRB- -LSB-) (NP (NP (FW u) (FW \)) (PRN (-LRB- -LRB-) (NP (NP (NN t)) (CC +) (NP (NN A/2) (NN \))) (-RRB- -RRB-)) (: -) (NP (NP (FW u) (FW \)) (PRN (-LRB- -LRB-) (NP (NP (NN t)) (: -) (NP (NN A/2) (NN \))) (-RRB- -RRB-)) (SBAR (S (NP (NN \) (-RRB- -RSB-)) (VP (-RRB- -RSB-) (S (-LRB- -LRB-) (NP (: /) (: /) (NN upload.wikimedia.org/math/6/1/3/6131bce1649aa9212e040e9bd22eb4ef.png)) (-RRB- -RRB-) (ADVP (RB Now))))))))))))))) (, ,) (NP (PRP we)) (VP (VBP want) (S (VP (TO to) (VP (VB analyze) (NP (DT this) (NN rectangle))))))) (, ,) (NP (IN as) (DT A)) (VP (VBZ becomes) (ADJP (RB infinitesimally) (JJ small))) (. .))) "
115,4,6,this,function,"We can define this new function , the ** delta function ** , in terms of this rectangle : !","(ROOT (S (NP (PRP We)) (VP (MD can) (VP (VB define) (NP (NP (NP (DT this) (JJ new) (NN function)) (, ,) (NP (NP (DT the)) (SBAR (S (VP (SYM **) (NP (NN delta) (NN function))))))) (X (SYM **))) (, ,) (PP (IN in) (NP (NP (NNS terms)) (PP (IN of) (NP (DT this) (NN rectangle))))))) (: :) (. !))) "
115,17,18,this,rectangle,"We can define this new function , the ** delta function ** , in terms of this rectangle : !","(ROOT (S (NP (PRP We)) (VP (MD can) (VP (VB define) (NP (NP (NP (DT this) (JJ new) (NN function)) (, ,) (NP (NP (DT the)) (SBAR (S (VP (SYM **) (NP (NN delta) (NN function))))))) (X (SYM **))) (, ,) (PP (IN in) (NP (NP (NNS terms)) (PP (IN of) (NP (DT this) (NN rectangle))))))) (: :) (. !))) "
125,3,4,this,definition,"Although , this definition is less rigorous than the previous definition .","(ROOT (FRAG (SBAR (IN Although) (S (, ,) (ADVP (DT this) (NN definition)) (VP (VBZ is) (ADJP (RBR less) (JJ rigorous))) (PP (IN than) (NP (DT the) (JJ previous) (NN definition))))) (. .))) "
131,2,3,this,property,"Using this property , we can extract a single value from a continuous function by multiplying with an impulse , and then integrating .","(ROOT (S (S (VP (VBG Using) (NP (DT this) (NN property)))) (, ,) (NP (PRP we)) (VP (MD can) (VP (VB extract) (NP (DT a) (JJ single) (NN value)) (PP (IN from) (NP (DT a) (JJ continuous) (NN function))) (PP (IN by) (S (VP (VP (VBG multiplying) (PP (IN with) (NP (DT an) (NN impulse)))) (, ,) (CC and) (VP (ADVP (RB then)) (VBG integrating))))))) (. .))) "
134,3,4,this,book,"Generally , this book uses the term `` delta function '' to refer to the ** Dirac Delta Function ** .","(ROOT (S (ADVP (RB Generally)) (, ,) (NP (DT this) (NN book)) (VP (VBZ uses) (NP (NP (DT the) (NN term) (`` ``) (NN delta) (NN function) ('' '')) (SBAR (S (VP (TO to) (VP (VB refer) (PP (TO to) (NP (NP (DT the)) (X (SYM **)))) (NP (NP (NP (NNP Dirac) (NNP Delta)) (NP (NN Function))) (X (SYM **))))))))) (. .))) "
163,31,32,these,tool,"** -LSB- Signals and Systems -RSB- -LRB- / wiki/Signals _ and_Systems -RRB- ** There are many tools available to analyze a system in the time domain , although many of these tools are very complicated and involved .","(ROOT (FRAG (X (SYM **)) (-LRB- -LSB-) (NP (NP (NP (NNS Signals)) (CC and) (NP (NNPS Systems))) (VP (-RRB- -RSB-) (PRN (-LRB- -LRB-) (S (NP (: /) (NNS wiki/Signals)) (VP (VBP _) (NP (NNS and_Systems)))) (-RRB- -RRB-)) (SBAR (SBAR (X (SYM **)) (S (NP (EX There)) (VP (VBP are) (NP (NP (JJ many) (NNS tools)) (ADJP (JJ available) (S (VP (TO to) (VP (VB analyze) (NP (NP (DT a) (NN system)) (PP (IN in) (NP (DT the) (NN time) (NN domain)))))))))))) (, ,) (SBAR (IN although) (S (NP (NP (JJ many)) (PP (IN of) (NP (DT these) (NNS tools)))) (VP (VBP are) (ADJP (ADJP (RB very) (JJ complicated)) (CC and) (ADJP (VBN involved))))))))) (. .))) "
164,3,4,these,tool,"Nonetheless , these tools are invaluable for use in the study of linear signals and systems , so they will be covered here .","(ROOT (S (ADVP (RB Nonetheless)) (, ,) (NP (DT these) (NNS tools)) (VP (VBP are) (ADJP (JJ invaluable) (PP (IN for) (NP (NP (NN use)) (PP (IN in) (NP (NP (DT the) (NN study)) (PP (IN of) (NP (JJ linear) (NNS signals) (CC and) (NNS systems)))))))) (, ,) (SBAR (IN so) (S (NP (PRP they)) (VP (MD will) (VP (VB be) (VP (VBN covered) (ADVP (RB here)))))))) (. .))) "
169,13,14,this,section,"Then , for a given input it can be shown -LRB- in this section or the following -RRB- that the output of a LTI system is a convolution of the input and the system 's impulse response , thus motivating the definition of convolution .","(ROOT (S (ADVP (RB Then)) (, ,) (PP (IN for) (NP (DT a) (VBN given) (NN input))) (NP (PRP it)) (VP (MD can) (VP (VB be) (VP (VBN shown) (PRN (-LRB- -LRB-) (PP (IN in) (NP (NP (DT this) (NN section)) (CC or) (NP (DT the) (VBG following)))) (-RRB- -RRB-)) (SBAR (IN that) (S (NP (NP (DT the) (NN output)) (PP (IN of) (NP (DT a) (NN LTI) (NN system)))) (VP (VBZ is) (NP (NP (DT a) (NN convolution)) (PP (IN of) (NP (NP (DT the) (NN input)) (CC and) (NP (NP (DT the) (NN system) (POS 's)) (NN impulse) (NN response))))) (, ,) (S (ADVP (RB thus)) (VP (VBG motivating) (NP (NP (DT the) (NN definition)) (PP (IN of) (NP (NN convolution)))))))))))) (. .))) "
182,5,6,this,sense,`` Linear '' in this sense is not the same word as is used in conventional algebra or geometry .,(ROOT (S (NP (`` ``) (NP (JJ Linear)) ('' '') (PP (IN in) (NP (DT this) (NN sense)))) (VP (VBZ is) (RB not) (NP (DT the) (JJ same) (NN word)) (SBAR (IN as) (S (VP (VBZ is) (VP (VBN used) (PP (IN in) (NP (JJ conventional) (NN algebra) (CC or) (NN geometry)))))))) (. .))) 
186,7,8,this,equation,"This may surprise people , because this equation is the equation for a straight line !","(ROOT (S (NP (DT This)) (VP (MD may) (VP (VB surprise) (NP (NNS people)) (, ,) (SBAR (IN because) (S (NP (DT this) (NN equation)) (VP (VBZ is) (NP (NP (DT the) (NN equation)) (PP (IN for) (NP (DT a) (JJ straight) (NN line))))))))) (. !))) "
189,13,14,this,book,"The terms linearity and superposition can be used interchangably , but in this book we will prefer to use the term linearity exclusively .","(ROOT (S (S (NP (DT The) (NNS terms) (NN linearity) (CC and) (NN superposition)) (VP (MD can) (VP (VB be) (VP (VBN used) (ADVP (RB interchangably)))))) (, ,) (CC but) (S (PP (IN in) (NP (DT this) (NN book))) (NP (PRP we)) (VP (MD will) (VP (VB prefer) (S (VP (TO to) (VP (VB use) (NP (DT the) (NN term) (NN linearity)) (ADVP (RB exclusively)))))))) (. .))) "
195,4,5,these,input,We then use these inputs to produce two respective outputs : !,(ROOT (S (NP (PRP We)) (ADVP (RB then)) (VP (VBP use) (S (NP (DT these) (NNS inputs)) (VP (TO to) (VP (VB produce) (NP (CD two) (JJ respective) (NNS outputs) (: :)))))) (. !))) 
198,41,43,this,relationship,"-LSB- y_1 \ -LRB- t \ -RRB- + y_2 \ -LRB- t \ -RRB- = f \ -LRB- x_1 \ -LRB- t \ -RRB- + x_2 \ -LRB- t \ -RRB- \ -RRB- -RSB- -LRB- / / upload.wikimedia.org/math/9/1/8/9182b3758f128954a7e203079cb20668.png -RRB- If this final relationship is not satisfied for _ all possible inputs _ , then the system is not additive .","(ROOT (S (SINV (VP (-LRB- -LSB-) (S (NP (NP (NP (NP (NN y_1) (NN \)) (PRN (-LRB- -LRB-) (NP (NN t) (NN \)) (-RRB- -RRB-))) (CC +) (NP (NN y_2) (NN \))) (PRN (-LRB- -LRB-) (NP (NN t) (NN \)) (-RRB- -RRB-))) (ADJP (JJ =)))) (NP (NP (FW f) (FW \)) (PRN (-LRB- -LRB-) (NP (NP (NP (NP (NN x_1) (NN \)) (PRN (-LRB- -LRB-) (NP (NN t) (NN \)) (-RRB- -RRB-))) (CC +) (NP (NP (NN x_2) (NN \)) (PRN (-LRB- -LRB-) (NP (NN t) (NN \)) (-RRB- -RRB-)))) (NP (NN \))) (-RRB- -RRB-)))) (-RRB- -RSB-) (PRN (-LRB- -LRB-) (VP (: /) (NP (: /) (NN upload.wikimedia.org/math/9/1/8/9182b3758f128954a7e203079cb20668.png))) (-RRB- -RRB-)) (S (SBAR (IN If) (S (NP (DT this) (JJ final) (NN relationship)) (VP (VBZ is) (RB not) (ADJP (VBN satisfied) (PP (IN for) (NP (CD _))))))) (NP (DT all) (JJ possible) (NNS inputs)) (VP (VBP _))) (, ,) (RB then) (S (NP (DT the) (NN system)) (VP (VBZ is) (RB not) (ADJP (JJ additive)))) (. .))) "
214,3,4,this,proof,"To perform this proof , the second definition of time invariance will be used .","(ROOT (S (S (VP (TO To) (VP (VB perform) (NP (DT this) (NN proof))))) (, ,) (NP (NP (DT the) (JJ second) (NN definition)) (PP (IN of) (NP (NN time) (NN invariance)))) (VP (MD will) (VP (VB be) (VP (VBN used)))) (. .))) "
263,9,11,this,matlab,"## Convolution This operation can be performed using this -LSB- MATLAB -RSB- -LRB- / wiki/MATLAB _ Programming -RRB- command : ** conv ** Convolution -LRB- folding together -RRB- is a complicated operation involving integrating , multiplying , adding , and time-shifting two signals together .","(ROOT (S (NP (NP (NN ##)) (PP (NN Convolution) (NP (DT This) (NN operation)))) (VP (MD can) (VP (VB be) (VP (VBN performed) (S (VP (VBG using) (NP (NP (DT this) (-LRB- -LSB-) (NN MATLAB)) (PP (-RRB- -RSB-) (NP (PRN (-LRB- -LRB-) (NP (: /) (NNP wiki/MATLAB) (NNP _) (NNP Programming)) (-RRB- -RRB-)) (NN command)))))) (: :) (FRAG (X (SYM **)) (VP (VBP conv) (SBAR (SBAR (X (SYM **)) (S (NP (NP (NN Convolution)) (PRN (-LRB- -LRB-) (ADJP (JJ folding) (RB together)) (-RRB- -RRB-))) (VP (VBZ is) (NP (NP (DT a) (JJ complicated) (NN operation)) (VP (VP (VBG involving) (S (VP (VBG integrating)))) (, ,) (VP (VBG multiplying)) (, ,) (VP (VBG adding))))))) (, ,) (CC and) (FRAG (NP (NP (JJ time-shifting)) (ADVP (NP (CD two) (NNS signals)) (RB together)))))))))) (. .))) "
264,13,14,this,book,Convolution is a key component to the rest of the material in this book .,(ROOT (S (NP (NN Convolution)) (VP (VBZ is) (NP (NP (DT a) (JJ key) (NN component)) (PP (TO to) (NP (NP (DT the) (NN rest)) (PP (IN of) (NP (NP (DT the) (NN material)) (PP (IN in) (NP (DT this) (NN book))))))))) (. .))) 
270,3,4,this,process,"Graphically , this process moves everything from the right-side of the _ y _ axis to the left side and vice-versa .","(ROOT (S (ADVP (RB Graphically)) (, ,) (NP (DT this) (NN process)) (VP (VBZ moves) (NP (NN everything)) (PP (IN from) (NP (NP (NP (DT the) (NN right-side)) (PP (IN of) (NP (DT the) (CD _) (NN y)))) (NP (NP (CD _) (NN axis)) (PP (TO to) (NP (DT the) (JJ left) (NN side)))) (CC and) (NP (NN vice-versa))))) (. .))) "
278,25,26,that,range,"If one -LRB- or both -RRB- of the functions do not exist over any given range , the value of the convolution operation at that range will be zero .","(ROOT (S (SBAR (IN If) (S (NP (NP (NP (CD one)) (PRN (-LRB- -LRB-) (FRAG (CC or) (NP (DT both))) (-RRB- -RRB-))) (PP (IN of) (NP (DT the) (NNS functions)))) (VP (VBP do) (RB not) (VP (VB exist) (PP (IN over) (NP (DT any) (VBN given) (NN range))))))) (, ,) (NP (NP (DT the) (NN value)) (PP (IN of) (NP (NP (DT the) (NN convolution) (NN operation)) (PP (IN at) (NP (DT that) (NN range)))))) (VP (MD will) (VP (VB be) (NP (CD zero)))) (. .))) "
298,20,22,this,matlab,-LSB- Convolution Example 1 Output.svg -RSB- -LRB- / / upload.wikimedia.org/wikipedia/commons/thumb/e/e9/Convolution_Example_1_Output.svg/600px-Convolution_Example_1_Output.svg.png -RRB- ## Correlation This operation can be performed using this -LSB- MATLAB -RSB- -LRB- / wiki/MATLAB _ Programming -RRB- command : ** xcorr ** Akin to Convolution is a technique called `` Correlation '' that combines two functions in the time domain into a single resultant function in the time domain .,(ROOT (S (S (NP (-LRB- -LSB-) (NNP Convolution) (NNP Example) (CD 1) (NN Output.svg)) (VP (-RRB- -RSB-) (PRN (-LRB- -LRB-) (PP (: /) (NP (: /) (NN upload.wikimedia.org/wikipedia/commons/thumb/e/e9/Convolution_Example_1_Output.svg/600px-Convolution_Example_1_Output.svg.png))) (-RRB- -RRB-)) (NP (NP (CD ##) (NN Correlation)) (SBAR (S (NP (DT This) (NN operation)) (VP (MD can) (VP (VB be) (VP (VBN performed) (S (VP (VBG using) (NP (NP (DT this) (-LRB- -LSB-) (NN MATLAB)) (PP (-RRB- -RSB-) (NP (PRN (-LRB- -LRB-) (NP (: /) (NNP wiki/MATLAB) (NNP _) (NNP Programming)) (-RRB- -RRB-)) (NN command)))))))))))))) (: :) (X (X (SYM **)) (NP (NP (FW xcorr)) (SBAR (S (SBAR (X (SYM **)) (S (NP (NP (NNP Akin)) (PP (TO to) (NP (NNP Convolution)))) (VP (VBZ is) (NP (NP (DT a) (NN technique)) (VP (VBN called) (S (`` ``) (NP (NN Correlation)) ('' ''))))))) (NP (WDT that)) (VP (VBZ combines) (NP (NP (CD two) (NNS functions)) (PP (IN in) (NP (DT the) (NN time) (NN domain)))) (PP (IN into) (NP (NP (DT a) (JJ single) (JJ resultant) (NN function)) (PP (IN in) (NP (DT the) (NN time) (NN domain)))))))))) (. .))) 
319,14,15,that,object,"If there is an object in range , the signal will bounce off that object and return to the RADAR station .","(ROOT (S (SBAR (IN If) (S (NP (EX there)) (VP (VBZ is) (NP (NP (DT an) (NN object)) (PP (IN in) (NP (NN range))))))) (, ,) (NP (DT the) (NN signal)) (VP (MD will) (VP (VB bounce) (PRT (RP off)) (NP (NP (DT that) (NN object) (CC and) (NN return)) (PP (TO to) (NP (DT the) (NN RADAR) (NN station)))))) (. .))) "
325,20,21,this,terminology,"We do n't talk about Frequency Domain analysis till a later chapter , but it is important to know this terminology now .","(ROOT (S (S (NP (PRP We)) (VP (VBP do) (RB n't) (VP (VB talk) (PP (IN about) (NP (NNP Frequency) (NN Domain) (NN analysis))) (PP (IN till) (NP (DT a) (JJ later) (NN chapter)))))) (, ,) (CC but) (S (NP (PRP it)) (VP (VBZ is) (ADJP (JJ important) (S (VP (TO to) (VP (VB know) (NP (DT this) (NN terminology)) (ADVP (RB now)))))))) (. .))) "
331,2,3,this,point,"At this point , the correlation spikes upward .","(ROOT (S (PP (IN At) (NP (DT this) (NN point))) (, ,) (NP (DT the) (NN correlation)) (VP (VBZ spikes) (ADVP (RB upward))) (. .))) "
342,2,3,this,chapter,"In this chapter , we will study the effects of thermal noise .","(ROOT (S (PP (IN In) (NP (DT this) (NN chapter))) (, ,) (NP (PRP we)) (VP (MD will) (VP (VB study) (NP (NP (DT the) (NNS effects)) (PP (IN of) (NP (JJ thermal) (NN noise)))))) (. .))) "
346,3,5,this,theory,"As per this kinetic theory , the kinetic energy of these particles becomes approximately zero -LRB- i.e. zero velocity -RRB- at absolute zero .","(ROOT (S (PP (IN As) (PP (IN per) (NP (DT this) (JJ kinetic) (NN theory)))) (, ,) (NP (NP (DT the) (JJ kinetic) (NN energy)) (PP (IN of) (NP (DT these) (NNS particles)))) (VP (VBZ becomes) (NP (NP (NP (RB approximately) (CD zero)) (PRN (-LRB- -LRB-) (NP (NP (FW i.e.)) (NP (CD zero) (NN velocity))) (-RRB- -RRB-))) (PP (IN at) (NP (JJ absolute) (CD zero))))) (. .))) "
346,11,12,these,particle,"As per this kinetic theory , the kinetic energy of these particles becomes approximately zero -LRB- i.e. zero velocity -RRB- at absolute zero .","(ROOT (S (PP (IN As) (PP (IN per) (NP (DT this) (JJ kinetic) (NN theory)))) (, ,) (NP (NP (DT the) (JJ kinetic) (NN energy)) (PP (IN of) (NP (DT these) (NNS particles)))) (VP (VBZ becomes) (NP (NP (NP (RB approximately) (CD zero)) (PRN (-LRB- -LRB-) (NP (NP (FW i.e.)) (NP (CD zero) (NN velocity))) (-RRB- -RRB-))) (PP (IN at) (NP (JJ absolute) (CD zero))))) (. .))) "
351,39,40,that,pattern,"** -LSB- Signals and Systems -RSB- -LRB- / wiki/Signals _ and_Systems -RRB- ** ## Periodic Signals A signal is a periodic signal if it completes a pattern within a measurable time frame , called a period and repeats that pattern over identical subsequent periods .","(ROOT (S (SBAR (X (SYM **)) (S (NP (NP (-LRB- -LSB-) (NNS Signals)) (CC and) (NP (NNPS Systems))) (VP (-RRB- -RSB-)))) (PRN (-LRB- -LRB-) (S (NP (: /) (NNS wiki/Signals)) (VP (VBP _) (NP (NNS and_Systems)))) (-RRB- -RRB-)) (SBAR (X (SYM **)) (S (NP (NP (CD ##) (JJ Periodic) (NNS Signals)) (NP (DT A) (NN signal))) (VP (VBZ is) (NP (DT a) (JJ periodic) (NN signal)) (SBAR (IN if) (S (NP (PRP it)) (VP (VBZ completes) (NP (NP (DT a) (NN pattern)) (PP (IN within) (NP (DT a) (JJ measurable) (NN time) (NN frame)))))))))) (, ,) (VP (VBD called) (NP (DT a) (NN period) (CC and) (NNS repeats)) (PP (NP (WDT that) (NN pattern)) (IN over) (NP (JJ identical) (JJ subsequent) (NNS periods)))) (. .))) "
369,32,33,that,point,-LSB- \ \ omega = 2 \ \ pi f -RSB- -LRB- / / upload.wikimedia.org/math/e/e/f/eefe9093ec365c277ea859d088715133.png -RRB- ### Amplitude The amplitude of a given wave is the value of the wave at that point .,(ROOT (S (NP (NP (NP (NP (QP (-LRB- -LSB-) (CD \) (CD \)) (NN omega)) (ADJP (JJ =) (NP-TMP (CD 2)))) (QP (CD \) (CD \))) (ADJP (NN pi) (FW f))) (VP (-RRB- -RSB-) (PRN (-LRB- -LRB-) (PP (: /) (NP (: /) (NN upload.wikimedia.org/math/e/e/f/eefe9093ec365c277ea859d088715133.png))) (-RRB- -RRB-)) (NP (NP (CD ###) (NNP Amplitude)) (SBAR (S (NP (NP (DT The) (NN amplitude)) (PP (IN of) (NP (DT a) (VBN given) (NN wave)))) (VP (VBZ is) (NP (NP (DT the) (NN value)) (PP (IN of) (NP (NP (DT the) (NN wave)) (PP (IN at) (NP (DT that) (NN point))))))))))) (. .))) 
370,14,16,that,point,Amplitude is also known as the `` Magnitude '' of the wave at that particular point .,(ROOT (S (NP (NNP Amplitude)) (VP (VBZ is) (ADVP (RB also)) (VP (VBN known) (PP (IN as) (NP (NP (DT the) (`` ``) (NN Magnitude) ('' '')) (PP (IN of) (NP (NP (DT the) (NN wave)) (PP (IN at) (NP (DT that) (JJ particular) (NN point))))))))) (. .))) 
390,16,17,this,property,"A function with half-wave symmetry does not have to be even or odd , as this property requires only that the shifted signal is opposite , and this can occur for any temporal offset .","(ROOT (S (S (NP (NP (DT A) (NN function)) (PP (IN with) (NP (JJ half-wave) (NN symmetry)))) (VP (VBZ does) (RB not) (VP (VB have) (S (VP (TO to) (VP (VB be) (UCP (ADVP (RB even)) (CC or) (ADJP (JJ odd)))))) (, ,) (SBAR (IN as) (S (NP (DT this) (NN property)) (VP (VBZ requires) (SBAR (RB only) (IN that) (S (NP (DT the) (VBN shifted) (NN signal)) (VP (VBZ is) (ADJP (JJ opposite))))))))))) (, ,) (CC and) (S (NP (DT this)) (VP (MD can) (VP (VB occur) (PP (IN for) (NP (NP (DT any) (JJ temporal)) (VP (VBN offset))))))) (. .))) "
402,17,18,this,property,"Below is an example of a quarter-wave symmetric signal -LRB- red -RRB- that does not show this property without first being shifted along the time axis -LRB- green , dashed -RRB- : !","(ROOT (S (NP (NNP Below)) (VP (VBZ is) (NP (NP (DT an) (NN example)) (PP (IN of) (NP (DT a) (JJ quarter-wave) (JJ symmetric) (NN signal) (PRN (-LRB- -LRB-) (NP (NN red)) (-RRB- -RRB-)) (SBAR (WHNP (WDT that)) (S (VP (VBZ does) (RB not) (VP (VB show) (NP (DT this) (NN property)) (PP (IN without) (NP (NP (JJ first)) (VP (VBG being) (VP (VBN shifted) (PP (IN along) (NP (DT the) (NN time) (NN axis))))) (PRN (-LRB- -LRB-) (VP (ADVP (JJ green)) (, ,) (VBN dashed)) (-RRB- -RRB-)))))))))))) (: :) (. !))) "
405,2,3,this,case,"In this case , the function would be redefined to be periodic on -LRB- _ - L + Δ _ , _ L + Δ _ -RRB- , where Δ is the shift distance .","(ROOT (S (PP (IN In) (NP (DT this) (NN case))) (, ,) (NP (DT the) (NN function)) (VP (MD would) (VP (VB be) (VP (VBN redefined) (S (VP (TO to) (VP (VB be) (NP (NP (JJ periodic)) (PP (IN on)) (PRN (-LRB- -LRB-) (X (X (SYM _)) (NP (NP (: -) (NP (NP (NN L)) (CC +) (NP (NN Δ) (CD _))) (, ,) (NP (NP (CD _) (NN L)) (SBAR (S (NP (CC +)))))) (PP (NN Δ) (NP (NN _))))) (-RRB- -RRB-)))))) (, ,) (SBAR (WHADVP (WRB where)) (S (NP (NN Δ)) (VP (VBZ is) (NP (DT the) (NN shift) (NN distance)))))))) (. .))) "
411,4,5,those,signal,"We will list those signals here , and discuss them .","(ROOT (S (NP (PRP We)) (VP (VP (MD will) (VP (VB list) (NP (DT those) (NNS signals)) (ADVP (RB here)))) (, ,) (CC and) (VP (VBP discuss) (NP (PRP them)))) (. .))) "
422,8,9,this,way,All periodic functions can be classified in this way .,(ROOT (S (NP (DT All) (JJ periodic) (NNS functions)) (VP (MD can) (VP (VB be) (VP (VBN classified) (PP (IN in) (NP (DT this) (NN way)))))) (. .))) 
460,5,6,these,property,"If we can identify these properties before hand , we can save ourselves from doing unnecessary calculations .","(ROOT (S (SBAR (IN If) (S (NP (PRP we)) (VP (MD can) (VP (VB identify) (NP (DT these) (NNS properties)) (PP (IN before) (NP (NN hand))))))) (, ,) (NP (PRP we)) (VP (MD can) (VP (VB save) (NP (PRP ourselves)) (PP (IN from) (S (VP (VBG doing) (NP (JJ unnecessary) (NNS calculations))))))) (. .))) "
516,15,16,this,form,"Even though complex numbers are a little more complicated to comprehend , we use this form for a number of reasons : 1 .","(ROOT (S (SBAR (RB Even) (IN though) (S (NP (JJ complex) (NNS numbers)) (VP (VBP are) (ADVP (NP (DT a) (RB little)) (RBR more)) (VP (VBN complicated) (S (VP (TO to) (VP (VB comprehend)))))))) (, ,) (NP (PRP we)) (VP (VBP use) (NP (NP (DT this) (NN form)) (PP (IN for) (NP (NP (DT a) (NN number)) (PP (IN of) (NP (NNS reasons)))))) (: :) (NP (CD 1))) (. .))) "
535,2,3,this,effect,"To this effect , the Exponential series is often known as the `` Bi-Sided Fourier Series '' , because the spectrum has both a positive and negative side .","(ROOT (S (PP (TO To) (NP (DT this) (NN effect))) (, ,) (NP (DT the) (JJ Exponential) (NN series)) (VP (VBZ is) (ADVP (RB often)) (VP (VBN known) (PP (IN as) (NP (NP (DT the) (`` ``) (JJ Bi-Sided) (NN Fourier) (NN Series) ('' '')) (, ,) (SBAR (IN because) (S (NP (DT the) (NN spectrum)) (VP (VBZ has) (NP (ADVP (CC both)) (DT a) (ADJP (JJ positive) (CC and) (JJ negative)) (NN side))))))))) (. .))) "
538,16,17,this,book,"However , a further study of electrical engineering -LRB- which is outside the scope of this book -RRB- will provide many examples of where negative frequencies play a very important part in modeling and understanding certain systems .","(ROOT (S (ADVP (RB However)) (, ,) (NP (NP (DT a) (JJ further) (NN study)) (PP (IN of) (NP (JJ electrical) (NN engineering) (PRN (-LRB- -LRB-) (SBAR (WHNP (WDT which)) (S (VP (VBZ is) (PP (IN outside) (NP (NP (DT the) (NN scope)) (PP (IN of) (NP (DT this) (NN book)))))))) (-RRB- -RRB-))))) (VP (MD will) (VP (VB provide) (NP (NP (JJ many) (NNS examples)) (PP (IN of) (SBAR (WHADVP (WRB where)) (S (S (NP (JJ negative) (NNS frequencies)) (VP (VBP play) (NP (NP (DT a) (ADJP (RB very) (JJ important)) (NN part)) (PP (IN in) (NP (NN modeling)))))) (CC and) (S (VP (VBG understanding) (NP (JJ certain) (NNS systems)))))))))) (. .))) "
541,2,3,this,rule,"Once this rule is learned , drawing the negative side of the spectrum is a trivial matter once the positive side has been drawn .","(ROOT (S (SBAR (RB Once) (S (NP (DT this) (NN rule)) (VP (VBZ is) (VP (VBN learned))))) (, ,) (S (VP (VBG drawing) (NP (NP (DT the) (JJ negative) (NN side)) (PP (IN of) (NP (DT the) (NN spectrum)))))) (VP (VBZ is) (NP (DT a) (JJ trivial) (NN matter)) (SBAR (IN once) (S (NP (DT the) (JJ positive) (NN side)) (VP (VBZ has) (VP (VBN been) (VP (VBN drawn))))))) (. .))) "
613,7,8,this,signal,Find the rectangular Fourier series of this signal .,(ROOT (S (VP (VB Find) (NP (NP (DT the) (JJ rectangular) (NN Fourier) (NN series)) (PP (IN of) (NP (DT this) (NN signal))))) (. .))) 
614,10,11,this,signal,"First and foremost , we can see clearly that this signal does have a DC value : the signal exists entirely above the horizontal axis .","(ROOT (S (S (NP (NP (NNP First)) (CC and) (ADJP (JJ foremost))) (, ,) (NP (PRP we)) (VP (MD can) (VP (VB see) (ADVP (RB clearly)) (SBAR (IN that) (S (NP (DT this) (NN signal)) (VP (VBZ does) (VP (VB have) (NP (DT a) (NN DC) (NN value))))))))) (: :) (S (NP (DT the) (NN signal)) (VP (VBZ exists) (ADVP (RB entirely)) (PP (IN above) (NP (DT the) (JJ horizontal) (NN axis))))) (. .))) "
618,6,7,this,function,We can also see that this function has discontinuities and half-wave symmetry .,(ROOT (S (NP (PRP We)) (VP (MD can) (ADVP (RB also)) (VP (VB see) (SBAR (IN that) (S (NP (DT this) (NN function)) (VP (VBZ has) (NP (NP (NNS discontinuities)) (CC and) (NP (JJ half-wave) (NN symmetry)))))))) (. .))) 
623,13,14,these,value,"Half-wave Symmetry -LRB- no even harmonics -RRB- Now , we can calculate these values as follows : !","(ROOT (S (ADVP (NP (NP (JJ Half-wave) (NN Symmetry)) (PRN (-LRB- -LRB-) (NP (NP (DT no) (RB even)) (NP (NNS harmonics))) (-RRB- -RRB-))) (RB Now)) (, ,) (NP (PRP we)) (VP (MD can) (VP (VB calculate) (NP (DT these) (NNS values)) (SBAR (IN as) (S (VP (VBZ follows)))))) (: :) (. !))) "
644,43,45,that,series,"** -LSB- Signals and Systems -RSB- -LRB- / wiki/Signals _ and_Systems -RRB- ** ## Periodic Inputs ### System Response ## Plotting Results From the polar form of the Fourier series , we can see that essentially , there are 2 quantities that that Fourier series provides : Magnitude , and Phase shift .","(ROOT (S (SBAR (X (SYM **)) (S (NP (NP (-LRB- -LSB-) (NNS Signals)) (CC and) (NP (NNPS Systems))) (VP (-RRB- -RSB-)))) (PRN (-LRB- -LRB-) (S (NP (: /) (NNS wiki/Signals)) (VP (VBP _) (NP (NNS and_Systems)))) (-RRB- -RRB-)) (SBAR (X (SYM **)) (S (NP (CD ##) (JJ Periodic) (NNS Inputs)) (VP (VBP ###) (NP (NP (NNP System) (NNP Response) (NNP ##) (NNP Plotting) (NNS Results)) (PP (IN From) (NP (NP (DT the) (JJ polar) (NN form)) (PP (IN of) (NP (DT the) (NN Fourier) (NN series))))))))) (, ,) (NP (PRP we)) (VP (MD can) (VP (VB see) (SBAR (IN that) (S (ADVP (RB essentially)) (, ,) (NP (EX there)) (VP (VBP are) (NP (NP (NP (CD 2) (NNS quantities)) (SBAR (IN that) (S (NP (DT that) (NN Fourier) (NN series)) (VP (VBZ provides))))) (: :) (NP (NP (NN Magnitude)) (, ,) (CC and) (NP (NN Phase) (NN shift))))))))) (. .))) "
647,10,11,this,point,"### Magnitude Plots It is important to remember at this point that the Fourier series turns a continuous , periodic time signal into a discrete set of frequency components .","(ROOT (S (NP (NN ###) (NN Magnitude) (NNS Plots)) (NP (PRP It)) (VP (VBZ is) (ADJP (JJ important) (S (VP (TO to) (VP (VB remember) (PP (IN at) (NP (DT this) (NN point))) (SBAR (IN that) (S (NP (DT the) (NN Fourier) (NN series)) (VP (VBZ turns) (NP (DT a) (JJ continuous) (, ,) (JJ periodic) (NN time) (NN signal)) (PP (IN into) (NP (NP (DT a) (JJ discrete) (NN set)) (PP (IN of) (NP (NN frequency) (NNS components))))))))))))) (. .))) "
653,10,11,this,case,"The X-axis will have the independent variable , in this case the frequency .","(ROOT (S (NP (DT The) (NN X-axis)) (VP (MD will) (VP (VB have) (NP (DT the) (JJ independent) (JJ variable)) (, ,) (PP (IN in) (NP (NP (DT this) (NN case)) (NP (DT the) (NN frequency)))))) (. .))) "
666,28,29,those,value,"-LSB- v = ir -RSB- -LRB- / / upload.wikimedia.org/math/9/7/9/97961f86133424825ddb1e7a4dd1881d.png -RRB- If we use Ohm 's Law to solve for v and i respectively , and then plug those values into our equation , we will get the following result : !","(ROOT (S (PP (-LRB- -LSB-) (NP (LS v) (JJ =) (NN ir) (-RRB- -RSB-))) (PRN (-LRB- -LRB-) (VP (: /) (NP (: /) (NN upload.wikimedia.org/math/9/7/9/97961f86133424825ddb1e7a4dd1881d.png))) (-RRB- -RRB-)) (SBAR (IN If) (S (NP (PRP we)) (VP (VBP use) (NP (NP (NNP Ohm) (POS 's)) (NN Law) (S (VP (TO to) (VP (VP (VB solve) (PP (IN for) (NP (LS v) (CC and) (FW i))) (ADVP (RB respectively))) (, ,) (CC and) (ADVP (RB then)) (VP (VB plug) (NP (DT those) (NNS values)) (PP (IN into) (NP (PRP$ our) (NN equation))))))))))) (, ,) (NP (PRP we)) (VP (MD will) (VP (VB get) (NP (DT the) (VBG following) (NN result)))) (: :) (. !))) "
674,23,25,that,signal,The power and energy in a signal when expressed in the time domain should be equal to the power and energy of that same signal when expressed in the frequency domain .,(ROOT (S (NP (NP (DT The) (NN power) (CC and) (NN energy)) (PP (IN in) (NP (NP (DT a) (NN signal)) (SBAR (WHADVP (WRB when)) (S (VP (VBN expressed) (PP (IN in) (NP (DT the) (NN time) (NN domain))))))))) (VP (MD should) (VP (VB be) (ADJP (JJ equal) (PP (TO to) (NP (NP (DT the) (NN power) (CC and) (NN energy)) (PP (IN of) (NP (DT that) (JJ same) (NN signal)))))) (SBAR (WHADVP (WRB when)) (S (VP (VBN expressed) (PP (IN in) (NP (DT the) (NN frequency) (NN domain)))))))) (. .))) 
685,53,55,those,component,-LSB- \ \ mathcal -LCB- E -RCB- _ F \ -LRB- \ \ theta \ -RRB- = \ \ mathcal -LCB- F -RCB- ^ 2 \ -LRB- \ \ theta \ -RRB- -RSB- -LRB- / / upload.wikimedia.org/math/6/1/9/6192299115b0b0301044b07ec993568f.png -RRB- The magnitude of the graph at different frequencies represents the amount energy located within those frequency components .,(ROOT (NP (NP (NP (QP (-LRB- -LSB-) (CD \) (CD \))) (NP (JJ mathcal) (-LRB- -LCB-) (NN E) (-RRB- -RCB-))) (SBAR (S (NP (NP (CD _) (NN F) (NN \)) (PRN (-LRB- -LRB-) (NP (QP (CD \) (CD \)) (NN theta) (NN \)) (-RRB- -RRB-))) (VP (JJ =) (NP (NP (NP (QP (CD \) (CD \)) (JJ mathcal) (PRN (-LRB- -LCB-) (NP (NN F)) (-RRB- -RCB-)) (NN ^) (ADJP (ADJP (CD 2) (NN \)) (PRN (-LRB- -LRB-) (NP (QP (CD \) (CD \)) (NN theta) (NN \)) (-RRB- -RRB-))) (-RRB- -RSB-)) (PRN (-LRB- -LRB-) (NP (: /) (: /) (NN upload.wikimedia.org/math/6/1/9/6192299115b0b0301044b07ec993568f.png)) (-RRB- -RRB-))) (SBAR (S (NP (NP (DT The) (NN magnitude)) (PP (IN of) (NP (NP (DT the) (NN graph)) (PP (IN at) (NP (JJ different) (NNS frequencies)))))) (VP (VBZ represents) (S (NP (DT the) (NN amount) (NN energy)) (ADJP (JJ located))))))) (PP (IN within) (NP (DT those) (NN frequency) (NNS components)))))) (. .))) 
710,10,12,this,matlab,## Fourier Transform This operation can be performed using this -LSB- MATLAB -RSB- -LRB- / wiki/MATLAB _ Programming -RRB- command : ** fft ** The Fourier Transform is the following integral : !,(ROOT (S (NP (NP (NNP ##) (NN Fourier) (NNP Transform)) (SBAR (S (NP (DT This) (NN operation)) (VP (MD can) (VP (VB be) (VP (VBN performed) (S (VP (VBG using) (NP (NP (NP (NP (DT this) (-LRB- -LSB-) (NN MATLAB)) (PP (-RRB- -RSB-) (NP (PRN (-LRB- -LRB-) (NP (: /) (NNP wiki/MATLAB) (NNP _) (NNP Programming)) (-RRB- -RRB-)) (NN command)))) (: :) (S (VP (SYM **) (NP (FW fft))))) (X (X (SYM **)) (NP (DT The) (NN Fourier) (NN Transform)))))))))))) (VP (VBZ is) (NP (DT the) (VBG following) (JJ integral))) (: :) (. !))) 
712,96,97,these,formula,"-LSB- \ \ mathcal -LCB- F -RCB- ^ -LCB- -1 -RCB- \ \ left \ \ -LCB- F \ -LRB- j \ \ omega \ -RRB- \ \ right \ \ -RCB- = f \ -LRB- t \ -RRB- = \ \ frac -LCB- 1 -RCB- -LCB- 2 \ \ pi -RCB- \ \ int _ -LCB- - \ \ infty -RCB- ^ \ \ infty F \ -LRB- j \ \ omega \ -RRB- e ^ -LCB- j \ \ omega t -RCB- d \ \ omega -RSB- -LRB- / / upload.wikimedia.org/math/a/1/a/a1a42d6483a0d6108ba73236a870038a.png -RRB- Using these formulas , time-domain signals can be converted to and from the frequency domain , as needed .","(ROOT (S (S (NP (NP (NP (NP (QP (-LRB- -LSB-) (CD \) (CD \))) (NP (JJ mathcal) (-LRB- -LCB-) (NN F) (-RRB- -RCB-))) (ADVP (RB ^))) (PRN (-LRB- -LCB-) (NP (CD -1)) (-RRB- -RCB-))) (VP (ADVP (RB \) (NP (CD \))) (VBD left) (NP (NP (NP (NP (NP (NP (CD \) (CD \)) (-LRB- -LCB-) (NP (NP (NP (NP (NN F) (NN \)) (PRN (-LRB- -LRB-) (NP (NP (NN j)) (NP (NP (QP (CD \) (CD \))) (NP (JJ omega) (NN \)))) (-RRB- -RRB-))) (ADVP (NP (CD \)) (RB \))) (ADJP (JJ right) (NP (QP (CD \) (CD \))))) (-RRB- -RCB-)) (ADJP (JJ =))) (ADJP (FW f) (FW \))) (PRN (-LRB- -LRB-) (NP (NN t) (NN \)) (-RRB- -RRB-))) (VP (JJ =) (NP (CD \) (CD \)) (NP (NP (NP (NN frac)) (-LRB- -LCB-) (NP (CD 1)) (-RRB- -RCB-) (-LRB- -LCB-) (ADJP (NP (QP (CD 2) (CD \))) (ADJP (CD \) (NN pi))) (-RRB- -RCB-)) (ADVP (RB \) (NP (CD \) (NN int)))))) (S (NP (NP (NP (CD _)) (-LRB- -LCB-) (NP (: -) (NP (NP (NP (CD \)) (SBAR (S (VP (PRN (NP (NP (CD \)) (NP (NN infty))) (-RRB- -RCB-)) (PP (NP (CD ^) (CD \)) (PP (ADVP (NN \)) (ADJP (NN infty)))))))) (NP (NP (NN F)) (VP (NP (NP (NP (NN \)) (PRN (-LRB- -LRB-) (NP (NP (NN j)) (NP (NP (QP (CD \) (CD \))) (NP (JJ omega) (NN \)))) (-RRB- -RRB-))) (X (X (SYM e)) (NP (NP (NP (CD ^)) (-LRB- -LCB-) (NP (NP (NN j)) (NP (QP (CD \) (CD \)) (JJ omega) (NN t))) (-RRB- -RCB-)) (PP (NN d) (NP (CD \) (CD \)))))) (PP (NN omega))))) (-RRB- -RSB-) (NP (NP (-LRB- -LRB-) (: /) (: /)) (NP (NN upload.wikimedia.org/math/a/1/a/a1a42d6483a0d6108ba73236a870038a.png)))) (-RRB- -RRB-)) (VP (VBG Using) (NP (DT these) (NNS formulas))))))) (, ,) (NP (JJ time-domain) (NNS signals)) (VP (MD can) (VP (VB be) (VP (VBN converted) (PP (TO to) (CC and) (IN from) (NP (DT the) (NN frequency) (NN domain))) (, ,) (SBAR (IN as) (S (VP (VBN needed))))))) (. .))) "
717,14,15,this,page,-LSB- -RSB- -LRB- / / upload.wikimedia.org/wikipedia/commons/thumb/1/1d/Information_icon4.svg/40px-Information_icon4.svg.png -RRB- ** A reader requests expansion of this page to include more material .,(ROOT (FRAG (WHNP (WHNP (-LRB- -LSB-) (-RRB- -RSB-)) (PRN (-LRB- -LRB-) (PP (: /) (NP (: /) (NN upload.wikimedia.org/wikipedia/commons/thumb/1/1d/Information_icon4.svg/40px-Information_icon4.svg.png))) (-RRB- -RRB-))) (SBAR (X (SYM **)) (S (NP (NP (DT A) (NN reader) (NNS requests) (NN expansion)) (PP (IN of) (NP (DT this) (NN page)))) (VP (TO to) (VP (VB include) (NP (JJR more) (NN material)))))) (. .))) 
755,12,13,this,system,"-LSB- Fourier Transfer Block.svg -RSB- -LRB- / / upload.wikimedia.org/wikipedia/commons/thumb/a/a7/Fourier_Transfer_Block.svg/240px-Fourier_Transfer_Block.svg.png -RRB- In this system , X -LRB- jω -RRB- is the system input , Y -LRB- jω -RRB- is the system output , and H -LRB- jω -RRB- is the frequency response .","(ROOT (S (NP (-LRB- -LSB-) (NN Fourier) (NN Transfer) (NN Block.svg)) (VP (-RRB- -RSB-) (SBAR (S (PRN (-LRB- -LRB-) (PP (: /) (NP (: /) (NN upload.wikimedia.org/wikipedia/commons/thumb/a/a7/Fourier_Transfer_Block.svg/240px-Fourier_Transfer_Block.svg.png))) (-RRB- -RRB-)) (S (PP (IN In) (NP (DT this) (NN system))) (, ,) (NP (NP (NN X)) (PRN (-LRB- -LRB-) (NP (NN jω)) (-RRB- -RRB-))) (VP (VBZ is) (NP (DT the) (NN system) (NN input)))) (, ,) (S (NP (NP (NN Y)) (PRN (-LRB- -LRB-) (NP (NN jω)) (-RRB- -RRB-))) (VP (VBZ is) (NP (DT the) (NN system) (NN output)))) (, ,) (CC and) (S (NP (NP (NN H)) (PRN (-LRB- -LRB-) (NP (NN jω)) (-RRB- -RRB-))) (VP (VBZ is) (NP (DT the) (NN frequency) (NN response))))))) (. .))) "
756,7,8,these,function,We can define the relationship between these functions as : !,(ROOT (S (NP (PRP We)) (VP (MD can) (VP (VB define) (NP (NP (DT the) (NN relationship)) (PP (IN between) (NP (DT these) (NNS functions)))) (PP (IN as)))) (: :) (. !))) 
770,85,86,this,circuit,"-LSB- V_i \ \ left \ -LRB- -LCB- j \ \ omega -RCB- \ \ right \ -RRB- = V _ -LCB- im -RCB- \ \ cos \ \ left \ -LRB- -LCB- \ \ omega t + \ \ theta_i -RCB- \ \ right \ -RRB- = V _ -LCB- im -RCB- \ \ angle \ \ theta _ i -RSB- -LRB- / / upload.wikimedia.org/math/f/3/e/f3e753ef68974e57c572390379aff441.png -RRB- As before , we can define the system function , _ H -LRB- jω -RRB- _ of this circuit as : !","(ROOT (SINV (PP (-LRB- -LSB-) (NP (NN V_i) (QP (CD \) (CD \)))) (VP (VBD left) (NP (NP (NP (NP (CD \)) (-LRB- -LRB-) (SBAR (SBAR (S (PRN (-LRB- -LCB-) (NP (NP (NN j)) (NP (NP (QP (CD \) (CD \))) (NP (JJ omega)))) (-RRB- -RCB-)) (NP (NP (RB \) (RB \)) (NP (JJ right) (NN \) (-RRB- -RRB-) (JJ =) (NN V)) (NP (NP (CD _) (-LRB- -LCB-) (NN im) (-RRB- -RCB-)) (NP (NP (QP (CD \) (CD \)) (NNS cos)) (QP (CD \) (CD \))))) (VP (VBD left) (NP (NP (NP (CD \)) (PRN (-LRB- -LRB-) (NP (NP (NP (NP (PRN (-LRB- -LCB-) (S (NP (NP (ADJP (ADJP (QP (CD \) (CD \))) (PRN (NP (NP (JJ omega) (NN t)) (CC +) (NP (CD \) (CD \) (NNS theta_i))) (-RRB- -RCB-))) (ADVP (RB \))) (ADJP (RB \) (JJ right))) (ADJP (NN \))) (-RRB- -RRB-)) (JJ =) (NN V)) (NP (CD _) (-LRB- -LCB-) (NN im) (-RRB- -RCB-))) (NP (NP (NP (QP (CD \) (CD \)) (NN angle)) (QP (CD \) (CD \))) (PP (NN theta) (NP (CD _))))) (NP (FW i))) (-RRB- -RSB-))) (PRN (-LRB- -LRB-) (NP (: /) (: /) (NN upload.wikimedia.org/math/f/3/e/f3e753ef68974e57c572390379aff441.png)) (-RRB- -RRB-)))))) (SBAR (IN As) (S (ADVP (RB before)) (, ,) (NP (PRP we)) (VP (MD can) (VP (VB define) (NP (DT the) (NN system) (NN function))))))) (, ,)) (ADJP (NN _) (NN H))) (PRN (-LRB- -LRB-) (NP (NN jω)) (-RRB- -RRB-)))) (NP (NP (NN _)) (PP (IN of) (NP (DT this) (NN circuit) (IN as)))) (: :) (. !))) "
775,39,40,this,method,-LSB- \ \ theta_o =\ \ theta_i + \ \ phi \ \ left \ -LRB- \ \ omega \ \ right \ -RRB- -RSB- -LRB- / / upload.wikimedia.org/math/1/3/9/139299092270e6eb281d03b77f9428cb.png -RRB- ### Example : Low-Pass Filter We will illustrate this method using a simple low-pass filter with general values as an example .,(ROOT (S (NP (NP (NP (-LRB- -LSB-) (ADJP (QP (CD \) (CD \)) (NN theta_o)) (ADJP (QP (CD =\) (CD \))) (NN theta_i)) (CC +) (NP (CD \) (CD \) (NN phi))) (NP (CD \) (CD \))) (VP (VBD left) (NP (NP (NP (NP (CD \)) (PRN (-LRB- -LRB-) (S (NP (NP (QP (CD \) (CD \)) (JJ omega) (NN \)) (ADJP (RB \) (JJ right))) (ADJP (NN \))) (-RRB- -RRB-))) (-RRB- -RSB-) (PRN (-LRB- -LRB-) (NP (: /) (: /) (NN upload.wikimedia.org/math/1/3/9/139299092270e6eb281d03b77f9428cb.png)) (-RRB- -RRB-)) (NP (CD ###) (NNP Example))) (: :) (NP (NP (NNP Low-Pass) (NNP Filter)) (SBAR (S (NP (PRP We)) (VP (MD will) (VP (VB illustrate) (NP (NP (DT this) (NN method)) (VP (VBG using) (NP (DT a) (JJ simple) (JJ low-pass) (NN filter)) (PP (IN with) (NP (NP (JJ general) (NNS values)) (PP (IN as) (NP (DT an) (NN example)))))))))))))) (. .))) 
791,17,18,these,instrument,See -LSB- Practical Electronics -RSB- -LRB- / wiki/Practical _ Electronics -RRB- for more details on using these instruments .,(ROOT (S (VP (VB See) (NP (NP (NP (-LRB- -LSB-) (NNP Practical) (NNP Electronics) (-RRB- -RSB-)) (PRN (-LRB- -LRB-) (NP (NP (: /) (JJ wiki/Practical) (NN _)) (NP (NNP Electronics))) (-RRB- -RRB-))) (PP (IN for) (NP (JJR more) (NNS details)))) (PP (IN on) (S (VP (VBG using) (NP (DT these) (NNS instruments)))))) (. .))) 
792,10,11,these,example,"## Filters An important concept to take away from these examples is that by desiging a proper system called a ** filter ** , we can selectively attenuate or amplify certain frequency ranges .","(ROOT (S (NP (NP (NN ##) (NNS Filters)) (SBAR (S (NP (DT An) (JJ important) (NN concept)) (VP (TO to) (VP (VB take) (PRT (RP away)) (PP (IN from) (NP (DT these) (NNS examples)))))))) (VP (VBZ is) (SBAR (IN that) (S (PP (IN by) (S (VP (VBG desiging) (SBAR (S (NP (DT a) (JJ proper) (NN system)) (VP (VBD called) (NP (NP (NP (DT a)) (SBAR (S (VP (SYM **) (NP (NN filter)))))) (X (SYM **))))))))) (, ,) (NP (PRP we)) (VP (MD can) (ADVP (RB selectively)) (VP (VB attenuate) (CC or) (VB amplify) (NP (JJ certain) (NN frequency) (NNS ranges))))))) (. .))) "
795,11,12,these,frequency,"We can design a filter that will attempt to amplify these frequency ranges , and attenuate the frequency ranges of _ v _ .","(ROOT (S (NP (PRP We)) (VP (MD can) (VP (VB design) (NP (NP (DT a) (NN filter)) (SBAR (WHNP (WDT that)) (S (VP (MD will) (VP (VB attempt) (S (VP (TO to) (VP (VP (VB amplify) (SBAR (S (NP (DT these) (NN frequency)) (VP (VBZ ranges))))) (, ,) (CC and) (VP (VB attenuate) (NP (NP (DT the) (NN frequency) (NNS ranges)) (PP (IN of) (NP (CD _) (LS v) (CD _))))))))))))))) (. .))) "
796,4,5,this,problem,We will discuss this problem and filters in general in the next few chapters .,(ROOT (S (NP (PRP We)) (VP (MD will) (VP (VB discuss) (NP (DT this) (NN problem) (CC and) (NNS filters)) (PP (IN in) (NP (NP (JJ general)) (PP (IN in) (NP (DT the) (JJ next) (JJ few) (NNS chapters))))))) (. .))) 
797,5,6,this,topic,More advanced discussions of this topic will be in the book on -LSB- Signal Processing -RSB- -LRB- / wiki/Signal _ Processing -RRB- .,(ROOT (S (NP (NP (ADJP (RBR More) (JJ advanced)) (NNS discussions)) (PP (IN of) (NP (DT this) (NN topic)))) (VP (MD will) (VP (VB be) (PP (IN in) (NP (NP (DT the) (NN book)) (PP (IN on) (NP (NP (-LRB- -LSB-) (ADJP (NN Signal) (NN Processing)) (-RRB- -RSB-)) (PRN (-LRB- -LRB-) (NP (: /) (JJ wiki/Signal) (NN _) (NN Processing)) (-RRB- -RRB-)))))))) (. .))) 
807,7,8,this,definition,"-LRB- / / upload.wikimedia.org/math/f/2/a/f2a613fc61132e4b8f053ed85030a651.png -RRB- Comparing this definition to the one of the -LSB- Fourier Transform -RSB- -LRB- / wiki/Signals _ and_Systems / Aperiodic_Signals #Fourier _ Transform -RRB- , one sees that the latter is a special case of the Laplace Transform for !","(ROOT (S (SBAR (PRN (-LRB- -LRB-) (PP (: /) (NP (: /) (NN upload.wikimedia.org/math/f/2/a/f2a613fc61132e4b8f053ed85030a651.png))) (-RRB- -RRB-)) (S (S (VP (VBG Comparing) (NP (DT this) (NN definition)) (PP (TO to) (NP (NP (DT the) (CD one)) (PP (IN of) (NP (DT the) (-LRB- -LSB-) (NN Fourier) (NN Transform))))))) (VP (-RRB- -RSB-)))) (PRN (-LRB- -LRB-) (S (NP (: /) (NNS wiki/Signals)) (VP (VBP _) (NP (NP (NNS and_Systems)) (PP (: /) (NP (NP (NNS Aperiodic_Signals) (NN #Fourier)) (NP (CD _) (NN Transform))))))) (-RRB- -RRB-)) (, ,) (NP (CD one)) (VP (VBZ sees) (SBAR (IN that) (S (NP (DT the) (JJ latter)) (VP (VBZ is) (NP (NP (DT a) (JJ special) (NN case)) (PP (IN of) (NP (DT the) (NNP Laplace) (NNP Transform)))) (PP (IN for)))))) (. !))) "
820,10,11,this,kind,### Lumped Element Circuits Lumped elements circuits typically show this kind of integral or differential relations between current and voltage : !,(ROOT (S (NP (NP (NNP ###) (NNP Lumped) (NN Element) (NNS Circuits)) (VP (VBN Lumped) (NP (NNS elements) (NNS circuits)) (ADVP (RB typically)))) (VP (VBP show) (NP (NP (DT this) (NN kind)) (PP (IN of) (NP (ADJP (JJ integral) (CC or) (JJ differential)) (NNS relations))) (PP (IN between) (NP (NP (JJ current)) (CC and) (NP (NN voltage)))))) (: :) (. !))) 
848,16,17,this,case,The capital letter represents the random variable itself and the corresponding lower-case letter -LRB- in this case '' _ x _ '' -RRB- will be used to denote the observed value of _ X _ .,(ROOT (S (NP (DT The) (NN capital) (NN letter)) (VP (VBZ represents) (SBAR (S (NP-TMP (NP (DT the) (JJ random)) (NP (JJ variable))) (NP (NP (PRP itself)) (PP (CC and) (NP (NP (DT the) (JJ corresponding) (JJ lower-case) (NN letter)) (-LRB- -LRB-) (PP (IN in) (NP (DT this) (NN case))) ('' ''))) (NP (NP (CD _)) (CC x) (NP (CD _))) ('' '')) (-RRB- -RRB-) (VP (MD will) (VP (VB be) (VP (VBN used) (S (VP (TO to) (VP (VB denote) (NP (NP (DT the) (VBN observed) (NN value)) (PP (IN of) (NP (NN _) (NN X) (CD _))))))))))))) (. .))) 
866,3,4,this,function,"By integrating this function over a particular range , we can find the probability that the random variable takes on a value in that interval .","(ROOT (S (PP (IN By) (S (VP (VBG integrating) (NP (DT this) (NN function)) (PP (IN over) (NP (DT a) (JJ particular) (NN range)))))) (, ,) (NP (PRP we)) (VP (MD can) (VP (VB find) (NP (DT the) (NN probability)) (SBAR (IN that) (S (NP (DT the) (JJ random) (JJ variable)) (VP (VBZ takes) (PRT (RP on)) (NP (NP (DT a) (NN value)) (PP (IN in) (NP (DT that) (NN interval))))))))) (. .))) "
866,24,25,that,interval,"By integrating this function over a particular range , we can find the probability that the random variable takes on a value in that interval .","(ROOT (S (PP (IN By) (S (VP (VBG integrating) (NP (DT this) (NN function)) (PP (IN over) (NP (DT a) (JJ particular) (NN range)))))) (, ,) (NP (PRP we)) (VP (MD can) (VP (VB find) (NP (DT the) (NN probability)) (SBAR (IN that) (S (NP (DT the) (JJ random) (JJ variable)) (VP (VBZ takes) (PRT (RP on)) (NP (NP (DT a) (NN value)) (PP (IN in) (NP (DT that) (NN interval))))))))) (. .))) "
867,4,5,this,function,The integral of this function over all possible values is 1 .,(ROOT (S (NP (NP (DT The) (JJ integral)) (PP (IN of) (NP (NP (DT this) (NN function)) (PP (IN over) (NP (DT all) (JJ possible) (NNS values)))))) (VP (VBZ is) (NP (CD 1))) (. .))) 
881,3,4,this,ambiguity,"To avoid this ambiguity , this book will refer to the distribution function as the CDF , and the density function as the PDF .","(ROOT (S (S (VP (TO To) (VP (VB avoid) (NP (DT this) (NN ambiguity))))) (, ,) (NP (DT this) (NN book)) (VP (MD will) (VP (VB refer) (PP (TO to) (NP (NP (NP (DT the) (NN distribution) (NN function)) (PP (IN as) (NP (DT the) (NNP CDF)))) (, ,) (CC and) (NP (NP (DT the) (NN density) (NN function)) (PP (IN as) (NP (DT the) (NN PDF)))))))) (. .))) "
881,6,7,this,book,"To avoid this ambiguity , this book will refer to the distribution function as the CDF , and the density function as the PDF .","(ROOT (S (S (VP (TO To) (VP (VB avoid) (NP (DT this) (NN ambiguity))))) (, ,) (NP (DT this) (NN book)) (VP (MD will) (VP (VB refer) (PP (TO to) (NP (NP (NP (DT the) (NN distribution) (NN function)) (PP (IN as) (NP (DT the) (NNP CDF)))) (, ,) (CC and) (NP (NP (DT the) (NN density) (NN function)) (PP (IN as) (NP (DT the) (NN PDF)))))))) (. .))) "
888,18,19,that,signal,The ** Expectation ** of a signal is the result of applying the expected value operator to that signal .,(ROOT (S (NP (DT The)) (SBAR (X (SYM **)) (S (NP (NN Expectation)) (PP (X (SYM **)) (IN of) (S (NP (DT a) (NN signal)) (VP (VBZ is) (NP (NP (DT the) (NN result)) (PP (IN of) (S (VP (VBG applying) (NP (DT the) (VBN expected) (NN value) (NN operator)) (PP (TO to) (NP (DT that) (NN signal)))))))))))) (. .))) 
894,9,10,this,location,We may consider all other moments relative to this location and calculate the _ N_th moment of the random variable _ X _ \ - E -LSB- X -RSB- ; the result is called the ** Nth central moment ** of the distribution .,(ROOT (S (S (NP (PRP We)) (VP (MD may) (VP (VP (VB consider) (NP (DT all) (JJ other) (NNS moments)) (ADVP (JJ relative) (PP (TO to) (NP (DT this) (NN location))))) (CC and) (VP (VB calculate) (NP (NP (DT the) (NN _) (NN N_th) (NN moment)) (PP (IN of) (NP (DT the) (JJ random) (JJ variable) (NN _) (NN X)))) (ADVP (ADVP (CD _)) (SBAR (X (X (SYM \)) (: -) (NP (NN E)) (-LRB- -LSB-)) (S (NP (NN X)) (VP (-RRB- -RSB-))))))))) (: ;) (S (NP (DT the) (NN result)) (VP (VBZ is) (VP (VBN called) (NP (DT the) (X (SYM **))) (PP (NP (NP (NNP Nth) (JJ central) (NN moment)) (X (SYM **))) (IN of) (NP (DT the) (NN distribution)))))) (. .))) 
917,10,12,this,matlab,"## Gaussian Distribution This operation can be performed using this -LSB- MATLAB -RSB- -LRB- / wiki/MATLAB _ Programming -RRB- command : ** randn ** The Gaussian -LRB- or normal -RRB- distribution is simultaneously one of the most common distributions , and also one of the most difficult distributions to work with .","(ROOT (S (S (NP (NP (NN ##) (JJ Gaussian) (NN Distribution)) (NP (DT This) (NN operation))) (VP (MD can) (VP (VB be) (VP (VBN performed) (S (VP (VBG using) (NP (NP (DT this) (-LRB- -LSB-) (NN MATLAB)) (PP (-RRB- -RSB-) (NP (PRN (-LRB- -LRB-) (NP (: /) (NNP wiki/MATLAB) (NNP _) (NNP Programming)) (-RRB- -RRB-)) (NN command)))))))))) (: :) (X (X (SYM **)) (ADJP (ADJP (NN randn)) (SBAR (X (SYM **)) (S (NP (DT The) (NP (NP (JJ Gaussian)) (PRN (-LRB- -LRB-) (CC or) (ADJP (JJ normal)) (-RRB- -RRB-))) (NN distribution)) (VP (VBZ is) (ADVP (RB simultaneously)) (NP (NP (CD one)) (PP (IN of) (NP (NP (DT the) (ADJP (RBS most) (JJ common)) (NNS distributions)) (, ,) (CC and) (NP (ADVP (RB also)) (NP (CD one)) (PP (IN of) (NP (DT the) (ADJP (RBS most) (JJ difficult)) (NNS distributions))))))) (S (VP (TO to) (VP (VB work) (PP (IN with)))))))))) (. .))) "
919,8,9,these,probability,"However , there are ways to approximate these probabilities from the Gaussian pdf , and many of the common results have been tabulated in table-format .","(ROOT (S (ADVP (RB However)) (, ,) (S (NP (EX there)) (VP (VBP are) (NP (NP (NNS ways)) (S (VP (TO to) (VP (JJ approximate) (NP (DT these) (NNS probabilities)) (PP (IN from) (NP (DT the) (JJ Gaussian) (NN pdf))))))))) (, ,) (CC and) (S (NP (NP (JJ many)) (PP (IN of) (NP (DT the) (JJ common) (NNS results)))) (VP (VBP have) (VP (VBN been) (VP (VBN tabulated) (PP (IN in) (NP (NN table-format))))))) (. .))) "
920,23,24,that,portion,"The function that finds the area under a part of the Gaussian curve -LRB- and therefore the probability of an event under that portion of the curve -RRB- is known as the Q function , and the results are tabulated in a Q table .","(ROOT (S (S (NP (NP (DT The) (NN function)) (SBAR (WHNP (WDT that)) (S (VP (VBZ finds) (NP (DT the) (NN area)) (PP (IN under) (NP (NP (DT a) (NN part)) (PP (IN of) (NP (NP (DT the) (JJ Gaussian) (NN curve)) (PRN (-LRB- -LRB-) (CC and) (ADVP (RB therefore)) (NP (NP (DT the) (NN probability)) (PP (IN of) (NP (NP (DT an) (NN event)) (PP (IN under) (NP (NP (DT that) (NN portion)) (PP (IN of) (NP (DT the) (NN curve)))))))) (-RRB- -RRB-)))))))))) (VP (VBZ is) (VP (VBN known) (PP (IN as) (NP (DT the) (NNP Q) (NN function)))))) (, ,) (CC and) (S (NP (DT the) (NNS results)) (VP (VBP are) (VP (VBN tabulated) (PP (IN in) (NP (DT a) (NNP Q) (NN table)))))) (. .))) "
930,2,3,this,book,However this book -LRB- and engineering texts in general -RRB- will utilize the Q and Phi functions .,(ROOT (S (ADVP (RB However)) (NP (NP (DT this) (NN book)) (PRN (-LRB- -LRB-) (CC and) (NP (NP (NN engineering) (NNS texts)) (PP (IN in) (NP (JJ general)))) (-RRB- -RRB-))) (VP (MD will) (VP (VB utilize) (NP (DT the) (NP (NNP Q) (CC and) (NNP Phi)) (NNS functions)))) (. .))) 
938,30,32,that,process,"The number of cars traveling through a given intersection ## Transformations If we have a random variable that follows a particular distribution , we would frequently like to transform that random process to use a different distribution .","(ROOT (NP (NP (NP (DT The) (NN number)) (PP (IN of) (NP (NP (NNS cars)) (VP (VBG traveling) (PP (IN through) (NP (DT a) (VBN given) (NN intersection))))))) (NP (NP (CD ##) (NNS Transformations)) (SBAR (S (SBAR (IN If) (S (NP (PRP we)) (VP (VBP have) (NP (NP (DT a) (JJ random) (NN variable)) (SBAR (WHNP (WDT that)) (S (VP (VBZ follows) (NP (DT a) (JJ particular) (NN distribution))))))))) (, ,) (NP (PRP we)) (VP (MD would) (ADVP (RB frequently)) (VP (VB like) (S (VP (TO to) (VP (VB transform) (NP (DT that) (JJ random) (NN process)) (S (VP (TO to) (VP (VB use) (NP (DT a) (JJ different) (NN distribution))))))))))))) (. .))) "
942,22,23,this,section,Some of the basic techniques used on noise -LRB- some of which are particular to random signals -RRB- are discussed in this section .,(ROOT (S (NP (NP (DT Some)) (PP (IN of) (NP (NP (DT the) (JJ basic) (NNS techniques)) (VP (VBN used) (PP (IN on) (NP (NN noise)))))) (PRN (-LRB- -LRB-) (SBAR (WHNP (NP (DT some)) (WHPP (IN of) (WHNP (WDT which)))) (S (VP (VBP are) (ADJP (JJ particular) (PP (TO to) (NP (JJ random) (NNS signals))))))) (-RRB- -RRB-))) (VP (VBP are) (VP (VBN discussed) (PP (IN in) (NP (DT this) (NN section))))) (. .))) 
946,4,6,this,magnitude,The value of this power magnitude is known by the variable _ N0 _ .,(ROOT (S (NP (NP (DT The) (NN value)) (PP (IN of) (NP (DT this) (NN power) (NN magnitude)))) (VP (VBZ is) (VP (VBN known) (PP (IN by) (NP (DT the) (JJ variable) (NN _) (NN N0) (NN _))))) (. .))) 
947,4,5,this,quantity,We will use this quantity later .,(ROOT (S (NP (PRP We)) (VP (MD will) (VP (VB use) (NP (DT this) (NN quantity)) (ADVP (RB later)))) (. .))) 
953,2,3,this,effect,"To this effect , the only way to really analyze the random signal is take a small chunk of the random signal , called a ** sample ** .","(ROOT (S (PP (TO To) (NP (DT this) (NN effect))) (, ,) (NP (DT the) (JJ only) (NN way) (S (VP (TO to) (VP (ADVP (RB really)) (VB analyze) (NP (DT the) (JJ random) (NN signal)))))) (VP (VBZ is) (VP (VB take) (NP (NP (DT a) (JJ small) (NN chunk)) (PP (IN of) (NP (NP (DT the) (JJ random) (NN signal)) (, ,) (VP (VBD called) (NP (NP (NP (DT a)) (SBAR (S (VP (SYM **) (NP (NN sample)))))) (X (SYM **))))))))) (. .))) "
969,12,13,this,system,"-LSB- Fourier Transfer Block.svg -RSB- -LRB- / / upload.wikimedia.org/wikipedia/commons/thumb/a/a7/Fourier_Transfer_Block.svg/240px-Fourier_Transfer_Block.svg.png -RRB- In this system , X -LRB- jω -RRB- is the system input , Y -LRB- jω -RRB- is the system output , and H -LRB- jω -RRB- is the frequency response .","(ROOT (S (NP (-LRB- -LSB-) (NN Fourier) (NN Transfer) (NN Block.svg)) (VP (-RRB- -RSB-) (SBAR (S (PRN (-LRB- -LRB-) (PP (: /) (NP (: /) (NN upload.wikimedia.org/wikipedia/commons/thumb/a/a7/Fourier_Transfer_Block.svg/240px-Fourier_Transfer_Block.svg.png))) (-RRB- -RRB-)) (S (PP (IN In) (NP (DT this) (NN system))) (, ,) (NP (NP (NN X)) (PRN (-LRB- -LRB-) (NP (NN jω)) (-RRB- -RRB-))) (VP (VBZ is) (NP (DT the) (NN system) (NN input)))) (, ,) (S (NP (NP (NN Y)) (PRN (-LRB- -LRB-) (NP (NN jω)) (-RRB- -RRB-))) (VP (VBZ is) (NP (DT the) (NN system) (NN output)))) (, ,) (CC and) (S (NP (NP (NN H)) (PRN (-LRB- -LRB-) (NP (NN jω)) (-RRB- -RRB-))) (VP (VBZ is) (NP (DT the) (NN frequency) (NN response))))))) (. .))) "
970,7,8,these,function,We can define the relationship between these functions as : !,(ROOT (S (NP (PRP We)) (VP (MD can) (VP (VB define) (NP (NP (DT the) (NN relationship)) (PP (IN between) (NP (DT these) (NNS functions)))) (PP (IN as)))) (: :) (. !))) 
984,85,86,this,circuit,"-LSB- V_i \ \ left \ -LRB- -LCB- j \ \ omega -RCB- \ \ right \ -RRB- = V _ -LCB- im -RCB- \ \ cos \ \ left \ -LRB- -LCB- \ \ omega t + \ \ theta_i -RCB- \ \ right \ -RRB- = V _ -LCB- im -RCB- \ \ angle \ \ theta _ i -RSB- -LRB- / / upload.wikimedia.org/math/f/3/e/f3e753ef68974e57c572390379aff441.png -RRB- As before , we can define the system function , _ H -LRB- jω -RRB- _ of this circuit as : !","(ROOT (SINV (PP (-LRB- -LSB-) (NP (NN V_i) (QP (CD \) (CD \)))) (VP (VBD left) (NP (NP (NP (NP (CD \)) (-LRB- -LRB-) (SBAR (SBAR (S (PRN (-LRB- -LCB-) (NP (NP (NN j)) (NP (NP (QP (CD \) (CD \))) (NP (JJ omega)))) (-RRB- -RCB-)) (NP (NP (RB \) (RB \)) (NP (JJ right) (NN \) (-RRB- -RRB-) (JJ =) (NN V)) (NP (NP (CD _) (-LRB- -LCB-) (NN im) (-RRB- -RCB-)) (NP (NP (QP (CD \) (CD \)) (NNS cos)) (QP (CD \) (CD \))))) (VP (VBD left) (NP (NP (NP (CD \)) (PRN (-LRB- -LRB-) (NP (NP (NP (NP (PRN (-LRB- -LCB-) (S (NP (NP (ADJP (ADJP (QP (CD \) (CD \))) (PRN (NP (NP (JJ omega) (NN t)) (CC +) (NP (CD \) (CD \) (NNS theta_i))) (-RRB- -RCB-))) (ADVP (RB \))) (ADJP (RB \) (JJ right))) (ADJP (NN \))) (-RRB- -RRB-)) (JJ =) (NN V)) (NP (CD _) (-LRB- -LCB-) (NN im) (-RRB- -RCB-))) (NP (NP (NP (QP (CD \) (CD \)) (NN angle)) (QP (CD \) (CD \))) (PP (NN theta) (NP (CD _))))) (NP (FW i))) (-RRB- -RSB-))) (PRN (-LRB- -LRB-) (NP (: /) (: /) (NN upload.wikimedia.org/math/f/3/e/f3e753ef68974e57c572390379aff441.png)) (-RRB- -RRB-)))))) (SBAR (IN As) (S (ADVP (RB before)) (, ,) (NP (PRP we)) (VP (MD can) (VP (VB define) (NP (DT the) (NN system) (NN function))))))) (, ,)) (ADJP (NN _) (NN H))) (PRN (-LRB- -LRB-) (NP (NN jω)) (-RRB- -RRB-)))) (NP (NP (NN _)) (PP (IN of) (NP (DT this) (NN circuit) (IN as)))) (: :) (. !))) "
989,39,40,this,method,-LSB- \ \ theta_o =\ \ theta_i + \ \ phi \ \ left \ -LRB- \ \ omega \ \ right \ -RRB- -RSB- -LRB- / / upload.wikimedia.org/math/1/3/9/139299092270e6eb281d03b77f9428cb.png -RRB- ### Example : Low-Pass Filter We will illustrate this method using a simple low-pass filter with general values as an example .,(ROOT (S (NP (NP (NP (-LRB- -LSB-) (ADJP (QP (CD \) (CD \)) (NN theta_o)) (ADJP (QP (CD =\) (CD \))) (NN theta_i)) (CC +) (NP (CD \) (CD \) (NN phi))) (NP (CD \) (CD \))) (VP (VBD left) (NP (NP (NP (NP (CD \)) (PRN (-LRB- -LRB-) (S (NP (NP (QP (CD \) (CD \)) (JJ omega) (NN \)) (ADJP (RB \) (JJ right))) (ADJP (NN \))) (-RRB- -RRB-))) (-RRB- -RSB-) (PRN (-LRB- -LRB-) (NP (: /) (: /) (NN upload.wikimedia.org/math/1/3/9/139299092270e6eb281d03b77f9428cb.png)) (-RRB- -RRB-)) (NP (CD ###) (NNP Example))) (: :) (NP (NP (NNP Low-Pass) (NNP Filter)) (SBAR (S (NP (PRP We)) (VP (MD will) (VP (VB illustrate) (NP (NP (DT this) (NN method)) (VP (VBG using) (NP (DT a) (JJ simple) (JJ low-pass) (NN filter)) (PP (IN with) (NP (NP (JJ general) (NNS values)) (PP (IN as) (NP (DT an) (NN example)))))))))))))) (. .))) 
1005,17,18,these,instrument,See -LSB- Practical Electronics -RSB- -LRB- / wiki/Practical _ Electronics -RRB- for more details on using these instruments .,(ROOT (S (VP (VB See) (NP (NP (NP (-LRB- -LSB-) (NNP Practical) (NNP Electronics) (-RRB- -RSB-)) (PRN (-LRB- -LRB-) (NP (NP (: /) (JJ wiki/Practical) (NN _)) (NP (NNP Electronics))) (-RRB- -RRB-))) (PP (IN for) (NP (JJR more) (NNS details)))) (PP (IN on) (S (VP (VBG using) (NP (DT these) (NNS instruments)))))) (. .))) 
1006,10,11,these,example,"## Filters An important concept to take away from these examples is that by desiging a proper system called a ** filter ** , we can selectively attenuate or amplify certain frequency ranges .","(ROOT (S (NP (NP (NN ##) (NNS Filters)) (SBAR (S (NP (DT An) (JJ important) (NN concept)) (VP (TO to) (VP (VB take) (PRT (RP away)) (PP (IN from) (NP (DT these) (NNS examples)))))))) (VP (VBZ is) (SBAR (IN that) (S (PP (IN by) (S (VP (VBG desiging) (SBAR (S (NP (DT a) (JJ proper) (NN system)) (VP (VBD called) (NP (NP (NP (DT a)) (SBAR (S (VP (SYM **) (NP (NN filter)))))) (X (SYM **))))))))) (, ,) (NP (PRP we)) (VP (MD can) (ADVP (RB selectively)) (VP (VB attenuate) (CC or) (VB amplify) (NP (JJ certain) (NN frequency) (NNS ranges))))))) (. .))) "
1009,11,12,these,frequency,"We can design a filter that will attempt to amplify these frequency ranges , and attenuate the frequency ranges of _ v _ .","(ROOT (S (NP (PRP We)) (VP (MD can) (VP (VB design) (NP (NP (DT a) (NN filter)) (SBAR (WHNP (WDT that)) (S (VP (MD will) (VP (VB attempt) (S (VP (TO to) (VP (VP (VB amplify) (SBAR (S (NP (DT these) (NN frequency)) (VP (VBZ ranges))))) (, ,) (CC and) (VP (VB attenuate) (NP (NP (DT the) (NN frequency) (NNS ranges)) (PP (IN of) (NP (CD _) (LS v) (CD _))))))))))))))) (. .))) "
1010,4,5,this,problem,We will discuss this problem and filters in general in the next few chapters .,(ROOT (S (NP (PRP We)) (VP (MD will) (VP (VB discuss) (NP (DT this) (NN problem) (CC and) (NNS filters)) (PP (IN in) (NP (NP (JJ general)) (PP (IN in) (NP (DT the) (JJ next) (JJ few) (NNS chapters))))))) (. .))) 
1011,5,6,this,topic,More advanced discussions of this topic will be in the book on -LSB- Signal Processing -RSB- -LRB- / wiki/Signal _ Processing -RRB- .,(ROOT (S (NP (NP (ADJP (RBR More) (JJ advanced)) (NNS discussions)) (PP (IN of) (NP (DT this) (NN topic)))) (VP (MD will) (VP (VB be) (PP (IN in) (NP (NP (DT the) (NN book)) (PP (IN on) (NP (NP (-LRB- -LSB-) (ADJP (NN Signal) (NN Processing)) (-RRB- -RSB-)) (PRN (-LRB- -LRB-) (NP (: /) (JJ wiki/Signal) (NN _) (NN Processing)) (-RRB- -RRB-)))))))) (. .))) 
1012,43,44,this,section,"** -LSB- Signals and Systems -RSB- -LRB- / wiki/Signals _ and_Systems -RRB- ** ## Terminology When it comes to filters , there is a large amount of terminology that we need to discuss first , so the rest of the chapters in this section will make sense .","(ROOT (FRAG (X (SYM **)) (-LRB- -LSB-) (NP (NP (NP (NNS Signals)) (CC and) (NP (NNPS Systems))) (VP (-RRB- -RSB-) (PRN (-LRB- -LRB-) (S (NP (: /) (NNS wiki/Signals)) (VP (VBP _) (NP (NNS and_Systems)))) (-RRB- -RRB-)) (SBAR (SBAR (X (X (X (SYM **)) (NP (CD ##))) (NP (NNP Terminology))) (S (SBAR (WHADVP (WRB When)) (S (NP (PRP it)) (VP (VBZ comes) (PP (TO to) (NP (NNS filters)))))) (, ,) (NP (EX there)) (VP (VBZ is) (NP (NP (DT a) (JJ large) (NN amount)) (PP (IN of) (NP (NN terminology)))) (SBAR (IN that) (S (NP (PRP we)) (VP (VBP need) (S (VP (TO to) (VP (VB discuss) (ADVP (RB first))))))))))) (, ,) (SBAR (IN so) (S (NP (NP (DT the) (NN rest)) (PP (IN of) (NP (NP (DT the) (NNS chapters)) (PP (IN in) (NP (DT this) (NN section)))))) (VP (MD will) (VP (VB make) (NP (NN sense))))))))) (. .))) "
1045,4,5,these,kind,More discussion on these kinds of advanced topics will be in -LSB- Signal Processing -RSB- -LRB- / wiki/Signal _ Processing -RRB- .,(ROOT (S (NP (NP (ADJP (RBR More) (NN discussion))) (PP (IN on) (NP (NP (DT these) (NNS kinds)) (PP (IN of) (NP (JJ advanced) (NNS topics)))))) (VP (MD will) (VP (VB be) (PP (IN in) (NP (NP (-LRB- -LSB-) (ADJP (NN Signal) (NN Processing)) (-RRB- -RSB-)) (PRN (-LRB- -LRB-) (NP (: /) (JJ wiki/Signal) (NN _) (NN Processing)) (-RRB- -RRB-)))))) (. .))) 
1047,24,25,these,filter,"Optimization methods allow to design other types of filters , but the functions listed here have been studied extensively , and designs for these filters -LRB- including circuit designs to implement them -RRB- are readily available .","(ROOT (S (S (NP (NN Optimization) (NNS methods)) (VP (VBP allow) (S (VP (TO to) (VP (VB design) (NP (NP (JJ other) (NNS types)) (PP (IN of) (NP (NNS filters))))))))) (, ,) (CC but) (S (S (NP (NP (DT the) (NNS functions)) (VP (VBN listed) (ADVP (RB here)))) (VP (VBP have) (VP (VBN been) (VP (VBN studied) (ADVP (RB extensively)))))) (, ,) (CC and) (S (NP (NP (NP (NNS designs)) (PP (IN for) (NP (DT these) (NNS filters)))) (PRN (-LRB- -LRB-) (PP (VBG including) (NP (NN circuit) (NNS designs) (S (VP (TO to) (VP (VB implement) (NP (PRP them))))))) (-RRB- -RRB-))) (VP (VBP are) (ADJP (RB readily) (JJ available))))) (. .))) "
1059,17,19,this,rule,"Zeroes in the transfer function can accentuate the slope close to their frequency , thus masking this general rule for zero-pole lowpass filters .","(ROOT (S (NP (NP (NNS Zeroes)) (PP (IN in) (NP (DT the) (NN transfer) (NN function)))) (VP (MD can) (VP (VB accentuate) (NP (DT the) (NN slope) (NN close)) (PP (TO to) (NP (PRP$ their) (NN frequency))) (, ,) (S (ADVP (RB thus)) (VP (VBG masking) (NP (DT this) (JJ general) (NN rule)) (PP (IN for) (NP (JJ zero-pole) (NN lowpass) (NNS filters))))))) (. .))) "
1085,37,38,this,range,-LSB- -1 < T_n \ -LRB- x \ -RRB- < 1 -RSB- -LRB- / / upload.wikimedia.org/math/7/5/e/75ec7c972a2c01c4df27657d46190a72.png -RRB- for an input in the range − 1 < _ x _ < 1 and then rapidly grow outside this range .,(ROOT (NP (NP (NP (-LRB- -LSB-) (ADJP (CD -1) (JJR <)) (NN T_n) (NN \)) (PRN (-LRB- -LRB-) (NP (NN x) (NN \)) (-RRB- -RRB-))) (ADJP (ADJP (JJR <)) (SBAR (X (NP (NP (NP (CD 1) (-RRB- -RSB-)) (PRN (-LRB- -LRB-) (NP (: /) (: /) (NN upload.wikimedia.org/math/7/5/e/75ec7c972a2c01c4df27657d46190a72.png)) (-RRB- -RRB-))) (PP (IN for) (NP (NP (DT an) (NN input)) (PP (IN in) (NP (DT the) (NN range)))))) (NP (NN −) (CD 1)) (NP (NP (JJR <)) (NP (NP (CD _)) (CC x) (NP (CD _) (JJR <))))) (S (NP (NP (CD 1)) (CC and) (NP (RB then))) (ADVP (RB rapidly)) (VP (VB grow) (PP (IN outside) (NP (DT this) (NN range))))))) (. .))) 
1121,42,44,this,function,"-LSB- \ \ frac -LCB- 1 -RCB- -LCB- \ \ sqrt -LCB- 1 + \ \ frac -LCB- 1 -RCB- -LCB- \ \ varepsilon ^ 2 -RCB- -RCB- -RCB- -RSB- -LRB- / / upload.wikimedia.org/math/0/4/4/04442ec242d4506092f6bc05660f4722.png -RRB- Also known as inverse Chebyshev , this filter function is less common because it does not roll-off as fast as type I , and requires more components .","(ROOT (S (PP (-LRB- -LSB-) (NP (NP (NP (NP (CD \) (CD \) (NN frac)) (-LRB- -LCB-) (NP (CD 1)) (-RRB- -RCB-) (-LRB- -LCB-) (ADJP (ADJP (QP (CD \) (CD \)) (NN sqrt)) (PRN (-LRB- -LCB-) (NP (NP (CD 1) (CC +)) (NP (NP (CD \)) (NP (NP (CD \) (NN frac)) (-LRB- -LCB-) (NP (CD 1)) (-RRB- -RCB-) (-LRB- -LCB-) (ADJP (ADJP (QP (CD \) (CD \))) (PRN (NP (NP (NN varepsilon) (NN ^)) (NP (CD 2))) (-RRB- -RCB-))) (-RRB- -RCB-)))) (-RRB- -RCB-))) (-RRB- -RSB-)) (PRN (-LRB- -LRB-) (NP (: /) (: /) (NN upload.wikimedia.org/math/0/4/4/04442ec242d4506092f6bc05660f4722.png)) (-RRB- -RRB-))) (VP (ADVP (RB Also)) (VBN known) (PP (IN as) (NP (JJ inverse) (NNP Chebyshev)))))) (, ,) (NP (DT this) (NN filter) (NN function)) (VP (VBZ is) (ADJP (RBR less) (JJ common)) (SBAR (IN because) (S (NP (PRP it)) (VP (VP (VBZ does) (ADJP (RB not) (JJ roll-off) (PP (IN as) (ADJP (JJ fast)))) (PP (IN as) (NP (NN type) (CD I)))) (, ,) (CC and) (VP (VBZ requires) (NP (QP (RBR more)) (NNS components))))))) (. .))) "
1125,3,4,this,limitation,"To counteract this limitation , Elliptic filters have a very aggressive rolloff , which often more than makes up for the ripples .","(ROOT (S (S (VP (TO To) (VP (VB counteract) (NP (DT this) (NN limitation))))) (, ,) (NP (JJ Elliptic) (NNS filters)) (VP (VBP have) (NP (NP (DT a) (ADJP (RB very) (JJ aggressive)) (NN rolloff)) (, ,) (SBAR (WHNP (WDT which)) (S (ADVP (RB often)) (VP (ADVP (RBR more) (IN than)) (VBZ makes) (PRT (RP up)) (PP (IN for) (NP (DT the) (NNS ripples)))))))) (. .))) "
1128,27,28,this,chapter,"-LSB- Electronic linear filters.svg -RSB- -LRB- / / upload.wikimedia.org/wikipedia/commons/thumb/5/5c/Electronic_linear_filters.svg/500px-Electronic_linear_filters.svg.png -RRB- ## Bessel Filters ## Filter Design Using what we 've learned so far about filters , this chapter will discuss filter design , and will show how to make decisions as to the type of filter -LRB- Butterworth , Chebyshev , Elliptic -RRB- , and will help to show how to set parameters to acheive a set of specifications .","(ROOT (S (PP (-LRB- -LSB-) (S (NP (NP (JJ Electronic) (JJ linear) (NN filters.svg)) (PP (-RRB- -RSB-) (PRN (-LRB- -LRB-) (PP (: /) (NP (: /) (NN upload.wikimedia.org/wikipedia/commons/thumb/5/5c/Electronic_linear_filters.svg/500px-Electronic_linear_filters.svg.png))) (-RRB- -RRB-)) (NP (NP (CD ##)) (NP (NNP Bessel) (NNP Filters) (NNP ##) (NNP Filter) (NNP Design))))) (VP (VBG Using) (SBAR (WHNP (WP what)) (S (NP (PRP we)) (VP (VBP 've) (VP (VBN learned) (ADVP (RB so) (RB far)) (PP (IN about) (NP (NNS filters)))))))))) (, ,) (NP (DT this) (NN chapter)) (VP (VP (MD will) (VP (VB discuss) (NP (NN filter) (NN design)))) (, ,) (CC and) (VP (MD will) (VP (VB show) (SBAR (WHADVP (WRB how)) (S (VP (TO to) (VP (VB make) (NP (NNS decisions)) (PP (IN as) (PP (TO to) (NP (NP (DT the) (NN type)) (PP (IN of) (NP (NP (NN filter)) (PRN (-LRB- -LRB-) (NP (NN Butterworth)) (, ,) (NP (NNP Chebyshev)) (, ,) (NP (NNP Elliptic)) (-RRB- -RRB-))))))))))))) (, ,) (CC and) (VP (MD will) (VP (VB help) (S (VP (TO to) (VP (VB show) (SBAR (WHADVP (WRB how)) (S (VP (TO to) (VP (VB set) (S (NP (NNS parameters)) (VP (TO to) (VP (VB acheive) (NP (NP (DT a) (NN set)) (PP (IN of) (NP (NNS specifications))))))))))))))))) (. .))) "
1147,11,13,this,matlab,## Lowpass to Highpass This operation can be performed using this -LSB- MATLAB -RSB- -LRB- / wiki/MATLAB _ Programming -RRB- command : ** lp2hp ** Converting a lowpass filter to a highpass filter is one of the easiest transformations available .,(ROOT (S (NP (NP (NN ##) (NN Lowpass)) (PP (TO to) (NP (NP (NNP Highpass)) (SBAR (S (NP (DT This) (NN operation)) (VP (MD can) (VP (VB be) (VP (VBN performed) (S (VP (VBG using) (NP (NP (NP (DT this) (-LRB- -LSB-) (NN MATLAB)) (-RRB- -RSB-) (PRN (-LRB- -LRB-) (NP (: /) (NNP wiki/MATLAB) (NNP _) (NNP Programming)) (-RRB- -RRB-)) (NP (NP (NN command)) (PRN (: :) (FRAG (X (SYM **)) (NP (CD lp2hp)))))) (X (SYM **))) (S (VP (VBG Converting) (NP (DT a) (NN lowpass) (NN filter)) (PP (TO to) (NP (DT a) (NN highpass) (NN filter))))))))))))))) (VP (VBZ is) (NP (NP (CD one)) (PP (IN of) (NP (NP (DT the) (JJS easiest) (NNS transformations)) (ADJP (JJ available)))))) (. .))) 
1149,44,46,this,matlab,-LSB- S = \ \ frac -LCB- \ \ Omega_p \ \ hat -LCB- \ \ Omega_p -RCB- -RCB- -LCB- \ \ hat -LCB- S -RCB- -RCB- -RSB- -LRB- / / upload.wikimedia.org/math/f/0/1/f0107ecc92e3d4f080f3162ec920adb0.png -RRB- ## Lowpass to Bandpass This operation can be performed using this -LSB- MATLAB -RSB- -LRB- / wiki/MATLAB _ Programming -RRB- command : ** lp2bp ** To Convert from a low-pass filter to a bandpass filter requires that we replace S with the following : !,(ROOT (S (NP (NP (NP (-LRB- -LSB-) (ADJP (NN S) (JJ =)) (ADJP (QP (CD \) (CD \))) (NN frac)) (PRN (-LRB- -LCB-) (NP (NP (CD \) (CD \)) (NP (NP (NNP Omega_p) (CD \)) (NP (NP (CD \) (NN hat)) (-LRB- -LCB-) (NP (CD \) (CD \) (NN Omega_p)) (-RRB- -RCB-)))) (-RRB- -RCB-))) (SBAR (S (-LRB- -LCB-) (NP (NP (QP (CD \) (CD \)) (NN hat)) (PRN (-LRB- -LCB-) (NP (NN S)) (-RRB- -RCB-))) (-RRB- -RCB-) (VP (-RRB- -RSB-) (PRN (-LRB- -LRB-) (PP (: /) (NP (: /) (NN upload.wikimedia.org/math/f/0/1/f0107ecc92e3d4f080f3162ec920adb0.png))) (-RRB- -RRB-)) (NP (NP (CD ##) (NN Lowpass)) (PP (TO to) (NP (NNP Bandpass))) (SBAR (S (NP (DT This) (NN operation)) (VP (MD can) (VP (VB be) (VP (VBN performed) (S (VP (VBG using) (NP (NP (NP (DT this) (-LRB- -LSB-) (NN MATLAB)) (-RRB- -RSB-) (PRN (-LRB- -LRB-) (NP (: /) (NNP wiki/MATLAB) (NNP _) (NNP Programming)) (-RRB- -RRB-)) (NP (NP (NN command)) (PRN (: :) (FRAG (X (SYM **)) (NP (CD lp2bp)))))) (X (SYM **))) (S (VP (TO To) (VP (VB Convert) (PP (IN from) (NP (DT a) (JJ low-pass) (NN filter))) (PP (TO to) (NP (DT a) (NN bandpass) (NN filter)))))))))))))))))) (VP (VBZ requires) (SBAR (IN that) (S (NP (PRP we)) (VP (VBP replace) (NP (NN S)) (PP (IN with) (NP (DT the) (NN following))))))) (: :) (. !))) 
1150,20,22,this,matlab,"-LSB- S = -RSB- -LRB- / / upload.wikimedia.org/math/1/9/b/19bc6aa0522d3238dcd2ad02c995999d.png -RRB- ## Lowpass to Bandstop This operation can be performed using this -LSB- MATLAB -RSB- -LRB- / wiki/MATLAB _ Programming -RRB- command : ** lp2bs ** To convert a lowpass filter to a bandstop filter , we replace every reference to S with : !","(ROOT (S (PP (-LRB- -LSB-) (NP (NP (NN S) (JJ =) (-RRB- -RSB-)) (PRN (-LRB- -LRB-) (VP (: /) (PP (: /) (NP (NN upload.wikimedia.org/math/1/9/b/19bc6aa0522d3238dcd2ad02c995999d.png)))) (-RRB- -RRB-)) (NP (NP (CD ##) (NN Lowpass)) (PP (TO to) (NP (NP (NNP Bandstop)) (SBAR (S (NP (DT This) (NN operation)) (VP (MD can) (VP (VB be) (VP (VBN performed) (S (VP (VBG using) (NP (NP (NP (DT this) (-LRB- -LSB-) (NN MATLAB)) (-RRB- -RSB-) (PRN (-LRB- -LRB-) (NP (: /) (NNP wiki/MATLAB) (NNP _) (NNP Programming)) (-RRB- -RRB-)) (NP (NP (NN command)) (PRN (: :) (FRAG (X (SYM **)) (NP (NNS lp2bs)))))) (X (SYM **))) (S (VP (TO To) (VP (VB convert) (NP (DT a) (NN lowpass) (NN filter)) (PP (TO to) (NP (DT a) (NN bandstop) (NN filter)))))))))))))))))) (, ,) (NP (PRP we)) (VP (VBP replace) (NP (DT every) (NN reference)) (PP (TO to) (NP (NN S))) (PP (IN with))) (: :) (. !))) "
1162,15,17,these,equation,The -LSB- Laplace transform -RSB- -LRB- / wiki/Signals _ and_Systems / LaPlace_Transform -RRB- rewrites these differential equations as a set of linear equations of the complex variable !,(ROOT (S (NP (NP (DT The) (-LRB- -LSB-)) (SBAR (S (NP (NNP Laplace)) (VP (VB transform) (ADVP (-RRB- -RSB-)))))) (PRN (-LRB- -LRB-) (S (NP (: /) (NNS wiki/Signals)) (VP (VBP _) (NP (NP (NNS and_Systems)) (PP (: /) (NP (NN LaPlace_Transform)))))) (-RRB- -RRB-)) (VP (VBZ rewrites) (NP (DT these) (JJ differential) (NNS equations)) (PP (IN as) (NP (NP (DT a) (NN set)) (PP (IN of) (NP (NP (JJ linear) (NNS equations)) (PP (IN of) (NP (DT the) (NN complex) (JJ variable)))))))) (. !))) 
1230,9,10,this,example,That value has been adjusted by hand for this example .,(ROOT (FRAG (SBAR (IN That) (S (NP (NN value)) (VP (VBZ has) (VP (VBN been) (VP (VBN adjusted) (PP (IN by) (NP (NP (NN hand)) (PP (IN for) (NP (DT this) (NN example)))))))))) (. .))) 
1231,8,9,this,task,"Again , Octave or Matlab scripts automate this task .","(ROOT (S (ADVP (RB Again)) (, ,) (NP (NP (NNP Octave) (CC or) (NNP Matlab)) (NNS scripts)) (VP (VBP automate) (NP (DT this) (NN task))) (. .))) "
1246,22,23,this,process,## Sampling a signal ### The Nyquist Rate Sampling a signal raises a major question : does one lose information during this process ?,(ROOT (FRAG (NP (NP (NN ##)) (SBAR (S (VP (VBG Sampling) (NP (NP (DT a) (NN signal) (CD ###)) (SBAR (S (NP (NP (DT The) (NNP Nyquist) (NNP Rate)) (VP (VBG Sampling) (NP (DT a) (NN signal)))) (VP (VBZ raises) (NP (DT a) (JJ major) (NN question)))))))))) (: :) (VP (VBZ does) (SBAR (S (NP (CD one)) (VP (VBP lose) (NP (NN information)) (PP (IN during) (NP (DT this) (NN process))))))) (. ?))) 
1263,7,8,this,frequency,* High end DVD audio doubles this frequency to 192 kHz .,(ROOT (S (X (SYM *)) (NP (NP (JJ High) (NN end) (NN DVD)) (NN audio)) (VP (VBZ doubles) (NP (DT this) (NN frequency)) (PP (TO to) (NP (CD 192) (NN kHz)))) (. .))) 
1289,9,11,these,frequency,"If the original signal also has content at these lower frequencies , then they will be mixed and there is a loss of information .","(ROOT (S (SBAR (IN If) (S (NP (DT the) (JJ original) (NN signal)) (ADVP (RB also)) (VP (VBZ has) (NP (NP (NN content)) (PP (IN at) (NP (DT these) (JJR lower) (NNS frequencies))))))) (, ,) (S (ADVP (RB then)) (NP (PRP they)) (VP (MD will) (VP (VB be) (ADJP (JJ mixed))))) (CC and) (S (NP (EX there)) (VP (VBZ is) (NP (NP (DT a) (NN loss)) (PP (IN of) (NP (NN information)))))) (. .))) "
1296,21,22,this,result,"Rather than throwing every second sample away , one can calculate the mean value of two consecutive samples and use this result to build one sample of the new signal .","(ROOT (S (PP (RB Rather) (IN than) (S (VP (VBG throwing) (NP (DT every) (JJ second) (NN sample)) (ADVP (RB away))))) (, ,) (NP (PRP one)) (VP (MD can) (VP (VP (VB calculate) (NP (NP (DT the) (JJ mean) (NN value)) (PP (IN of) (NP (CD two) (JJ consecutive) (NNS samples))))) (CC and) (VP (VB use) (NP (DT this) (NN result) (S (VP (TO to) (VP (VB build) (NP (NP (CD one) (NN sample)) (PP (IN of) (NP (DT the) (JJ new) (NN signal))))))))))) (. .))) "
1359,17,18,these,turn,"-LSB- 3 f_s -RSB- -LRB- / / upload.wikimedia.org/math/0/b/4/0b4f23fa31a6f48760e95c9e0fad7115.png -RRB- and so on ... On each of these turns , the frequency response will be the same .","(ROOT (S (S (NP (-LRB- -LSB-) (CD 3) (NNS f_s)) (VP (-RRB- -RSB-) (-LRB- -LRB-) (NP (: /) (: /) (NN upload.wikimedia.org/math/0/b/4/0b4f23fa31a6f48760e95c9e0fad7115.png)) (-RRB- -RRB-) (ADVP (CC and) (RB so) (IN on)))) (: ...) (S (PP (IN On) (NP (NP (DT each)) (PP (IN of) (NP (DT these) (NNS turns))))) (, ,) (NP (DT the) (NN frequency) (NN response)) (VP (MD will) (VP (VB be) (NP (DT the) (JJ same))))) (. .))) "
1516,14,15,this,page,php?title = Signals_and_Systems / Print_version & action = info -RRB- * -LSB- Cite this page -RSB- -LRB- / w/index .,(ROOT (S (VP (NN php?title) (NP (NP (NP (JJ =) (NNS Signals_and_Systems)) (PRN (: /) (NP (NP (NNP Print_version)) (CC &) (NP (NN action) (JJ =) (NN info))) (-RRB- -RRB-))) (X (SYM *))) (S (VP (-LRB- -LSB-) (VP (VB Cite) (S (NP (DT this) (NN page)) (NP (NP (-RRB- -RSB-)) (-LRB- -LRB-) (PP (: /) (NP (NN w/index))))))))) (. .))) 
1522,3,4,this,site,"By using this site , you agree to the -LSB- Terms of Use -RSB- -LRB- / / wikimediafoundation.org/wiki/Terms_of_Use -RRB- and -LSB- Privacy Policy . -RSB-","(ROOT (S (PP (IN By) (S (VP (VBG using) (NP (DT this) (NN site))))) (, ,) (NP (PRP you)) (VP (VBP agree) (PP (PP (TO to) (NP (NP (DT the) (-LRB- -LSB-) (NNS Terms)) (PP (IN of) (NP (NP (NN Use) (-RRB- -RSB-)) (PRN (-LRB- -LRB-) (NP (: /) (: /) (NN wikimediafoundation.org/wiki/Terms_of_Use)) (-RRB- -RRB-)))))) (CC and) (PP (-LRB- -LSB-) (NP (NNP Privacy) (NNP Policy))))) (. .) (-RRB- -RSB-))) "
