2,7,8,this,page,-LSB- Unreviewed changes are displayed on this page -RSB- -LRB- / / bits.wikimedia.org/static-1.22wmf19/extensions/FlaggedRevs/frontend/modules/img/1.png -RRB- This page may need to be -LSB- reviewed -RSB- -LRB- / wiki/Wikibooks : REVIEW -RRB- for quality .,(ROOT (S (SBAR (-LRB- -LSB-) (S (NP (JJ Unreviewed) (NNS changes)) (VP (VBP are) (VP (VBN displayed) (PP (IN on) (NP (DT this) (NN page) (-RRB- -RSB-))))))) (PRN (-LRB- -LRB-) (VP (: /) (NP (: /) (NN bits.wikimedia.org/static-1.22wmf19/extensions/FlaggedRevs/frontend/modules/img/1.png))) (-RRB- -RRB-)) (NP (DT This) (NN page)) (VP (MD may) (VP (VB need) (S (VP (TO to) (VP (VB be) (VP (-LRB- -LSB-) (VP (VBN reviewed) (NP (NP (NP (-RRB- -RSB-)) (PRN (-LRB- -LRB-) (NP (NP (: /) (NNS wiki/Wikibooks)) (: :) (NP (NNP REVIEW))) (-RRB- -RRB-))) (PP (IN for) (NP (NN quality))))))))))) (. .))) 
8,5,6,this,course,"The major objective of this course was to plan a series of research initiatives to study the outcomes of this unprecedented , innovative approach to the introduction of students to the profession of teaching .","(ROOT (S (NP (NP (DT The) (JJ major) (NN objective)) (PP (IN of) (NP (DT this) (NN course)))) (VP (VBD was) (S (VP (TO to) (VP (VB plan) (NP (NP (DT a) (NN series)) (PP (IN of) (NP (NN research) (NNS initiatives)))) (S (VP (TO to) (VP (VB study) (NP (NP (DT the) (NNS outcomes)) (PP (IN of) (NP (DT this) (JJ unprecedented) (, ,) (JJ innovative) (NN approach)))) (PP (TO to) (NP (NP (DT the) (NN introduction)) (PP (IN of) (NP (NNS students))))) (PP (TO to) (NP (NP (DT the) (NN profession)) (PP (IN of) (NP (NN teaching)))))))))))) (. .))) "
8,20,24,this,approach,"The major objective of this course was to plan a series of research initiatives to study the outcomes of this unprecedented , innovative approach to the introduction of students to the profession of teaching .","(ROOT (S (NP (NP (DT The) (JJ major) (NN objective)) (PP (IN of) (NP (DT this) (NN course)))) (VP (VBD was) (S (VP (TO to) (VP (VB plan) (NP (NP (DT a) (NN series)) (PP (IN of) (NP (NN research) (NNS initiatives)))) (S (VP (TO to) (VP (VB study) (NP (NP (DT the) (NNS outcomes)) (PP (IN of) (NP (DT this) (JJ unprecedented) (, ,) (JJ innovative) (NN approach)))) (PP (TO to) (NP (NP (DT the) (NN introduction)) (PP (IN of) (NP (NNS students))))) (PP (TO to) (NP (NP (DT the) (NN profession)) (PP (IN of) (NP (NN teaching)))))))))))) (. .))) "
9,12,13,that,text,"Preparation of the WikiText and the evaluation of learning associated with that text comprised about one half of the total introductory course which also includes traditional lectures , both online and in a face to face format .","(ROOT (S (NP (NP (NP (NN Preparation)) (PP (IN of) (NP (DT the) (NNP WikiText)))) (CC and) (NP (NP (DT the) (NN evaluation)) (PP (IN of) (NP (NN learning))))) (VP (VBN associated) (PP (IN with) (NP (NP (DT that) (NN text)) (VP (VBN comprised) (PP (PP (IN about) (NP (NP (CD one) (NN half)) (PP (IN of) (NP (NP (NP (DT the) (JJ total) (JJ introductory) (NN course)) (SBAR (WHNP (WDT which)) (S (ADVP (RB also)) (VP (VBZ includes) (SBAR (S (NP (JJ traditional)) (VP (VBZ lectures)))))))) (, ,) (NP (DT both) (NN online)))))) (CC and) (PP (IN in) (NP (DT a) (NN face) (S (VP (TO to) (VP (VB face) (NP (NN format)))))))))))) (. .))) "
13,23,25,this,class,We decided to take a very different approach taking advantage of the large numbers of students enrolled -LRB- about 225 -RRB- in this introductory class .,(ROOT (S (NP (PRP We)) (VP (VBD decided) (S (VP (TO to) (VP (VB take) (NP (NP (DT a) (ADJP (RB very) (JJ different)) (NN approach)) (VP (VBG taking) (NP (NP (NN advantage)) (PP (IN of) (NP (NP (DT the) (JJ large) (NNS numbers)) (PP (IN of) (NP (NP (NNS students)) (VP (VBN enrolled)))))))) (PRN (-LRB- -LRB-) (PP (IN about) (NP (CD 225))) (-RRB- -RRB-))) (PP (IN in) (NP (DT this) (JJ introductory) (NN class))))))) (. .))) 
28,4,5,this,project,"Our goals for this project are manifold , but I would like to take a minute to highlight some of those that we consider most important .","(ROOT (S (S (NP (NP (PRP$ Our) (NNS goals)) (PP (IN for) (NP (DT this) (NN project)))) (VP (VBP are) (NP (NN manifold)))) (, ,) (CC but) (S (NP (PRP I)) (VP (MD would) (VP (VB like) (S (VP (TO to) (VP (VB take) (NP (DT a) (NN minute) (S (VP (TO to) (VP (VB highlight) (NP (NP (DT some)) (PP (IN of) (NP (NP (DT those)) (SBAR (WHNP (WDT that)) (S (NP (PRP we)) (VP (VBP consider) (ADJP (RBS most) (JJ important)))))))))))))))))) (. .))) "
30,9,10,that,student,"After all , it seems counter-intuitive to imagine that students could learn from a textbook that is too sophisticated for them to have written themselves .","(ROOT (S (PP (IN After) (NP (DT all))) (, ,) (NP (PRP it)) (VP (VBZ seems) (ADJP (JJ counter-intuitive) (S (VP (TO to) (VP (VB imagine) (SBAR (S (NP (DT that) (NNS students)) (VP (MD could) (VP (VB learn) (PP (IN from) (NP (NP (DT a) (NN textbook)) (SBAR (WHNP (WDT that)) (S (VP (VBZ is) (ADJP (RB too) (JJ sophisticated) (PP (IN for) (NP (PRP them)))) (S (VP (TO to) (VP (VB have) (VP (VBN written) (NP (PRP themselves)))))))))))))))))))) (. .))) "
31,3,4,this,text,"Furthermore , this text should serve as proof that , due to the vast availability of information via the -LSB- Internet -RSB- -LRB- / wiki/The _ Internet -RRB- , traditional textbooks written by intellectual elites are no longer necessary to the same degree they were before the Information Age .","(ROOT (S (ADVP (RB Furthermore)) (, ,) (NP (DT this) (NN text)) (VP (MD should) (VP (VB serve) (PP (IN as) (NP (NN proof))) (SBAR (IN that) (S (, ,) (PP (JJ due) (TO to) (NP (NP (DT the) (JJ vast) (NN availability)) (PP (IN of) (NP (NP (NN information)) (PP (IN via) (NP (NP (DT the) (-LRB- -LSB-) (NN Internet) (-RRB- -RSB-)) (PRN (-LRB- -LRB-) (NP (: /) (NNP wiki/The) (NNP _) (NNP Internet)) (-RRB- -RRB-)))))))) (, ,) (NP (NP (JJ traditional) (NNS textbooks)) (VP (VBN written) (PP (IN by) (NP (JJ intellectual) (NNS elites))))) (VP (VBP are) (ADVP (RB no) (RB longer)) (ADJP (JJ necessary) (PP (TO to) (NP (NP (DT the) (JJ same) (NN degree)) (SBAR (S (NP (PRP they)) (VP (VBD were) (PP (IN before) (NP (DT the) (NNP Information) (NNP Age)))))))))))))) (. .))) "
32,7,8,this,text,"Next , the process of creating this text will serve to empower pre-service teachers with knowledge of technology and other skills such as effective communication and self - / peer-editing that will serve them well when they enter the classroom later , as teachers .","(ROOT (S (ADVP (RB Next)) (, ,) (NP (NP (DT the) (NN process)) (PP (IN of) (S (VP (VBG creating) (NP (DT this) (NN text)))))) (VP (MD will) (VP (VB serve) (S (VP (TO to) (VP (VB empower) (NP (JJ pre-service) (NNS teachers)) (PP (IN with) (NP (NP (NP (NN knowledge)) (PP (IN of) (NP (NN technology)))) (CC and) (NP (NP (NP (JJ other) (NNS skills)) (PP (JJ such) (IN as) (NP (JJ effective) (NN communication) (CC and) (NN self)))) (: -) (NP (NP (: /) (JJ peer-editing)) (SBAR (WHNP (WDT that)) (S (VP (MD will) (VP (VB serve) (NP (PRP them)) (ADVP (RB well)) (SBAR (WHADVP (WRB when)) (S (NP (PRP they)) (VP (VBP enter) (NP (DT the) (NN classroom)) (ADVP (RB later)) (, ,) (PP (IN as) (NP (NNS teachers))))))))))))))))))) (. .))) "
33,6,7,this,book,"If you have stumbled onto this book by mistake , we encourage you to take a few minutes and read a chapter or two .","(ROOT (S (SBAR (IN If) (S (NP (PRP you)) (VP (VBP have) (VP (VBN stumbled) (PP (IN onto) (NP (DT this) (NN book))) (PP (IN by) (NP (NN mistake))))))) (, ,) (NP (PRP we)) (VP (VBP encourage) (S (NP (PRP you)) (VP (TO to) (VP (VP (VB take) (NP (DT a) (JJ few) (NNS minutes))) (CC and) (VP (VB read) (NP (NP (DT a) (NN chapter)) (CC or) (NP (CD two)))))))) (. .))) "
36,7,8,this,book,Each section of each chapter of this book was researched and developed by the students .,(ROOT (S (NP (NP (DT Each) (NN section)) (PP (IN of) (NP (NP (DT each) (NN chapter)) (PP (IN of) (NP (DT this) (NN book)))))) (VP (VBD was) (VP (VBN researched) (CC and) (VBN developed) (PP (IN by) (NP (DT the) (NNS students))))) (. .))) 
38,17,18,those,version,The students evaluated their peers ' articles to determine which ones were the most useful and those versions are the ones seen linked from the contents page of each chapter .,(ROOT (S (S (NP (DT The) (NNS students)) (VP (VBD evaluated) (NP (NP (PRP$ their) (NNS peers) (POS ')) (NNS articles) (S (VP (TO to) (VP (VB determine) (SBAR (WHNP (WDT which)) (S (NP (NNS ones)) (VP (VBD were) (NP (DT the) (ADJP (RBS most) (JJ useful)))))))))))) (CC and) (S (NP (DT those) (NNS versions)) (VP (VBP are) (NP (NP (DT the) (NNS ones)) (VP (VBN seen) (S (VP (VBN linked) (PP (IN from) (NP (NP (DT the) (NNS contents) (NN page)) (PP (IN of) (NP (DT each) (NN chapter))))))))))) (. .))) 
86,3,4,this,way,"Progressivists relate this way of instruction with society , politics , the economy , and education considering ways of improvement along the way .","(ROOT (S (NP (NNS Progressivists)) (VP (VBP relate) (NP (NP (DT this) (NN way)) (PP (IN of) (NP (NN instruction)))) (PP (IN with) (NP (NP (NN society)) (, ,) (NP (NNS politics)) (, ,) (NP (DT the) (NN economy)) (, ,) (CC and) (NP (NN education)))) (VP (VBG considering) (NP (NP (NNS ways)) (PP (IN of) (NP (NP (NN improvement)) (PP (IN along) (NP (DT the) (NN way)))))))) (. .))) "
99,3,4,those,principle,"What if those principles are called to question for validity , what might the answer be ?","(ROOT (SBARQ (SBAR (NP (WP What)) (IN if) (S (NP (DT those) (NNS principles)) (VP (VBP are) (VP (VBN called) (S (VP (TO to) (VP (VB question) (PP (IN for) (NP (NN validity)))))))))) (, ,) (WHNP (WDT what)) (SQ (MD might) (NP (DT the) (NN answer)) (VP (VB be))) (. ?))) "
103,18,19,these,truth,"The great works written by founders of Western philosophy convey wisdom based on universal truths , and these truths are reoccurring throughout time .","(ROOT (S (S (NP (NP (DT The) (JJ great) (NNS works)) (VP (VBN written) (PP (IN by) (NP (NP (NNS founders)) (PP (IN of) (NP (JJ Western) (NN philosophy))))))) (VP (VBP convey) (NP (NN wisdom)) (PP (VBN based) (PP (IN on) (NP (JJ universal) (NNS truths)))))) (, ,) (CC and) (S (NP (DT these) (NNS truths)) (VP (VBP are) (VP (VBG reoccurring) (PP (IN throughout) (NP (NN time)))))) (. .))) "
108,13,17,this,truth,And our ability to think and our intellect are there to discover this constant and changeless truth . '',(ROOT (S (CC And) (NP (NP (PRP$ our) (NN ability) (S (VP (TO to) (VP (VB think))))) (CC and) (NP (PRP$ our) (NN intellect))) (VP (VBP are) (S (NP (EX there)) (VP (TO to) (VP (VB discover) (NP (DT this) (ADJP (JJ constant) (CC and) (JJ changeless)) (NN truth)))))) (. .) ('' ''))) 
109,12,13,these,truth,"As intellectual human beings , we should be able to absorb these truths and live by their values .","(ROOT (S (PP (IN As) (NP (JJ intellectual) (JJ human) (NNS beings))) (, ,) (NP (PRP we)) (VP (MD should) (VP (VB be) (ADJP (JJ able) (S (VP (TO to) (VP (VP (VB absorb) (NP (DT these) (NNS truths))) (CC and) (VP (VB live) (PP (IN by) (NP (PRP$ their) (NNS values)))))))))) (. .))) "
152,7,8,this,method,Which philosophy of education best describes this method ?,(ROOT (SBARQ (WHNP (WHNP (WDT Which) (NN philosophy)) (PP (IN of) (NP (NN education)))) (SQ (VP (ADVP (JJS best)) (VBZ describes) (NP (DT this) (NN method)))) (. ?))) 
156,11,13,these,philosophy,"Compare and contrast the teacher 's approach to students between these teaching philosophies : Essentialism , Progressivism , and Perennialism .","(ROOT (S (VP (VP (VB Compare) (CC and) (VB contrast) (NP (NP (NP (DT the) (NN teacher) (POS 's)) (NN approach)) (PP (TO to) (NP (NNS students)))) (PP (IN between) (NP (DT these) (NN teaching) (NNS philosophies)))) (: :) (NP (NP (NN Essentialism)) (, ,) (NP (NNP Progressivism)) (, ,) (CC and) (NP (NN Perennialism)))) (. .))) "
169,12,14,these,truth,They value the great works of art and literature and emphasize these timeless truths as the groundwork for a cultural society .,(ROOT (S (NP (PRP They)) (VP (VP (VBP value) (NP (NP (DT the) (JJ great) (NNS works)) (PP (IN of) (NP (NN art) (CC and) (NN literature))))) (CC and) (VP (VBP emphasize) (NP (DT these) (JJ timeless) (NNS truths)) (PP (IN as) (NP (NP (DT the) (NN groundwork)) (PP (IN for) (NP (DT a) (JJ cultural) (NN society))))))) (. .))) 
171,10,11,this,question,There may be no wrong or right answer to this question .,(ROOT (S (NP (EX There)) (VP (MD may) (VP (VB be) (NP (NP (DT no) (ADJP (JJ wrong) (CC or) (JJ right)) (NN answer)) (PP (TO to) (NP (DT this) (NN question)))))) (. .))) 
174,5,6,this,philosophy,A teacher who uses this philosophy might view their students ' minds as balls of clay that need to be shaped .,(ROOT (S (NP (NP (DT A) (NN teacher)) (SBAR (WHNP (WP who)) (S (VP (VBZ uses) (NP (DT this) (NN philosophy)))))) (VP (MD might) (VP (VB view) (NP (NP (PRP$ their) (NNS students) (POS ')) (NNS minds)) (PP (IN as) (NP (NP (NNS balls)) (PP (IN of) (NP (NN clay))) (SBAR (WHNP (WDT that)) (S (VP (VBP need) (S (VP (TO to) (VP (VB be) (VP (VBN shaped)))))))))))) (. .))) 
261,16,18,this,education,-LRB- / wiki/Social _ and_Cultural_Foundations_of_American_Education / Staffing_Practices / Class_Size -RRB- -LSB- Credentialism -- how has this impacted education ? -RSB-,(ROOT (S (-LRB- -LRB-) (NP (NP (: /) (JJ wiki/Social) (NN _) (NN and_Cultural_Foundations_of_American_Education)) (PRN (: /) (NP (NNS Staffing_Practices) (: /) (NN Class_Size)) (-RRB- -RRB-))) (VP (-LRB- -LSB-) (NP (NP (NNP Credentialism)) (: --) (SBARQ (WHADVP (WRB how)) (SQ (VBZ has) (NP (DT this) (JJ impacted) (NN education))) (. ?)))) (-RRB- -RSB-))) 
366,14,15,this,page,php?title = Social_and_Cultural_Foundations_of_American_Education / Print_version & action = info -RRB- * -LSB- Cite this page -RSB- -LRB- / w/index .,(ROOT (S (VP (NN php?title) (NP (NP (NP (JJ =) (NN Social_and_Cultural_Foundations_of_American_Education)) (PRN (: /) (NP (NP (NNP Print_version)) (CC &) (NP (NN action) (JJ =) (NN info))) (-RRB- -RRB-))) (X (SYM *))) (S (VP (-LRB- -LSB-) (VP (VB Cite) (S (NP (DT this) (NN page)) (NP (NP (-RRB- -RSB-)) (-LRB- -LRB-) (PP (: /) (NP (NN w/index))))))))) (. .))) 
372,3,4,this,site,"By using this site , you agree to the -LSB- Terms of Use -RSB- -LRB- / / wikimediafoundation.org/wiki/Terms_of_Use -RRB- and -LSB- Privacy Policy . -RSB-","(ROOT (S (PP (IN By) (S (VP (VBG using) (NP (DT this) (NN site))))) (, ,) (NP (PRP you)) (VP (VBP agree) (PP (PP (TO to) (NP (NP (DT the) (-LRB- -LSB-) (NNS Terms)) (PP (IN of) (NP (NP (NN Use) (-RRB- -RSB-)) (PRN (-LRB- -LRB-) (NP (: /) (: /) (NN wikimediafoundation.org/wiki/Terms_of_Use)) (-RRB- -RRB-)))))) (CC and) (PP (-LRB- -LSB-) (NP (NNP Privacy) (NNP Policy))))) (. .) (-RRB- -RSB-))) "
