2,7,8,this,page,-LSB- Unreviewed changes are displayed on this page -RSB- -LRB- / / bits.wikimedia.org/static-1.22wmf19/extensions/FlaggedRevs/frontend/modules/img/1.png -RRB- This page may need to be -LSB- reviewed -RSB- -LRB- / wiki/Wikibooks : REVIEW -RRB- for quality .,(ROOT (S (SBAR (-LRB- -LSB-) (S (NP (JJ Unreviewed) (NNS changes)) (VP (VBP are) (VP (VBN displayed) (PP (IN on) (NP (DT this) (NN page) (-RRB- -RSB-))))))) (PRN (-LRB- -LRB-) (VP (: /) (NP (: /) (NN bits.wikimedia.org/static-1.22wmf19/extensions/FlaggedRevs/frontend/modules/img/1.png))) (-RRB- -RRB-)) (NP (DT This) (NN page)) (VP (MD may) (VP (VB need) (S (VP (TO to) (VP (VB be) (VP (-LRB- -LSB-) (VP (VBN reviewed) (NP (NP (NP (-RRB- -RSB-)) (PRN (-LRB- -LRB-) (NP (NP (: /) (NNS wiki/Wikibooks)) (: :) (NP (NNP REVIEW))) (-RRB- -RRB-))) (PP (IN for) (NP (NN quality))))))))))) (. .))) 
14,36,37,this,message,-LSB- Printer.svg -RSB- -LRB- / / upload.wikimedia.org/wikipedia/commons/thumb/2/23/Printer.svg/40px-Printer.svg.png -RRB- ** This is the -LSB- print version -RSB- -LRB- / wiki/Help : Print_versions -RRB- of -LSB- Spanish -RSB- -LRB- / wiki/Spanish -RRB- ** You wo n't see this message or any elements not part of the book 's content when you print or -LSB- preview -RSB- -LRB- / / en.wikibooks.org/w/index.php?title=Spanish/Print_version&action=purge&printable=yes -RRB- this page .,(ROOT (S (PP (-LRB- -LSB-) (NP (NN Printer.svg) (-RRB- -RSB-))) (PRN (-LRB- -LRB-) (VP (: /) (NP (: /) (NN upload.wikimedia.org/wikipedia/commons/thumb/2/23/Printer.svg/40px-Printer.svg.png))) (-RRB- -RRB-)) (SBAR (X (SYM **)) (S (NP (DT This)) (VP (VBZ is) (NP (NP (NP (DT the) (-LRB- -LSB-) (NN print) (NN version) (-RRB- -RSB-)) (PRN (-LRB- -LRB-) (NP (NP (: /) (NN wiki/Help)) (: :) (NP (NNS Print_versions))) (-RRB- -RRB-))) (PP (IN of) (NP (NP (-LRB- -LSB-) (JJ Spanish) (-RRB- -RSB-)) (PRN (-LRB- -LRB-) (NP (: /) (NN wiki/Spanish)) (-RRB- -RRB-)))) (X (SYM **)))))) (NP (PRP You)) (VP (MD wo) (RB n't) (VP (VP (VB see) (NP (NP (DT this) (NN message)) (CC or) (NP (DT any) (NNS elements))) (PP (RB not) (NP (NP (NN part)) (PP (IN of) (NP (NP (DT the) (NN book) (POS 's)) (NN content))))) (SBAR (WHADVP (WRB when)) (S (NP (PRP you)) (VP (VBP print))))) (CC or) (VP (-LRB- -LSB-) (NP (NP (NN preview)) (-RRB- -RSB-) (PRN (-LRB- -LRB-) (NP (: /) (: /) (NNS en.wikibooks.org/w/index.php?title=Spanish/Print_version&action=purge&printable=yes)) (-RRB- -RRB-)) (NP (DT this) (NN page)))))) (. .))) 
14,60,61,this,page,-LSB- Printer.svg -RSB- -LRB- / / upload.wikimedia.org/wikipedia/commons/thumb/2/23/Printer.svg/40px-Printer.svg.png -RRB- ** This is the -LSB- print version -RSB- -LRB- / wiki/Help : Print_versions -RRB- of -LSB- Spanish -RSB- -LRB- / wiki/Spanish -RRB- ** You wo n't see this message or any elements not part of the book 's content when you print or -LSB- preview -RSB- -LRB- / / en.wikibooks.org/w/index.php?title=Spanish/Print_version&action=purge&printable=yes -RRB- this page .,(ROOT (S (PP (-LRB- -LSB-) (NP (NN Printer.svg) (-RRB- -RSB-))) (PRN (-LRB- -LRB-) (VP (: /) (NP (: /) (NN upload.wikimedia.org/wikipedia/commons/thumb/2/23/Printer.svg/40px-Printer.svg.png))) (-RRB- -RRB-)) (SBAR (X (SYM **)) (S (NP (DT This)) (VP (VBZ is) (NP (NP (NP (DT the) (-LRB- -LSB-) (NN print) (NN version) (-RRB- -RSB-)) (PRN (-LRB- -LRB-) (NP (NP (: /) (NN wiki/Help)) (: :) (NP (NNS Print_versions))) (-RRB- -RRB-))) (PP (IN of) (NP (NP (-LRB- -LSB-) (JJ Spanish) (-RRB- -RSB-)) (PRN (-LRB- -LRB-) (NP (: /) (NN wiki/Spanish)) (-RRB- -RRB-)))) (X (SYM **)))))) (NP (PRP You)) (VP (MD wo) (RB n't) (VP (VP (VB see) (NP (NP (DT this) (NN message)) (CC or) (NP (DT any) (NNS elements))) (PP (RB not) (NP (NP (NN part)) (PP (IN of) (NP (NP (DT the) (NN book) (POS 's)) (NN content))))) (SBAR (WHADVP (WRB when)) (S (NP (PRP you)) (VP (VBP print))))) (CC or) (VP (-LRB- -LSB-) (NP (NP (NN preview)) (-RRB- -RSB-) (PRN (-LRB- -LRB-) (NP (: /) (: /) (NNS en.wikibooks.org/w/index.php?title=Spanish/Print_version&action=purge&printable=yes)) (-RRB- -RRB-)) (NP (DT this) (NN page)))))) (. .))) 
45,33,34,these,concept,"Your first language comes naturally to you and you do n't think about things like subject-verb agreement , verb conjugation , or usage of the various tenses ; yet , you use these concepts on a daily basis .","(ROOT (S (S (S (NP (PRP$ Your) (JJ first) (NN language)) (VP (VBZ comes) (ADVP (RB naturally)) (PP (TO to) (NP (PRP you))))) (CC and) (S (NP (PRP you)) (VP (VBP do) (RB n't) (VP (VP (VB think) (PP (IN about) (NP (NP (NNS things)) (PP (IN like) (NP (JJ subject-verb) (NN agreement)))))) (, ,) (VP (VB verb) (NP (NP (NN conjugation)) (, ,) (CC or) (NP (NP (NN usage)) (PP (IN of) (NP (DT the) (JJ various) (NNS tenses)))))))))) (: ;) (S (ADVP (RB yet)) (, ,) (NP (PRP you)) (VP (VBP use) (NP (DT these) (NNS concepts)) (PP (IN on) (NP (DT a) (JJ daily) (NN basis))))) (. .))) "
164,21,22,that,order,"The current Spanish alphabet is made up of the letters with numbers above them , and is also sorted in that order .","(ROOT (S (NP (DT The) (JJ current) (JJ Spanish) (NN alphabet)) (VP (VP (VBZ is) (VP (VBN made) (PRT (RP up)) (PP (IN of) (NP (DT the) (NNS letters))) (PP (IN with) (NP (NP (NNS numbers)) (PP (IN above) (NP (PRP them))))))) (, ,) (CC and) (VP (VBZ is) (ADVP (RB also)) (VP (VBN sorted) (PP (IN in) (NP (DT that) (NN order)))))) (. .))) "
177,57,58,these,exception,"php?title = Spanish/Lessons / % C2 % BFC % C3 % B3mo_te_llamas % 3F & action = edit & section = T-6 -RRB- -RSB- Although the above will help you understand , proper pronunciation of Spanish consonants is a bit more complicated : Most of the consonants are pronounced as they are in American English with these exceptions : * ** b ** like the English _ b _ at the start of a word and after _ m _ or _ n _ , -LRB- IPA : / b / -RRB- .","(ROOT (S (S (NP (NP (NN php?title) (JJ =) (NNS Spanish/Lessons)) (ADJP (ADJP (: /) (NN %)) (PRN (NP (NP (NN C2) (NN %)) (NP (NP (NP (ADJP (CD BFC) (NN %)) (NN C3) (NN %)) (NP (CD B3mo_te_llamas) (NN %) (NN 3F))) (CC &) (NP (NP (NN action) (JJ =) (NN edit)) (CC &) (NP (NN section) (JJ =) (NN T-6))))) (-RRB- -RRB-)))) (VP (-RRB- -RSB-) (SBAR (S (SBAR (IN Although) (S (NP (DT the) (JJ above)) (VP (MD will) (VP (VB help) (S (NP (PRP you)) (VP (VB understand))))))) (, ,) (NP (NP (JJ proper) (NN pronunciation)) (PP (IN of) (NP (JJ Spanish) (NNS consonants)))) (VP (VBZ is) (ADJP (ADVP (NP (DT a) (NN bit)) (RBR more)) (JJ complicated))))))) (: :) (S (NP (NP (JJS Most)) (PP (IN of) (NP (DT the) (NNS consonants)))) (VP (VBP are) (ADJP (JJ pronounced) (SBAR (IN as) (S (NP (PRP they)) (VP (VBP are) (ADVP (IN in)) (VP (NP (NP (NP (JJ American) (NNP English)) (PP (IN with) (NP (DT these) (NNS exceptions)) (: :)) (X (SYM *))) (X (X (SYM **)) (NP (SYM b)))) (PP (X (SYM **)) (IN like) (NP (NP (DT the) (NNP English) (NN _) (NN b)) (PP (PP (NP (CD _)) (IN at) (NP (NP (DT the) (NN start)) (PP (IN of) (NP (DT a) (NN word))))) (CC and) (PP (IN after) (NP (NP (NP (CD _) (NN m)) (ADVP (CD _) (CC or) (CD _))) (ADJP (NN n) (NN _)))) (, ,))))))))) (PRN (-LRB- -LRB-) (NP (NP (NNP IPA)) (: :) (NP (: /) (NN b) (: /))) (-RRB- -RRB-)))) (. .))) "
180,61,62,these,vowel,"* ** ch ** like _ ch _ in `` cheese '' -LRB- IPA : / tʃ / -RRB- * ** d ** at the start of a word and after _ n _ , like English _ d _ in `` under '' -LRB- IPA : / d / -RRB- * ** d ** between vowels -LRB- even if these vowels belong to different words -RRB- similar to English _ th _ in `` mother '' -LRB- IPA : / ð / -RRB- ; at the end of words like `` universidad '' you may hear a similar sound , too .","(ROOT (FRAG (SBAR (X (SYM *)) (S (SBAR (X (SYM **)) (S (VP (VBP ch) (PP (X (SYM **)) (IN like) (NP (NP (CD _) (NN ch)) (NP (NP (NN _)) (PP (IN in) (NP (`` ``) (NP (NN cheese)) ('' '') (PRN (-LRB- -LRB-) (NP (NP (NNP IPA)) (: :) (NP (: /) (NN tʃ) (: /))) (-RRB- -RRB-)))) (X (SYM *))))) (S (SBAR (X (SYM **)) (S (S (LST (LS d)) (SBAR (X (X (SYM **)) (PP (IN at))) (S (NP (NP (DT the) (NN start)) (PP (IN of) (NP (NP (DT a) (NN word)) (ADVP (CC and)) (PP (IN after) (NP (CD _))) (NP (NN n))))) (VP (NN _)))) (, ,) (NP (NP (IN like)) (NP (NP (NNP English) (CD _)) (VP (NN d) (NP (NP (NP (NN _)) (PP (IN in) (NP (`` ``) (NP (IN under)) ('' '') (PRN (-LRB- -LRB-) (NP (NP (NNP IPA)) (: :) (NP (: /) (NN d) (: /))) (-RRB- -RRB-)))) (X (SYM *))) (X (SYM **)))))) (VP (LS d) (X (X (SYM **)) (PP (IN between) (NP (NP (NNS vowels)) (PRN (-LRB- -LRB-) (SBAR (RB even) (IN if) (S (NP (DT these) (NNS vowels)) (VP (VBP belong) (PP (TO to) (NP (JJ different) (NNS words)))))) (-RRB- -RRB-))))))) (S (NP (JJ similar)) (S (VP (TO to) (VP (NP (NP (NNP English) (CD _)) (NP-TMP (DT th) (NN _)) (PP (IN in) (NP (`` ``) (NP (NN mother)) ('' '') (PRN (-LRB- -LRB-) (NP (NP (NNP IPA)) (: :) (NP (: /) (JJ ð) (: /))) (-RRB- -RRB-)))) (: ;) (PP (IN at) (NP (NP (DT the) (NN end)) (PP (IN of) (NP (NNS words)))))) (PP (IN like) (`` ``) (ADJP (JJ universidad)) ('' '')))))))))) (NP (PRP you)))) (VP (MD may) (VP (VB hear) (NP (DT a) (JJ similar) (NN sound)))))) (, ,) (ADVP (RB too)) (. .))) "
228,26,27,this,lesson,"php?title = Spanish/Lessons / % C2 % BFC % C3 % B3mo_te_llamas % 3F & action = edit & section = T-10 -RRB- -RSB- In this lesson , you have learned * How to greet people -LRB- _ Hola ; buenos días ; adiós _ -RRB- .","(ROOT (S (NP (NP (NN php?title) (JJ =) (NNS Spanish/Lessons)) (ADJP (ADJP (: /) (NN %)) (PRN (NP (NP (NN C2) (NN %)) (NP (NP (NP (ADJP (CD BFC) (NN %)) (NN C3) (NN %)) (NP (CD B3mo_te_llamas) (NN %) (NN 3F))) (CC &) (NP (NP (NN action) (JJ =) (NN edit)) (CC &) (NP (NN section) (JJ =) (NN T-10))))) (-RRB- -RRB-)))) (-RRB- -RSB-) (PP (IN In) (NP (DT this) (NN lesson))) (, ,) (NP (PRP you)) (VP (VBP have) (VP (VBN learned) (PP (SYM *) (SBAR (WHADVP (WRB How)) (S (VP (TO to) (VP (VB greet) (NP (NNS people)) (FRAG (-LRB- -LRB-) (NP (CD _) (NN Hola)) (: ;) (NP (NP (NNS buenos) (NNS días)) (: ;) (NP (NNS adiós) (CD _))) (-RRB- -RRB-))))))))) (. .))) "
238,73,74,this,lesson,"You should now do the exercise related to each section -LRB- -LSB- found here -RSB- -LRB- / wiki/Spanish/Exercises / % C2 % BFC % C3 % B3mo_te_llamas % 3F -RRB- -RRB- , and translate the dialogue at the top before moving on to -LSB- lesson 2 -RSB- -LRB- / wiki/Spanish/Lessons / % C2 % BFCu % C3 % A1ndo_es_tu_cumplea % C3 % B1os % 3F -RRB- ... Drill the words covered in this lesson with this -LSB- Anki Flash Card Deck -RSB- -LRB- http://ichi2.net/anki/wiki/PreMadeDecks?action=AttachFile&do=view&target=WikiBooks-Spanish_Lessons-C%C3%B3mo_te_llamas.zip -RRB- or this -LSB- Flashcard Exchange deck -RSB- -LRB- http://www.flashcardexchange.com/flashcards/view/1768374 -RRB- .","(ROOT (S (NP (PRP You)) (VP (MD should) (ADVP (RB now)) (VP (VP (VB do) (S (NP (DT the) (NN exercise)) (ADJP (JJ related) (PP (TO to) (NP (NP (DT each) (NN section)) (PRN (-LRB- -LRB-) (VP (-LRB- -LSB-) (VP (VBN found) (ADVP (RB here) (-RRB- -RSB-)) (PRN (-LRB- -LRB-) (NP (PP (: /) (NP (NP (NNS wiki/Spanish/Exercises)) (ADJP (: /) (NN %)) (NN C2) (NN %))) (NP (NP (ADJP (CD BFC) (NN %)) (NN C3) (NN %)) (NP (CD B3mo_te_llamas) (NN %) (NN 3F)))) (-RRB- -RRB-)))) (-RRB- -RRB-))))))) (, ,) (CC and) (VP (VB translate) (NP (NP (DT the) (NN dialogue)) (PP (IN at) (NP (DT the) (NN top)))) (PP (IN before) (S (VP (VBG moving) (PP (IN on) (PP (TO to) (NP (NP (NP (-LRB- -LSB-) (NN lesson)) (ADJP (CD 2) (-RRB- -RSB-))) (PRN (-LRB- -LRB-) (NP (PP (: /) (NP (NP (NNS wiki/Spanish/Lessons)) (ADJP (: /) (NN %)) (NN C2) (NN %))) (NP (NP (CD BFCu) (NN %) (NN C3) (NN %)) (NP (QP (CD A1ndo_es_tu_cumplea) (NN %)) (NN C3) (NN %) (CD B1os) (NN %) (NN 3F)))) (-RRB- -RRB-))))))))) (: ...) (NP (NP (VB Drill)) (SBAR (S (NP (DT the) (NNS words)) (VP (VBN covered) (PP (IN in) (NP (NP (DT this) (NN lesson)) (PP (IN with) (NP (NP (DT this) (-LRB- -LSB-) (NNP Anki) (NNP Flash) (NNP Card) (NN Deck) (-RRB- -RSB-)) (PRN (-LRB- -LRB-) (NP (NN http://ichi2.net/anki/wiki/PreMadeDecks?action=AttachFile&do=view&target=WikiBooks-Spanish_Lessons-C%C3%B3mo_te_llamas.zip)) (-RRB- -RRB-)) (CC or) (NP (DT this) (-LRB- -LSB-) (NNP Flashcard) (NNP Exchange) (NN deck) (-RRB- -RSB-)) (PRN (-LRB- -LRB-) (NP (NN http://www.flashcardexchange.com/flashcards/view/1768374)) (-RRB- -RRB-)))))))))))) (. .))) "
238,76,81,this,deck,"You should now do the exercise related to each section -LRB- -LSB- found here -RSB- -LRB- / wiki/Spanish/Exercises / % C2 % BFC % C3 % B3mo_te_llamas % 3F -RRB- -RRB- , and translate the dialogue at the top before moving on to -LSB- lesson 2 -RSB- -LRB- / wiki/Spanish/Lessons / % C2 % BFCu % C3 % A1ndo_es_tu_cumplea % C3 % B1os % 3F -RRB- ... Drill the words covered in this lesson with this -LSB- Anki Flash Card Deck -RSB- -LRB- http://ichi2.net/anki/wiki/PreMadeDecks?action=AttachFile&do=view&target=WikiBooks-Spanish_Lessons-C%C3%B3mo_te_llamas.zip -RRB- or this -LSB- Flashcard Exchange deck -RSB- -LRB- http://www.flashcardexchange.com/flashcards/view/1768374 -RRB- .","(ROOT (S (NP (PRP You)) (VP (MD should) (ADVP (RB now)) (VP (VP (VB do) (S (NP (DT the) (NN exercise)) (ADJP (JJ related) (PP (TO to) (NP (NP (DT each) (NN section)) (PRN (-LRB- -LRB-) (VP (-LRB- -LSB-) (VP (VBN found) (ADVP (RB here) (-RRB- -RSB-)) (PRN (-LRB- -LRB-) (NP (PP (: /) (NP (NP (NNS wiki/Spanish/Exercises)) (ADJP (: /) (NN %)) (NN C2) (NN %))) (NP (NP (ADJP (CD BFC) (NN %)) (NN C3) (NN %)) (NP (CD B3mo_te_llamas) (NN %) (NN 3F)))) (-RRB- -RRB-)))) (-RRB- -RRB-))))))) (, ,) (CC and) (VP (VB translate) (NP (NP (DT the) (NN dialogue)) (PP (IN at) (NP (DT the) (NN top)))) (PP (IN before) (S (VP (VBG moving) (PP (IN on) (PP (TO to) (NP (NP (NP (-LRB- -LSB-) (NN lesson)) (ADJP (CD 2) (-RRB- -RSB-))) (PRN (-LRB- -LRB-) (NP (PP (: /) (NP (NP (NNS wiki/Spanish/Lessons)) (ADJP (: /) (NN %)) (NN C2) (NN %))) (NP (NP (CD BFCu) (NN %) (NN C3) (NN %)) (NP (QP (CD A1ndo_es_tu_cumplea) (NN %)) (NN C3) (NN %) (CD B1os) (NN %) (NN 3F)))) (-RRB- -RRB-))))))))) (: ...) (NP (NP (VB Drill)) (SBAR (S (NP (DT the) (NNS words)) (VP (VBN covered) (PP (IN in) (NP (NP (DT this) (NN lesson)) (PP (IN with) (NP (NP (DT this) (-LRB- -LSB-) (NNP Anki) (NNP Flash) (NNP Card) (NN Deck) (-RRB- -RSB-)) (PRN (-LRB- -LRB-) (NP (NN http://ichi2.net/anki/wiki/PreMadeDecks?action=AttachFile&do=view&target=WikiBooks-Spanish_Lessons-C%C3%B3mo_te_llamas.zip)) (-RRB- -RRB-)) (CC or) (NP (DT this) (-LRB- -LSB-) (NNP Flashcard) (NNP Exchange) (NN deck) (-RRB- -RSB-)) (PRN (-LRB- -LRB-) (NP (NN http://www.flashcardexchange.com/flashcards/view/1768374)) (-RRB- -RRB-)))))))))))) (. .))) "
238,87,91,this,deck,"You should now do the exercise related to each section -LRB- -LSB- found here -RSB- -LRB- / wiki/Spanish/Exercises / % C2 % BFC % C3 % B3mo_te_llamas % 3F -RRB- -RRB- , and translate the dialogue at the top before moving on to -LSB- lesson 2 -RSB- -LRB- / wiki/Spanish/Lessons / % C2 % BFCu % C3 % A1ndo_es_tu_cumplea % C3 % B1os % 3F -RRB- ... Drill the words covered in this lesson with this -LSB- Anki Flash Card Deck -RSB- -LRB- http://ichi2.net/anki/wiki/PreMadeDecks?action=AttachFile&do=view&target=WikiBooks-Spanish_Lessons-C%C3%B3mo_te_llamas.zip -RRB- or this -LSB- Flashcard Exchange deck -RSB- -LRB- http://www.flashcardexchange.com/flashcards/view/1768374 -RRB- .","(ROOT (S (NP (PRP You)) (VP (MD should) (ADVP (RB now)) (VP (VP (VB do) (S (NP (DT the) (NN exercise)) (ADJP (JJ related) (PP (TO to) (NP (NP (DT each) (NN section)) (PRN (-LRB- -LRB-) (VP (-LRB- -LSB-) (VP (VBN found) (ADVP (RB here) (-RRB- -RSB-)) (PRN (-LRB- -LRB-) (NP (PP (: /) (NP (NP (NNS wiki/Spanish/Exercises)) (ADJP (: /) (NN %)) (NN C2) (NN %))) (NP (NP (ADJP (CD BFC) (NN %)) (NN C3) (NN %)) (NP (CD B3mo_te_llamas) (NN %) (NN 3F)))) (-RRB- -RRB-)))) (-RRB- -RRB-))))))) (, ,) (CC and) (VP (VB translate) (NP (NP (DT the) (NN dialogue)) (PP (IN at) (NP (DT the) (NN top)))) (PP (IN before) (S (VP (VBG moving) (PP (IN on) (PP (TO to) (NP (NP (NP (-LRB- -LSB-) (NN lesson)) (ADJP (CD 2) (-RRB- -RSB-))) (PRN (-LRB- -LRB-) (NP (PP (: /) (NP (NP (NNS wiki/Spanish/Lessons)) (ADJP (: /) (NN %)) (NN C2) (NN %))) (NP (NP (CD BFCu) (NN %) (NN C3) (NN %)) (NP (QP (CD A1ndo_es_tu_cumplea) (NN %)) (NN C3) (NN %) (CD B1os) (NN %) (NN 3F)))) (-RRB- -RRB-))))))))) (: ...) (NP (NP (VB Drill)) (SBAR (S (NP (DT the) (NNS words)) (VP (VBN covered) (PP (IN in) (NP (NP (DT this) (NN lesson)) (PP (IN with) (NP (NP (DT this) (-LRB- -LSB-) (NNP Anki) (NNP Flash) (NNP Card) (NN Deck) (-RRB- -RSB-)) (PRN (-LRB- -LRB-) (NP (NN http://ichi2.net/anki/wiki/PreMadeDecks?action=AttachFile&do=view&target=WikiBooks-Spanish_Lessons-C%C3%B3mo_te_llamas.zip)) (-RRB- -RRB-)) (CC or) (NP (DT this) (-LRB- -LSB-) (NNP Flashcard) (NNP Exchange) (NN deck) (-RRB- -RSB-)) (PRN (-LRB- -LRB-) (NP (NN http://www.flashcardexchange.com/flashcards/view/1768374)) (-RRB- -RRB-)))))))))))) (. .))) "
336,2,4,this,purpose,"For this same purpose , you can use the synonym _ millares _ .","(ROOT (S (PP (IN For) (NP (DT this) (JJ same) (NN purpose))) (, ,) (NP (PRP you)) (VP (MD can) (VP (VB use) (SBAR (S (NP (DT the) (NN synonym) (NN _)) (VP (VBZ millares) (NP (CD _))))))) (. .))) "
339,2,3,those,synonym,All those synonyms have forms in singular -LRB- _ Un millar de cartas _ = One thousand letters ; _ Una centena _ / _ Un centenar de cartas _ = One hundred letters -RRB- .,(ROOT (S (NP (PDT All) (DT those) (NNS synonyms)) (VP (VBP have) (NP (NP (NNS forms)) (PP (IN in) (ADJP (JJ singular)))) (PRN (-LRB- -LRB-) (NP (NP (ADJP (NP (CD _) (NN Un)) (JJ millar)) (NP (IN de) (NP (ADJP (FW cartas) (FW _)) (JJ =) (QP (CD One) (CD thousand)) (NNS letters)) (: ;) (NP (NP (CD _) (NN Una) (NN centena)) (NP (ADVP (CD _) (: /) (CD _)) (NP (NN Un) (FW centenar) (FW de) (FW cartas)) (ADJP (NN _) (JJ =)))))) (NP (CD One) (CD hundred) (NNS letters))) (-RRB- -RRB-))) (. .))) 
348,7,8,this,class,_ There are 22 students in this class .,(ROOT (S (NP (NN _)) (NP (EX There)) (VP (VBP are) (NP (NP (CD 22) (NNS students)) (PP (IN in) (NP (DT this) (NN class))))) (. .))) 
357,2,3,these,form,"All these forms are invariable in singular and plural : _ Había un gato aquí _ , _ Había dos gatos aquí _ .","(ROOT (S (S (NP (DT All) (DT these) (NNS forms)) (VP (VBP are) (ADJP (JJ invariable) (PP (IN in) (NP (NP (NP (JJ singular)) (CC and) (NP (NN plural))) (: :) (NP (NP (CD _) (NNP Había) (NN un) (NN gato)) (NP (JJ aquí) (NN _)))))))) (, ,) (NP (CD _) (NNP Había) (NNS dos) (NNS gatos)) (VP (VBP aquí) (NP (NN _))) (. .))) "
467,8,9,these,ending,Make sure you are most familiar with these endings .,(ROOT (S (VP (VB Make) (ADJP (JJ sure) (SBAR (S (NP (PRP you)) (VP (VBP are) (ADJP (ADJP (RBS most) (JJ familiar)) (PP (IN with) (NP (DT these) (NNS endings))))))))) (. .))) 
468,9,10,that,tense,* The second person plural is highlighted because that tense is only used in the variety of Spanish used in Spain .,(ROOT (S (SBAR (X (SYM *)) (S (NP (DT The) (JJ second) (NN person) (NN plural)) (VP (VBZ is) (VP (VBN highlighted) (PP (IN because) (NP (DT that) (JJ tense))))))) (VP (VBZ is) (ADVP (RB only)) (VP (VBN used) (PP (IN in) (NP (NP (DT the) (NN variety)) (PP (IN of) (NP (NP (JJ Spanish)) (VP (VBN used) (PP (IN in) (NP (NNP Spain)))))))))) (. .))) 
538,18,19,this,pronoun,"-LRB- Feminine _ cuya _ ; plural _ cuyos _ ; feminine plural _ cuyas _ ; this pronoun 's number and gender agree with that which is possessed , not the possessor . -RRB-","(ROOT (S (-LRB- -LRB-) (NP (NP (NP (JJ Feminine) (NN _) (NN cuya)) (NP (CD _))) (: ;) (NP (NP (NP (NN plural)) (NP (CD _) (NNS cuyos)) (NP (CD _))) (: ;) (NP (NP (JJ feminine) (NN plural) (CD _) (NNS cuyas)) (NP (CD _))) (: ;) (NP (NP (NP (DT this) (NN pronoun) (POS 's)) (NN number)) (CC and) (NP (NN gender))))) (VP (VBP agree) (PP (IN with) (NP (NP (DT that)) (SBAR (WHNP (WDT which)) (S (VP (VBZ is) (VP (VBN possessed) (, ,) (ADVP (RB not) (NP (DT the) (NN possessor)))))))))) (. .) (-RRB- -RRB-))) "
542,23,24,this,lesson,"php?title = Spanish/Lessons/Introducci % C3 % B3n_a_la_gram % C3 % A1tica & action = edit & section = T-6 -RRB- -RSB- In this lesson , you have learned : * The Spanish articles -LRB- _ -LSB- el -RSB- -LRB- / / en.wiktionary.org/wiki/el#Spanish -RRB- ; -LSB- la -RSB- -LRB- / / en.wiktionary.org/wiki/la#Spanish -RRB- ; -LSB- los -RSB- -LRB- / / en.wiktionary.org/wiki/los#Spanish -RRB- ; -LSB- las -RSB- -LRB- / / en.wiktionary.org/wiki/las#Spanish -RRB- ; -LSB- un -RSB- -LRB- / / en.wiktionary.org/wiki/un#Spanish -RRB- ; -LSB- una -RSB- -LRB- / / en.wiktionary.org/wiki/una#Spanish -RRB- ; -LSB- unos -RSB- -LRB- / / en.wiktionary.org/wiki/unos#Spanish -RRB- ; -LSB- unas -RSB- -LRB- / / en.wiktionary.org/wiki/unas#Spanish -RRB- _ -RRB- .","(ROOT (S (S (NP (NP (NN php?title)) (ADJP (ADJP (JJ =)) (PRN (NP (NP (NP (NP (QP (JJ Spanish/Lessons/Introducci) (NN %)) (NN C3) (NN %) (CD B3n_a_la_gram) (NN %) (NN C3)) (NP (NN %) (NN A1tica))) (CC &) (NP (NP (NN action) (JJ =) (NN edit)) (CC &) (NP (NN section)))) (NP (JJ =) (NN T-6))) (-RRB- -RRB-)))) (-RRB- -RSB-) (PP (IN In) (NP (DT this) (NN lesson))) (, ,) (NP (PRP you)) (VP (VBP have) (VP (VBN learned)))) (: :) (X (X (SYM *)) (NP (NP (NP (DT The) (JJ Spanish) (NNS articles)) (-LRB- -LRB-) (NP (NP (QP (CD _) (-LRB- -LSB-)) (NN el)) (VP (-RRB- -RSB-) (PRN (-LRB- -LRB-) (PP (: /) (NP (: /) (NN en.wiktionary.org/wiki/el#Spanish))) (-RRB- -RRB-))) (: ;) (NP (NP (-LRB- -LSB-) (DT la) (-RRB- -RSB-)) (PRN (-LRB- -LRB-) (NP (: /) (: /) (NN en.wiktionary.org/wiki/la#Spanish)) (-RRB- -RRB-))) (: ;) (NP (NP (-LRB- -LSB-) (NNS los) (-RRB- -RSB-)) (PRN (-LRB- -LRB-) (NP (: /) (: /) (NN en.wiktionary.org/wiki/los#Spanish)) (-RRB- -RRB-))) (: ;) (NP (NP (-LRB- -LSB-) (FW las) (-RRB- -RSB-)) (PRN (-LRB- -LRB-) (NP (: /) (: /) (NN en.wiktionary.org/wiki/las#Spanish)) (-RRB- -RRB-))) (: ;) (NP (NP (-LRB- -LSB-) (NN un) (-RRB- -RSB-)) (PRN (-LRB- -LRB-) (NP (: /) (: /) (NN en.wiktionary.org/wiki/un#Spanish)) (-RRB- -RRB-))) (: ;) (NP (NP (-LRB- -LSB-) (FW una) (-RRB- -RSB-)) (PRN (-LRB- -LRB-) (NP (: /) (: /) (NN en.wiktionary.org/wiki/una#Spanish)) (-RRB- -RRB-))) (: ;) (-LRB- -LSB-) (NP (NP (NNS unos) (-RRB- -RSB-)) (PRN (-LRB- -LRB-) (NP (: /) (: /) (NN en.wiktionary.org/wiki/unos#Spanish)) (-RRB- -RRB-)))) (: ;)) (PP (-LRB- -LSB-) (NP (NP (JJ unas) (-RRB- -RSB-)) (PRN (-LRB- -LRB-) (VP (: /) (S (NP (: /) (NN en.wiktionary.org/wiki/unas#Spanish) (-RRB- -RRB-) (NN _)))) (-RRB- -RRB-)))))) (. .))) "
548,5,6,this,chapter,You have now completed this chapter !,(ROOT (S (NP (PRP You)) (VP (VBP have) (ADVP (RB now)) (VP (VBN completed) (NP (DT this) (NN chapter)))) (. !))) 
646,33,34,that,vowel,"If the adjective -LRB- in its natural form - the form found in the dictionary -RRB- , ends in an `` O '' or an `` A '' , then you remove that vowel and add ... !","(ROOT (S (SBAR (IN If) (S (S (NP (NP (DT the) (NN adjective)) (PRN (-LRB- -LRB-) (PP (IN in) (NP (PRP$ its) (JJ natural) (NN form)) (: -)) (NP (NP (DT the) (NN form)) (VP (VBN found) (PP (IN in) (NP (DT the) (NN dictionary))))) (-RRB- -RRB-))) (, ,) (VP (VBZ ends) (PP (IN in) (NP (NP (DT an) (`` ``) (NN O) ('' '')) (CC or) (NP (DT an) (`` ``) (NN A) ('' '')))))) (, ,) (RB then) (S (NP (PRP you)) (VP (VP (VB remove) (NP (DT that) (NN vowel))) (CC and) (VP (VB add)))))) (: ...) (. !))) "
676,26,27,this,lesson,"php?title = Spanish/Lessons / % C2 % BFD % C3 % B3nde_vives % 3F & action = edit & section = T-8 -RRB- -RSB- In this lesson , you have learnt * Various countries of the world -LRB- _ Australia ; Italia ; Francia ; los Estados Unidos _ -RRB- .","(ROOT (S (NP (NP (NN php?title) (JJ =) (NNS Spanish/Lessons)) (ADJP (ADJP (: /) (NN %)) (PRN (NP (NP (NN C2) (NN %)) (NP (NP (NP (ADJP (CD BFD) (NN %)) (NN C3) (NN %)) (NP (CD B3nde_vives) (NN %) (NN 3F))) (CC &) (NP (NP (NN action) (JJ =) (NN edit)) (CC &) (NP (NN section) (JJ =) (NN T-8))))) (-RRB- -RRB-)))) (-RRB- -RSB-) (PP (IN In) (NP (DT this) (NN lesson))) (, ,) (NP (PRP you)) (VP (VBP have) (VP (VBN learnt) (PP (X (X (SYM *)) (NP (JJ Various) (NNS countries))) (IN of) (NP (NP (DT the) (NN world)) (PRN (-LRB- -LRB-) (NP (NP (CD _) (NNP Australia)) (: ;) (NP (NP (NP (NNP Italia)) (: ;) (NP (NNP Francia))) (: ;) (NP (NP (NNS los)) (NP (NNP Estados) (NNP Unidos) (NNP _))))) (-RRB- -RRB-)))))) (. .))) "
809,26,27,this,lesson,"php?title = Spanish/Lessons / % C2 % BFQu % C3 % A9_te_gusta_hacer % 3F & action = edit & section = T-8 -RRB- -RSB- In this lesson , you have learned : * How to say some sports and activities -LRB- _ el rugby ; la natación ; cantar _ -RRB- .","(ROOT (S (NP (NP (NN php?title) (JJ =) (NNS Spanish/Lessons)) (ADJP (ADJP (: /) (NN %)) (PRN (NP (NP (NN C2) (NN %)) (NP (NP (NP (CD BFQu) (NN %) (NN C3) (NN %)) (NP (ADJP (CD A9_te_gusta_hacer) (NN %)) (NN 3F))) (CC &) (NP (NP (NN action) (JJ =) (NN edit)) (CC &) (NP (NN section) (JJ =) (NN T-8))))) (-RRB- -RRB-)))) (-RRB- -RSB-) (PP (IN In) (NP (DT this) (NN lesson))) (, ,) (NP (PRP you)) (VP (VBP have) (VP (VBN learned) (: :) (SYM *) (SBAR (WHADVP (WRB How)) (S (VP (TO to) (VP (VB say) (NP (DT some) (NNS sports) (CC and) (NNS activities)) (PRN (-LRB- -LRB-) (FRAG (NP-TMP (NP (CD _) (NN el)) (NP (JJ rugby))) (: ;) (NP (NP (DT la) (NN natación)) (: ;) (NP (FW cantar) (FW _)))) (-RRB- -RRB-)))))))) (. .))) "
810,9,10,these,thing,* How to say you play and do these things -LRB- _ juego al rugby ; practicamos natación _ -RRB- .,(ROOT (FRAG (X (SYM *)) (VP (WRB How) (S (VP (TO to) (VP (VB say) (S (NP (PRP you)) (VP (VP (VB play)) (CC and) (VP (VB do) (NP (NP (DT these) (NNS things)) (PRN (-LRB- -LRB-) (NP (NP (CD _) (NN juego) (NNP al)) (NP (NP (JJ rugby)) (: ;) (NP (NN practicamos) (NN natación) (NN _)))) (-RRB- -RRB-)))))))))) (. .))) 
881,56,57,these,verb,"-LSB- Flag of Spain.svg -RSB- -LRB- / / upload.wikimedia.org/wikipedia/commons/thumb/9/9a/Flag_of_Spain.svg/15px-Flag_of_Spain.svg.png -RRB- Comer y Beber Español Inglés Comer To eat Beber To drink Tomar To have -LRB- food/drink -RRB- Desayunar To -LRB- eat -RRB- breakfast Almorzar -LSB- in Spain , comer -RSB- To -LRB- eat -RRB- lunch Cenar To dine -LRB- eat dinner -RRB- Note All of these verbs are regular except _ almorzar _ , which is one of the UE Verbs we learnt about in the last chapter ; _ almuerzo , almuerzas , almuerza , almorzamos , almorzáis , almuerzan _ .","(ROOT (SINV (VP (-LRB- -LSB-) (NP (NP (NN Flag)) (PP (IN of) (NP (NN Spain.svg)))) (SBAR (-RRB- -RSB-) (S (SBAR (PRN (-LRB- -LRB-) (PP (: /) (NP (: /) (NN upload.wikimedia.org/wikipedia/commons/thumb/9/9a/Flag_of_Spain.svg/15px-Flag_of_Spain.svg.png))) (-RRB- -RRB-)) (S (NP (NN Comer) (NN y) (NNP Beber) (NNP Español) (NNP Inglés) (NNP Comer)) (VP (TO To) (VP (VB eat) (S (NP (NNP Beber)) (VP (TO To) (VP (VB drink) (S (NP (NNP Tomar)) (VP (TO To) (VP (VB have) (S (-LRB- -LRB-) (NP (NN food/drink)) (-RRB- -RRB-) (NP (NP (ADJP (JJ Desayunar) (S (VP (TO To) (VP (-LRB- -LRB-) (VB eat) (-RRB- -RRB-) (NP (NN breakfast)))))) (NNP Almorzar) (-LRB- -LSB-)) (PP (IN in) (NP (NNP Spain))))))))))))))) (, ,) (NP (NN comer)) (VP (-RRB- -RSB-) (S (VP (TO To) (VP (-LRB- -LRB-) (VB eat) (-RRB- -RRB-) (NP (NN lunch))))) (S (NP (NNP Cenar)) (VP (TO To) (VP (VB dine)))))))) (PRN (-LRB- -LRB-) (S (VP (VB eat) (NP (NN dinner)))) (-RRB- -RRB-)) (VP (VBP Note) (SBAR (S (NP (NP (DT All)) (PP (IN of) (NP (DT these) (NNS verbs)))) (VP (VBP are) (ADJP (JJ regular) (PP (IN except) (NP (NN _) (NN almorzar)))))))) (NP (NP (CD _)) (, ,) (SBAR (WHNP (WDT which)) (S (VP (VBZ is) (NP (NP (CD one)) (PP (IN of) (NP (DT the) (NNP UE) (NNPS Verbs))) (SBAR (S (NP (PRP we)) (VP (VBD learnt) (ADVP (RB about)) (PP (IN in) (NP (NP (DT the) (JJ last) (NN chapter)) (: ;) (NP (NP (CD _) (NN almuerzo)) (, ,) (NP (NN almuerzas) (, ,) (NN almuerza) (, ,) (NNS almorzamos) (, ,) (NN almorzáis) (, ,) (JJ almuerzan) (NN _))))))))))))) (. .))) "
897,6,7,these,phrase,"* Obviously , in all these phrases , the _ un _ can be replaced with any number -LRB- _ Dos vasos de leche _ means `` two glasses of milk '' -RRB- .","(ROOT (S (X (SYM *)) (NP (UCP (ADVP (RB Obviously)) (, ,) (PP (IN in) (NP (NP (PDT all) (DT these) (NNS phrases)) (, ,) (NP (DT the) (CD _) (NN un))))) (NN _)) (VP (MD can) (VP (VB be) (VP (VBN replaced) (PP (IN with) (NP (NP (DT any) (NN number)) (PRN (-LRB- -LRB-) (S (NP (NP (CD _) (NNS Dos)) (NP (FW vasos) (FW de) (FW leche) (FW _))) (VP (VBZ means) (NP (`` ``) (NP (CD two) (NNS glasses)) (PP (IN of) (NP (NN milk))) ('' '')))) (-RRB- -RRB-))))))) (. .))) "
947,26,27,this,lesson,"php?title = Spanish/Lessons / % C2 % BFQu % C3 % A9_comes % 3F & action = edit & section = T-9 -RRB- -RSB- In this lesson , you have learnt * How to say some foods and drinks -LRB- _ la lechuga ; una manzana ; la leche _ -RRB- .","(ROOT (S (NP (NP (NN php?title) (JJ =) (NNS Spanish/Lessons)) (ADJP (ADJP (: /) (NN %)) (PRN (NP (NP (NN C2) (NN %)) (NP (NP (NP (CD BFQu) (NN %) (NN C3) (NN %)) (NP (ADJP (CD A9_comes) (NN %)) (NN 3F))) (CC &) (NP (NP (NN action) (JJ =) (NN edit)) (CC &) (NP (NN section) (JJ =) (NN T-9))))) (-RRB- -RRB-)))) (-RRB- -RSB-) (PP (IN In) (NP (DT this) (NN lesson))) (, ,) (NP (PRP you)) (VP (VBP have) (VP (VBN learnt) (PP (SYM *) (SBAR (WHADVP (WRB How)) (S (VP (TO to) (VP (VB say) (NP (NP (DT some) (NNS foods) (CC and) (NNS drinks)) (PRN (-LRB- -LRB-) (NP (NP (FW _) (FW la) (NN lechuga)) (: ;) (NP (NP (FW una) (FW manzana)) (: ;) (NP (DT la) (NNP leche) (NNP _)))) (-RRB- -RRB-)))))))))) (. .))) "
951,5,6,this,chapter,You have now completed this chapter !,(ROOT (S (NP (PRP You)) (VP (VBP have) (ADVP (RB now)) (VP (VBN completed) (NP (DT this) (NN chapter)))) (. !))) 
1003,29,30,this,sound,"The English / kw / sound is normally written _ cu _ in Spanish -LRB- _ cuanto _ -RRB- , although _ qu _ can be used for this sound in front of _ a _ or _ o _ -LRB- _ quásar _ , _ quórum _ -RRB- .","(ROOT (S (NP (DT The) (NNP English) (: /) (NN kw) (: /) (NN sound)) (VP (VBZ is) (VP (ADVP (RB normally)) (VBN written) (NP (NP (NN _) (NN cu) (NN _)) (PP (IN in) (NP (NP (JJ Spanish)) (PRN (-LRB- -LRB-) (NP (NP (JJ _) (NN cuanto)) (NP (CD _))) (-RRB- -RRB-))))) (, ,) (SBAR (IN although) (S (NP (CD _) (NN qu) (NN _)) (VP (MD can) (VP (VB be) (VP (VBN used) (PP (IN for) (NP (NP (DT this) (NN sound)) (PP (IN in) (NP (NP (ADVP (NN front) (PP (IN of) (NP (CD _)))) (DT a) (ADJP (NN _) (CC or) (NN _)) (NN o) (NN _)) (PRN (-LRB- -LRB-) (NP (CD _) (NN quásar) (NN _)) (, ,) (NP (CD _) (NN quórum) (NN _)) (-RRB- -RRB-))))))))))))) (. .))) "
1067,56,57,this,word,** Examples ** : * _ correo _ -LRB- co - ** rre ** - o -RRB- -LRB- mail -RRB- * _ hacia _ -LRB- ** ha ** - cia -RRB- -LRB- in the direction of -RRB- * _ fui _ -LRB- fu - ** i ** -RRB- -LRB- I was -RRB- -LRB- Note that this word has only one syllable . -RRB-,(ROOT (SBAR (X (SYM **)) (S (NP (NP (NP (NNS Examples)) (SBAR (S (VP (NP (NP (NP (NP (SYM **)) (PRN (: :) (FRAG (X (X (SYM *)) (NP (NP (CD _)) (NP (NP (FW correo)) (SBAR (S (VP (NP (NP (NP (NP (FW _)) (PP (-LRB- -LRB-) (X (SYM co)))) (: -) (S (VP (SYM **) (NP (FW rre))))) (X (SYM **))))))))) (: -) (NP (NN o)))) (-RRB- -RRB-)) (PRN (-LRB- -LRB-) (NP (NN mail)) (-RRB- -RRB-))) (X (SYM *))))))) (NP (CD _))) (VP (NN hacia) (NP (NP (NP (NP (CD _)) (PRN (-LRB- -LRB-) (SBAR (X (SYM **)) (S (NP (FW ha)) (VP (S (SBAR (X (SYM **)) (S (NP (PRN (: -) (NP (NN cia)))) (VP (VP (-RRB- -RRB-) (S (NP (PRN (-LRB- -LRB-) (PP (IN in) (NP (NP (DT the) (NN direction)) (PP (IN of)))) (-RRB- -RRB-))) (VP (SYM *) (NP (CD _))))) (NP (NP (NNS fui)) (SBAR (S (VP (NP (NP (NP (NP (CD _)) (PP (-LRB- -LRB-) (X (SYM fu)))) (: -) (S (VP (SYM **) (NP (FW i))))) (X (SYM **)))))))))))))) (-RRB- -RRB-))) (PRN (-LRB- -LRB-) (S (NP (PRP I)) (VP (VBD was))) (-RRB- -RRB-))) (PRN (-LRB- -LRB-) (S (VP (VB Note) (SBAR (IN that) (S (NP (DT this) (NN word)) (VP (VBZ has) (NP (RB only) (CD one) (NN syllable)))) (. .)))) (-RRB- -RRB-))))))) 
1068,4,5,these,rule,"Any exception to these rules is marked by writing an acute accent -LRB- _ máximo _ , _ paréntesis _ , _ útil _ , _ acción _ -RRB- .","(ROOT (S (NP (NP (DT Any) (NN exception)) (PP (TO to) (NP (DT these) (NNS rules)))) (VP (VBZ is) (VP (VBN marked) (PP (IN by) (S (VP (VBG writing) (NP (NP (DT an) (ADJP (JJ acute)) (NN accent)) (PRN (-LRB- -LRB-) (NP (NP (CD _) (NN máximo) (NN _)) (, ,) (NP (NP (NN _) (NN paréntesis)) (NP (NP (CD _)) (, ,) (NP (CD _) (NN útil) (NN _)))) (, ,) (NP (NN _) (NN acción) (NN _))) (-RRB- -RRB-)))))))) (. .))) "
1069,2,3,those,exception,"In those exceptions , the stressed sylable is the one where the acute accent -LRB- called _ tilde _ in Spanish -RRB- appears .","(ROOT (S (PP (IN In) (NP (DT those) (NNS exceptions))) (, ,) (NP (DT the) (JJ stressed) (NN sylable)) (VP (VBZ is) (NP (NP (DT the) (CD one)) (SBAR (WHADVP (WRB where)) (S (NP (NP (DT the) (JJ acute) (NN accent)) (PRN (-LRB- -LRB-) (VP (VBN called) (NP (CD _) (NN tilde) (NN _)) (PP (IN in) (ADJP (JJ Spanish)))) (-RRB- -RRB-))) (VP (VBZ appears)))))) (. .))) "
1098,14,15,this,page,php?title = Spanish/Print _ version & action = info -RRB- * -LSB- Cite this page -RSB- -LRB- / w/index .,(ROOT (S (NP (NP (NN php?title)) (ADJP (ADJP (ADJP (JJ =)) (PRN (NP (NP (JJ Spanish/Print) (NN _) (NN version)) (CC &) (NP (NN action) (JJ =) (NN info))) (-RRB- -RRB-))) (SBAR (X (SYM *)) (S (NP (-LRB- -LSB-)) (VP (VB Cite) (NP (DT this) (NN page))))))) (VP (-RRB- -RSB-) (-LRB- -LRB-) (VP (: /) (NP (NN w/index)))) (. .))) 
1104,3,4,this,site,"By using this site , you agree to the -LSB- Terms of Use -RSB- -LRB- / / wikimediafoundation.org/wiki/Terms_of_Use -RRB- and -LSB- Privacy Policy . -RSB-","(ROOT (S (PP (IN By) (S (VP (VBG using) (NP (DT this) (NN site))))) (, ,) (NP (PRP you)) (VP (VBP agree) (PP (PP (TO to) (NP (NP (DT the) (-LRB- -LSB-) (NNS Terms)) (PP (IN of) (NP (NP (NN Use) (-RRB- -RSB-)) (PRN (-LRB- -LRB-) (NP (: /) (: /) (NN wikimediafoundation.org/wiki/Terms_of_Use)) (-RRB- -RRB-)))))) (CC and) (PP (-LRB- -LSB-) (NP (NNP Privacy) (NNP Policy))))) (. .) (-RRB- -RSB-))) "
