2,7,8,this,page,-LSB- Unreviewed changes are displayed on this page -RSB- -LRB- / / bits.wikimedia.org/static-1.22wmf19/extensions/FlaggedRevs/frontend/modules/img/1.png -RRB- The -LSB- latest reviewed version -RSB- -LRB- / / en.wikibooks.org/w/index.php?title=Understanding_Darcs/Print_Version&stable=1 -RRB- was -LSB- checked -RSB- -LRB- / / en.wikibooks.org/w/index.php?title=Special:Log&type=review&page=Understanding_Darcs/Print_Version -RRB- on _ 8 June 2010 _ .,(ROOT (S (NP (-LRB- -LSB-) (JJ Unreviewed) (NNS changes)) (VP (VBP are) (VP (VBN displayed) (PP (IN on) (NP (NP (DT this) (NN page)) (-RRB- -RSB-) (PRN (-LRB- -LRB-) (NP (: /) (: /) (NN bits.wikimedia.org/static-1.22wmf19/extensions/FlaggedRevs/frontend/modules/img/1.png)) (-RRB- -RRB-)) (NP (DT The) (-LRB- -LSB-)))) (NP-TMP (NP (NP (JJS latest)) (VP (VBN reviewed) (NP (NN version)) (SBAR (-RRB- -RSB-) (S (-LRB- -LRB-) (NP (: /) (: /) (NN en.wikibooks.org/w/index.php?title=Understanding_Darcs/Print_Version&stable=1)) (-RRB- -RRB-) (VP (VBD was) (-LRB- -LSB-) (VP (VBN checked) (PP (-RRB- -RSB-) (PRN (-LRB- -LRB-) (PP (: /) (NP (: /) (NN en.wikibooks.org/w/index.php?title=Special:Log&type=review&page=Understanding_Darcs/Print_Version))) (-RRB- -RRB-))) (PP (IN on) (NP (NN _) (CD 8))) (NP-TMP (NNP June) (CD 2010)))))))) (NP (CD _))))) (. .))) 
5,39,40,this,message,-LSB- Printer.svg -RSB- -LRB- / / upload.wikimedia.org/wikipedia/commons/thumb/2/23/Printer.svg/40px-Printer.svg.png -RRB- ** This is the -LSB- print version -RSB- -LRB- / wiki/Help : Print_versions -RRB- of -LSB- Understanding Darcs -RSB- -LRB- / wiki/Understanding _ Darcs -RRB- ** You wo n't see this message or any elements not part of the book 's content when you print or -LSB- preview -RSB- -LRB- / / en.wikibooks.org/w/index.php?title=Understanding_Darcs/Print_Version&action=purge&printable=yes -RRB- this page .,(ROOT (S (NP (NP (-LRB- -LSB-) (NN Printer.svg) (-RRB- -RSB-)) (PRN (-LRB- -LRB-) (NP (: /) (: /) (NN upload.wikimedia.org/wikipedia/commons/thumb/2/23/Printer.svg/40px-Printer.svg.png)) (-RRB- -RRB-))) (SBAR (X (SYM **)) (S (NP (DT This)) (VP (VBZ is) (NP (NP (DT the) (-LRB- -LSB-) (NN print) (NN version) (-RRB- -RSB-)) (PRN (-LRB- -LRB-) (NP (NP (: /) (NN wiki/Help)) (: :) (NP (NNS Print_versions))) (-RRB- -RRB-)) (PP (IN of) (NP (-LRB- -LSB-) (VBG Understanding) (NNS Darcs))))))) (-RRB- -RSB-) (PRN (-LRB- -LRB-) (: /) (S (VP (VBG wiki/Understanding) (NP (CD _) (NNS Darcs)))) (-RRB- -RRB-)) (SBAR (X (SYM **)) (S (NP (PRP You)) (VP (MD wo) (RB n't) (VP (VB see) (NP (NP (DT this) (NN message)) (CC or) (NP (DT any) (NNS elements))) (PP (RB not) (NP (NP (NN part)) (PP (IN of) (NP (NP (DT the) (NN book) (POS 's)) (NN content))))) (SBAR (WHADVP (WRB when)) (S (NP (PRP you)) (VP (VBP print) (CC or) (-LRB- -LSB-)))))))) (NP (NN preview)) (VP (-RRB- -RSB-) (PRN (-LRB- -LRB-) (: /) (NX (: /) (NNS en.wikibooks.org/w/index.php?title=Understanding_Darcs/Print_Version&action=purge&printable=yes)) (-RRB- -RRB-)) (NP (DT this) (NN page))) (. .))) 
5,63,64,this,page,-LSB- Printer.svg -RSB- -LRB- / / upload.wikimedia.org/wikipedia/commons/thumb/2/23/Printer.svg/40px-Printer.svg.png -RRB- ** This is the -LSB- print version -RSB- -LRB- / wiki/Help : Print_versions -RRB- of -LSB- Understanding Darcs -RSB- -LRB- / wiki/Understanding _ Darcs -RRB- ** You wo n't see this message or any elements not part of the book 's content when you print or -LSB- preview -RSB- -LRB- / / en.wikibooks.org/w/index.php?title=Understanding_Darcs/Print_Version&action=purge&printable=yes -RRB- this page .,(ROOT (S (NP (NP (-LRB- -LSB-) (NN Printer.svg) (-RRB- -RSB-)) (PRN (-LRB- -LRB-) (NP (: /) (: /) (NN upload.wikimedia.org/wikipedia/commons/thumb/2/23/Printer.svg/40px-Printer.svg.png)) (-RRB- -RRB-))) (SBAR (X (SYM **)) (S (NP (DT This)) (VP (VBZ is) (NP (NP (DT the) (-LRB- -LSB-) (NN print) (NN version) (-RRB- -RSB-)) (PRN (-LRB- -LRB-) (NP (NP (: /) (NN wiki/Help)) (: :) (NP (NNS Print_versions))) (-RRB- -RRB-)) (PP (IN of) (NP (-LRB- -LSB-) (VBG Understanding) (NNS Darcs))))))) (-RRB- -RSB-) (PRN (-LRB- -LRB-) (: /) (S (VP (VBG wiki/Understanding) (NP (CD _) (NNS Darcs)))) (-RRB- -RRB-)) (SBAR (X (SYM **)) (S (NP (PRP You)) (VP (MD wo) (RB n't) (VP (VB see) (NP (NP (DT this) (NN message)) (CC or) (NP (DT any) (NNS elements))) (PP (RB not) (NP (NP (NN part)) (PP (IN of) (NP (NP (DT the) (NN book) (POS 's)) (NN content))))) (SBAR (WHADVP (WRB when)) (S (NP (PRP you)) (VP (VBP print) (CC or) (-LRB- -LSB-)))))))) (NP (NN preview)) (VP (-RRB- -RSB-) (PRN (-LRB- -LRB-) (: /) (NX (: /) (NNS en.wikibooks.org/w/index.php?title=Understanding_Darcs/Print_Version&action=purge&printable=yes)) (-RRB- -RRB-)) (NP (DT this) (NN page))) (. .))) 
7,5,6,this,math,* 7.3 Why all this math ?,(ROOT (FRAG (X (SYM *)) (VP (CD 7.3) (ADVP (WRB Why)) (NP (PDT all) (DT this) (NN math))) (. ?))) 
17,14,15,that,mysterious,"The stuff in grey , on the other hand , is part of that mysterious ` _ darcs ` directory if you 've played around with darcs before .","(ROOT (S (NP (NP (DT The) (NN stuff)) (PP (IN in) (ADJP (JJ grey))) (, ,) (PP (IN on) (NP (DT the) (JJ other) (NN hand))) (, ,)) (VP (VBZ is) (NP (NP (NN part)) (PP (IN of) (NP (NP (DT that) (JJ mysterious)) (`` `) (NP (NP (FW _) (FW darcs)) (`` `) (NP (NN directory)))))) (SBAR (IN if) (S (NP (PRP you)) (VP (VBP 've) (VP (VBN played) (PRT (RP around)) (PP (IN with) (NP (NNS darcs))) (PP (IN before))))))) (. .))) "
49,24,25,those,change,"It copies your chosen changes from the working directory to the pristine tree , and more importantly , creates a new patch representing those changes .","(ROOT (S (NP (PRP It) (NNS copies)) (PRN (S (NP (PRP$ your)) (VP (VBN chosen) (NP (NNS changes)) (PP (IN from) (NP (NP (DT the) (VBG working) (NN directory)) (UCP (PP (TO to) (NP (DT the) (JJ pristine) (NN tree))) (, ,) (CC and) (ADVP (RBR more) (RB importantly))))))) (, ,)) (VP (VBZ creates) (NP (NP (DT a) (JJ new) (NN patch)) (VP (VBG representing) (NP (DT those) (NNS changes))))) (. .))) "
50,11,12,these,change,"Changes can also come from the pending patch , and these changes will also be propagated into the pristine tree .","(ROOT (S (S (NP (NNS Changes)) (VP (MD can) (ADVP (RB also)) (VP (VB come) (PP (IN from) (NP (DT the) (VBG pending) (NN patch)))))) (, ,) (CC and) (S (NP (DT these) (NNS changes)) (VP (MD will) (ADVP (RB also)) (VP (VB be) (VP (VBN propagated) (PP (IN into) (NP (DT the) (JJ pristine) (NN tree))))))) (. .))) "
115,17,18,this,command,php?title = Understanding_Darcs / Reviewing_your_work & action = edit & section = T-3 -RRB- -RSB- Using this command you can get an output like that produced by the ` diff ` command .,(ROOT (S (NP (NP (NN php?title) (JJ =) (NNS Understanding_Darcs)) (PRN (: /) (S (NP (NNP Reviewing_your_work)) (NP (CC &) (NP (NN action) (JJ =) (NN edit)) (CC &) (NP (NN section) (JJ =) (NN T-3)))) (-RRB- -RRB-))) (VP (-RRB- -RSB-) (VP (VBG Using) (NP (NP (DT this) (NN command)) (SBAR (S (NP (PRP you)) (VP (MD can) (VP (VB get) (NP (DT an) (NN output)) (PP (IN like) (NP (NP (DT that)) (VP (VBN produced) (PP (IN by) (NP (DT the) (`` `) (JJ diff) (`` `) (NN command))))))))))))) (. .))) 
119,13,14,this,page,-LSB- -RSB- -LRB- / / upload.wikimedia.org/wikipedia/commons/thumb/9/91/Book_important2.svg/40px-Book_important2.svg.png -RRB- ** A reader has identified this page or section as an undeveloped draft or outline .,(ROOT (FRAG (WHNP (WHNP (-LRB- -LSB-) (-RRB- -RSB-)) (PRN (-LRB- -LRB-) (PP (: /) (NP (: /) (NN upload.wikimedia.org/wikipedia/commons/thumb/9/91/Book_important2.svg/40px-Book_important2.svg.png))) (-RRB- -RRB-))) (SBAR (X (SYM **)) (S (NP (DT A) (NN reader)) (VP (VBZ has) (VP (VBN identified) (NP (NP (DT this) (NN page) (CC or) (NN section)) (PP (IN as) (NP (DT an) (JJ undeveloped) (NN draft) (CC or) (NN outline)))))))) (. .))) 
125,10,11,this,table,"You can also see them as being part of this table of symmetries : recency task anti-task more recent whatsnew -LRB- i.e : add , remove , mv , editing a file -RRB- revert recent record unrecord less recent pull unpull -LRB- aka obliterate -RRB- Do n't worry too much about this table .","(ROOT (S (NP (PRP You)) (VP (MD can) (ADVP (RB also)) (VP (VB see) (NP (PRP them)) (PP (IN as) (S (VP (VBG being) (NP (NP (NP (NN part)) (PP (IN of) (NP (NP (DT this) (NN table)) (PP (IN of) (NP (NNS symmetries)))))) (: :) (NP (NP (NN recency) (NN task)) (NP (JJ anti-task) (ADJP (RBR more) (JJ recent)) (NN whatsnew))))))) (PP (NP (-LRB- -LRB-) (NP (NN i.e)) (: :) (SBAR (S (VP (VB add) (, ,) (S (S (VP (VB remove))) (, ,) (NP (NN mv)) (, ,) (ADVP (NN editing)) (NP (DT a) (NN file)) (-RRB- -RRB-) (VP (VBP revert) (S (NP (JJ recent) (NN record) (NN unrecord)) (ADJP (RBR less) (JJ recent) (SBAR (S (NP (NP (NN pull) (NN unpull)) (PRN (-LRB- -LRB-) (ADVP (FW aka) (FW obliterate)) (-RRB- -RRB-))) (VP (VBP Do) (RB n't) (VP (VB worry) (ADJP (RB too) (JJ much)))))))))))))) (IN about) (NP (DT this) (NN table))))) (. .))) "
125,52,53,this,table,"You can also see them as being part of this table of symmetries : recency task anti-task more recent whatsnew -LRB- i.e : add , remove , mv , editing a file -RRB- revert recent record unrecord less recent pull unpull -LRB- aka obliterate -RRB- Do n't worry too much about this table .","(ROOT (S (NP (PRP You)) (VP (MD can) (ADVP (RB also)) (VP (VB see) (NP (PRP them)) (PP (IN as) (S (VP (VBG being) (NP (NP (NP (NN part)) (PP (IN of) (NP (NP (DT this) (NN table)) (PP (IN of) (NP (NNS symmetries)))))) (: :) (NP (NP (NN recency) (NN task)) (NP (JJ anti-task) (ADJP (RBR more) (JJ recent)) (NN whatsnew))))))) (PP (NP (-LRB- -LRB-) (NP (NN i.e)) (: :) (SBAR (S (VP (VB add) (, ,) (S (S (VP (VB remove))) (, ,) (NP (NN mv)) (, ,) (ADVP (NN editing)) (NP (DT a) (NN file)) (-RRB- -RRB-) (VP (VBP revert) (S (NP (JJ recent) (NN record) (NN unrecord)) (ADJP (RBR less) (JJ recent) (SBAR (S (NP (NP (NN pull) (NN unpull)) (PRN (-LRB- -LRB-) (ADVP (FW aka) (FW obliterate)) (-RRB- -RRB-))) (VP (VBP Do) (RB n't) (VP (VB worry) (ADJP (RB too) (JJ much)))))))))))))) (IN about) (NP (DT this) (NN table))))) (. .))) "
132,9,10,these,command,Try ` unrevert ` _ The simplest of these commands is ** revert ** .,(ROOT (S (VP (VB Try) (S (NP (`` `) (NP (JJ unrevert)) (`` `) (NP (FW _))) (NP (NP (DT The) (JJS simplest)) (PP (IN of) (NP (NP (DT these) (NNS commands)) (SBAR (S (VP (VBZ is)))) (SBAR (FRAG (X (SYM **)) (VP (VBP revert)) (SYM **)))))))) (. .))) 
141,19,20,that,patch,Note : only use unrecord if you are sure that your repository is the only one that has that patch in it !,(ROOT (S (S (VP (VB Note) (: :) (ADVP (RB only)))) (VP (VBP use) (NP (NN unrecord)) (SBAR (IN if) (S (NP (PRP you)) (VP (VBP are) (ADJP (JJ sure) (SBAR (IN that) (S (NP (PRP$ your) (NN repository)) (VP (VBZ is) (NP (NP (DT the) (QP (RB only) (CD one))) (SBAR (WHNP (WDT that)) (S (VP (VBZ has) (NP (NP (DT that) (NN patch)) (PP (IN in) (NP (PRP it)))))))))))))))) (. !))) 
144,14,15,this,fact,The fact that something is new again is just a natural consequence of this fact .,(ROOT (S (NP (NP (DT The) (NN fact)) (SBAR (IN that) (S (NP (NN something)) (VP (VBZ is) (ADJP (JJ new)))))) (ADVP (RB again)) (VP (VBZ is) (ADVP (RB just)) (NP (NP (DT a) (JJ natural) (NN consequence)) (PP (IN of) (NP (DT this) (NN fact))))) (. .))) 
150,7,8,that,stuff,"Say , `` hmm , all that stuff I 've been working on for the past three months was pretty stupid '' .","(ROOT (S (S (VP (VB Say))) (, ,) (NP (`` ``) (NP (NN hmm)) (, ,) (SBAR (WHNP (WHNP (DT all)) (NP (DT that) (NN stuff))) (S (NP (PRP I)) (VP (VBP 've) (VP (VBN been) (VP (VBG working))))))) (ADVP (IN on) (PP (IN for) (NP (DT the) (JJ past) (CD three) (NNS months)))) (VP (VBD was) (ADJP (RB pretty) (JJ stupid))) ('' '') (. .))) "
157,32,33,this,way,php?title = Understanding_Darcs / Undoing_mistakes & action = edit & section = T-6 -RRB- -RSB- ** Unpull ** and ** obliterate ** are exactly the same command and is only named this way to reflect its usefulness for undoing a pull .,(ROOT (S (VP (NN php?title) (SBAR (SBAR (S (NP (JJ =) (NNS Understanding_Darcs)) (VP (: /) (NP (NP (NP (NNP Undoing_mistakes)) (CC &) (NP (NP (NP (NN action)) (ADJP (ADJP (JJ =)) (PRN (NP (NP (NN edit)) (CC &) (NP (NN section) (JJ =) (NN T-6))) (-RRB- -RRB-)))) (SBAR (-RRB- -RSB-) (FRAG (X (SYM **)) (NP (NNP Unpull)))))) (X (SYM **)))))) (CC and) (SBAR (X (SYM **)) (S (S (VP (VB obliterate) (NP (SBAR (FRAG (X (SYM **)) (VP (VBP are) (ADVP (RB exactly)) (NP (DT the) (JJ same) (NN command)))))))) (CC and) (S (VP (VBZ is) (ADVP (RB only)) (VP (VBN named) (NP (DT this) (NN way) (S (VP (TO to) (VP (VB reflect) (NP (PRP$ its) (NN usefulness)) (PP (IN for) (NP (NP (NN undoing)) (NP (DT a) (NN pull))))))))))))))) (. .))) 
183,18,19,this,page,"If you 're a day-to-day darcs user , you probably do not need to read anything from this page on .","(ROOT (S (SBAR (IN If) (S (NP (PRP you)) (VP (VBP 're) (NP (DT a) (JJ day-to-day) (NNS darcs) (NN user))))) (, ,) (NP (PRP you)) (ADVP (RB probably)) (VP (VBP do) (RB not) (VP (VB need) (S (VP (TO to) (VP (VB read) (NP (NN anything)) (PP (IN from) (NP (DT this) (NN page))) (PP (IN on))))))) (. .))) "
190,12,13,this,math,"My aim is to help you understand the intuitions behind all this math , so that you can get up to speed with current conflictors research as fast as possible and start making contributions .","(ROOT (S (NP (PRP$ My) (NN aim)) (VP (VBZ is) (S (VP (TO to) (VP (VB help) (S (NP (PRP you)) (VP (VP (VB understand) (NP (DT the) (NNS intuitions)) (PP (IN behind) (NP (PDT all) (DT this) (NN math))) (, ,) (SBAR (RB so) (IN that) (S (NP (PRP you)) (VP (MD can) (VP (VB get) (PRT (RP up)) (S (VP (TO to) (VP (VB speed) (PP (IN with) (NP (JJ current) (NNS conflictors) (NN research))) (SBAR (IN as) (FRAG (ADJP (JJ fast) (PP (IN as) (ADJP (JJ possible)))))))))))))) (CC and) (VP (VB start) (S (VP (VBG making) (NP (NNS contributions))))))))))) (. .))) "
192,4,5,this,math,## Why all this math ?,(ROOT (S (NP (NN ##)) (VP (NP (INTJ (WRB Why)) (NP (PDT all) (DT this) (NN math)))) (. ?))) 
196,28,29,this,manual,"Unfortunately , math can be difficult for people who do not make use of it on a regular basis , so what we attempt to do in this manual is to ease you into the math through the use of concrete , illustrated examples .","(ROOT (S (ADVP (RB Unfortunately)) (PRN (, ,) (S (NP (NN math)) (VP (MD can) (VP (VB be) (ADJP (JJ difficult) (PP (IN for) (NP (NP (NNS people)) (SBAR (WHNP (WP who)) (S (VP (VBP do) (RB not) (VP (VB make) (NP (NP (NN use)) (PP (IN of) (NP (PRP it)))) (PP (IN on) (NP (DT a) (JJ regular) (NN basis))))))))))))) (, ,)) (SBAR (RB so) (S (SBAR (WHNP (WP what)) (S (NP (PRP we)) (VP (VBP attempt) (S (VP (TO to) (VP (VB do) (PP (IN in) (NP (DT this) (NN manual))))))))) (VP (VBZ is) (S (VP (TO to) (VP (VB ease) (NP (PRP you)) (PP (IN into) (NP (DT the) (NN math))) (PP (IN through) (NP (NP (DT the) (NN use)) (PP (IN of) (NP (NN concrete))))))))))) (, ,) (VP (VBD illustrated) (NP (NNS examples))) (. .))) "
206,54,55,this,book,"As we speak , his repository contains a single file _ s_list _ with the contents 1 apples 2 bananas 3 cookies 4 rice Note : the numbers you see are just line numbers ; they are not part of the file contents As we will see in this and other examples in this book , we will often need to assign a name to the state of the repository .","(ROOT (S (SBAR (IN As) (S (NP (PRP we)) (VP (VBP speak)))) (, ,) (NP (PRP$ his) (NN repository)) (VP (VBZ contains) (NP (NP (DT a) (JJ single) (NN file) (CD _) (JJ s_list) (NN _)) (PP (IN with) (NP (NP (DT the) (NNS contents)) (SBAR (S (NP (NP (CD 1) (NNS apples)) (NP (CD 2) (NNS bananas)) (NP (NP (CD 3) (NNS cookies)) (NP (CD 4) (NN rice)))) (VP (NN Note) (: :) (S (S (NP (NP (DT the) (NNS numbers)) (SBAR (S (NP (PRP you)) (VP (VBP see))))) (VP (VBP are) (ADVP (RB just)) (NP (NN line) (NNS numbers)))) (: ;) (S (NP (PRP they)) (VP (VBP are) (RB not) (NP (NP (NN part)) (PP (IN of) (NP (DT the) (NN file) (NNS contents)))))) (S (SBAR (IN As) (S (NP (PRP we)) (VP (MD will) (VP (VB see) (PP (IN in) (NP (NP (DT this)) (CC and) (NP (JJ other) (NNS examples)))) (PP (IN in) (NP (DT this) (NN book))))))) (, ,) (NP (PRP we)) (VP (MD will) (ADVP (RB often)) (VP (VB need) (S (VP (TO to) (VP (VB assign) (NP (DT a) (NN name)) (PP (TO to) (NP (NP (DT the) (NN state)) (PP (IN of) (NP (DT the) (NN repository))))))))))))))))))) (. .))) "
207,3,4,this,name,We call this name a ** context ** .,(ROOT (S (NP (PRP We)) (VP (VBP call) (NP (NP (NP (DT this) (NN name)) (VP (NP (DT a) (X (SYM **))) (PP (NN context)))) (X (SYM **)))) (. .))) 
219,18,19,this,context,"php?title = Understanding_Darcs / Patch_theory & action = edit & section = T-5 -RRB- -RSB- Starting from this context , Arjan might decide to make further changes .","(ROOT (S (NP (NP (NN php?title) (JJ =) (NNS Understanding_Darcs)) (PRN (: /) (S (NP (NNP Patch_theory)) (NP (CC &) (NP (NN action) (JJ =) (NN edit)) (CC &) (NP (NN section) (JJ =) (NN T-5)))) (-RRB- -RRB-))) (-RRB- -RSB-) (PP (VBG Starting) (PP (IN from) (NP (DT this) (NN context)))) (, ,) (NP (NNP Arjan)) (VP (MD might) (VP (VB decide) (S (VP (TO to) (VP (VB make) (NP (JJ further) (NNS changes))))))) (. .))) "
225,8,9,this,context,The next patch would take us from this context to yet another new context !,(ROOT (S (NP (DT The) (JJ next) (NN patch)) (VP (MD would) (VP (VB take) (NP (PRP us)) (PP (IN from) (NP (NP (DT this) (NN context)) (PP (TO to) (NP (RB yet) (DT another) (JJ new) (NN context))))))) (. !))) 
237,26,27,this,module,php?title = Understanding_Darcs / Patch_theory & action = edit & section = T-6 -RRB- -RSB- Let 's return to the example from the beginning of this module .,(ROOT (S (NP (NP (NN php?title) (JJ =) (NNS Understanding_Darcs)) (PRN (: /) (S (NP (NNP Patch_theory)) (NP (CC &) (NP (NN action) (JJ =) (NN edit)) (CC &) (NP (NN section) (JJ =) (NN T-6)))) (-RRB- -RRB-))) (VP (-RRB- -RSB-) (VP (VB Let) (S (NP (PRP 's)) (VP (VB return) (PP (TO to) (NP (DT the) (NN example))) (PP (IN from) (NP (NP (DT the) (NN beginning)) (PP (IN of) (NP (DT this) (NN module))))))))) (. .))) 
258,32,33,this,module,"-LSB- An inverse patch makes the opposite change of another patch -RSB- -LRB- / / upload.wikimedia.org/wikipedia/commons/3/34/Darcs-ag-inverse.png -RRB- Patch inverses may seem trivial , but as we will see later on in this module , they are a fundamental operation and absolutely crucial to make some of the fancier stuff -- like merging -- work correctly .","(ROOT (S (SBAR (-LRB- -LSB-) (S (NP (DT An) (JJ inverse) (NN patch)) (VP (VBZ makes) (SBAR (SBAR (S (NP (NP (DT the) (JJ opposite) (NN change)) (PP (IN of) (NP (NP (DT another) (NN patch)) (PP (-RRB- -RSB-) (NP (PRN (-LRB- -LRB-) (NP (: /) (: /) (NN upload.wikimedia.org/wikipedia/commons/3/34/Darcs-ag-inverse.png)) (-RRB- -RRB-)) (NNP Patch) (NNS inverses)))))) (VP (MD may) (VP (VB seem) (ADJP (JJ trivial)))))) (, ,) (CC but) (SBAR (IN as) (S (NP (PRP we)) (VP (MD will) (VP (VB see) (ADVP (RB later)) (PP (IN on) (PP (IN in) (NP (DT this) (NN module)))))))))))) (, ,) (NP (PRP they)) (VP (VBP are) (NP (NP (DT a) (JJ fundamental) (NN operation)) (CC and) (NP (NP (RB absolutely) (ADJP (JJ crucial) (S (VP (TO to) (VP (VB make) (NP (NP (DT some)) (PP (IN of) (NP (NP (DT the) (JJR fancier) (NN stuff)) (PRN (: --) (PP (IN like) (S (VP (VBG merging)))) (: --))))))))) (NN work)) (ADVP (RB correctly))))) (. .))) "
262,19,21,these,property,"People often like to dream up new kinds of patches to extend darcs 's functionality , and defining these patch properties is how we know that their new patch types will behave properly under darcs .","(ROOT (S (S (NP (NNS People)) (ADVP (RB often)) (VP (VBP like) (S (VP (TO to) (VP (VB dream) (PRT (RP up)) (NP (NP (JJ new) (NNS kinds)) (PP (IN of) (NP (NNS patches)))) (S (VP (TO to) (VP (VB extend) (NP (NP (NN darcs) (POS 's)) (NN functionality)))))))))) (, ,) (CC and) (S (S (VP (VBG defining) (NP (DT these) (NN patch) (NNS properties)))) (VP (VBZ is) (SBAR (WHADVP (WRB how)) (S (NP (PRP we)) (VP (VBP know) (SBAR (IN that) (S (NP (PRP$ their) (JJ new) (NN patch) (NNS types)) (VP (MD will) (VP (VB behave) (ADVP (RB properly)) (PP (IN under) (NP (NNS darcs)))))))))))) (. .))) "
263,4,5,these,property,The first of these properties is dead simple : !,(ROOT (S (NP (NP (DT The) (JJ first)) (PP (IN of) (NP (DT these) (NNS properties)))) (VP (VBZ is) (ADJP (JJ dead) (NN simple))) (: :) (. !))) 
306,3,4,this,way,Put it this way : what would happen if we applied !,(ROOT (S (VP (VB Put) (NP (NP (NP (PRP it)) (NP (DT this) (NN way))) (: :) (SBAR (WHNP (WP what)) (S (VP (MD would) (VP (VB happen) (SBAR (IN if) (S (NP (PRP we)) (VP (VBD applied)))))))))) (. !))) 
381,4,6,these,operation,It turns out these two operations are almost all that we need to perform a darcs merge .,(ROOT (S (NP (PRP It)) (VP (VBZ turns) (PRT (RP out)) (SBAR (S (NP (DT these) (CD two) (NNS operations)) (VP (VBP are) (NP (QP (RB almost) (DT all))) (SBAR (IN that) (S (NP (PRP we)) (VP (VBP need) (S (VP (TO to) (VP (VB perform) (SBAR (S (NP (DT a) (NNS darcs)) (VP (VBP merge)))))))))))))) (. .))) 
389,4,5,this,point,"Remember , at this point , Ganesh has not seen Arjan 's modifications .","(ROOT (S (VP (VB Remember) (, ,) (PP (IN at) (NP (DT this) (NN point))) (, ,) (NP (NP (NNP Ganesh)) (SBAR (S (VP (VBZ has) (RB not) (VP (VBN seen) (NP (NP (NNP Arjan) (POS 's)) (NNS modifications)))))))) (. .))) "
395,17,18,this,point,"php?title = Understanding_Darcs / Patch_theory & action = edit & section = T-12 -RRB- -RSB- At this point in time , Ganesh decides that it would be useful if he got a copy of Arjan 's changes .","(ROOT (S (NP (NP (NN php?title) (JJ =) (NNS Understanding_Darcs)) (PRN (: /) (S (NP (NNP Patch_theory)) (NP (CC &) (NP (NN action) (JJ =) (NN edit)) (CC &) (NP (NN section) (JJ =) (NN T-12)))) (-RRB- -RRB-))) (-RRB- -RSB-) (PP (IN At) (NP (NP (DT this) (NN point)) (PP (IN in) (NP (NN time))))) (, ,) (NP (NNP Ganesh)) (VP (VBZ decides) (SBAR (IN that) (S (NP (PRP it)) (VP (MD would) (VP (VB be) (ADJP (JJ useful)) (SBAR (IN if) (S (NP (PRP he)) (VP (VBD got) (NP (NP (DT a) (NN copy)) (PP (IN of) (NP (NP (NNP Arjan) (POS 's)) (NNS changes)))))))))))) (. .))) "
403,7,8,that,arjan,How are we supposed to know that Arjan 's change -LRB- adding the line `` beer '' -RRB- is supposed to apply to the new file _ shopping _ instead ?,(ROOT (SBARQ (WHADVP (WRB How)) (SQ (VBP are) (NP (PRP we)) (VP (VBN supposed) (S (VP (TO to) (VP (VB know) (SBAR (S (NP (NP (NP (DT that) (NNP Arjan) (POS 's)) (NN change)) (PRN (-LRB- -LRB-) (VP (VBG adding) (NP (DT the) (NN line) (`` ``) (NN beer) ('' ''))) (-RRB- -RRB-))) (VP (VBZ is) (VP (VBN supposed) (S (VP (TO to) (VP (VB apply) (PP (TO to) (NP (NP (DT the) (JJ new) (NN file) (NN _) (NN shopping)) (ADVP (NP (CD _)) (RB instead)))))))))))))))) (. ?))) 
408,16,18,these,patch,"In trying to pull patches from Arjan 's repository , we are trying to merge these two patches .","(ROOT (S (PP (IN In) (S (VP (VBG trying) (S (VP (TO to) (VP (VB pull) (NP (NNS patches)) (PP (IN from) (NP (NP (NNP Arjan) (POS 's)) (NN repository))))))))) (, ,) (NP (PRP we)) (VP (VBP are) (VP (VBG trying) (S (VP (TO to) (VP (VB merge) (NP (DT these) (CD two) (NNS patches))))))) (. .))) "
415,40,41,this,module,php?title = Understanding_Darcs / Patch_theory & action = edit & section = T-13 -RRB- -RSB- Converting Arjan and Ganesh 's parallel patches into sequential ones requires little more than the inverse and commutation operations that we described earlier in this module : 1 .,(ROOT (S (NP (NP (NP (NN php?title) (JJ =) (NNS Understanding_Darcs)) (PRN (: /) (S (NP (NNP Patch_theory)) (NP (CC &) (NP (NN action) (JJ =) (NN edit)) (CC &) (NP (NN section) (JJ =) (NN T-13)))) (-RRB- -RRB-))) (PP (-RRB- -RSB-) (S (VP (VBG Converting) (NP (NP (NP (NNP Arjan) (CC and) (NNP Ganesh)) (POS 's)) (JJ parallel) (NNS patches)) (PP (IN into) (NP (JJ sequential) (NNS ones))))))) (VP (VBZ requires) (ADJP (ADJP (RB little) (JJR more)) (PP (IN than) (NP (DT the) (ADJP (JJ inverse) (CC and) (JJ commutation)) (NNS operations)))) (SBAR (IN that) (S (NP (PRP we)) (VP (VBD described) (ADVP (RBR earlier)) (PP (IN in) (NP (NP (DT this) (NN module)) (: :) (NP (CD 1)))))))) (. .))) 
468,8,9,this,property,Note how the left hand side of this property exactly matches the relationship demanded by the definition of a merge .,(ROOT (S (NP (NP (VB Note)) (SBAR (WHADVP (WRB how)) (S (NP (NP (DT the) (JJ left) (NN hand) (NN side)) (PP (IN of) (NP (DT this) (NN property)))) (ADVP (RB exactly)) (VP (VBZ matches) (SBAR (S (NP (DT the) (NN relationship)) (VP (VBD demanded) (PP (IN by) (NP (NP (DT the) (NN definition)) (PP (IN of) (NP (DT a)))))))))))) (VP (VBP merge)) (. .))) 
469,4,6,this,work,"To see why this all works , _ To be written _ ## Definitions and properties -LSB- -LSB- edit -RSB- -LRB- / w/index .","(ROOT (S (S (VP (TO To) (VP (VB see) (SBAR (WHADVP (WRB why)) (S (NP (DT this) (NP (NP (DT all) (NNS works)) (, ,) (NP (CD _)))) (VP (TO To) (VP (VB be) (VP (VBN written) (NP (QP (CD _) (CD ##)) (NNS Definitions) (CC and) (NNS properties)))))))))) (VP (-LRB- -LSB-) (VP (-LRB- -LSB-) (VB edit) (-RRB- -RSB-) (-LRB- -LRB-) (PP (: /) (NP (NN w/index))))) (. .))) "
485,3,4,this,mean,What does this mean for merging ?,(ROOT (SBARQ (WHNP (WP What)) (SQ (VP (VBZ does) (NP (DT this) (NN mean)) (PP (IN for) (S (VP (VBG merging)))))) (. ?))) 
492,15,16,this,time,"He then decides to add another item on the end of the list , this time , `` pasta '' and records his second change .","(ROOT (S (NP (PRP He)) (ADVP (RB then)) (VP (VBZ decides) (S (VP (TO to) (VP (VB add) (NP (DT another) (NN item)) (PP (IN on) (NP (NP (DT the) (NN end)) (PP (IN of) (NP (NP (DT the) (NN list)) (, ,) (NP (DT this) (NN time)) (, ,) (NP (`` ``) (NN pasta) ('' '')) (CC and) (NP (NP (NNS records)) (NP (PRP$ his) (JJ second) (NN change))))))))))) (. .))) "
506,2,3,this,scenario,"In this scenario , Ganesh decides that you ca n't live on apples and cookies alone and records a patch adding `` pasta '' to the _ s_list _ file .","(ROOT (S (PP (IN In) (NP (DT this) (NN scenario))) (, ,) (NP (NNP Ganesh)) (VP (VBZ decides) (SBAR (IN that) (S (NP (PRP you)) (VP (VP (MD ca) (RB n't) (VP (VB live) (PP (IN on) (NP (NNS apples) (CC and) (NNS cookies))) (ADVP (RB alone)))) (CC and) (VP (VBZ records) (S (NP (DT a) (NN patch)) (VP (VBG adding) (`` ``) (NP (NN pasta)) ('' '') (PP (TO to) (NP (DT the) (CD _) (JJ s_list) (NN _) (NN file)))))))))) (. .))) "
517,13,14,this,point,"If you did ` darcs whatsnew ` on Ganesh 's repository at this point , what you would get is something like this : v v v v v v beer ----------- pasta ^ ^ ^ ^ ^ ^ ### How do we know we have a conflict ?","(ROOT (SBAR (IN If) (S (NP (PRP you)) (VP (VBD did) (NP (`` `) (NP (FW darcs) (FW whatsnew)) (`` `) (PP (IN on) (NP (NP (NNP Ganesh) (POS 's)) (NN repository)))) (PP (IN at) (NP (NP (DT this) (NN point)) (, ,) (SBAR (WHNP (WP what)) (S (NP (PRP you)) (VP (MD would) (VP (VB get) (S (S (VP (VBZ is) (NP (NP (NN something)) (PP (PP (IN like) (NP (DT this))) (: :) (LS v) (ADVP (LS v)) (PP (LS v) (NP (NP (LS v) (LS v)) (PP (LS v) (NP (NN beer) (CD -----------) (NN pasta) (NN ^))))) (NP (QP (CD ^) (CD ^)) (QP (NN ^) (CD ^) (CD ^) (CD ###))))))) (SBARQ (WHADVP (WRB How)) (SQ (VBP do) (NP (PRP we)) (VP (VB know) (SBAR (S (NP (PRP we)) (VP (VBP have) (NP (DT a) (NN conflict))))))) (. ?))))))))))))) "
535,21,22,these,possibility,"However , the case where ` p1 ` and ` p2 ` overlap simply does not fall into one of these possibilities .","(ROOT (NP (NP (ADVP (RB However)) (, ,) (SBAR (WHADVP (ADVP (DT the) (NN case)) (WRB where)) (S (VP (NP (NP (`` `) (NN p1)) (`` `) (SBAR (S (S (CC and) (S (`` `) (NP (NN p2)) (`` `) (VP (VBP overlap) (ADVP (RB simply))))) (VP (VBZ does) (RB not) (VP (VB fall) (PP (IN into))))))) (PRN (NP-TMP (CD one)) (PP (IN of) (NP (DT these) (NNS possibilities)))))))) (. .))) "
538,31,32,this,conflict,"php?title = Understanding_Darcs / Patch_theory_and_conflicts & action = edit & section = T-3 -RRB- -RSB- Now that we know we have a conflict , we now need to deal with this conflict in a sane manner .","(ROOT (S (S (NP (NP (NN php?title) (JJ =) (NNS Understanding_Darcs)) (PRN (: /) (S (NP (NNP Patch_theory_and_conflicts)) (NP (CC &) (NP (NN action) (JJ =) (NN edit)) (CC &) (NP (NN section) (JJ =) (NN T-3)))) (-RRB- -RRB-))) (VP (-RRB- -RSB-) (ADVP (RB Now)) (SBAR (IN that) (S (NP (PRP we)) (VP (VBP know) (SBAR (S (NP (PRP we)) (VP (VBP have) (NP (DT a) (NN conflict)))))))))) (, ,) (NP (PRP we)) (ADVP (RB now)) (VP (VBP need) (S (VP (TO to) (VP (VB deal) (PP (IN with) (NP (NP (DT this) (NN conflict)) (PP (IN in) (NP (DT a) (JJ sane) (NN manner))))))))) (. .))) "
601,4,5,this,way,Look at it this way .,(ROOT (S (VP (VB Look) (PP (IN at) (NP (NP (PRP it)) (NP (DT this) (NN way))))) (. .))) 
605,21,22,this,section,php?title = Understanding_Darcs / Patch_theory_and_conflicts & action = edit & section = T-7 -RRB- -RSB- : _ TODO : introduce this section _ ### The exponential merge problem -LSB- -LSB- edit -RSB- -LRB- / w/index .,(ROOT (S (NP (NP (NN php?title) (JJ =) (NNS Understanding_Darcs)) (PRN (: /) (S (NP (NNP Patch_theory_and_conflicts)) (NP (CC &) (NP (NN action) (JJ =) (NN edit)) (CC &) (NP (NN section) (JJ =) (NN T-7)))) (-RRB- -RRB-))) (VP (-RRB- -RSB-) (: :) (NP (NP (CD _) (NNP TODO)) (: :) (VP (VB introduce) (NP (NP (DT this) (NN section)) (SBAR (S (NP (QP (CD _) (CD ###)) (DT The) (JJ exponential)) (VP (VBP merge) (S (NP (NN problem)) (VP (-LRB- -LSB-) (VP (-LRB- -LSB-) (VB edit) (-RRB- -RSB-) (-LRB- -LRB-) (PP (: /) (NP (NN w/index))))))))))))) (. .))) 
607,39,40,this,problem,"This leads to the problem that some users have experienced where users would do a ` darcs pull ` and inexplicably , darcs would just sit there and hang ... So how does the new darcs 2 fix this problem ?","(ROOT (SINV (S (NP (DT This)) (VP (VBZ leads) (PP (TO to) (NP (DT the) (NN problem))) (SBAR (IN that) (S (NP (DT some) (NNS users)) (VP (VBP have) (VP (VBN experienced) (SBAR (WHADVP (WRB where)) (S (NP (NNS users)) (VP (MD would) (VP (VB do) (S (S (NP (DT a) (`` `) (NNS darcs)) (VP (VBP pull) (S (`` `) (S (CC and) (ADVP (RB inexplicably)) (, ,) (NP (NNS darcs)) (VP (MD would) (ADVP (RB just)) (VP (VP (VB sit) (ADVP (RB there))) (CC and) (VP (VB hang)))))))) (: ...) (CC So) (FRAG (WHADVP (WRB how)))))))))))))) (VP (VBZ does) (NP (DT the) (JJ new) (NNS darcs))) (NP (NP (CD 2) (NN fix)) (NP (DT this) (NN problem))) (. ?))) "
631,14,15,this,page,php?title = Understanding_Darcs / Print_Version & action = info -RRB- * -LSB- Cite this page -RSB- -LRB- / w/index .,(ROOT (S (VP (NN php?title) (NP (NP (NP (JJ =) (NNS Understanding_Darcs)) (PRN (: /) (NP (NP (NNP Print_Version)) (CC &) (NP (NN action) (JJ =) (NN info))) (-RRB- -RRB-))) (X (SYM *))) (S (VP (-LRB- -LSB-) (VP (VB Cite) (S (NP (DT this) (NN page)) (NP (NP (-RRB- -RSB-)) (-LRB- -LRB-) (PP (: /) (NP (NN w/index))))))))) (. .))) 
637,3,4,this,site,"By using this site , you agree to the -LSB- Terms of Use -RSB- -LRB- / / wikimediafoundation.org/wiki/Terms_of_Use -RRB- and -LSB- Privacy Policy . -RSB-","(ROOT (S (PP (IN By) (S (VP (VBG using) (NP (DT this) (NN site))))) (, ,) (NP (PRP you)) (VP (VBP agree) (PP (PP (TO to) (NP (NP (DT the) (-LRB- -LSB-) (NNS Terms)) (PP (IN of) (NP (NP (NN Use) (-RRB- -RSB-)) (PRN (-LRB- -LRB-) (NP (: /) (: /) (NN wikimediafoundation.org/wiki/Terms_of_Use)) (-RRB- -RRB-)))))) (CC and) (PP (-LRB- -LSB-) (NP (NNP Privacy) (NNP Policy))))) (. .) (-RRB- -RSB-))) "
