3,23,24,this,book,"php?title = User : Lindsay_Ridgeway / The_2Q_Retriever / Preface & action = edit & section = T-1 -RRB- -RSB- The title of this book , _ ** The 2Q Retriever : A Field Training Workbook ** _ , reflects the scope and limitations of the topic discussed : * _ ** 2Q ** _ , a term invented by well known field authority Alice Woodyard , refers to two of the four quadrants of operant conditioning .","(ROOT (S (S (NP (NP (NN php?title) (JJ =) (NN User)) (: :) (NP (NP (NN Lindsay_Ridgeway)) (PP (: /) (NP (NP (NP (NN The_2Q_Retriever)) (PRN (: /) (S (NP (NNP Preface)) (NP (CC &) (NP (NN action) (JJ =) (NN edit)) (CC &) (NP (NN section) (JJ =) (NN T-1)))) (-RRB- -RRB-))) (PP (-RRB- -RSB-) (NP (NP (NP (DT The) (NN title)) (PP (IN of) (NP (NP (DT this) (NN book)) (, ,) (NP (CD _)))) (X (X (SYM **)) (NP (NP (DT The) (NN 2Q)) (NP (NNP Retriever))))) (: :) (NP (NNP A) (NNP Field) (NNP Training) (NNP Workbook)))))) (X (X (SYM **)) (NP (CD _)))) (, ,)) (VP (VBZ reflects) (NP (NP (DT the) (NN scope) (CC and) (NNS limitations)) (PP (IN of) (NP (NP (DT the) (NN topic)) (VP (VBN discussed))))))) (: :) (X (X (SYM *)) (SYM _) (X (SYM **)) (NP (NP (CD 2Q)) (SBAR (S (FRAG (X (SYM **)) (NP (CD _))) (, ,) (NP (NP (DT a) (NN term)) (VP (VBN invented) (PP (IN by) (NP (ADJP (RB well) (JJ known)) (NN field) (NN authority) (NNP Alice) (NNP Woodyard)))) (, ,)) (VP (VBZ refers) (PP (TO to) (NP (NP (CD two)) (PP (IN of) (NP (NP (DT the) (CD four) (NNS quadrants)) (PP (IN of) (NP (JJ operant) (NN conditioning)))))))))))) (. .))) "
4,16,17,this,book,"The book 's title means that only training methods based upon rewards are discussed in this book , and that training methods based upon aversives -- or `` force '' as aversives are sometimes called by field trainers -- are not used .","(ROOT (S (NP (NP (DT The) (NN book) (POS 's)) (NN title)) (VP (VBZ means) (SBAR (SBAR (IN that) (S (NP (NP (RB only) (VBG training) (NNS methods)) (PP (VBN based) (PP (IN upon) (NP (NNS rewards))))) (VP (VBP are) (VP (VBN discussed) (PP (IN in) (NP (DT this) (NN book))))))) (, ,) (CC and) (SBAR (IN that) (S (NP (NP (NN training) (NNS methods)) (PP (VBN based) (PP (IN upon) (NP (NP (NNS aversives)) (PRN (: --) (CC or) (NP (NP (`` ``) (NN force) ('' '')) (SBAR (IN as) (S (NP (NNS aversives)) (VP (VBP are) (ADVP (RB sometimes)) (VP (VBN called) (PP (IN by) (NP (NN field) (NNS trainers)))))))) (: --)))))) (VP (VBP are) (RB not) (VP (VBN used))))))) (. .))) "
5,23,24,this,book,"In terms of behavioral science , _ ** 2Q ** _ in the title means that the following methods are covered in this book : * _ Positive reinforcement -LRB- + R -RRB- _ .","(ROOT (PP (IN In) (NP (NP (NP (NNS terms)) (PP (IN of) (NP (NP (JJ behavioral) (NN science)) (, ,) (NP (CD _)))) (X (SYM **))) (NX (NX (NP (CD 2Q)) (SBAR (X (SYM **)) (S (NP (NP (CD _)) (PP (IN in) (NP (DT the) (NN title)))) (VP (VBZ means) (SBAR (IN that) (S (NP (DT the) (VBG following) (NNS methods)) (VP (VBP are) (VP (VBN covered) (PP (IN in) (NP (DT this) (NN book))))))))))) (PRN (: :) (FRAG (X (X (SYM *)) (NP (NP (CD _)) (NP (NP (JJ Positive)) (NP (NP (NN reinforcement)) (-LRB- -LRB-) (NP (CC +) (NN R)) (-RRB- -RRB-))))) (NP (NN _))) (. .)))))) "
10,22,23,this,writing,"4Q field trainers are far more common than 2Q field trainers , and all top field trainers at the time of this writing are 4Q trainers .","(ROOT (S (S (NP (NN 4Q) (NN field) (NNS trainers)) (VP (VBP are) (ADJP (ADJP (RB far) (RBR more) (JJ common)) (PP (IN than) (NP (JJ 2Q) (NN field) (NNS trainers)))))) (, ,) (CC and) (S (NP (NP (DT all) (JJ top) (NN field) (NNS trainers)) (PP (IN at) (NP (NP (DT the) (NN time)) (PP (IN of) (NP (DT this) (NN writing)))))) (VP (VBP are) (NP (NN 4Q) (NNS trainers)))) (. .))) "
11,32,33,this,book,"In terms of behavioral science , the following methods _ are _ used by 4Q trainers , but are _ not _ used by 2Q trainers and are not covered in this book : * _ Positive punishment -LRB- + P -RRB- _ .","(ROOT (S (PP (IN In) (NP (NP (NNS terms)) (PP (IN of) (NP (JJ behavioral) (NN science))))) (, ,) (S (NP (NP (DT the) (VBG following) (NNS methods)) (SBAR (S (NP (CD _)) (VP (VBP are) (NP (NP (CD _)) (VP (VBN used) (PP (IN by) (NP (NN 4Q) (NNS trainers))))))))) (, ,) (VP (CC but) (VP (VBP are) (ADVP (NP (CD _)) (RB not)) (VP (ADVP (RB _)) (VBN used) (PP (IN by) (NP (NN 2Q) (NNS trainers))))) (CC and) (VP (VBP are) (RB not) (VP (VBN covered) (PP (IN in) (NP (DT this) (NN book))))))) (: :) (FRAG (X (X (SYM *)) (NP (NP (CD _)) (NP (NP (JJ Positive)) (NP (NP (NN punishment)) (-LRB- -LRB-) (NP (CC +) (NN P)) (-RRB- -RRB-))))) (NP (NN _))) (. .))) "
22,9,10,this,book,"* _ ** Workbook ** _ means that this book is designed to be used as an interactive training document , with notations that you would add by printing out pages , or cutting and pasting them into an electronic document .","(ROOT (FRAG (SBAR (X (SYM *)) (S (S (UCP (SBAR (X (SYM _)) (S (S (X (X (SYM **)) (NP (NNP Workbook))) (X (SYM **)) (NP (CD _)) (VP (VBZ means) (SBAR (IN that) (S (NP (DT this) (NN book)) (VP (VBZ is) (VP (VBN designed) (S (VP (TO to) (VP (VB be) (VP (VBN used) (PP (IN as) (NP (DT an) (JJ interactive) (NN training) (NN document))) (, ,) (PP (IN with) (NP (NNS notations))))))))))))) (IN that) (S (NP (PRP you)) (VP (MD would) (VP (VB add) (PP (IN by) (S (VP (VBG printing) (PRT (RP out)) (NP (NNS pages)))))))))) (, ,) (CC or) (S (VP (VBG cutting))))) (CC and) (S (VP (VBG pasting) (NP (PRP them)) (PP (IN into) (NP (DT an) (JJ electronic) (NN document))))))) (. .))) "
25,2,3,that,time,"At that time , though I had been studying and practicing dog training for over three years , I had never trained a dog to any title , in field sports or any other canine sport .","(ROOT (S (PP (IN At) (NP (DT that) (NN time))) (, ,) (SBAR (IN though) (S (NP (PRP I)) (VP (VBD had) (VP (VBN been) (VP (VBG studying) (CC and) (VBG practicing) (NP (NP (NN dog) (NN training)) (PP (IN for) (NP (IN over) (CD three) (NNS years))))))))) (, ,) (NP (PRP I)) (VP (VBD had) (ADVP (RB never)) (VP (VBN trained) (NP (DT a) (NN dog)) (PP (TO to) (NP (DT any) (NN title))) (, ,) (PP (IN in) (NP (NP (NN field) (NNS sports)) (CC or) (NP (DT any) (JJ other) (JJ canine) (NN sport)))))) (. .))) "
26,13,14,this,book,"Typically , one would want to read material like the subject of this book written by an expert with proven credentials .","(ROOT (S (ADVP (RB Typically)) (, ,) (NP (CD one)) (VP (MD would) (VP (VB want) (S (VP (TO to) (VP (VB read) (NP (NN material)) (PP (IN like) (NP (NP (DT the) (NN subject)) (PP (IN of) (NP (NP (DT this) (NN book)) (VP (VBN written) (PP (IN by) (NP (NP (DT an) (NN expert)) (PP (IN with) (NP (JJ proven) (NNS credentials))))))))))))))) (. .))) "
27,10,11,this,book,"Unfortunately , that was not available at the time this book was started .","(ROOT (S (ADVP (RB Unfortunately)) (, ,) (NP (DT that)) (VP (VBD was) (RB not) (ADJP (JJ available) (PP (IN at) (NP (NP (DT the) (NN time)) (SBAR (S (NP (DT this) (NN book)) (VP (VBD was) (VP (VBN started))))))))) (. .))) "
32,3,4,this,book,"Therefore , this book was started as a repository for my training notes .","(ROOT (S (ADVP (RB Therefore)) (, ,) (NP (DT this) (NN book)) (VP (VBD was) (VP (VBN started) (PP (IN as) (NP (NP (DT a) (NN repository)) (PP (IN for) (NP (PRP$ my) (NN training) (NNS notes))))))) (. .))) "
34,8,9,this,work,"At the same time , by presenting this work as a Wikibook , I invite collaboration from others , and some contributors may bring far more knowledge and credentials to the material than I am able to .","(ROOT (S (PP (IN At) (NP (DT the) (JJ same) (NN time))) (, ,) (S (PP (IN by) (S (VP (VBG presenting) (NP (DT this) (NN work)) (PP (IN as) (NP (DT a) (NNP Wikibook)))))) (, ,) (NP (PRP I)) (VP (VBP invite) (NP (NN collaboration)) (PP (IN from) (NP (NNS others))))) (, ,) (CC and) (S (NP (DT some) (NNS contributors)) (VP (MD may) (VP (VB bring) (ADVP (RB far) (RBR more)) (NP (NP (NN knowledge)) (CC and) (NP (NNS credentials))) (PP (TO to) (NP (DT the) (NN material))) (SBAR (IN than) (S (NP (PRP I)) (VP (VBP am) (ADJP (JJ able) (PP (TO to))))))))) (. .))) "
35,5,6,this,work,"To the extent that this work becomes supplemented , edited , and vetted by more experienced trainers , this _ Disclaimer _ may eventually become merely an introductory note on the genesis of this book .","(ROOT (S (PP (TO To) (NP (NP (DT the) (NN extent)) (SBAR (IN that) (S (NP (DT this) (NN work)) (VP (VBZ becomes) (VP (VP (VBN supplemented)) (, ,) (VP (VBN edited)) (, ,) (CC and) (VP (VBN vetted) (PP (IN by) (NP (JJR more) (JJ experienced) (NNS trainers)))))))))) (, ,) (NP (DT this) (NN _) (NNP Disclaimer) (NNP _)) (VP (MD may) (ADVP (RB eventually)) (VP (VB become) (NP (RB merely) (DT an) (JJ introductory) (NN note)) (PP (IN on) (NP (NP (DT the) (NN genesis)) (PP (IN of) (NP (DT this) (NN book))))))) (. .))) "
35,19,22,this,_,"To the extent that this work becomes supplemented , edited , and vetted by more experienced trainers , this _ Disclaimer _ may eventually become merely an introductory note on the genesis of this book .","(ROOT (S (PP (TO To) (NP (NP (DT the) (NN extent)) (SBAR (IN that) (S (NP (DT this) (NN work)) (VP (VBZ becomes) (VP (VP (VBN supplemented)) (, ,) (VP (VBN edited)) (, ,) (CC and) (VP (VBN vetted) (PP (IN by) (NP (JJR more) (JJ experienced) (NNS trainers)))))))))) (, ,) (NP (DT this) (NN _) (NNP Disclaimer) (NNP _)) (VP (MD may) (ADVP (RB eventually)) (VP (VB become) (NP (RB merely) (DT an) (JJ introductory) (NN note)) (PP (IN on) (NP (NP (DT the) (NN genesis)) (PP (IN of) (NP (DT this) (NN book))))))) (. .))) "
35,34,35,this,book,"To the extent that this work becomes supplemented , edited , and vetted by more experienced trainers , this _ Disclaimer _ may eventually become merely an introductory note on the genesis of this book .","(ROOT (S (PP (TO To) (NP (NP (DT the) (NN extent)) (SBAR (IN that) (S (NP (DT this) (NN work)) (VP (VBZ becomes) (VP (VP (VBN supplemented)) (, ,) (VP (VBN edited)) (, ,) (CC and) (VP (VBN vetted) (PP (IN by) (NP (JJR more) (JJ experienced) (NNS trainers)))))))))) (, ,) (NP (DT this) (NN _) (NNP Disclaimer) (NNP _)) (VP (MD may) (ADVP (RB eventually)) (VP (VB become) (NP (RB merely) (DT an) (JJ introductory) (NN note)) (PP (IN on) (NP (NP (DT the) (NN genesis)) (PP (IN of) (NP (DT this) (NN book))))))) (. .))) "
40,5,6,this,book,"However , _ ** this book does not present training plans in the order that training is to occur .","(ROOT (S (ADVP (RB However)) (, ,) (NP (CD _)) (PRN (SBAR (X (SYM **)) (S (NP (DT this) (NN book)) (VP (VBZ does) (NP (NP (ADJP (RB not) (JJ present)) (NN training) (NNS plans)) (PP (IN in) (NP (DT the) (NN order))) (SBAR (WHNP (WDT that)))))))) (NP (NN training)) (VP (VBZ is) (S (VP (TO to) (VP (VB occur))))) (. .))) "
41,28,29,this,book,"** _ Quite the contrary , a puppy is never too young to begin retrieving , yet the marked retrieve is one of the later chapters of this book .","(ROOT (S (FRAG (X (X (SYM **)) (NP (CD _))) (NP (RB Quite) (DT the) (NN contrary))) (, ,) (NP (DT a) (NN puppy)) (VP (VBZ is) (ADVP (RB never)) (ADJP (RB too) (JJ young)) (S (VP (TO to) (VP (VB begin) (S (VP (VBG retrieving)))))) (, ,) (ADVP (RB yet)) (SBAR (S (NP (DT the) (JJ marked)) (VP (VBP retrieve) (SBAR (S (VP (VBZ is) (NP (NP (CD one)) (PP (IN of) (NP (NP (DT the) (JJ later) (NNS chapters)) (PP (IN of) (NP (DT this) (NN book))))))))))))) (. .))) "
44,7,8,these,skill,It is essential that many of these skills be started as soon as possible .,(ROOT (S (NP (PRP It)) (VP (VBZ is) (ADJP (JJ essential)) (SBAR (IN that) (S (NP (NP (JJ many)) (PP (IN of) (NP (DT these) (NNS skills)))) (VP (VB be) (VP (VBN started) (ADVP (RB as) (RB soon)) (PP (IN as) (ADJP (JJ possible)))))))) (. .))) 
47,9,11,those,skill,"During the dog 's life , many of those same skills will need constant reinforcement .","(ROOT (S (PP (IN During) (NP (NP (DT the) (NN dog) (POS 's)) (NN life))) (, ,) (NP (NP (JJ many)) (PP (IN of) (NP (DT those) (JJ same) (NNS skills)))) (VP (MD will) (VP (VB need) (NP (JJ constant) (NN reinforcement)))) (. .))) "
52,15,16,this,book,"Eventually , your retriever will need to learn all of the skills presented in this book .","(ROOT (S (ADVP (RB Eventually)) (, ,) (NP (PRP$ your) (NN retriever)) (VP (MD will) (VP (VB need) (S (VP (TO to) (VP (VB learn) (NP (NP (DT all)) (PP (IN of) (NP (NP (DT the) (NNS skills)) (VP (VBN presented) (PP (IN in) (NP (DT this) (NN book)))))))))))) (. .))) "
56,16,17,this,book,A consolidated TOC is available at the top of the ** Print Version ** of this book .,(ROOT (S (NP (DT A) (JJ consolidated) (NN TOC)) (VP (VBZ is) (ADJP (JJ available) (PP (IN at) (NP (NP (DT the) (NN top)) (PP (IN of) (NP (NP (DT the)) (X (SYM **))))))) (S (VP (VB Print) (PP (NP (NP (NNP Version)) (X (SYM **))) (IN of) (NP (DT this) (NN book)))))) (. .))) 
63,34,35,that,topic,"** _ If an item catches your eye that you 've never read before or for which you 've forgotten some of the details , click the link and read the material for that topic as well .","(ROOT (FRAG (SBAR (X (X (SYM **)) (NP (CD _))) (S (SBAR (IN If) (S (NP (DT an) (NN item)) (VP (VBZ catches) (NP (PRP$ your) (NN eye)) (SBAR (SBAR (IN that) (S (NP (PRP you)) (VP (VBP 've) (ADVP (RB never)) (VP (VBN read) (PP (IN before)))))) (CC or) (SBAR (WHPP (IN for) (WHNP (WDT which))) (S (NP (PRP you)) (VP (VBP 've) (VP (VBN forgotten) (NP (NP (DT some)) (PP (IN of) (NP (DT the) (NNS details)))))))))))) (, ,) (VP (VP (VBP click) (NP (DT the) (NN link))) (CC and) (VP (VB read) (NP (NP (DT the) (NN material)) (PP (IN for) (NP (DT that) (NN topic)))) (ADVP (RB as) (RB well)))))) (. .))) "
66,20,21,those,training,Here 's a general approach for choosing particular training projects : * Limit your choices for each session to those training plans for which the dog is ready .,(ROOT (S (S (NP (RB Here)) (VP (VBZ 's) (NP (NP (DT a) (JJ general) (NN approach)) (PP (IN for) (S (VP (VBG choosing) (NP (JJ particular) (NN training) (NNS projects)))))))) (: :) (X (X (SYM *)) (NP (NP (NNP Limit)) (SBAR (S (NP (NP (PRP$ your) (NNS choices)) (PP (IN for) (NP (NP (DT each) (NN session)) (PP (TO to) (NP (DT those) (NN training)))))) (VP (VBZ plans)))) (PP (IN for) (SBAR (WHNP (WDT which)) (S (NP (DT the) (NN dog)) (VP (VBZ is) (ADJP (JJ ready)))))))) (. .))) 
67,23,24,that,determination,"Information in each training plan , such as prequesites and sections on _ Extending the Behavior _ , will help you make that determination .","(ROOT (S (NP (NP (NN Information)) (PP (IN in) (NP (DT each) (NN training) (NN plan))) (, ,) (PP (JJ such) (IN as) (NP (NP (NNS prequesites) (CC and) (NNS sections)) (PP (IN on) (NP (CD _))) (VP (VBG Extending) (NP (DT the) (NNP Behavior) (NN _))))) (, ,)) (VP (MD will) (VP (VB help) (S (NP (PRP you)) (VP (VB make) (NP (DT that) (NN determination)))))) (. .))) "
68,4,5,those,plan,"* From among those plans for which the dog is ready , select the ones you deem most important at the time : -- Perhaps you 'll choose one that you feel deserves a higher history of reinforcement because of its importance in the dog 's life , such as recall .","(ROOT (X (X (SYM *)) (PP (IN From) (PP (IN among) (NP (NP (DT those) (NNS plans)) (SBAR (WHPP (IN for) (WHNP (WDT which))) (S (NP (DT the) (NN dog)) (VP (VBZ is) (ADJP (JJ ready)) (, ,) (NP (NP (JJ select) (DT the) (NNS ones)) (SBAR (S (NP (PRP you)) (VP (VBP deem) (ADJP (RBS most) (JJ important) (PP (IN at) (FRAG (NP (NP (DT the) (NN time)) (: :) (: --) (S (NP (RB Perhaps) (PRP you)) (VP (MD 'll) (VP (VB choose) (NP (CD one)) (SBAR (IN that) (S (NP (PRP you)) (VP (VBP feel) (SBAR (S (VP (VBZ deserves) (NP (NP (DT a) (JJR higher) (NN history)) (PP (IN of) (NP (NN reinforcement)))) (PP (IN because) (IN of) (NP (NP (PRP$ its) (NN importance)) (PP (IN in) (NP (NP (DT the) (NN dog) (POS 's)) (NN life))) (, ,) (PP (JJ such) (IN as) (NP (NN recall)))))))))))))) (. .))))))))))))))))) "
74,10,11,this,chapter,"Besides being prerequisite to the chapters which follow , this chapter contains information that you may want to reread and refer back to time and again during life with your dog .","(ROOT (S (PP (IN Besides) (S (VP (VBG being) (NP (NP (NN prerequisite)) (PP (TO to) (NP (NP (DT the) (NNS chapters)) (SBAR (WHNP (WDT which)) (S (VP (VBP follow)))))))))) (, ,) (NP (DT this) (NN chapter)) (VP (VBZ contains) (NP (NN information)) (SBAR (IN that) (S (NP (PRP you)) (VP (MD may) (VP (VB want) (S (VP (TO to) (VP (VP (VB reread)) (CC and) (VP (VB refer) (ADVP (RB back)) (PP (PP (TO to) (NP (NN time))) (CC and) (PP (ADVP (RB again)) (IN during) (NP (NP (NN life)) (PP (IN with) (NP (PRP$ your) (NN dog))))))))))))))) (. .))) "
86,2,3,this,book,"In this book , the term _ motivation _ takes on a more specific meaning .","(ROOT (S (PP (IN In) (NP (DT this) (NN book))) (, ,) (NP (DT the) (NN term) (NN _) (NN motivation) (NN _)) (VP (VBZ takes) (PRT (RP on)) (NP (DT a) (ADJP (RBR more) (JJ specific)) (NN meaning))) (. .))) "
92,16,18,that,occasion,"Of course , if the frustration level is too high for the particular dog on that particular occasion , the dog simply gives up .","(ROOT (S (PP (IN Of) (NP (NN course))) (, ,) (SBAR (IN if) (S (NP (DT the) (NN frustration) (NN level)) (VP (VBZ is) (ADJP (RB too) (JJ high) (PP (IN for) (NP (NP (DT the) (JJ particular) (NN dog)) (PP (IN on) (NP (DT that) (JJ particular) (NN occasion))))))))) (, ,) (NP (DT the) (NN dog)) (ADVP (RB simply)) (VP (VBZ gives) (PRT (RP up))) (. .))) "
94,18,19,those,level,"If a dog is reinforced for low levels of enthusiasm , he will learn to perform at those levels .","(ROOT (S (SBAR (IN If) (S (NP (DT a) (NN dog)) (VP (VBZ is) (ADJP (VBN reinforced) (PP (IN for) (NP (NP (JJ low) (NNS levels)) (PP (IN of) (NP (NN enthusiasm))))))))) (, ,) (NP (PRP he)) (VP (MD will) (VP (VB learn) (S (VP (TO to) (VP (VB perform) (PP (IN at) (NP (DT those) (NNS levels)))))))) (. .))) "
96,35,36,these,behavior,"Their intent is to rev the dog up , but because the dog finds cheerleading reinforcing , in effect the trainer is saying , `` That 's the way I want you to perform these behaviors . ''","(ROOT (S (S (NP (PRP$ Their) (NN intent)) (VP (VBZ is) (S (VP (TO to) (VP (VB rev) (ADVP (NP (DT the) (NN dog)) (RB up))))))) (, ,) (CC but) (S (SBAR (IN because) (S (NP (DT the) (NN dog)) (VP (VBZ finds) (NP (NP (NN cheerleading)) (VP (VBG reinforcing))) (, ,) (PP (IN in) (NP (NP (NN effect)) (SBAR (S (NP (DT the) (NN trainer)) (VP (VBZ is) (VP (VBG saying)))))))))) (, ,) (`` ``) (NP (DT That)) (VP (VBZ 's) (NP (NP (DT the) (NN way)) (SBAR (S (NP (PRP I)) (VP (VBP want) (S (NP (PRP you)) (VP (TO to) (VP (VB perform) (NP (DT these) (NNS behaviors))))))))))) (. .) ('' ''))) "
112,18,19,that,behavior,* A stimulus can also be recognized as a _ reward _ if a behavior decreases when that behavior results in the dog losing the opportunity to obtain the stimulus .,(ROOT (FRAG (X (X (SYM *)) (NP (DT A) (NN stimulus))) (VP (MD can) (ADVP (RB also)) (VP (VB be) (VP (VBN recognized) (PP (IN as) (NP (DT a) (NN _))) (SBAR (NP (NN reward) (CD _)) (IN if) (S (NP (DT a) (NN behavior)) (VP (VBZ decreases) (SBAR (WHADVP (WRB when)) (S (NP (DT that) (NN behavior)) (VP (VBZ results) (PP (IN in) (NP (NP (DT the) (NN dog)) (VP (VBG losing) (NP (DT the) (NN opportunity) (S (VP (TO to) (VP (VB obtain) (NP (DT the) (NN stimulus)))))))))))))))))) (. .))) 
113,18,19,that,behavior,* A stimulus can also be recognized as an _ aversive _ if a behavior increases when that behavior results in the dog escaping or avoiding the stimulus .,(ROOT (FRAG (X (X (SYM *)) (NP (DT A) (NN stimulus))) (VP (MD can) (ADVP (RB also)) (VP (VB be) (VP (VBN recognized) (PP (IN as) (NP (DT an) (NN _) (JJ aversive) (NN _))) (SBAR (IN if) (S (NP (DT a) (NN behavior)) (VP (VBZ increases) (SBAR (WHADVP (WRB when)) (S (NP (DT that) (NN behavior)) (VP (VBZ results) (PP (IN in) (S (NP (DT the) (NN dog)) (VP (VBG escaping) (CC or) (VBG avoiding) (NP (DT the) (NN stimulus)))))))))))))) (. .))) 
129,2,3,this,book,"Since this book is based on methods that use rewards for both positive reinforcement and negative punishment , that is the reason this book uses the term `` reward-based '' rather than `` positive '' in the title .","(ROOT (S (SBAR (IN Since) (S (NP (DT this) (NN book)) (VP (VBZ is) (VP (VBN based) (PP (IN on) (NP (NP (NNS methods)) (SBAR (WHNP (WDT that)) (S (VP (VBP use) (NP (NP (NNS rewards)) (PP (IN for) (NP (NP (CC both) (NP (JJ positive) (NN reinforcement)) (CC and) (NP (JJ negative) (NN punishment))) (, ,) (SBAR (WHNP (WDT that)) (S (VP (VBZ is) (NP (DT the) (NN reason))))))))))))))))) (NP (DT this) (NN book)) (VP (VBZ uses) (S (NP (DT the) (NN term)) (`` ``) (ADJP (JJ reward-based) ('' '') (PP (RB rather) (IN than) (ADJP (`` ``) (JJ positive) ('' ''))) (PP (IN in) (NP (DT the) (NN title)))))) (. .))) "
129,23,24,this,book,"Since this book is based on methods that use rewards for both positive reinforcement and negative punishment , that is the reason this book uses the term `` reward-based '' rather than `` positive '' in the title .","(ROOT (S (SBAR (IN Since) (S (NP (DT this) (NN book)) (VP (VBZ is) (VP (VBN based) (PP (IN on) (NP (NP (NNS methods)) (SBAR (WHNP (WDT that)) (S (VP (VBP use) (NP (NP (NNS rewards)) (PP (IN for) (NP (NP (CC both) (NP (JJ positive) (NN reinforcement)) (CC and) (NP (JJ negative) (NN punishment))) (, ,) (SBAR (WHNP (WDT that)) (S (VP (VBZ is) (NP (DT the) (NN reason))))))))))))))))) (NP (DT this) (NN book)) (VP (VBZ uses) (S (NP (DT the) (NN term)) (`` ``) (ADJP (JJ reward-based) ('' '') (PP (RB rather) (IN than) (ADJP (`` ``) (JJ positive) ('' ''))) (PP (IN in) (NP (DT the) (NN title)))))) (. .))) "
138,12,15,those,period,"* Dogs on a training schedule bring all their energy to those short training periods , and tend to work with high motivation and focus .","(ROOT (FRAG (SBAR (X (SYM *)) (S (NP (NP (NNS Dogs)) (PP (IN on) (NP (DT a) (NN training) (NN schedule)))) (VP (VP (VB bring) (NP (DT all) (PRP$ their) (NN energy)) (PP (TO to) (NP (DT those) (JJ short) (NN training) (NNS periods)))) (, ,) (CC and) (VP (VB tend) (S (VP (TO to) (VP (VB work) (PP (IN with) (NP (JJ high) (NN motivation) (CC and) (NN focus)))))))))) (. .))) "
143,18,20,that,approach,"Unless you have reason to believe that more activity will give your dogs a competitive advantage over that time-honored approach to training , even though you may train only one or two dogs , you may want to provide your dogs with the same kind of schedule that the Pros give their dogs .","(ROOT (S (SBAR (IN Unless) (S (NP (PRP you)) (VP (VBP have) (NP (NN reason) (S (VP (TO to) (VP (VB believe) (SBAR (IN that) (S (NP (JJR more) (NN activity)) (VP (MD will) (VP (VB give) (NP (PRP$ your) (NNS dogs)) (NP (NP (DT a) (JJ competitive) (NN advantage)) (PP (IN over) (NP (DT that) (JJ time-honored) (NN approach)))) (PP (TO to) (NP (NN training))))))))))) (, ,) (SBAR (RB even) (IN though) (S (NP (PRP you)) (VP (MD may) (VP (VB train) (NP (NP (RB only) (CD one)) (CC or) (NP (CD two) (NNS dogs)))))))))) (, ,) (NP (PRP you)) (VP (MD may) (VP (VB want) (S (VP (TO to) (VP (VB provide) (NP (PRP$ your) (NNS dogs)) (PP (IN with) (NP (NP (DT the) (JJ same) (NN kind)) (PP (IN of) (NP (NN schedule))))) (SBAR (IN that) (S (NP (DT the) (NNS Pros)) (VP (VBP give) (NP (PRP$ their) (NNS dogs)))))))))) (. .))) "
155,14,15,that,behavior,"It can transfer from being a general behavior to becoming specifically associated with that behavior , and it 's _ much _ more difficult to untrain later .","(ROOT (S (S (NP (PRP It)) (VP (MD can) (VP (VB transfer) (PP (IN from) (S (VP (VBG being) (NP (NP (DT a) (JJ general) (NN behavior)) (PP (TO to) (S (VP (VBG becoming) (VP (ADVP (RB specifically)) (VBN associated) (PP (IN with) (NP (DT that) (NN behavior)))))))))))))) (, ,) (CC and) (S (NP (PRP it)) (VP (VBZ 's) (ADJP (ADJP (ADJP (RB _) (JJ much)) (ADJP (RB _) (RBR more) (JJ difficult))) (PP (TO to) (ADJP (JJ untrain)))) (ADVP (RB later)))) (. .))) "
169,13,15,this,toy,"When the dog grabs your new toy , resume enthusiastic tug with this new toy , while using your other hand to slip the other toy away from the dog .","(ROOT (S (SBAR (WHADVP (WRB When)) (S (NP (DT the) (NN dog)) (VP (VBZ grabs) (NP (PRP$ your) (JJ new) (NN toy))))) (, ,) (VP (VB resume) (NP (JJ enthusiastic) (NN tug)) (PP (IN with) (NP (NP (DT this) (JJ new) (NN toy)) (, ,) (SBAR (IN while) (S (VP (VBG using) (NP (PRP$ your) (JJ other) (NN hand)) (S (VP (TO to) (VP (VB slip) (NP (DT the) (JJ other) (NN toy)) (ADVP (RB away)) (PP (IN from) (NP (DT the) (NN dog)))))))))))) (. .))) "
174,48,49,this,manual,"php?title = User : Lindsay_Ridgeway / Reward-based_Field_Training_for_Retrievers / Foundation_Behaviors & action = edit & section = T-5 -RRB- -RSB- As discussed in _ -LSB- How to Use This Book -RSB- -LRB- / wiki/User : Lindsay_Ridgeway / Reward-based_Field_Training_for_Retrievers / How_to_Use_This_Book -RRB- _ , the first few chapters of this manual describe training that is to occur in parallel , not in sequence one chapter after another .","(ROOT (NP (NP (NN php?title) (JJ =) (NN User)) (: :) (NP (NP (NN Lindsay_Ridgeway) (: /) (NNS Reward-based_Field_Training_for_Retrievers)) (PRN (: /) (S (NP (NNS Foundation_Behaviors)) (NP (CC &) (NP (NN action) (JJ =) (NN edit)) (CC &) (NP (NN section) (JJ =) (NN T-5)))) (-RRB- -RRB-)) (SBAR (-RRB- -RSB-) (S (SBAR (IN As) (S (S (VP (VBN discussed) (PP (IN in) (NP (NN _))))) (VP (-LRB- -LSB-) (SBAR (WHADVP (WRB How)) (S (VP (TO to) (VP (VB Use) (NP (NP (DT This) (NN Book)) (PP (-RRB- -RSB-) (NP (PRN (-LRB- -LRB-) (NP (NP (: /) (NN wiki/User)) (: :) (NP (NP (NN Lindsay_Ridgeway) (: /) (NNS Reward-based_Field_Training_for_Retrievers)) (PP (: /) (NP (NN How_to_Use_This_Book))))) (-RRB- -RRB-)) (NN _))))))))))) (, ,) (NP (NP (DT the) (JJ first) (JJ few) (NNS chapters)) (PP (IN of) (NP (DT this) (JJ manual)))) (VP (VBP describe) (NP (NP (NN training)) (SBAR (WHNP (WDT that)) (S (VP (VBZ is) (S (VP (TO to) (VP (VB occur) (PP (PP (IN in) (NP (NN parallel))) (, ,) (RB not) (PP (IN in) (NP (NN sequence) (CD one) (NN chapter)))) (PP (IN after) (NP (DT another)))))))))))))) (. .))) "
192,24,25,that,version,"Once that is occuring reliably , after 3-5 times , limit your clicks to the longer , more accurate glances , and strengthen that version of the behavior for several clicks .","(ROOT (S (SBAR (RB Once) (S (NP (DT that)) (VP (VBZ is) (VP (VBG occuring) (ADVP (RB reliably)) (, ,) (PP (IN after) (NP (CD 3-5) (NNS times))))))) (, ,) (VP (VP (VB limit) (NP (PRP$ your) (NNS clicks)) (PP (TO to) (NP (ADJP (DT the) (ADJP (RBR longer)) (, ,) (ADJP (RBR more) (JJ accurate))) (NNS glances)))) (, ,) (CC and) (VP (VB strengthen) (NP (NP (DT that) (NN version)) (PP (IN of) (NP (NP (DT the) (NN behavior)) (PP (IN for) (NP (JJ several) (NNS clicks)))))))) (. .))) "
195,4,5,those,stimulus,"Again , fade those stimuli as quickly as possible so the dog is seeking eye contact without any action on your part .","(ROOT (S (ADVP (RB Again)) (, ,) (VP (VB fade) (NP (DT those) (NNS stimuli)) (ADVP (ADVP (RB as) (RB quickly)) (PP (IN as) (ADJP (JJ possible)))) (SBAR (IN so) (S (NP (DT the) (NN dog)) (VP (VBZ is) (VP (VBG seeking) (NP (NN eye) (NN contact)) (PP (IN without) (NP (NP (DT any) (NN action)) (PP (IN on) (NP (PRP$ your) (NN part)))))))))) (. .))) "
197,14,15,this,exercise,"For example , you can hand feed the dog 's entire meal with this exercise .","(ROOT (S (PP (IN For) (NP (NN example))) (, ,) (NP (PRP you)) (VP (MD can) (VP (VB hand) (VP (VB feed) (NP (NP (DT the) (NN dog) (POS 's)) (JJ entire) (NN meal)) (PP (IN with) (NP (DT this) (NN exercise)))))) (. .))) "
199,3,4,this,training,* Repeat this training in a non-distracting environment until the dog understands the game entirely .,(ROOT (FRAG (X (X (X (SYM *)) (NP (NN Repeat))) (NP (NP (DT this) (NN training)) (PP (IN in) (NP (NP (DT a) (JJ non-distracting) (NN environment)) (PP (IN until) (NP (DT the) (NN dog))))))) (VP (VBZ understands) (NP (DT the) (NN game)) (ADVP (RB entirely))) (. .))) 
211,65,66,that,reflex,"If you _ are _ going to use the dog 's name for both `` watch '' and/or recall , and _ also _ as a send-out on marks , and you plan to train the `` watch '' / recall version to a reflexive response that you want the dog responding to without thinking , it might be useful to be aware of that reflex when you use the identical cue as a send-out .","(ROOT (S (S (S (SBAR (IN If) (S (NP (PRP you)) (VP (VBP _)))) (VP (VP (VBP are) (ADVP (CD _)) (VP (VBG going) (S (VP (TO to) (VP (VB use) (NP (NP (NP (DT the) (NN dog) (POS 's)) (NN name)) (PP (IN for) (NP (DT both) (`` ``) (NN watch) ('' ''))))))))) (CC and/or) (VP (NP (NP (NP (NN recall)) (, ,) (CC and) (NP (NN _))) (CONJP (RB also) (RB _) (IN as)) (NP (DT a) (NN send-out))) (PP (IN on) (NP (NNS marks)))))) (, ,) (CC and) (S (NP (PRP you)) (VP (VBP plan) (S (VP (TO to) (VP (VB train) (NP (DT the) (`` ``) (NN watch) ('' '') (: /) (NN recall) (NN version)) (PP (TO to) (NP (DT a) (JJ reflexive) (NN response))) (SBAR (IN that) (S (NP (PRP you)) (VP (VBP want) (NP (NP (DT the) (NN dog)) (VP (VBG responding) (PP (TO to)) (PP (IN without) (NP (NN thinking)))))))))))))) (, ,) (NP (PRP it)) (VP (MD might) (VP (VB be) (ADJP (JJ useful) (S (VP (TO to) (VP (VB be) (ADJP (JJ aware) (PP (IN of) (NP (DT that) (JJ reflex)))) (SBAR (WHADVP (WRB when)) (S (NP (PRP you)) (VP (VBP use) (NP (DT the) (JJ identical) (NN cue)) (PP (IN as) (NP (DT a) (NN send-out)))))))))))) (. .))) "
213,5,6,that,way,Thus using his name that way may serve to strengthen it an attention and recall cue .,(ROOT (SINV (ADVP (RB Thus)) (VP (VBG using) (NP (NP (PRP$ his) (NN name)) (NP (DT that) (NN way)))) (VP (MD may) (VP (VB serve) (S (VP (TO to) (VP (VB strengthen) (NP (PRP it))))))) (NP (NP (DT an) (NN attention)) (CC and) (NP (NN recall) (NN cue))) (. .))) 
218,15,16,this,information,Note to Lindsay : Update `` leave it '' and `` sit '' with this information .,(ROOT (S (VP (VB Note) (PP (TO to) (NP (NNP Lindsay))) (: :) (S (NP (NNP Update)) (`` ``) (VP (VP (VB leave) (NP (PRP it))) ('' '') (CC and) (`` ``) (VP (VB sit) ('' '') (PP (IN with) (NP (DT this) (NN information))))))) (. .))) 
255,108,109,those,situation,"php?title = User : Lindsay_Ridgeway / Reward-based_Field_Training_for_Retrievers / Basic_Retriever_Skills & action = edit & section = T-2 -RRB- -RSB- Field retrievers need to be able to sit on cue in a number of different situations : * While waiting in a blind * After coming to heel on either side at the line , for a marked or blind retrieve * When delivering the bird after a retrieve * During handling , before a `` back '' or `` over '' cue * In numerous non-fieldwork situations , such as when arriving at the curb before crossing a street For the experienced dog , in many of those situations , the context acts as the cue , and the only reason to have a verbal cue is during the training phase .","(ROOT (NP (NP (NN php?title) (JJ =) (NN User)) (: :) (NP (NP (NN Lindsay_Ridgeway) (: /) (NNS Reward-based_Field_Training_for_Retrievers)) (PRN (: /) (S (NP (NNP Basic_Retriever_Skills)) (NP (CC &) (NP (NN action) (JJ =) (NN edit)) (CC &) (NP (NN section) (JJ =) (NN T-2)))) (-RRB- -RRB-)) (-RRB- -RSB-) (SBAR (SBAR (S (NP (NN Field) (NNS retrievers)) (VP (VBP need) (S (VP (TO to) (VP (VB be) (ADJP (JJ able) (S (VP (TO to) (VP (VB sit) (PP (IN on) (NP (NN cue))) (PP (IN in) (NP (NP (DT a) (NN number)) (PP (IN of) (NP (JJ different) (NNS situations))))))))))))) (: :) (SBAR (X (SYM *)) (S (SBAR (IN While) (S (VP (VBG waiting) (PP (IN in) (NP (DT a) (JJ blind) (NN *))) (PP (IN After) (S (VP (VBG coming) (PP (TO to) (NP (NN heel))) (PP (IN on) (NP (NP (DT either) (NN side)) (PP (IN at) (NP (DT the) (NN line))))))))))) (, ,) (PP (IN for) (NP (DT a) (ADJP (JJ marked) (CC or) (JJ blind)))) (VP (VBP retrieve)))))) (SBAR (X (SYM *)) (S (SBAR (WHADVP (WRB When)) (S (VP (VBG delivering) (NP (DT the) (NN bird)) (ADVP (IN after) (DT a))))) (VP (VBP retrieve) (SBAR (S (S (X (SYM *)) (PP (IN During) (NP (NN handling))) (, ,) (SBAR (IN before) (S (NP (DT a) (NP (`` ``) (NP (RB back)) ('' '') (PP (CC or) (NP (`` ``) (RB over) ('' ''))))) (VP (NN cue) (PP (X (SYM *)) (IN In) (NP (NP (JJ numerous) (JJ non-fieldwork) (NNS situations)) (, ,) (NP (JJ such)))) (PP (IN as) (SBAR (WHADVP (WRB when)) (S (VP (VBG arriving) (PP (IN at) (NP (DT the) (NN curb))) (PP (IN before) (S (VP (VBG crossing) (S (NP (DT a) (NN street)) (PP (IN For) (NP (DT the) (JJ experienced) (NN dog))))))))))) (, ,) (PP (IN in) (NP (NP (JJ many)) (PP (IN of) (NP (DT those) (NNS situations)))))))) (, ,) (NP (DT the) (NN context)) (VP (VBZ acts) (PP (IN as) (NP (DT the) (NN cue))))) (, ,) (CC and) (S (NP (DT the) (JJ only) (NN reason) (S (VP (TO to) (VP (VB have) (NP (DT a) (JJ verbal) (NN cue)))))) (VP (VBZ is) (PP (IN during) (NP (DT the) (NN training) (NN phase)))))))))))) (. .))) "
260,12,13,those,way,"It is unnecessary to train `` sit '' in either of those ways , and both create additional associations within the learning process that are unrelated to the desired behavior and that the dog will eventually need to unlearn .","(ROOT (S (S (NP (PRP It)) (VP (VBZ is) (ADJP (JJ unnecessary) (S (VP (TO to) (VP (VB train) (VP (`` ``) (VB sit) ('' '') (PP (IN in) (NP (NP (DT either)) (PP (IN of) (NP (DT those) (NNS ways)))))))))))) (, ,) (CC and) (S (NP (DT both)) (VP (VBP create) (NP (JJ additional) (NNS associations)) (PP (IN within) (NP (DT the) (NN learning) (NN process))) (SBAR (SBAR (WHNP (WDT that)) (S (VP (VBP are) (ADJP (JJ unrelated) (PP (TO to) (NP (DT the) (VBN desired) (NN behavior))))))) (CC and) (SBAR (IN that) (S (NP (DT the) (NN dog)) (VP (MD will) (ADVP (RB eventually)) (VP (VB need) (S (VP (TO to) (VP (VB unlearn))))))))))) (. .))) "
261,6,7,those,method,"For example , both of those methods require the trainer to be in close proximity to the dog , whereas field dogs need to learn to sit when cued even from hundreds of yards away .","(ROOT (S (PP (IN For) (NP (NN example))) (, ,) (NP (NP (DT both)) (PP (IN of) (NP (DT those) (NNS methods)))) (VP (VBP require) (S (NP (DT the) (NN trainer)) (VP (TO to) (VP (VB be) (PP (IN in) (NP (JJ close) (NN proximity))) (PP (TO to) (NP (DT the) (NN dog)))))) (, ,) (SBAR (IN whereas) (S (NP (NN field) (NNS dogs)) (VP (VBP need) (S (VP (TO to) (VP (VB learn) (S (VP (TO to) (VP (VB sit) (SBAR (WHADVP (WRB when)) (S (VP (VBN cued) (ADVP (RB even)) (PP (IN from) (NP (NP (NNS hundreds)) (PP (IN of) (NP (NNS yards))))) (ADVP (RB away))))))))))))))) (. .))) "
293,4,5,those,criterion,"Although any of those criteria might be desirable for some performance dogs , it is advantageous for the retriever to be able to sit on cue in any position and at any distance .","(ROOT (S (SBAR (IN Although) (S (NP (NP (DT any)) (PP (IN of) (NP (DT those) (NNS criteria)))) (VP (MD might) (VP (VB be) (ADJP (JJ desirable) (PP (IN for) (NP (DT some) (NN performance) (NNS dogs)))))))) (, ,) (NP (PRP it)) (VP (VBZ is) (ADJP (JJ advantageous) (PP (IN for) (NP (DT the) (NN retriever)))) (S (VP (TO to) (VP (VB be) (ADJP (JJ able) (S (VP (TO to) (VP (VB sit) (PP (PP (IN on) (NP (NP (NN cue)) (PP (IN in) (NP (DT any) (NN position))))) (CC and) (PP (IN at) (NP (DT any) (NN distance)))))))))))) (. .))) "
298,40,41,those,position,"It is generally not necessary for a field dog to respond to `` sit '' from any other position besides standing , but if you wish for the dog to be able to respond to `` sit '' from those positions , realize that you will have to train them separately .","(ROOT (S (NP (PRP It)) (VP (VBZ is) (ADVP (RB generally)) (RB not) (ADJP (JJ necessary) (PP (IN for) (NP (DT a) (NN field) (NN dog)))) (SBAR (SBAR (S (VP (TO to) (VP (VB respond) (S (VP (TO to) (VP (`` ``) (VB sit) ('' '') (PP (IN from) (NP (NP (DT any) (JJ other) (NN position)) (PP (IN besides) (NP (NN standing)))))))))))) (, ,) (CC but) (SBAR (IN if) (S (NP (PRP you)) (VP (VBP wish) (PP (IN for) (NP (DT the) (NN dog) (S (VP (TO to) (VP (VB be) (ADJP (JJ able) (S (VP (TO to) (VP (VB respond) (S (VP (TO to) (VP (`` ``) (VB sit) ('' '') (PP (IN from) (NP (NP (DT those) (NNS positions)) (, ,) (VP (VBP realize) (SBAR (IN that) (S (NP (PRP you)) (VP (MD will) (VP (VB have) (S (VP (TO to) (VP (VB train) (NP (PRP them)) (ADVP (RB separately))))))))))))))))))))))))))))) (. .))) "
302,29,32,that,moment,"Many trainers feel that when a dog is learning a new behavior , he may need time to think about the cue , and the trainer watches for that `` lightbulb moment '' when the dog seems to figure out what you 're asking him to do , that is , what will earn him reinforcement .","(ROOT (S (S (NP (JJ Many) (NNS trainers)) (VP (VBP feel) (SBAR (IN that) (S (SBAR (WHADVP (WRB when)) (S (NP (DT a) (NN dog)) (VP (VBZ is) (VP (VBG learning) (NP (DT a) (JJ new) (NN behavior)))))) (, ,) (NP (PRP he)) (VP (MD may) (VP (VB need) (NP (NN time)) (S (VP (TO to) (VP (VB think) (PP (IN about) (NP (DT the) (NN cue)))))))))))) (, ,) (CC and) (S (NP (DT the) (NN trainer)) (VP (VBZ watches) (PP (IN for) (NP (NP (DT that) (`` ``) (NN lightbulb) (NN moment) ('' '')) (SBAR (WHADVP (WRB when)) (S (NP (DT the) (NN dog)) (VP (VBZ seems) (S (VP (TO to) (VP (VB figure) (PRT (RP out)) (SBAR (WHNP (WP what)) (S (NP (PRP you)) (VP (VBP 're) (VP (VBG asking) (S (NP (PRP him)) (VP (TO to) (VP (VB do) (, ,) (INTJ (DT that) (VBZ is)) (, ,) (SBAR (WHNP (WP what)) (S (VP (MD will) (VP (VB earn) (NP (PRP him)) (NP (NN reinforcement))))))))))))))))))))))) (. .))) "
309,10,11,that,way,"You may never get to see a lightbulb moment that way , but you also wo n't have to extinguish slow latency later .","(ROOT (S (S (NP (PRP You)) (VP (MD may) (ADVP (RB never)) (VP (VB get) (S (VP (TO to) (VP (VB see) (NP (DT a) (NN lightbulb) (NN moment)) (FRAG (WHNP (WDT that) (NN way))))))))) (, ,) (CC but) (S (NP (PRP you)) (ADVP (RB also)) (VP (MD wo) (RB n't) (VP (VB have) (S (VP (TO to) (VP (VB extinguish) (NP (JJ slow) (NN latency)) (ADVP (RB later)))))))) (. .))) "
336,4,5,that,concept,"As simple as that concept may sound , it takes dogs time to learn it , and it 's a lesson they have to learn many times before they begin to generalize it for new distractions and other behaviors .","(ROOT (S (S (SBAR (IN As) (S (NP (NP (JJ simple)) (PP (IN as) (NP (DT that) (NN concept)))) (VP (MD may) (VP (VB sound))))) (, ,) (NP (PRP it)) (VP (VBZ takes) (S (NP (NNS dogs) (NN time)) (VP (TO to) (VP (VB learn) (NP (PRP it))))))) (, ,) (CC and) (S (NP (PRP it)) (VP (VBZ 's) (NP (NP (DT a) (NN lesson)) (SBAR (S (NP (PRP they)) (VP (VBP have) (S (VP (TO to) (VP (VB learn) (NP (JJ many) (NNS times)) (SBAR (IN before) (S (NP (PRP they)) (VP (VBP begin) (S (VP (TO to) (VP (VB generalize) (NP (PRP it)) (PP (IN for) (NP (NP (JJ new) (NNS distractions)) (CC and) (NP (JJ other) (NNS behaviors))))))))))))))))))) (. .))) "
365,3,4,this,way,"Continue in this way until you 've got fairly good distance , perhaps 6-8 feet .","(ROOT (S (VP (VB Continue) (PP (IN in) (NP (DT this) (NN way))) (SBAR (IN until) (S (NP (PRP you)) (VP (VBP 've) (VP (VBN got) (NP (ADJP (RB fairly) (JJ good)) (NN distance)))))) (, ,) (ADVP (RB perhaps) (NP (CD 6-8) (NNS feet)))) (. .))) "
387,57,58,that,possibility,"php?title = User : Lindsay_Ridgeway / Reward-based_Field_Training_for_Retrievers / Basic_Retriever_Skills & action = edit & section = T-12 -RRB- -RSB- * Prerequisites : `` touch '' -LRB- hand target -RRB- , `` sit '' , and sit while holding an article in the mouth Note : Laddie sat without dropping the article without that being trained ; that possibility needs to be integrated into this section .","(ROOT (S (S (NP (NP (NN php?title) (JJ =) (NN User)) (: :) (NP (NP (NN Lindsay_Ridgeway) (: /) (NNS Reward-based_Field_Training_for_Retrievers)) (PRN (: /) (S (NP (NNP Basic_Retriever_Skills)) (NP (CC &) (NP (NN action) (JJ =) (NN edit)) (CC &) (NP (NN section) (JJ =) (NN T-12)))) (-RRB- -RRB-)) (SBAR (S (VP (-RRB- -RSB-) (X (SYM *)) (NP (NP (NNPS Prerequisites)) (: :) (NP (`` ``) (NP (NN touch)) ('' '') (PRN (-LRB- -LRB-) (NP (NN hand) (NN target)) (-RRB- -RRB-)))))))) (, ,)) (VP (VP (`` ``) (VB sit) ('' '')) (, ,) (CC and) (VP (VB sit) (SBAR (IN while) (S (VP (VBG holding) (NP (NP (DT an) (NN article)) (PP (IN in) (NP (DT the) (NN mouth) (VB Note)))))))))) (: :) (S (NP (NNP Laddie)) (VP (VBD sat) (PP (IN without) (S (VP (VBG dropping) (NP (DT the) (NN article)) (PP (IN without) (NP (NP (DT that)) (VP (VBG being) (VP (VBN trained)))))))))) (: ;) (S (NP (DT that) (NN possibility)) (VP (VBZ needs) (S (VP (TO to) (VP (VB be) (VP (VBN integrated) (PP (IN into) (NP (DT this) (NN section))))))))) (. .))) "
387,64,65,this,section,"php?title = User : Lindsay_Ridgeway / Reward-based_Field_Training_for_Retrievers / Basic_Retriever_Skills & action = edit & section = T-12 -RRB- -RSB- * Prerequisites : `` touch '' -LRB- hand target -RRB- , `` sit '' , and sit while holding an article in the mouth Note : Laddie sat without dropping the article without that being trained ; that possibility needs to be integrated into this section .","(ROOT (S (S (NP (NP (NN php?title) (JJ =) (NN User)) (: :) (NP (NP (NN Lindsay_Ridgeway) (: /) (NNS Reward-based_Field_Training_for_Retrievers)) (PRN (: /) (S (NP (NNP Basic_Retriever_Skills)) (NP (CC &) (NP (NN action) (JJ =) (NN edit)) (CC &) (NP (NN section) (JJ =) (NN T-12)))) (-RRB- -RRB-)) (SBAR (S (VP (-RRB- -RSB-) (X (SYM *)) (NP (NP (NNPS Prerequisites)) (: :) (NP (`` ``) (NP (NN touch)) ('' '') (PRN (-LRB- -LRB-) (NP (NN hand) (NN target)) (-RRB- -RRB-)))))))) (, ,)) (VP (VP (`` ``) (VB sit) ('' '')) (, ,) (CC and) (VP (VB sit) (SBAR (IN while) (S (VP (VBG holding) (NP (NP (DT an) (NN article)) (PP (IN in) (NP (DT the) (NN mouth) (VB Note)))))))))) (: :) (S (NP (NNP Laddie)) (VP (VBD sat) (PP (IN without) (S (VP (VBG dropping) (NP (DT the) (NN article)) (PP (IN without) (NP (NP (DT that)) (VP (VBG being) (VP (VBN trained)))))))))) (: ;) (S (NP (DT that) (NN possibility)) (VP (VBZ needs) (S (VP (TO to) (VP (VB be) (VP (VBN integrated) (PP (IN into) (NP (DT this) (NN section))))))))) (. .))) "
428,4,5,this,training,A prerequisite to this training is the dog responding to a hand target -LRB- see the section -LSB- Hand Target -RSB- -LRB- / wiki/User : Lindsay_Ridgeway / Reward-based_Field_Training_for_Retrievers / Foundation_Behaviors #Hand _ Target -RRB- in the chapter `` Foundation Behaviors '' -RRB- .,(ROOT (S (NP (NP (DT A) (NN prerequisite)) (PP (TO to) (NP (DT this) (NN training)))) (VP (VBZ is) (NP (NP (DT the) (NN dog)) (VP (VBG responding) (PP (TO to) (NP (NP (DT a) (NN hand) (NN target)) (PRN (-LRB- -LRB-) (S (VP (VB see) (NP (DT the) (NN section) (S (VP (-LRB- -LSB-) (VP (VB Hand) (NP (NN Target)) (NP (NP (NP (-RRB- -RSB-)) (PRN (-LRB- -LRB-) (NP (NP (: /) (NN wiki/User)) (: :) (NP (NP (NN Lindsay_Ridgeway) (: /) (NNS Reward-based_Field_Training_for_Retrievers) (: /) (NNS Foundation_Behaviors) (NN #Hand)) (NP (CD _) (NN Target)))) (-RRB- -RRB-))) (PP (IN in) (NP (DT the) (NN chapter) (`` ``) (NNP Foundation) (NNP Behaviors) ('' '')))))))))) (-RRB- -RRB-))))))) (. .))) 
438,15,16,that,side,"If the dog is less responsive on one side than the other , practice that side more until he is equally responsive on both sides .","(ROOT (S (SBAR (IN If) (S (NP (DT the) (NN dog)) (VP (VBZ is) (ADJP (RBR less) (JJ responsive) (PP (IN on) (NP (NP (CD one) (NN side)) (PP (IN than) (NP (DT the) (JJ other))))))))) (, ,) (NP (NN practice)) (PP (ADVP (NP (DT that) (NN side)) (RBR more)) (IN until) (NP (PRP he))) (VP (VBZ is) (ADJP (RB equally) (JJ responsive) (PP (IN on) (NP (DT both) (NNS sides))))) (. .))) "
446,4,5,that,behavior,"Continue to repeat that behavior , gradually requiring more and more behavior from your dog : * Instead of the dog being directly behind you , start with him pointed at your hip , then lead him 90 degrees around and into position .","(ROOT (S (VP (VP (VB Continue) (S (VP (TO to) (VP (VB repeat) (NP (DT that) (NN behavior)) (, ,) (S (ADVP (RB gradually)) (VP (VBG requiring) (NP (NP (ADJP (JJR more) (CC and) (JJR more)) (NN behavior)) (PP (IN from) (NP (PRP$ your) (NN dog)) (: :)) (X (SYM *))) (PP (RB Instead) (IN of) (NP (NP (DT the) (NN dog)) (VP (VBG being) (VP (ADVP (RB directly)) (PP (IN behind) (NP (PRP you))))))))))))) (, ,) (VP (VP (VB start) (SBAR (IN with) (S (NP (PRP him)) (VP (VBD pointed) (PP (IN at) (NP (PRP$ your) (NN hip))))))) (, ,) (RB then) (VP (VB lead) (NP (PRP him)))) (NP (CD 90) (NNS degrees)) (PP (IN around) (CC and) (IN into) (NP (NN position)))) (. .))) "
455,15,16,that,anticipation,"If he is not too far out of position , click and treat for that anticipation , so that he will learn to sit without the verbal cue .","(ROOT (S (SBAR (IN If) (S (NP (PRP he)) (VP (VBZ is) (RB not) (ADVP (RB too) (RB far) (IN out) (PP (IN of) (NP (NN position))))))) (, ,) (VP (VB click) (CC and) (VB treat) (PP (IN for) (NP (DT that) (NN anticipation))) (, ,) (SBAR (RB so) (IN that) (S (NP (PRP he)) (VP (MD will) (VP (VB learn) (S (VP (TO to) (VP (VB sit) (PP (IN without) (NP (DT the) (JJ verbal) (NN cue))))))))))) (. .))) "
468,6,7,those,event,"Typically , dogs competing in those events are restrained at the line with a check cord , and no honoring is required by the event .","(ROOT (S (ADVP (RB Typically)) (, ,) (S (NP (NP (NNS dogs)) (VP (VBG competing) (PP (IN in) (NP (DT those) (NNS events))))) (VP (VBP are) (VP (VBN restrained) (PP (IN at) (NP (NP (DT the) (NN line)) (PP (IN with) (NP (DT a) (NN check) (NN cord)))))))) (, ,) (CC and) (S (NP (DT no) (VBG honoring)) (VP (VBZ is) (VP (VBN required) (PP (IN by) (NP (DT the) (NN event)))))) (. .))) "
473,2,3,that,time,"At that time , Laddie had been practicing tug , `` sit '' , and retrieving for about four weeks .","(ROOT (S (PP (IN At) (NP (DT that) (NN time))) (, ,) (NP (NNP Laddie)) (VP (VBD had) (VP (VBN been) (VP (VBG practicing) (NP (NP (NN tug)) (, ,) (VP (`` ``) (VB sit) ('' '')) (, ,) (CC and) (NP (NP (VBG retrieving)) (PP (IN for) (PP (IN about) (NP (CD four) (NNS weeks))))))))) (. .))) "
478,16,17,that,response,"Put the dog on the ground , cue `` sit '' , and feed for that response .","(ROOT (S (VP (VB Put) (NP (NP (NP (DT the) (NN dog)) (PP (IN on) (NP (NP (DT the) (NN ground) (, ,) (NN cue)) (VP (`` ``) (VB sit) ('' ''))))) (, ,) (CC and) (NP (NP (NN feed)) (PP (IN for) (NP (DT that) (NN response)))))) (. .))) "
527,10,11,that,attitude,It is not necessary that the dog start with that attitude .,(ROOT (S (NP (PRP It)) (VP (VBZ is) (RB not) (ADJP (JJ necessary)) (SBAR (IN that) (S (NP (DT the) (NN dog)) (VP (VB start) (PP (IN with) (NP (DT that) (NN attitude))))))) (. .))) 
533,27,30,that,event,"When the dog is then enthusiastically praised , watered , and crated , he can lie quietly and think about the great job he did on that most recent event in his memory , visualizing it again and again and integrating it into his future behavior .","(ROOT (S (SBAR (WHADVP (WRB When)) (S (NP (DT the) (NN dog)) (VP (VBZ is) (RB then) (ADJP (RB enthusiastically) (SBAR (S (VP (VP (VBD praised)) (, ,) (VP (VBD watered)) (, ,) (CC and) (VP (VBD crated))))))))) (, ,) (NP (PRP he)) (VP (MD can) (VP (VP (VB lie) (ADVP (RB quietly))) (CC and) (VP (VB think) (PP (IN about) (NP (NP (DT the) (JJ great) (NN job)) (SBAR (S (NP (PRP he)) (VP (VBD did) (PP (IN on) (NP (NP (DT that) (RBS most) (JJ recent) (NN event)) (PP (IN in) (NP (PRP$ his) (NN memory))))) (, ,) (S (VP (VP (VBG visualizing) (NP (PRP it)) (ADVP (RB again) (CC and) (RB again))) (CC and) (VP (VBG integrating) (NP (PRP it)) (PP (IN into) (NP (PRP$ his) (JJ future) (NN behavior)))))))))))))) (. .))) "
553,7,8,that,state,You want him to be in that state of mind until the next time you bring him to the water .,(ROOT (S (NP (PRP You)) (VP (VBP want) (S (NP (PRP him)) (VP (TO to) (VP (VB be) (PP (IN in) (NP (NP (DT that) (NN state)) (PP (IN of) (NP (NN mind))))) (PP (IN until) (NP (NP (DT the) (JJ next) (NN time)) (SBAR (S (NP (PRP you)) (VP (VBP bring) (NP (PRP him)) (PP (TO to) (NP (DT the) (NN water)))))))))))) (. .))) 
560,2,3,this,game,"Play this game at home , then in the yard : Train noise as a recall cue : bang -LRB- softly at first -RRB- , then feed ; gradually , add distance and volume 3 .","(ROOT (S (VP (VP (VB Play) (NP (DT this) (NN game)) (PP (IN at) (NP (NP (NP (NP (NN home)) (, ,) (ADVP (RB then) (PP (IN in) (NP (DT the) (NN yard))))) (: :) (NP (NP (NN Train) (NN noise)) (PP (IN as) (NP (DT a) (NN recall) (NN cue)))) (: :) (NP (NP (NN bang)) (PRN (-LRB- -LRB-) (PP (ADVP (RB softly)) (IN at) (ADJP (JJ first))) (-RRB- -RRB-)) (, ,) (NP (RB then) (NN feed)))) (: ;) (ADVP (RB gradually))))) (, ,) (VP (VB add) (NP (NN distance) (CC and) (NN volume))) (NP (CD 3))) (. .))) "
561,2,3,this,game,"Play this game at home , then in the yard : Have `` gunner '' throw cookie sheet , then throw food on the cookie sheet -LRB- simulates running toward the gunner on a marked retrieve -RRB- 4 .","(ROOT (S (S (VP (VB Play) (NP (DT this) (NN game)) (PP (IN at) (NP (NN home))))) (, ,) (S (ADVP (RB then)) (PP (IN in) (NP (DT the) (NN yard))) (: :) (VP (VBP Have) (S (NP (`` ``) (NN gunner) ('' '')) (VP (VP (VB throw) (NP (NN cookie) (NN sheet))) (, ,) (RB then) (VP (VP (VB throw) (NP (NN food)) (PP (IN on) (NP (DT the) (NN cookie) (NN sheet)))) (PRN (-LRB- -LRB-) (S (VP (VBZ simulates) (SBAR (S (S (VP (VBG running) (PP (IN toward) (NP (NP (DT the) (NN gunner)) (PP (IN on) (NP (DT a) (JJ marked))))))) (VP (VBP retrieve)))))) (-RRB- -RRB-)) (NP (CD 4))))))) (. .))) "
608,21,23,this,use,php?title = User : Lindsay_Ridgeway / Reward-based_Field_Training_for_Retrievers / Marked_Retrieve & action = edit & section = T-3 -RRB- -RSB- Should this section use `` fetch '' or `` give it '' ?,(ROOT (FRAG (NP (NP (NN php?title) (JJ =) (NN User)) (: :) (NP (NP (NN Lindsay_Ridgeway)) (PP (: /) (NP (NP (NNS Reward-based_Field_Training_for_Retrievers)) (PRN (: /) (S (NP (NNP Marked_Retrieve)) (NP (CC &) (NP (NN action) (JJ =) (NN edit)) (CC &) (NP (NN section) (JJ =) (NN T-3)))) (-RRB- -RRB-)))))) (-RRB- -RSB-) (SINV (MD Should) (NP (DT this) (NN section) (NN use)) (VP (VP (`` ``) (VB fetch) ('' '')) (CC or) (VP (`` ``) (VB give) (NP (PRP it)) ('' '')))) (. ?))) 
653,16,18,those,session,"Limit each session to about ten clicks and treats , and use as many of those short sessions per day as you have time for , but _ only _ when your pup shows great enthusiasm for the game .","(ROOT (S (NP (NN Limit)) (VP (VP (NP (DT each) (NN session) (S (VP (TO to)))) (PP (IN about) (NP (CD ten) (NNS clicks)))) (CC and) (VP (VP (VBZ treats)) (, ,) (CC and) (VP (VP (VB use) (NP (NP (QP (RB as) (JJ many))) (PP (IN of) (NP (NP (DT those) (JJ short) (NNS sessions)) (PP (IN per) (NP (NN day)))))) (SBAR (IN as) (S (NP (PRP you)) (VP (VBP have) (NP (NN time)) (PP (IN for)))))) (, ,) (CC but) (ADVP (NP (CD _)) (RB only)) (VP (ADVP (RB _)) (SBAR (WHADVP (WRB when)) (S (NP (PRP$ your) (NN pup)) (VP (VBZ shows) (NP (NP (JJ great) (NN enthusiasm)) (PP (IN for) (NP (DT the) (NN game))))))))))) (. .))) "
659,9,10,that,way,But many dogs do not carry all articles that way .,(ROOT (S (CC But) (NP (JJ many) (NNS dogs)) (VP (VBP do) (RB not) (VP (VB carry) (NP (DT all) (NNS articles)) (NP (WDT that) (NN way)))) (. .))) 
679,17,18,those,activity,"But in the early weeks of training `` give it '' , he may not find those activities sufficiently reinforcing to return the article to hand , or he may not have been sufficiently conditioned to understand the relationship between return to hand and the reinforcer .","(ROOT (S (CC But) (PP (IN in) (NP (NP (DT the) (JJ early) (NNS weeks)) (PP (IN of) (NP (NN training))))) (S (S (VP (`` ``) (VB give) (NP (PRP it)) ('' ''))) (, ,) (NP (PRP he)) (VP (MD may) (RB not) (VP (VB find) (NP (DT those) (NNS activities)) (ADVP (RB sufficiently) (VP (VBG reinforcing) (S (VP (TO to) (VP (VB return) (NP (DT the) (NN article)) (PP (TO to) (NP (NN hand))))))))))) (, ,) (CC or) (S (NP (PRP he)) (VP (MD may) (RB not) (VP (VB have) (VP (VBN been) (ADJP (RB sufficiently) (VBN conditioned) (S (VP (TO to) (VP (VB understand) (NP (NP (DT the) (NN relationship)) (PP (IN between) (NP (NN return)))) (PP (TO to) (NP (NP (NN hand)) (CC and) (NP (DT the) (NN reinforcer)))))))))))) (. .))) "
682,2,3,that,case,"In that case , again , you can use food to build reinforcement history for the retrieve to hand wherever needed .","(ROOT (S (PP (IN In) (NP (DT that) (NN case))) (, ,) (ADVP (RB again)) (, ,) (NP (PRP you)) (VP (MD can) (VP (VB use) (NP (NN food)) (S (VP (TO to) (VP (VB build) (NP (NN reinforcement) (NN history)) (SBAR (IN for) (S (NP (DT the)) (VP (VBP retrieve) (PP (TO to) (NP (NN hand))) (SBAR (WHADVP (WRB wherever)) (S (VP (VBN needed)))))))))))) (. .))) "
704,9,11,this,rep,"Whether you see an improvement or not in this next rep , reinforce it .","(ROOT (S (SBAR (IN Whether) (S (NP (PRP you)) (VP (VBP see) (NP (NP (DT an) (NN improvement)) (ADVP (CC or) (RB not)) (PP (IN in) (NP (DT this) (JJ next) (NN rep))))))) (, ,) (VP (VB reinforce) (NP (PRP it))) (. .))) "
707,13,14,this,dog,"That may mean that you 've set your criteria too high for this dog in this session , so you need to lower your criteria or your rate of reinforcement will drop too low .","(ROOT (S (S (NP (DT That)) (VP (MD may) (VP (VB mean) (SBAR (IN that) (S (NP (PRP you)) (VP (VBP 've) (VP (VBN set) (S (NP (PRP$ your) (NNS criteria)) (ADJP (RB too) (JJ high) (PP (IN for) (NP (NP (DT this) (NN dog)) (PP (IN in) (NP (DT this) (NN session)))))))))))))) (, ,) (RB so) (S (S (NP (PRP you)) (VP (VBP need) (S (VP (TO to) (VP (VB lower) (NP (PRP$ your) (NNS criteria))))))) (CC or) (S (NP (NP (PRP$ your) (NN rate)) (PP (IN of) (NP (NN reinforcement)))) (VP (MD will) (VP (VB drop) (ADJP (RB too) (JJ low)))))) (. .))) "
707,16,17,this,session,"That may mean that you 've set your criteria too high for this dog in this session , so you need to lower your criteria or your rate of reinforcement will drop too low .","(ROOT (S (S (NP (DT That)) (VP (MD may) (VP (VB mean) (SBAR (IN that) (S (NP (PRP you)) (VP (VBP 've) (VP (VBN set) (S (NP (PRP$ your) (NNS criteria)) (ADJP (RB too) (JJ high) (PP (IN for) (NP (NP (DT this) (NN dog)) (PP (IN in) (NP (DT this) (NN session)))))))))))))) (, ,) (RB so) (S (S (NP (PRP you)) (VP (VBP need) (S (VP (TO to) (VP (VB lower) (NP (PRP$ your) (NNS criteria))))))) (CC or) (S (NP (NP (PRP$ your) (NN rate)) (PP (IN of) (NP (NN reinforcement)))) (VP (MD will) (VP (VB drop) (ADJP (RB too) (JJ low)))))) (. .))) "
727,6,10,this,zen,** _ Lindsay Ridgeway calls this idea _ retriever zen _ .,(ROOT (FRAG (X (X (SYM **)) (NP (NP (CD _)) (NP (NNP Lindsay) (NNP Ridgeway)))) (VP (VBZ calls) (NP (DT this) (NN idea) (CD _) (NN retriever) (NN zen) (CD _))) (. .))) 
728,13,14,this,distinction,"An obvious reason why the dog needs to be able to make this distinction is that in advanced tests and some hunting situations , the dog must ignore diversions and retrieve only the article the dog has been sent to .","(ROOT (S (NP (NP (DT An) (JJ obvious) (NN reason)) (SBAR (WHADVP (WRB why)) (S (NP (DT the) (NN dog)) (VP (VBZ needs) (S (VP (TO to) (VP (VB be) (ADJP (JJ able) (S (VP (TO to) (VP (VB make) (NP (DT this) (NN distinction))))))))))))) (VP (VBZ is) (SBAR (IN that) (S (PP (IN in) (NP (NP (JJ advanced) (NNS tests)) (CC and) (NP (DT some) (NN hunting) (NNS situations)))) (, ,) (NP (DT the) (NN dog)) (VP (MD must) (VP (VP (VB ignore) (NP (NNS diversions))) (CC and) (VP (VB retrieve) (NP (NP (RB only) (DT the) (NN article)) (SBAR (S (NP (DT the) (NN dog)) (VP (VBZ has) (VP (VBN been) (VP (VBN sent) (S (VP (TO to))))))))))))))) (. .))) "
729,2,3,this,phase,But this phase of training can not wait until needed for advanced work .,(ROOT (S (CC But) (NP (NP (DT this) (NN phase)) (PP (IN of) (NP (NN training)))) (VP (MD can) (RB not) (VP (VB wait) (SBAR (IN until) (S (VP (VBN needed) (PP (IN for) (NP (JJ advanced) (NN work)))))))) (. .))) 
734,11,12,this,concept,_ Three drills can be used in combination to train this concept : 1 .,(ROOT (S (NP (NP (NN _)) (NP (CD Three) (NNS drills))) (VP (MD can) (VP (VB be) (VP (VBN used) (PP (IN in) (NP (NN combination))) (S (VP (TO to) (VP (VB train) (NP (NP (DT this) (NN concept)) (: :) (NP (CD 1))))))))) (. .))) 
739,23,24,this,drill,php?title = User : Lindsay_Ridgeway / Reward-based_Field_Training_for_Retrievers / Marked_Retrieve & action = edit & section = T-11 -RRB- -RSB- The purpose of this drill is to proof the dog 's recall for distractions .,(ROOT (S (NP (NP (NP (NN php?title) (JJ =) (NN User)) (: :) (NP (NP (NP (NN Lindsay_Ridgeway) (: /) (NNS Reward-based_Field_Training_for_Retrievers)) (PP (: /) (NP (NNP Marked_Retrieve)))) (CC &) (NP (NP (NN action) (JJ =) (NN edit)) (CC &) (NP (NN section) (JJ =) (NN T-11)))) (-RRB- -RRB-)) (PP (-RRB- -RSB-) (NP (NP (DT The) (NN purpose)) (PP (IN of) (NP (DT this) (NN drill)))))) (VP (VBZ is) (PP (TO to) (NP (NN proof))) (NP (NP (NP (DT the) (NN dog) (POS 's)) (NN recall)) (PP (IN for) (NP (NNS distractions))))) (. .))) 
765,14,17,that,chain,"The goal is to refine that learning until the dog 's performance of that complex behavior chain called a `` retrieve '' is unquestioned , reflexive , and performed with speed and exuberance .","(ROOT (S (NP (DT The) (NN goal)) (VP (VBZ is) (S (VP (TO to) (VP (VB refine) (SBAR (IN that) (S (S (VP (VBG learning) (SBAR (IN until) (S (NP (NP (NP (DT the) (NN dog) (POS 's)) (NN performance)) (PP (IN of) (NP (DT that) (NN complex) (NN behavior) (NN chain)))) (VP (VBD called) (NP (DT a)) (VP (`` ``) (VB retrieve) ('' ''))))))) (VP (VBZ is) (ADJP (ADJP (JJ unquestioned) (, ,) (JJ reflexive)) (, ,) (CC and) (VP (VBN performed) (PP (IN with) (NP (NN speed) (CC and) (NN exuberance)))))))))))) (. .))) "
770,2,3,that,reason,"For that reason , the CNC Drill is used in combination with the Confidence Drill , which repairs that confusion and is described in the following section .","(ROOT (S (PP (IN For) (NP (DT that) (NN reason))) (, ,) (NP (DT the) (NNP CNC) (NNP Drill)) (VP (VP (VBZ is) (VP (VBN used) (PP (IN in) (NP (NP (NP (NN combination)) (PP (IN with) (NP (DT the) (NN Confidence) (NN Drill)))) (, ,) (SBAR (WHNP (WDT which)) (S (NP (NNS repairs)))))) (NP (WDT that) (NN confusion)))) (CC and) (VP (VBZ is) (VP (VBN described) (PP (IN in) (NP (DT the) (VBG following) (NN section)))))) (. .))) "
770,19,20,that,confusion,"For that reason , the CNC Drill is used in combination with the Confidence Drill , which repairs that confusion and is described in the following section .","(ROOT (S (PP (IN For) (NP (DT that) (NN reason))) (, ,) (NP (DT the) (NNP CNC) (NNP Drill)) (VP (VP (VBZ is) (VP (VBN used) (PP (IN in) (NP (NP (NP (NN combination)) (PP (IN with) (NP (DT the) (NN Confidence) (NN Drill)))) (, ,) (SBAR (WHNP (WDT which)) (S (NP (NNS repairs)))))) (NP (WDT that) (NN confusion)))) (CC and) (VP (VBZ is) (VP (VBN described) (PP (IN in) (NP (DT the) (VBG following) (NN section)))))) (. .))) "
798,7,8,this,drill,"When the dog is fluent with this drill , you should be able to continue walking at a brisk pace , or even running , and the dog should be able to pick up each article when cued and deliver it to your closest hand without stopping .","(ROOT (S (S (SBAR (WHADVP (WRB When)) (S (NP (DT the) (NN dog)) (VP (VBZ is) (ADJP (JJ fluent) (PP (IN with) (NP (DT this) (NN drill))))))) (, ,) (NP (PRP you)) (VP (MD should) (VP (VB be) (ADJP (ADJP (JJ able) (S (VP (TO to) (VP (VB continue) (S (VP (VBG walking) (PP (IN at) (NP (DT a) (JJ brisk) (NN pace))))))))) (, ,) (CC or) (ADJP (RB even) (VBG running)))))) (, ,) (CC and) (S (NP (DT the) (NN dog)) (VP (MD should) (VP (VP (VB be) (ADJP (JJ able) (S (VP (TO to) (VP (VB pick) (PRT (RP up)) (NP (DT each) (NN article)))))) (SBAR (WHADVP (WRB when)) (S (VP (VBN cued))))) (CC and) (VP (VB deliver) (NP (PRP it)) (PP (TO to) (NP (PRP$ your) (JJS closest) (NN hand))) (PP (IN without) (S (VP (VBG stopping)))))))) (. .))) "
853,11,12,those,obstacle,"In competition , the dog will need to go over those obstacles , not around them .","(ROOT (S (PP (IN In) (NP (NN competition))) (, ,) (NP (DT the) (NN dog)) (VP (MD will) (VP (VB need) (S (VP (TO to) (VP (VB go) (PP (PP (IN over) (NP (DT those) (NNS obstacles))) (, ,) (RB not) (PP (IN around) (NP (PRP them))))))))) (. .))) "
878,2,3,those,retrieve,Lengthen those retrieves .,(ROOT (S (VP (VB Lengthen) (NP (DT those) (NNS retrieves))) (. .))) 
906,4,5,these,thing,"Then one of these things will happen : * The dog will run to the duck , pick it up , and bring it right back to you .","(ROOT (S (RB Then) (S (NP (NP (CD one)) (PP (IN of) (NP (DT these) (NNS things)))) (VP (MD will) (VP (VB happen)))) (: :) (S (X (SYM *)) (NP (DT The) (NN dog)) (VP (MD will) (VP (VP (VB run) (PP (TO to) (NP (DT the) (NN duck)))) (, ,) (VP (VB pick) (NP (PRP it)) (PRT (RP up))) (, ,) (CC and) (VP (VB bring) (NP (PRP it)) (ADVP (ADVP (RB right) (RB back)) (PP (TO to) (NP (PRP you)))))))) (. .))) "
914,10,12,this,article,But he has to be retrained to retrieve with this new article .,(ROOT (S (CC But) (NP (PRP he)) (VP (VBZ has) (S (VP (TO to) (VP (VB be) (VP (VBN retrained) (S (VP (TO to) (VP (VB retrieve) (PP (IN with) (NP (DT this) (JJ new) (NN article))))))))))) (. .))) 
919,6,10,this,article,"So shape a retrieve for this new , difficult article .","(ROOT (S (RB So) (VP (VB shape) (S (NP (DT a)) (VP (VB retrieve) (PP (IN for) (NP (DT this) (JJ new) (, ,) (JJ difficult) (NN article)))))) (. .))) "
921,9,11,this,issue,"I only ask because I 'm struggling with this > issue right now - I jokingly said as soon as they start running hunt > tests with bumpers and Dokken ducks , we 'll be MORE than ready !!!","(ROOT (S (S (NP (PRP I)) (ADVP (RB only)) (VP (VBP ask) (SBAR (IN because) (S (NP (PRP I)) (VP (VBP 'm) (VP (VBG struggling) (PP (IN with) (NP (DT this) (JJR >) (NN issue))) (ADVP (RB right) (RB now)))))))) (: -) (S (NP (PRP I)) (ADVP (RB jokingly)) (VP (VBD said) (S (ADVP (RB as) (RB soon) (SBAR (IN as) (S (NP (PRP they)) (VP (VBP start) (S (VP (VBG running) (NP (ADJP (NP (NN hunt)) (JJR >)) (NNS tests)) (PP (IN with) (NP (NP (NNS bumpers)) (CC and) (NP (NNP Dokken) (NNS ducks)))))))))) (, ,) (NP (PRP we)) (VP (MD 'll) (VP (VB be) (NP (ADJP (JJR MORE) (IN than) (JJ ready)) (NN !!!))))))))) "
925,31,34,those,minute,"I should mention that it did n't take four weeks to get Lumi to love to pick up ducks , that took only a few minutes , but it took those same few minutes several times over a period of days , during which we had to start at the beginning of the process each time .","(ROOT (S (S (NP (PRP I)) (VP (MD should) (VP (VB mention) (SBAR (IN that) (S (NP (PRP it)) (VP (VBD did) (RB n't) (VP (VB take) (NP (CD four) (NNS weeks)) (S (VP (TO to) (VP (VB get) (S (NP (NNP Lumi)) (VP (TO to) (VP (VB love) (S (VP (TO to) (VP (VB pick) (PRT (RP up)) (NP (NP (NNS ducks)) (, ,) (SBAR (WHNP (IN that)) (S (VP (VBD took) (NP-TMP (QP (RB only) (DT a) (JJ few)) (NNS minutes)))))))))))))))))))))) (, ,) (CC but) (S (NP (PRP it)) (VP (VBD took) (NP (DT those) (JJ same) (JJ few) (NNS minutes)) (NP-TMP (JJ several) (NNS times)) (PP (IN over) (NP (NP (DT a) (NN period)) (PP (IN of) (NP (NP (NNS days)) (, ,) (SBAR (WHPP (IN during) (WHNP (WDT which))) (S (NP (PRP we)) (VP (VBD had) (S (VP (TO to) (VP (VB start) (PP (IN at) (NP (NP (DT the) (NN beginning)) (PP (IN of) (NP (DT the) (NN process))))) (NP-TMP (DT each) (NN time)))))))))))))) (. .))) "
927,9,11,those,week,Other barriers also needed to be crossed in those four weeks .,(ROOT (S (NP (JJ Other) (NNS barriers)) (ADVP (RB also)) (VP (VBD needed) (S (VP (TO to) (VP (VB be) (VP (VBN crossed) (PP (IN in) (NP (DT those) (CD four) (NNS weeks)))))))) (. .))) 
950,5,6,this,definition,"-LRB- I might repeat this definition of a `` correct response '' or others two or three times , or go immediately to the next level on the next rep. -RRB- * Glance at duck itself without lowering head * Glance at the duck , lowering head slightly * Seem to sniff the duck a little * Touch nose to the duck -- -LRB- Sometimes after some progress , Lumi stops giving the current level of response , and we 'll back up to an easier level and resume from there . -RRB-","(ROOT (S (-LRB- -LRB-) (NP (PRP I)) (VP (MD might) (VP (VP (VB repeat) (NP (NP (DT this) (NN definition)) (PP (IN of) (NP (NP (DT a) (`` ``) (JJ correct) (NN response) ('' '')) (CC or) (NP (NP (NNS others)) (NP (NP (CD two) (CC or) (CD three)) (NNS times))) (, ,))))) (CC or) (VP (VB go) (ADVP (RB immediately)) (PP (TO to) (NP (DT the) (JJ next) (NN level))) (PP (IN on) (NP (DT the) (JJ next) (NN rep.) (-RRB- -RRB-))) (X (X (SYM *)) (NP (NP (FW Glance)) (PP (IN at) (NP (NN duck)))))) (NP (PRP itself)) (PP (IN without) (S (VP (VBG lowering) (NP (NN head)) (X (SYM *))))))) (NP (NP (FW Glance)) (PP (IN at) (NP (DT the) (NN duck)))) (, ,) (S (VP (VBG lowering) (NP (NN head)) (ADVP (RB slightly)) (SBAR (SBAR (X (SYM *)) (S (NP (NNP Seem)) (VP (TO to) (VP (VB sniff) (NP (NP (NP (DT the) (NN duck)) (NP (DT a) (JJ little))) (X (X (NN *)) (NP (NN Touch) (NN nose)))) (PP (TO to) (NP (NP (DT the) (NN duck)) (PRN (: --) (S (-LRB- -LRB-) (ADVP (RB Sometimes)) (PP (IN after) (NP (DT some) (NN progress))) (, ,) (NP (NNP Lumi)) (VP (VBZ stops) (S (VP (VBG giving) (NP (NP (DT the) (JJ current) (NN level)) (PP (IN of) (NP (NN response))))))))))))))) (, ,) (CC and) (SBAR (S (NP (PRP we)) (VP (MD 'll) (VP (VP (VB back) (PRT (RP up)) (PP (TO to) (NP (DT an) (JJR easier) (NN level)))) (CC and) (VP (VB resume) (PP (IN from) (NP (EX there))))))))))) (. .) (-RRB- -RRB-))) "
952,8,9,those,go-out,"But she had a strong incentive -- those go-outs , to figure out what it was going to take to be sent out again . -RRB-","(ROOT (S (CC But) (NP (PRP she)) (VP (VBD had) (NP (NP (DT a) (JJ strong) (NN incentive)) (: --) (NP (DT those) (NNS go-outs))) (, ,) (S (VP (TO to) (VP (VB figure) (PRT (RP out)) (SBAR (WHNP (WP what)) (S (NP (PRP it)) (VP (VBD was) (VP (VBG going) (S (VP (TO to) (VP (VB take) (S (VP (TO to) (VP (VB be) (VP (VBN sent) (PRT (RP out)) (ADVP (RB again))))))))))))))))) (. .) (-RRB- -RRB-))) "
956,6,8,that,progression,I have no idea if that exact progression will work on other dogs .,(ROOT (S (NP (PRP I)) (VP (VBP have) (NP (NP (DT no) (NN idea)) (SBAR (IN if) (S (NP (DT that) (JJ exact) (NN progression)) (VP (MD will) (VP (VB work) (PP (IN on) (NP (JJ other) (NNS dogs))))))))) (. .))) 
957,21,22,this,game,"Lumi and I have done a good bit of shaping in other activities over the years , so she knows this game well .","(ROOT (S (S (NP (NNP Lumi) (CC and) (PRP I)) (VP (VBP have) (VP (VBN done) (NP (NP (DT a) (JJ good) (NN bit)) (PP (IN of) (S (VP (VBG shaping) (PP (IN in) (NP (NP (JJ other) (NNS activities)) (PP (IN over) (NP (DT the) (NNS years)))))))))))) (, ,) (IN so) (S (NP (PRP she)) (VP (VBZ knows) (NP (DT this) (NN game)) (ADVP (RB well)))) (. .))) "
959,18,19,that,concept,"I suspect that dogs who have not been shaped in the past may need time to learn that concept , but maybe I 'm wrong , maybe any retriever would respond as Lumi did to the above sequence regardless of training background .","(ROOT (S (S (NP (PRP I)) (VP (VBP suspect) (SBAR (IN that) (S (NP (NP (NNS dogs)) (SBAR (WHNP (WP who)) (S (VP (VBP have) (RB not) (VP (VBN been) (VP (VBN shaped) (PP (IN in) (NP (DT the) (NN past))))))))) (VP (MD may) (VP (VB need) (NP (NN time)) (S (VP (TO to) (VP (VB learn) (NP (DT that) (NN concept))))))))))) (, ,) (CC but) (S (S (ADVP (RB maybe)) (NP (PRP I)) (VP (VBP 'm) (ADJP (JJ wrong)))) (, ,) (ADVP (RB maybe)) (S (NP (DT any) (NN retriever)) (VP (MD would) (VP (VB respond) (SBAR (IN as) (S (NP (NNP Lumi)) (VP (VBD did) (PP (TO to) (NP (NP (DT the) (JJ above) (NN sequence)) (ADVP (RB regardless) (PP (IN of) (NP (NN training) (NN background))))))))))))) (. .))) "
962,8,9,this,list,"I 'm sorry if no one on this list has such questions , but I 'll give a brief answer in case someone does .","(ROOT (S (S (NP (PRP I)) (VP (VBP 'm) (ADJP (JJ sorry) (SBAR (IN if) (S (NP (NP (DT no) (NN one)) (PP (IN on) (NP (DT this) (NN list)))) (VP (VBZ has) (NP (JJ such) (NNS questions)))))))) (, ,) (CC but) (S (NP (PRP I)) (VP (MD 'll) (VP (VB give) (NP (DT a) (JJ brief) (NN answer)) (PP (IN in) (NP (NP (NN case) (NN someone)) (VP (VBZ does))))))) (. .))) "
984,23,24,this,paragraph,"php?title = User : Lindsay_Ridgeway / Reward-based_Field_Training_for_Retrievers / Marked_Retrieve & action = edit & section = T-26 -RRB- -RSB- Lindsay : verify this paragraph , use a quote , give a page number In Susan Garrett 's highly acclaimed _ Shaping Success _ , a time comes when Buzz , the Border Collie whose training history she is relating , sometimes chooses to play on the agility equipment rather than respond to Susan 's cues .","(ROOT (S (NP (NP (NN php?title) (JJ =) (NN User)) (: :) (NP (NP (NP (NN Lindsay_Ridgeway) (: /) (NNS Reward-based_Field_Training_for_Retrievers)) (PRN (: /) (S (NP (NNP Marked_Retrieve)) (NP (CC &) (NP (NN action) (JJ =) (NN edit)) (CC &) (NP (NN section) (JJ =) (NN T-26)))) (-RRB- -RRB-))) (PP (-RRB- -RSB-) (NP (NNP Lindsay)))) (: :)) (S (VP (VB verify) (NP (DT this) (NN paragraph)))) (, ,) (VP (VBP use) (NP (DT a) (NN quote)) (, ,) (S (VP (VB give) (NP (DT a) (NN page) (NN number)) (SBAR (S (PP (IN In) (NP (NP (NP (NNP Susan) (NNP Garrett) (POS 's)) (ADJP (RB highly) (JJ acclaimed)) (NN _)) (VP (VBG Shaping) (NP (NN Success) (NN _))))) (, ,) (NP (DT a) (NN time)) (VP (VBZ comes) (SBAR (WHADVP (WRB when)) (S (NP (NP (NNP Buzz)) (, ,) (NP (NP (DT the) (NNP Border) (NNP Collie)) (SBAR (WHNP (WP$ whose) (NP (NP (NN training)) (NP (NN history)))) (S (NP (PRP she)) (VP (VBZ is) (VP (VBG relating)))))) (, ,)) (ADVP (RB sometimes)) (VP (VBZ chooses) (S (VP (TO to) (VP (VP (VB play) (PP (IN on) (NP (DT the) (NN agility) (NN equipment)))) (CONJP (RB rather) (IN than)) (VP (VB respond) (PP (TO to) (NP (NP (NNP Susan) (POS 's)) (NNS cues)))))))))))))))) (. .))) "
991,18,19,that,love,"The answer is not to diminish the dog 's love of the bird , but to integrate that love with a love for retrieving that bird to hand .","(ROOT (S (NP (DT The) (NN answer)) (VP (VBZ is) (RB not) (S (VP (VP (TO to) (VP (VB diminish) (NP (NP (NP (DT the) (NN dog) (POS 's)) (NN love)) (PP (IN of) (NP (DT the) (NN bird)))))) (, ,) (CC but) (VP (TO to) (VP (VB integrate) (NP (DT that) (NN love)) (PP (IN with) (NP (NP (DT a) (NN love)) (PP (IN for) (S (VP (VBG retrieving) (PP (IN that) (NP (NN bird))) (PP (TO to) (NP (NN hand))))))))))))) (. .))) "
994,11,12,that,situation,Some trainers disagree with the handler helping the dog in that situation .,(ROOT (S (NP (DT Some) (NNS trainers)) (VP (VBP disagree) (PP (IN with) (NP (NP (DT the) (NN handler)) (VP (VBG helping) (NP (NP (DT the) (NN dog)) (PP (IN in) (NP (DT that) (NN situation)))))))) (. .))) 
1008,6,7,those,consideration,"To train for all of those considerations in an organized way , you can use a series of `` tests '' .","(ROOT (S (S (VP (TO To) (VP (VB train) (PP (IN for) (NP (NP (DT all)) (PP (IN of) (NP (NP (DT those) (NNS considerations)) (PP (IN in) (NP (DT an) (JJ organized) (NN way)))))))))) (, ,) (NP (PRP you)) (VP (MD can) (VP (VB use) (NP (NP (DT a) (NN series)) (PP (IN of) (`` ``) (NP (NNS tests)) ('' ''))))) (. .))) "
1020,6,7,that,direction,The dog is already going that direction You anticipate that the dog is about to veer around a factor #### Over -LSB- -LSB- edit -RSB- -LRB- / w/index .,(ROOT (S (NP (DT The) (NN dog)) (VP (VBZ is) (ADVP (RB already)) (VP (VBG going) (NP (NP (DT that) (NN direction)) (SBAR (S (NP (PRP You)) (VP (VBP anticipate) (SBAR (IN that) (S (NP (DT the) (NN dog)) (VP (VBZ is) (VP (IN about) (S (VP (TO to) (VP (VB veer) (PP (IN around) (NP (NP (DT a) (NN factor)) (SBAR (WHNP (NP (CD ####)) (PP (IN Over))) (S (VP (-LRB- -LSB-) (VP (-LRB- -LSB-) (VB edit) (-RRB- -RSB-) (-LRB- -LRB-) (PP (: /) (NP (NN w/index)))))))))))))))))))))) (. .))) 
1036,2,3,that,point,"At that point , you may find that the dog automatically knows what an `` over '' is without having to train it .","(ROOT (S (PP (IN At) (NP (DT that) (NN point))) (, ,) (NP (PRP you)) (VP (MD may) (VP (VB find) (SBAR (IN that) (S (NP (DT the) (NN dog)) (ADVP (RB automatically)) (VP (VBZ knows) (SBAR (WHNP (WP what)) (S (NP (DT an)) (`` ``) (VP (ADVP (RB over) ('' '')) (VBZ is) (PP (IN without) (S (VP (VBG having) (S (VP (TO to) (VP (VB train) (NP (PRP it)))))))))))))))) (. .))) "
1047,26,27,that,side,"While moving your hand , also move your body in the same direction , as though you were about to run toward the bumper on that side .","(ROOT (S (SBAR (IN While) (S (VP (VBG moving) (NP (PRP$ your) (NN hand))))) (, ,) (ADVP (RB also)) (VP (VB move) (NP (PRP$ your) (NN body)) (PP (IN in) (NP (DT the) (JJ same) (NN direction))) (, ,) (SBAR (IN as) (IN though) (S (NP (PRP you)) (VP (VBD were) (ADJP (RB about) (S (VP (TO to) (VP (VB run) (PP (IN toward) (NP (NP (DT the) (NN bumper)) (PP (IN on) (NP (DT that) (NN side))))))))))))) (. .))) "
1074,2,3,that,point,"At that point , you can throw a hey-hey in the opposite direction or reinforce in other ways , but block him from running to the other dummy or catch him if he gets past you .","(ROOT (S (PP (IN At) (NP (DT that) (NN point))) (, ,) (NP (PRP you)) (VP (MD can) (VP (VP (VP (VB throw) (NP (NP (DT a) (NN hey-hey)) (PP (IN in) (NP (DT the) (JJ opposite) (NN direction))))) (CC or) (VP (VB reinforce) (PP (IN in) (NP (JJ other) (NNS ways)))) (, ,) (CC but) (VP (VBP block) (NP (PRP him)) (PP (IN from) (S (VP (VBG running) (PP (TO to) (NP (DT the) (JJ other) (NN dummy)))))))) (CC or) (VP (VB catch) (NP (PRP him)) (SBAR (IN if) (S (NP (PRP he)) (VP (VBZ gets) (PP (IN past) (NP (PRP you))))))))) (. .))) "
1120,15,16,that,area,-- Scent an area with a dead bird and then send the dog through that area to a dummy that is not in sight until the dog has gotten through the scented area .,(ROOT (NP (: --) (NP (NP (NNP Scent)) (SBAR (S (NP (NP (DT an) (NN area)) (PP (IN with) (NP (NP (DT a) (JJ dead) (NN bird)) (CC and) (NP (RB then))))) (VP (VB send) (NP (DT the) (NN dog)) (PP (IN through) (NP (NP (DT that) (NN area)) (PP (TO to) (NP (NP (DT a) (NN dummy)) (SBAR (WHNP (WDT that)) (S (VP (VBZ is) (RB not) (PP (IN in) (NP (NN sight)))))))))) (SBAR (IN until) (S (NP (DT the) (NN dog)) (VP (VBZ has) (VP (VBN gotten) (PP (IN through) (NP (DT the) (JJ scented) (NN area))))))))))) (. .))) 
1144,4,5,this,drill,"As you practice this drill in session after session , the dog is learning the pattern of an actual cold blind , a narrow zig zag between the start line and the article being retrieved .","(ROOT (S (SBAR (IN As) (S (NP (PRP you)) (VP (VB practice) (NP (NP (DT this) (NN drill)) (PP (IN in) (NP (NN session)))) (PP (IN after) (NP (NN session)))))) (, ,) (NP (DT the) (NN dog)) (VP (VBZ is) (VP (VBG learning) (NP (NP (NP (DT the) (NN pattern)) (PP (IN of) (NP (DT an) (JJ actual) (JJ cold) (JJ blind)))) (, ,) (NP (NP (DT a) (JJ narrow) (NN zig) (NN zag)) (PP (IN between) (NP (DT the) (NN start) (NN line)))) (CC and) (NP (NP (DT the) (NN article)) (VP (VBG being) (VP (VBN retrieved))))))) (. .))) "
1146,10,12,this,skill,Use as many sessions as you need to develop this invaluable skill .,(ROOT (S (NP (NP (NN Use)) (PP (IN as) (NP (NP (JJ many) (NNS sessions)) (PP (IN as) (NP (PRP you)))))) (VP (VBP need) (S (VP (TO to) (VP (VB develop) (NP (DT this) (JJ invaluable) (NN skill)))))) (. .))) 
1172,37,38,this,drill,"php?title = User : Lindsay_Ridgeway / Reward-based_Field_Training_for_Retrievers / Blind_Retrieve & action = edit & section = T-15 -RRB- -RSB- Here 's a post to the PDG list describing the reasons behind using surveyor 's flags for this drill : On Aug 25 , 2007 , at 4:53 PM , Lindsay Ridgeway wrote : Lumi and I started working on cold blinds about a month ago , and when we tried one with a Field Trial training group Wednesday afternoon , I realized that we needed to train more on our own before trying one with a group again .","(ROOT (S (S (NP (NP (NN php?title) (JJ =) (NN User)) (: :) (NP (NP (NN Lindsay_Ridgeway)) (PP (: /) (NP (NP (NNS Reward-based_Field_Training_for_Retrievers)) (PRN (: /) (S (NP (NNP Blind_Retrieve)) (NP (CC &) (NP (NN action) (JJ =) (NN edit)) (CC &) (NP (NN section) (JJ =) (NNS T-15)))) (-RRB- -RRB-))))) (-RRB- -RSB-)) (ADVP (RB Here)) (VP (VBZ 's) (NP (NP (DT a) (NN post)) (PP (TO to) (NP (NP (DT the) (NN PDG) (NN list)) (VP (VBG describing) (NP (DT the) (NNS reasons)) (PP (IN behind) (S (VP (VBG using) (NP (NP (NN surveyor) (POS 's)) (NNS flags)) (PP (IN for) (NP (DT this) (NN drill)))))))))))) (: :) (S (PP (IN On) (NP (NP (NP (NN Aug) (CD 25)) (, ,) (NP (CD 2007)) (, ,)) (PP (IN at) (NP (CD 4:53) (NN PM))))) (, ,) (NP (NNP Lindsay) (NNP Ridgeway)) (VP (VBD wrote))) (: :) (S (NP (NNP Lumi) (CC and) (PRP I)) (VP (VBD started) (S (VP (VBG working) (PP (IN on) (NP (JJ cold) (NNS blinds))) (PP (IN about) (ADVP (NP (DT a) (NN month)) (RB ago))))))) (, ,) (CC and) (S (SBAR (WHADVP (WRB when)) (S (NP (PRP we)) (VP (VBD tried) (NP (CD one)) (PP (IN with) (NP (DT a) (NN Field) (NN Trial) (NN training) (NN group))) (NP-TMP (NNP Wednesday) (NN afternoon))))) (, ,) (NP (PRP I)) (VP (VBD realized) (SBAR (IN that) (S (NP (PRP we)) (VP (VBD needed) (S (VP (TO to) (VP (VB train) (ADVP (RBR more) (PP (IN on) (NP (PRP$ our) (JJ own)))) (PP (IN before) (S (VP (VBG trying) (NP (CD one)) (PP (IN with) (NP (DT a) (NN group))))))))) (ADVP (RB again))))))) (. .))) "
1195,8,9,that,drill,"But I never found anyplace to practice that drill with much distance , and even that seemed to be de-motivating .","(ROOT (S (S (CC But) (NP (PRP I)) (ADVP (RB never)) (VP (VBD found) (NP (NN anyplace)) (S (VP (TO to) (VP (VB practice) (NP (DT that) (NN drill)) (PP (IN with) (NP (JJ much) (NN distance)))))))) (, ,) (CC and) (S (ADVP (RB even)) (NP (DT that)) (VP (VBD seemed) (S (VP (TO to) (VP (VB be) (ADJP (JJ de-motivating))))))) (. .))) "
1196,3,4,those,dummy,"`` All those dummies out there , but I have to stop and turn to face you . ''","(ROOT (S (`` ``) (NP (NP (DT All) (DT those) (NNS dummies)) (PP (IN out) (NP (RB there)))) (, ,) (ADVP (CC but)) (NP (PRP I)) (VP (VBP have) (S (VP (TO to) (VP (VP (VB stop)) (CC and) (VP (VB turn) (S (VP (TO to) (VP (VB face) (NP (PRP you)))))))))) (. .) ('' ''))) "
1205,17,18,these,difficulty,"A couple of days ago , I hit upon what may be a solution for all these difficulties .","(ROOT (S (ADVP (NP (NP (DT A) (NN couple)) (PP (IN of) (NP (NNS days)))) (RB ago)) (, ,) (NP (PRP I)) (VP (VBP hit) (PP (IN upon) (SBAR (WHNP (WP what)) (S (VP (MD may) (VP (VB be) (NP (NP (DT a) (NN solution)) (PP (IN for) (NP (DT all) (DT these) (NNS difficulties)))))))))) (. .))) "
1240,75,77,those,situation,"He may detour : * To avoid an obstacle * To take a land route instead of a water route -LRB- `` bank running '' -RRB- * To touch a land point instead of swimming past it * To avoid a headwind * To climb upward or downward on a hillside * To check out scented ground * To get to a diversion bird * For other reasons known only to the dog In those kinds situations , using an angle-back may not be satisfactory , because the dog 's score will be reduced , or the dog may be dropped from the competition , if he does not take the required route .","(ROOT (S (S (NP (PRP He)) (VP (MD may) (VP (NP (NN detour))))) (: :) (X (X (SYM *)) (PP (TO To) (VP (VB avoid) (NP (NP (DT an) (NN obstacle)) (X (SYM *))) (S (VP (TO To) (VP (VB take) (NP (NP (NP (DT a) (NN land) (NN route)) (PP (RB instead) (IN of) (NP (DT a) (NN water) (NN route))) (PRN (-LRB- -LRB-) (`` ``) (NP (NN bank) (NN running)) ('' '') (-RRB- -RRB-))) (X (SYM *))) (S (VP (TO To) (VP (VB touch) (NP (DT a) (NN land) (NN point)) (PP (RB instead) (IN of) (S (VP (VBG swimming) (PP (IN past) (NP (NP (PRP it)) (X (SYM *)))) (S (VP (TO To) (VP (VB avoid) (NP (DT a) (NN headwind)) (SBAR (SBAR (X (SYM *)) (S (S (VP (TO To) (VP (VB climb) (ADJP (JJ upward) (CC or) (JJ downward)) (PP (IN on) (NP (NP (DT a) (NN hillside)) (X (SYM *)) (SBAR (SBAR (S (VP (TO To) (VP (VB check) (PRT (RP out)) (NP (JJ scented) (NN ground)))))) (SBAR (X (SYM *)) (S (S (VP (TO To) (VP (VB get) (PP (TO to) (NP (NP (DT a) (NN diversion) (NN bird)) (X (NN *)))) (PP (IN For) (NP (NP (JJ other) (NNS reasons)) (VP (VBN known) (ADVP (RB only)) (PP (TO to) (NP (DT the) (NN dog))) (PP (IN In) (NP (DT those) (NNS kinds) (NNS situations))))))))) (, ,) (S (VP (VBG using) (NP (DT an) (NN angle-back)))))))))))) (VP (MD may) (RB not) (VP (VB be) (ADJP (JJ satisfactory)) (, ,) (SBAR (IN because) (S (NP (NP (DT the) (NN dog) (POS 's)) (NN score)) (VP (MD will) (VP (VB be) (VP (VBN reduced)))))))))) (, ,) (CC or) (SBAR (S (NP (DT the) (NN dog)) (VP (MD may) (VP (VB be) (VP (VBN dropped) (PP (IN from) (NP (DT the) (NN competition)))))))))))))))))) (, ,) (SBAR (IN if) (S (NP (PRP he)) (VP (VBZ does) (RB not) (VP (VB take) (NP (DT the) (VBN required) (NN route)))))))))))) (. .))) "
1285,7,8,this,technique,"Douglas St. Clair , noting that this technique is too mild to be called a `` time out '' , dubbed it a `` time in '' : 1 .","(ROOT (S (NP (NP (NNP Douglas) (NNP St.) (NNP Clair)) (, ,) (VP (VBG noting) (SBAR (IN that) (S (NP (DT this) (NN technique)) (VP (VBZ is) (ADJP (RB too) (JJ mild)) (S (VP (TO to) (VP (VB be) (VP (VBN called) (NP (DT a) (`` ``) (NN time)) (PRT (RP out))))) ('' '')))))) (, ,)) (VP (VBN dubbed) (NP (NP (NP (PRP it)) (NP (NP (DT a) (`` ``) (NN time)) (PP (IN in)) ('' ''))) (: :) (NP (CD 1)))) (. .))) "
1291,20,21,that,work,You can use a target hand or a verbal cue to bring him and keep him with you if that works .,(ROOT (S (NP (PRP You)) (VP (MD can) (VP (VB use) (S (NP (NP (DT a) (NN target) (NN hand)) (CC or) (NP (DT a) (JJ verbal) (NN cue))) (VP (TO to) (VP (VP (VB bring) (NP (PRP him))) (CC and) (VP (VB keep) (NP (PRP him)) (PP (IN with) (NP (PRP you))) (PP (IN if) (NP (DT that) (NNS works))))))))) (. .))) 
1315,40,41,that,information,"php?title = User : Lindsay_Ridgeway / Reward-based_Field_Training_for_Retrievers / Problem_Solving & action = edit & section = T-6 -RRB- -RSB- Perhaps it would be best to see if the following post has any useful information in it , and extract that information into a compact form for addition to the material above .","(ROOT (NP (NP (NN php?title) (JJ =) (NN User)) (: :) (NP (NP (NN Lindsay_Ridgeway) (: /) (NNS Reward-based_Field_Training_for_Retrievers)) (PRN (: /) (S (NP (NNP Problem_Solving)) (NP (CC &) (NP (NN action) (JJ =) (NN edit)) (CC &) (NP (NN section) (JJ =) (NN T-6)))) (-RRB- -RRB-)) (SBAR (-RRB- -RSB-) (S (ADVP (RB Perhaps)) (NP (PRP it)) (VP (MD would) (VP (VB be) (ADVP (RB best)) (S (VP (TO to) (VP (VB see) (SBAR (IN if) (S (NP (DT the) (VBG following) (NN post)) (VP (VP (VBZ has) (NP (NP (DT any) (JJ useful) (NN information)) (PP (IN in) (NP (PRP it))))) (, ,) (CC and) (VP (NN extract) (NP (WDT that) (NN information)) (PP (IN into) (NP (NP (DT a) (JJ compact) (NN form)) (PP (IN for) (NP (NN addition))))) (PP (TO to) (NP (DT the) (NN material)))))))))) (PP (IN above))))))) (. .))) "
1335,25,26,those,guideline,"Laddie will pee pretty much every time he gets on the grass , but he does n't have to go any more often than those guidelines .","(ROOT (S (S (NP (NNP Laddie)) (VP (MD will) (VP (VB pee) (ADVP (RB pretty) (RB much)) (NP (NP (DT every) (NN time)) (SBAR (S (NP (PRP he)) (VP (VBZ gets) (PP (IN on) (NP (DT the) (NN grass)))))))))) (, ,) (CC but) (S (NP (PRP he)) (VP (VBZ does) (RB n't) (VP (VB have) (S (VP (TO to) (VP (VB go) (ADVP (DT any) (RBR more)) (ADVP (RB often)) (PP (IN than) (NP (DT those) (NNS guidelines))))))))) (. .))) "
1342,26,27,that,laddie,"I read that experience to mean that the blanket took away whatever stimuli were triggering the barking , enabling him to relax , and also that Laddie gradually concluded that he 'd rather have those stimuli than not have them .","(ROOT (S (S (NP (PRP I)) (VP (VBP read) (SBAR (IN that) (S (NP (NN experience)) (VP (TO to) (VP (VB mean) (SBAR (IN that) (S (NP (DT the) (NN blanket)) (VP (VBD took) (ADVP (RB away)) (SBAR (WHNP (WDT whatever)) (S (NP (NNS stimuli)) (VP (VBD were) (VP (VBG triggering) (NP (DT the) (VBG barking)))))) (, ,) (S (VP (VBG enabling) (S (NP (PRP him)) (VP (TO to) (VP (VB relax))))))))))))))) (, ,) (CC and) (ADVP (RB also)) (S (NP (DT that) (NN Laddie)) (ADVP (RB gradually)) (VP (VBD concluded) (SBAR (IN that) (S (NP (PRP he)) (VP (MD 'd) (RB rather) (VP (VP (VB have) (NP (DT those) (NNS stimuli))) (CONJP (IN than) (RB not)) (VP (VB have) (NP (PRP them))))))))) (. .))) "
1342,35,36,those,stimulus,"I read that experience to mean that the blanket took away whatever stimuli were triggering the barking , enabling him to relax , and also that Laddie gradually concluded that he 'd rather have those stimuli than not have them .","(ROOT (S (S (NP (PRP I)) (VP (VBP read) (SBAR (IN that) (S (NP (NN experience)) (VP (TO to) (VP (VB mean) (SBAR (IN that) (S (NP (DT the) (NN blanket)) (VP (VBD took) (ADVP (RB away)) (SBAR (WHNP (WDT whatever)) (S (NP (NNS stimuli)) (VP (VBD were) (VP (VBG triggering) (NP (DT the) (VBG barking)))))) (, ,) (S (VP (VBG enabling) (S (NP (PRP him)) (VP (TO to) (VP (VB relax))))))))))))))) (, ,) (CC and) (ADVP (RB also)) (S (NP (DT that) (NN Laddie)) (ADVP (RB gradually)) (VP (VBD concluded) (SBAR (IN that) (S (NP (PRP he)) (VP (MD 'd) (RB rather) (VP (VP (VB have) (NP (DT those) (NNS stimuli))) (CONJP (IN than) (RB not)) (VP (VB have) (NP (PRP them))))))))) (. .))) "
1356,21,22,those,activity,"Of course , when I started this when he was seven weeks old , he was unable to relax during those activities .","(ROOT (S (PP (IN Of) (NP (NN course))) (, ,) (SBAR (WHADVP (WRB when)) (S (NP (PRP I)) (VP (VBD started) (NP (NP (DT this)) (SBAR (WHADVP (WRB when)) (S (NP (PRP he)) (VP (VBD was) (ADJP (NP (CD seven) (NNS weeks)) (JJ old))))))))) (, ,) (NP (PRP he)) (VP (VBD was) (ADJP (JJ unable) (S (VP (TO to) (VP (VB relax) (PP (IN during) (NP (DT those) (NNS activities)))))))) (. .))) "
1357,18,19,those,session,"But he quieted gradually day after day , and now is almost as quiet as Lumi during those sessions .","(ROOT (S (CC But) (NP (PRP he)) (VP (VP (VBD quieted) (ADVP (RB gradually)) (NP-TMP (NN day)) (PP (IN after) (NP (NN day)))) (, ,) (CC and) (ADVP (RB now)) (VP (VBZ is) (ADVP (RB almost) (PP (IN as) (ADJP (JJ quiet)))) (PP (IN as) (NP (NNP Lumi))) (PP (IN during) (NP (DT those) (NNS sessions))))) (. .))) "
1364,27,28,that,time,"For example , maybe the blanket trick would n't have worked a month ago , but if we 'd reacted to Laddie when he barked at that time , the blanket trick also would n't work now .","(ROOT (S (PP (IN For) (NP (NN example))) (, ,) (S (ADVP (RB maybe)) (NP (DT the) (NN blanket) (NN trick)) (VP (MD would) (RB n't) (VP (VB have) (VP (VBN worked) (ADVP (NP (DT a) (NN month)) (RB ago)))))) (, ,) (CC but) (S (SBAR (IN if) (S (NP (PRP we)) (VP (MD 'd) (VP (VBD reacted) (PP (TO to) (NP (NNP Laddie))) (SBAR (WHADVP (WRB when)) (S (NP (PRP he)) (VP (VBD barked) (PP (IN at) (NP (DT that) (NN time)))))))))) (, ,) (NP (DT the) (NN blanket) (NN trick)) (ADVP (RB also)) (VP (MD would) (RB n't) (VP (VB work) (ADVP (RB now))))) (. .))) "
1378,5,6,this,cue,"You wo n't need this cue in the field , but it will help with training the hold .","(ROOT (S (S (NP (PRP You)) (VP (MD wo) (RB n't) (VP (VB need) (NP (NP (DT this) (NN cue)) (PP (IN in) (NP (DT the) (NN field))))))) (, ,) (CC but) (S (NP (PRP it)) (VP (MD will) (VP (VB help) (PP (IN with) (S (VP (VBG training) (NP (DT the) (NN hold)))))))) (. .))) "
1389,10,12,this,behavior,"I 'm one who does n't use it for this particular behavior , I do not want the dog spitting/dropping the object when I click .","(ROOT (S (S (NP (PRP I)) (VP (VBP 'm) (NP (NP (CD one)) (SBAR (WHNP (WP who)) (S (VP (VBZ does) (RB n't) (VP (VB use) (NP (PRP it)) (PP (IN for) (NP (DT this) (JJ particular) (NN behavior)))))))))) (, ,) (NP (PRP I)) (VP (VBP do) (RB not) (VP (VB want) (NP (NP (DT the) (NN dog)) (VP (VBG spitting/dropping) (NP (NP (DT the) (NN object)) (SBAR (WHADVP (WRB when)) (S (NP (PRP I)) (VP (VBP click))))))))) (. .))) "
1398,15,16,that,hold,The release is the reinforcement for her `` hold '' no matter how short that hold is at first .,(ROOT (S (NP (DT The) (NN release)) (VP (VBZ is) (NP (NP (DT the) (NN reinforcement)) (PP (IN for) (NP (NP (PRP$ her)) (VP (`` ``) (VB hold) ('' '') (NP (DT no) (NN matter)))))) (SBAR (WHADVP (WRB how)) (S (NP (JJ short) (DT that) (NN hold)) (VP (VBZ is) (PP (IN at) (ADVP (RB first))))))) (. .))) 
1415,6,7,that,chain,"He will begin to anticipate that chain of events , and may begin to release the article prematurely , allowing it to drop to the ground .","(ROOT (S (NP (PRP He)) (VP (VP (MD will) (VP (VB begin) (S (VP (TO to) (VP (VB anticipate) (NP (NP (DT that) (NN chain)) (PP (IN of) (NP (NNS events))))))))) (, ,) (CC and) (VP (MD may) (VP (VB begin) (S (VP (TO to) (VP (VB release) (NP (DT the) (NN article)) (ADVP (RB prematurely)) (, ,) (S (VP (VBG allowing) (S (NP (PRP it)) (VP (TO to) (VP (VB drop) (PP (TO to) (NP (DT the) (NN ground)))))))))))))) (. .))) "
1418,2,3,this,game,"In this game , you will growl , and pull , and try but fail to take the dummy away from him .","(ROOT (S (PP (IN In) (NP (DT this) (NN game))) (, ,) (NP (PRP you)) (VP (VP (MD will) (VP (VB growl) (, ,) (CC and) (VB pull) (, ,) (CC and) (VB try))) (CC but) (VP (VB fail) (S (VP (TO to) (VP (VB take) (NP (DT the) (NN dummy)) (ADVP (RB away)) (PP (IN from) (NP (PRP him)))))))) (. .))) "
1420,3,4,this,game,"Make both this game and the `` out '' cue highly reinforcing , so that the dog is equally happy whichever one occurs , and is waiting to be surprised by whatever is coming next .","(ROOT (S (VP (VP (VB Make) (NP (CC both) (NP (DT this) (NN game)) (CC and) (NP (DT the))) (`` ``) (ADVP (RP out)) ('' '') (NP (NP (NN cue) (RB highly)) (VP (VBG reinforcing)))) (, ,) (SBAR (RB so) (IN that) (S (NP (DT the) (NN dog)) (VP (VBZ is) (ADJP (RB equally) (JJ happy)) (SBAR (WHNP (WDT whichever)) (S (NP (CD one)) (VP (VP (VBZ occurs)) (, ,) (CC and) (VP (VBZ is) (VP (VBG waiting) (S (VP (TO to) (VP (VB be) (ADJP (VBN surprised) (PP (IN by) (SBAR (WHNP (WDT whatever)) (S (VP (VBZ is) (VP (VBG coming) (ADVP (RB next)))))))))))))))))))) (. .))) "
1429,27,29,those,dog,"Second , I 've often heard that it 's not unusual for dogs to behave as you 're describing , and that later , some of those same dogs go on to become accomplished retrievers .","(ROOT (S (ADVP (RB Second)) (PRN (, ,) (S (NP (PRP I)) (VP (VBP 've) (ADVP (RB often)) (VP (VBN heard) (SBAR (IN that) (S (NP (PRP it)) (VP (VBZ 's) (RB not) (ADJP (JJ unusual) (PP (IN for) (NP (NNS dogs)))) (S (VP (TO to) (VP (VB behave) (NP (SBAR (IN as) (S (NP (PRP you)) (VP (VBP 're) (VP (VBG describing))))) (, ,) (CC and) (SBAR (IN that) (FRAG (ADVP (RB later)))))))))))))) (, ,)) (NP (NP (DT some)) (PP (IN of) (NP (DT those) (JJ same) (NNS dogs)))) (VP (VBP go) (PRT (IN on)) (S (VP (TO to) (VP (VB become) (NP (JJ accomplished) (NNS retrievers)))))) (. .))) "
1450,7,8,that,context,"Once he 's confidently returning in that context , you can open doors , gradually introduce distractions , and little by little move into more challenging environments .","(ROOT (S (SBAR (RB Once) (S (NP (PRP he)) (VP (VBZ 's) (ADVP (RB confidently)) (VP (VBG returning) (PP (IN in) (NP (DT that) (NN context))))))) (, ,) (NP (PRP you)) (VP (VP (MD can) (VP (VP (VB open) (NP (NNS doors))) (, ,) (ADVP (RB gradually)) (VP (VB introduce) (NP (NNS distractions))))) (, ,) (CC and) (VP (ADJP (JJ little) (PP (IN by) (NP (JJ little) (NN move)))) (PP (IN into) (NP (ADJP (JJR more) (JJ challenging)) (NNS environments))))) (. .))) "
1454,17,18,that,lure,The risk of luring is that the dog may only learn to come to you while that lure is present .,(ROOT (S (NP (NP (DT The) (NN risk)) (PP (IN of) (S (VP (VBG luring))))) (VP (VBZ is) (SBAR (IN that) (S (NP (DT the) (NN dog)) (VP (MD may) (ADVP (RB only)) (VP (VB learn) (S (VP (TO to) (VP (VB come) (PP (TO to) (NP (PRP you))) (SBAR (IN while) (S (NP (DT that) (NN lure)) (VP (VBZ is) (ADJP (JJ present))))))))))))) (. .))) 
1467,9,10,that,choice,"After a substantial history of such reinforcement , that choice becomes habit , virtually reflex .","(ROOT (S (PP (IN After) (NP (NP (DT a) (JJ substantial) (NN history)) (PP (IN of) (NP (JJ such) (NN reinforcement))))) (, ,) (NP (DT that) (NN choice)) (VP (VBZ becomes) (NP (NP (NN habit)) (, ,) (RB virtually) (NP (JJ reflex)))) (. .))) "
1474,7,9,that,run-out,That 's why your dog has that enthusiastic run-out .,(ROOT (S (NP (DT That)) (VP (VBZ 's) (SBAR (WHADVP (WRB why)) (S (NP (PRP$ your) (NN dog)) (VP (VBZ has) (NP (DT that) (JJ enthusiastic) (NN run-out)))))) (. .))) 
1480,5,7,that,instinct,"Again , there 's that prey instinct .","(ROOT (S (ADVP (RB Again)) (, ,) (NP (EX there)) (VP (VBZ 's) (NP (DT that) (NN prey) (NN instinct))) (. .))) "
1492,31,32,that,experience,"If you start swinging a dummy and calling hey-hey , that might make him come running to you , which makes you happy , but he has n't learned from that experience to come to you when you 're NOT swinging a dummy and calling hey-hey .","(ROOT (S (S (SBAR (IN If) (S (NP (PRP you)) (VP (VBP start) (S (VP (VP (VBG swinging) (NP (DT a) (NN dummy))) (CC and) (VP (VBG calling) (NP (NN hey-hey)))))))) (, ,) (NP (WDT that)) (VP (MD might) (VP (VB make) (S (NP (PRP him)) (VP (VB come) (S (VP (VBG running) (PP (TO to) (NP (NP (PRP you)) (, ,) (SBAR (WHNP (WDT which)) (S (VP (VBZ makes) (S (NP (PRP you)) (ADJP (JJ happy))))))))))))))) (, ,) (CC but) (S (NP (PRP he)) (VP (VBZ has) (RB n't) (VP (VBN learned) (PP (IN from) (NP (DT that) (NN experience))) (S (VP (TO to) (VP (VB come) (PP (TO to) (NP (PRP you))) (SBAR (WHADVP (WRB when)) (S (NP (PRP you)) (VP (VBP 're) (ADVP (RB NOT)) (VP (VP (VBG swinging) (NP (DT a) (NN dummy))) (CC and) (VP (VBG calling) (NP (NN hey-hey))))))))))))) (. .))) "
1493,30,32,that,instant,"* On the other hand , let 's say that somehow the dog comes back to you -LRB- perhaps because of management or luring -RRB- , and then at that very instant you begin swinging the dummy and calling hey-hey and then you throw it for him to chase .","(ROOT (S (S (X (SYM *)) (PP (IN On) (NP (DT the) (JJ other) (NN hand))) (, ,) (S (VP (VB let) (S (NP (POS 's)) (VP (VB say) (SBAR (IN that) (S (ADVP (RB somehow)) (NP (DT the) (NN dog)) (VP (VBZ comes) (ADVP (RB back)) (PP (PP (TO to) (NP (NP (PRP you)) (PRN (-LRB- -LRB-) (PP (ADVP (RB perhaps)) (IN because) (IN of) (NP (NP (NN management)) (CC or) (S (VP (VBG luring))))) (-RRB- -RRB-)))) (, ,) (CC and) (ADVP (RB then)) (PP (IN at) (NP (DT that) (RB very) (JJ instant))))))))))) (NP (PRP you)) (VP (VBP begin) (S (VP (VP (VBG swinging) (NP (DT the) (NN dummy))) (CC and) (VP (VBG calling) (NP (NN hey-hey))))))) (CC and) (RB then) (S (NP (PRP you)) (VP (VBP throw) (NP (PRP it)) (PP (IN for) (NP (PRP him))) (S (VP (TO to) (VP (VB chase)))))) (. .))) "
1495,5,6,those,experience,"After a few of those experiences , you wo n't need to entice him to come to you , because he 'll be interested in the consequences of doing so , not the stimulus you used to get him to you .","(ROOT (S (PP (IN After) (NP (NP (DT a) (JJ few)) (PP (IN of) (NP (DT those) (NNS experiences))))) (, ,) (NP (PRP you)) (VP (MD wo) (RB n't) (VP (VB need) (S (VP (TO to) (VP (VB entice) (S (NP (PRP him)) (VP (TO to) (VP (VB come) (PP (TO to) (NP (PRP you))) (, ,) (SBAR (IN because) (S (NP (PRP he)) (VP (MD 'll) (VP (VB be) (ADJP (JJ interested) (PP (IN in) (NP (NP (NP (DT the) (NNS consequences)) (PP (IN of) (S (VP (VBG doing) (ADVP (RB so)))))) (, ,) (RB not) (NP (NP (DT the) (NN stimulus)) (SBAR (S (NP (PRP you)) (VP (VBD used) (S (VP (TO to) (VP (VB get) (NP (PRP him)) (PP (TO to) (NP (PRP you))))))))))))))))))))))))) (. .))) "
1516,6,7,this,one,The `` N '' on this one should go down with practice also .,(ROOT (S (NP (NP (DT The) (`` ``) (NN N) ('' '')) (PP (IN on) (NP (DT this) (CD one)))) (VP (MD should) (VP (VB go) (PRT (RP down)) (PP (IN with) (NP (NN practice))) (ADVP (RB also)))) (. .))) 
1531,16,17,that,chance,"Needless to say , after a rep or two , she was racing back for that chance to swim .","(ROOT (S (S (ADJP (JJ Needless) (S (VP (TO to) (VP (VB say) (, ,) (PP (IN after) (NP (NP (DT a) (NN rep)) (CC or) (NP (CD two))))))))) (, ,) (NP (PRP she)) (VP (VBD was) (VP (VBG racing) (ADVP (RB back)) (PP (IN for) (NP (DT that) (NN chance) (S (VP (TO to) (VP (VB swim)))))))) (. .))) "
1553,11,12,these,day,* Most field trainers also rely on e-collars for de-cheating these days .,(ROOT (S (X (SYM *)) (NP (NP (JJS Most) (NN field) (NNS trainers)) (ADVP (RB also))) (VP (VBP rely) (PP (IN on) (NP (NP (NNS e-collars)) (PP (IN for) (NP (JJ de-cheating))))) (NP-TMP (DT these) (NNS days))) (. .))) 
1554,12,13,this,book,Use of an e-collar does not fall within the scope of this book -LRB- see -LSB- Preface -RSB- -LRB- / wiki/User : Lindsay_Ridgeway / Reward-based_Field_Training_for_Retrievers / Preface -RRB- -RRB- .,(ROOT (S (NP (NP (NN Use)) (PP (IN of) (NP (DT an) (NN e-collar)))) (VP (VBZ does) (RB not) (VP (VB fall) (PP (IN within) (NP (NP (DT the) (NN scope)) (PP (IN of) (NP (DT this) (NN book))))) (PRN (-LRB- -LRB-) (S (VP (VB see) (NP (NP (-LRB- -LSB-) (NN Preface) (-RRB- -RSB-)) (PRN (-LRB- -LRB-) (NP (NP (: /) (NN wiki/User)) (: :) (NP (NP (NN Lindsay_Ridgeway) (: /) (NNS Reward-based_Field_Training_for_Retrievers)) (PP (: /) (NP (NN Preface))))) (-RRB- -RRB-))))) (-RRB- -RRB-)))) (. .))) 
1588,19,21,that,cue,* Switch to a smaller and smaller pole so that the dog becomes less and less dependent on that visual cue .,(ROOT (FRAG (SBAR (X (SYM *)) (S (S (VP (VB Switch) (PP (TO to) (NP (DT a) (ADJP (JJR smaller) (CC and) (JJR smaller)) (NN pole))))) (ADVP (IN so) (PP (IN that) (NP (DT the) (NN dog)))) (VP (VBZ becomes) (ADJP (ADJP (JJR less)) (CC and) (ADJP (JJR less) (JJ dependent))) (PP (IN on) (NP (DT that) (JJ visual) (NN cue)))))) (. .))) 
1611,3,4,this,site,"By using this site , you agree to the -LSB- Terms of Use -RSB- -LRB- / / wikimediafoundation.org/wiki/Terms_of_Use -RRB- and -LSB- Privacy Policy . -RSB-","(ROOT (S (PP (IN By) (S (VP (VBG using) (NP (DT this) (NN site))))) (, ,) (NP (PRP you)) (VP (VBP agree) (PP (PP (TO to) (NP (NP (DT the) (-LRB- -LSB-) (NNS Terms)) (PP (IN of) (NP (NP (NN Use) (-RRB- -RSB-)) (PRN (-LRB- -LRB-) (NP (: /) (: /) (NN wikimediafoundation.org/wiki/Terms_of_Use)) (-RRB- -RRB-)))))) (CC and) (PP (-LRB- -LSB-) (NP (NNP Privacy) (NNP Policy))))) (. .) (-RRB- -RSB-))) "
