2,7,8,this,page,-LSB- Unreviewed changes are displayed on this page -RSB- -LRB- / / bits.wikimedia.org/static-1.22wmf19/extensions/FlaggedRevs/frontend/modules/img/1.png -RRB- The -LSB- latest reviewed version -RSB- -LRB- / / en.wikibooks.org/w/index.php?title=Using_Firefox/Print&stable=1 -RRB- was -LSB- checked -RSB- -LRB- / / en.wikibooks.org/w/index.php?title=Special:Log&type=review&page=Using_Firefox/Print -RRB- on _ 17 March 2013 _ .,(ROOT (S (NP (-LRB- -LSB-) (JJ Unreviewed) (NNS changes)) (VP (VBP are) (VP (VBN displayed) (PP (IN on) (NP (NP (DT this) (NN page)) (-RRB- -RSB-) (PRN (-LRB- -LRB-) (NP (: /) (: /) (NN bits.wikimedia.org/static-1.22wmf19/extensions/FlaggedRevs/frontend/modules/img/1.png)) (-RRB- -RRB-)) (NP (DT The) (-LRB- -LSB-)))) (NP-TMP (NP (NP (JJS latest)) (VP (VBN reviewed) (NP (NN version)) (SBAR (-RRB- -RSB-) (S (-LRB- -LRB-) (NP (: /) (: /) (NN en.wikibooks.org/w/index.php?title=Using_Firefox/Print&stable=1)) (-RRB- -RRB-) (VP (VBD was) (-LRB- -LSB-) (VP (VBN checked) (PP (-RRB- -RSB-) (PRN (-LRB- -LRB-) (PP (: /) (NP (: /) (NN en.wikibooks.org/w/index.php?title=Special:Log&type=review&page=Using_Firefox/Print))) (-RRB- -RRB-))) (PP (IN on) (NP (NN _) (CD 17))) (NP-TMP (NNP March) (CD 2013)))))))) (NP (CD _))))) (. .))) 
5,39,40,this,message,-LSB- Printer.svg -RSB- -LRB- / / upload.wikimedia.org/wikipedia/commons/thumb/2/23/Printer.svg/40px-Printer.svg.png -RRB- ** This is the -LSB- print version -RSB- -LRB- / wiki/Help : Print_versions -RRB- of -LSB- Using Firefox -RSB- -LRB- / wiki/Using _ Firefox -RRB- ** You wo n't see this message or any elements not part of the book 's content when you print or -LSB- preview -RSB- -LRB- / / en.wikibooks.org/w/index.php?title=Using_Firefox/Print&action=purge&printable=yes -RRB- this page .,(ROOT (S (NP (-LRB- -LSB-) (NN Printer.svg)) (VP (-RRB- -RSB-) (PRN (-LRB- -LRB-) (PP (: /) (NP (: /) (NN upload.wikimedia.org/wikipedia/commons/thumb/2/23/Printer.svg/40px-Printer.svg.png))) (-RRB- -RRB-)) (SBAR (SBAR (X (SYM **)) (S (NP (DT This)) (VP (VBZ is) (NP (NP (DT the) (-LRB- -LSB-) (NN print) (NN version) (-RRB- -RSB-)) (PRN (-LRB- -LRB-) (NP (NP (: /) (NN wiki/Help)) (: :) (NP (NNS Print_versions))) (-RRB- -RRB-)) (PP (IN of) (NP (NP (-LRB- -LSB-)) (VP (VBG Using) (ADJP (ADJP (NN Firefox) (-RRB- -RSB-)) (PRN (-LRB- -LRB-) (: /) (VP (VBG wiki/Using) (NP (CD _) (NNP Firefox))) (-RRB- -RRB-)) (SBAR (X (SYM **)) (S (NP (PRP You)) (VP (MD wo) (RB n't) (VP (VB see) (NP (NP (DT this) (NN message)) (CC or) (NP (DT any) (NNS elements))) (PP (RB not) (NP (NP (NN part)) (PP (IN of) (NP (NP (DT the) (NN book) (POS 's)) (NN content))))) (SBAR (WHADVP (WRB when)) (S (NP (PRP you)) (VP (VBP print)))))))))))))))) (CC or) (SBAR (-LRB- -LSB-) (S (NP (NN preview)) (VP (-RRB- -RSB-) (PRN (-LRB- -LRB-) (: /) (NX (: /) (NNS en.wikibooks.org/w/index.php?title=Using_Firefox/Print&action=purge&printable=yes)) (-RRB- -RRB-)) (NP (DT this) (NN page))))))) (. .))) 
5,63,64,this,page,-LSB- Printer.svg -RSB- -LRB- / / upload.wikimedia.org/wikipedia/commons/thumb/2/23/Printer.svg/40px-Printer.svg.png -RRB- ** This is the -LSB- print version -RSB- -LRB- / wiki/Help : Print_versions -RRB- of -LSB- Using Firefox -RSB- -LRB- / wiki/Using _ Firefox -RRB- ** You wo n't see this message or any elements not part of the book 's content when you print or -LSB- preview -RSB- -LRB- / / en.wikibooks.org/w/index.php?title=Using_Firefox/Print&action=purge&printable=yes -RRB- this page .,(ROOT (S (NP (-LRB- -LSB-) (NN Printer.svg)) (VP (-RRB- -RSB-) (PRN (-LRB- -LRB-) (PP (: /) (NP (: /) (NN upload.wikimedia.org/wikipedia/commons/thumb/2/23/Printer.svg/40px-Printer.svg.png))) (-RRB- -RRB-)) (SBAR (SBAR (X (SYM **)) (S (NP (DT This)) (VP (VBZ is) (NP (NP (DT the) (-LRB- -LSB-) (NN print) (NN version) (-RRB- -RSB-)) (PRN (-LRB- -LRB-) (NP (NP (: /) (NN wiki/Help)) (: :) (NP (NNS Print_versions))) (-RRB- -RRB-)) (PP (IN of) (NP (NP (-LRB- -LSB-)) (VP (VBG Using) (ADJP (ADJP (NN Firefox) (-RRB- -RSB-)) (PRN (-LRB- -LRB-) (: /) (VP (VBG wiki/Using) (NP (CD _) (NNP Firefox))) (-RRB- -RRB-)) (SBAR (X (SYM **)) (S (NP (PRP You)) (VP (MD wo) (RB n't) (VP (VB see) (NP (NP (DT this) (NN message)) (CC or) (NP (DT any) (NNS elements))) (PP (RB not) (NP (NP (NN part)) (PP (IN of) (NP (NP (DT the) (NN book) (POS 's)) (NN content))))) (SBAR (WHADVP (WRB when)) (S (NP (PRP you)) (VP (VBP print)))))))))))))))) (CC or) (SBAR (-LRB- -LSB-) (S (NP (NN preview)) (VP (-RRB- -RSB-) (PRN (-LRB- -LRB-) (: /) (NX (: /) (NNS en.wikibooks.org/w/index.php?title=Using_Firefox/Print&action=purge&printable=yes)) (-RRB- -RRB-)) (NP (DT this) (NN page))))))) (. .))) 
33,6,7,these,feature,"Although other browsers have introduced these features , Firefox is the first such browser to achieve wide adoption .","(ROOT (S (SBAR (IN Although) (S (NP (JJ other) (NNS browsers)) (VP (VBP have) (VP (VBN introduced) (NP (DT these) (NNS features)))))) (, ,) (NP (NNP Firefox)) (VP (VBZ is) (NP (DT the) (JJ first) (JJ such) (NN browser) (S (VP (TO to) (VP (VB achieve) (NP (JJ wide) (NN adoption))))))) (. .))) "
49,3,4,these,add-on,"Initially , these add-ons raised security concerns , so with the release of Firefox 0.9 , the Mozilla Foundation opened Mozilla Update , a website containing themes and extensions `` approved '' as not harmful .","(ROOT (S (ADVP (RB Initially)) (PRN (, ,) (S (NP (DT these) (NNS add-ons)) (VP (VBD raised) (NP (NN security) (NNS concerns)) (, ,) (ADVP (RB so) (PP (IN with) (NP (NP (DT the) (NN release)) (PP (IN of) (NP (NNP Firefox) (CD 0.9)))))))) (, ,)) (NP (DT the) (NNP Mozilla) (NNP Foundation)) (VP (VBD opened) (NP (NP (NNP Mozilla) (NNP Update)) (, ,) (NP (NP (DT a) (NN website)) (VP (VBG containing) (NP (NP (NNS themes) (CC and) (NNS extensions)) (VP (`` ``) (VBN approved) ('' '') (PP (IN as) (ADJP (RB not) (JJ harmful))))))))) (. .))) "
60,22,23,this,page,php?title = Using_Firefox / Installation & action = edit & section = T-1 -RRB- -RSB- Firefox can be downloaded from -LSB- this page -RSB- -LRB- http://www.mozilla.com/firefox/ -RRB- .,(ROOT (S (NP (NP (NP (NN php?title) (JJ =) (NN Using_Firefox)) (PRN (: /) (S (NP (NN Installation)) (NP (CC &) (NP (NN action) (JJ =) (NN edit)) (CC &) (NP (NN section) (JJ =) (NN T-1)))) (-RRB- -RRB-))) (PP (-RRB- -RSB-) (NP (NNP Firefox)))) (VP (MD can) (VP (VB be) (VP (VBN downloaded) (PP (IN from) (NP (-LRB- -LSB-) (NP (DT this) (NN page)) (-RRB- -RSB-) (PRN (-LRB- -LRB-) (NP (NN http://www.mozilla.com/firefox/)) (-RRB- -RRB-))))))) (. .))) 
62,13,14,this,page,"To get a version of Firefox in another language , see -LSB- this page -RSB- -LRB- http://www.mozilla.org/products/firefox/all -RRB- .","(ROOT (S (S (VP (TO To) (VP (VB get) (NP (NP (DT a) (NN version)) (PP (IN of) (NP (NNP Firefox)))) (PP (IN in) (NP (DT another) (NN language))) (, ,) (S (VP (VB see)))))) (-LRB- -LSB-) (NP (DT this) (NN page)) (VP (-RRB- -RSB-) (PRN (-LRB- -LRB-) (NP (NN http://www.mozilla.org/products/firefox/all)) (-RRB- -RRB-))) (. .))) "
78,6,7,these,setting,"After it finishes importing all these settings , the Firefox browser will start up and a dialog box will pop-up alerting you that Firefox is not set as the default browser .","(ROOT (S (S (SBAR (IN After) (S (NP (PRP it)) (VP (VBZ finishes) (S (VP (VBG importing) (NP (PDT all) (DT these) (NNS settings))))))) (, ,) (NP (DT the) (NNP Firefox) (NN browser)) (VP (MD will) (VP (VB start) (ADVP (RB up))))) (CC and) (S (NP (DT a) (NN dialog) (NN box)) (VP (MD will) (VP (VB pop-up) (S (VP (VBG alerting) (NP (PRP you)))) (SBAR (IN that) (S (NP (NNP Firefox)) (VP (VBZ is) (RB not) (VP (VBN set) (PP (IN as) (NP (DT the) (NN default) (NN browser)))))))))) (. .))) "
115,19,20,that,window,"Tabs allow users to have one Firefox window in the taskbar , with multiple web pages open within that window .","(ROOT (S (NP (NNS Tabs)) (VP (VBP allow) (NP (NNS users) (S (VP (TO to) (VP (VB have) (NP (NP (CD one) (NNP Firefox) (NN window)) (PP (IN in) (NP (DT the) (NN taskbar)))))))) (, ,) (SBAR (IN with) (S (NP (JJ multiple) (NN web) (NNS pages)) (VP (JJ open) (PP (IN within) (NP (DT that) (NN window))))))) (. .))) "
172,20,21,this,quick,-LSB- -RSB- -LRB- / / bits.wikimedia.org/static-1.22wmf15/skins/common/images/magnify-clip.png -RRB- A Name and the Keyword _ w _ were just entered for this Quick Search .,(ROOT (S (NP (NP (NP (-LRB- -LSB-) (-RRB- -RSB-)) (PRN (-LRB- -LRB-) (NP (QP (: /) (: /) (JJ bits.wikimedia.org/static-1.22wmf15/skins/common/images/magnify-clip.png))) (-RRB- -RRB-)) (NP (DT A) (NN Name))) (CC and) (NP (NP (DT the) (NNP Keyword) (NN _) (NN w)) (NP (CD _)))) (VP (VBD were) (VP (ADVP (RB just)) (VBN entered) (PP (IN for) (NP (DT this) (NNP Quick))) (S (VP (VB Search))))) (. .))) 
190,2,3,this,case,"In this case , _ oddball _ will be the search word .","(ROOT (S (PP (IN In) (NP (DT this) (NN case))) (, ,) (NP (CD _) (JJ oddball) (NN _)) (VP (MD will) (VP (VB be) (NP (DT the) (NN search) (NN word)))) (. .))) "
244,6,8,this,page,"For example , if on this same page , you quickly want to go to the Table of Contents .","(ROOT (S (PP (IN For) (NP (NP (NN example)) (, ,) (SBAR (IN if) (FRAG (PP (IN on) (NP (DT this) (JJ same) (NN page))))))) (, ,) (NP (PRP you)) (ADVP (RB quickly)) (VP (VBP want) (S (VP (TO to) (VP (VB go) (PP (TO to) (NP (NP (DT the) (NNP Table)) (PP (IN of) (NP (NNP Contents))))))))) (. .))) "
268,2,3,that,button,Selecting that button will bring up a list of information that Firefox stores .,(ROOT (S (S (VP (VBG Selecting) (NP (DT that) (NN button)))) (VP (MD will) (VP (VB bring) (PRT (RP up)) (NP (NP (DT a) (NN list)) (PP (IN of) (NP (NP (NN information)) (PP (IN that) (NP (NNP Firefox) (NNS stores)))))))) (. .))) 
274,12,13,that,datum,"Further , if `` Clear Private Data '' does not overwrite that data -LRB- and the prior paragraph does not so state -RRB- then that data may remain on your computer for some time and can possibly be accessed .","(ROOT (S (ADVP (RB Further)) (, ,) (SBAR (IN if) (S (`` ``) (NP (NNP Clear) (NNP Private) (NNP Data)) ('' '') (VP (VBZ does) (RB not) (VP (VB overwrite) (NP (DT that) (NNS data)))))) (PRN (-LRB- -LRB-) (CC and) (S (NP (DT the) (JJ prior) (NN paragraph)) (VP (VBZ does) (NP (RB not) (RB so) (NN state)))) (-RRB- -RRB-)) (NP (NP (RB then)) (PP (IN that) (NP (NNS data)))) (VP (VP (MD may) (VP (VB remain) (PP (IN on) (NP (NP (PRP$ your) (NN computer)) (PP (IN for) (NP (DT some) (NN time))))))) (CC and) (VP (MD can) (ADVP (RB possibly)) (VP (VB be) (VP (VBN accessed))))) (. .))) "
292,25,26,this,box,"Also , the Search Box included on the default Firefox toolbar -LRB- accessible by pressing -LSB- Ctrl -RSB- + -LSB- K -RSB- -RRB- Unchecking this box will stop Firefox from saving this information .","(ROOT (S (ADVP (RB Also)) (, ,) (NP (DT the) (S (S (VP (VB Search) (NP (NNP Box)))) (VP (VBD included) (PP (IN on) (NP (DT the) (NN default))) (NP-TMP (NNP Firefox) (NN toolbar)) (PRN (-LRB- -LRB-) (ADJP (JJ accessible) (PP (IN by) (S (VP (VBG pressing) (NP (NP (-LRB- -LSB-) (NN Ctrl)) (-RRB- -RSB-) (CC +) (NP (QP (-LRB- -LSB-) (NN K)) (-RRB- -RSB-))))))) (-RRB- -RRB-)) (S (VP (VBG Unchecking) (NP (DT this) (NN box))))))) (VP (MD will) (VP (VB stop) (NP (NNP Firefox)) (PP (IN from) (S (VP (VBG saving) (NP (DT this) (NN information))))))) (. .))) "
292,32,33,this,information,"Also , the Search Box included on the default Firefox toolbar -LRB- accessible by pressing -LSB- Ctrl -RSB- + -LSB- K -RSB- -RRB- Unchecking this box will stop Firefox from saving this information .","(ROOT (S (ADVP (RB Also)) (, ,) (NP (DT the) (S (S (VP (VB Search) (NP (NNP Box)))) (VP (VBD included) (PP (IN on) (NP (DT the) (NN default))) (NP-TMP (NNP Firefox) (NN toolbar)) (PRN (-LRB- -LRB-) (ADJP (JJ accessible) (PP (IN by) (S (VP (VBG pressing) (NP (NP (-LRB- -LSB-) (NN Ctrl)) (-RRB- -RSB-) (CC +) (NP (QP (-LRB- -LSB-) (NN K)) (-RRB- -RSB-))))))) (-RRB- -RRB-)) (S (VP (VBG Unchecking) (NP (DT this) (NN box))))))) (VP (MD will) (VP (VB stop) (NP (NNP Firefox)) (PP (IN from) (S (VP (VBG saving) (NP (DT this) (NN information))))))) (. .))) "
302,12,13,that,page,"Selecting _ Remember _ will have Firefox store the password for that page , and will automatically enter it on each successive visit .","(ROOT (S (S (VP (VBG Selecting) (S (NP (CD _)) (VP (VB Remember) (NP (CD _)))))) (VP (VP (MD will) (VP (VB have) (S (NP (NNP Firefox)) (VP (VB store) (NP (NP (DT the) (NN password)) (PP (IN for) (NP (DT that) (NN page)))))))) (, ,) (CC and) (VP (MD will) (ADVP (RB automatically)) (VP (VB enter) (NP (PRP it)) (PP (IN on) (NP (DT each) (JJ successive) (NN visit)))))) (. .))) "
303,16,17,that,page,"Selecting _ Never for This Site _ will prevent Firefox from remembering the password for that page , ** and ** it will not ask to save a password on that page again .","(ROOT (S (S (S (VP (VBG Selecting) (NP (CD _)) (ADVP (RB Never)) (PP (IN for) (NP (DT This) (NN Site) (CD _))))) (VP (MD will) (VP (VB prevent) (NP (NNP Firefox)) (PP (IN from) (S (VP (VBG remembering) (NP (NP (NP (DT the) (NN password)) (PP (IN for) (NP (NP (DT that) (NN page)) (, ,)))) (X (SYM **))))))))) (CC and) (S (X (SYM **)) (NP (PRP it)) (VP (MD will) (RB not) (VP (VB ask) (S (VP (TO to) (VP (VB save) (NP (NP (DT a) (NN password)) (PP (IN on) (NP (DT that) (NN page)))) (ADVP (RB again)))))))) (. .))) "
303,31,32,that,page,"Selecting _ Never for This Site _ will prevent Firefox from remembering the password for that page , ** and ** it will not ask to save a password on that page again .","(ROOT (S (S (S (VP (VBG Selecting) (NP (CD _)) (ADVP (RB Never)) (PP (IN for) (NP (DT This) (NN Site) (CD _))))) (VP (MD will) (VP (VB prevent) (NP (NNP Firefox)) (PP (IN from) (S (VP (VBG remembering) (NP (NP (NP (DT the) (NN password)) (PP (IN for) (NP (NP (DT that) (NN page)) (, ,)))) (X (SYM **))))))))) (CC and) (S (X (SYM **)) (NP (PRP it)) (VP (MD will) (RB not) (VP (VB ask) (S (VP (TO to) (VP (VB save) (NP (NP (DT a) (NN password)) (PP (IN on) (NP (DT that) (NN page)))) (ADVP (RB again)))))))) (. .))) "
304,14,15,that,visit,"Selecting _ Not Now _ will prevent Firefox from saving the password on that visit , but the dialog will be presented again the next time you visit that site .","(ROOT (S (S (S (VP (VBG Selecting) (ADVP (NP (CD _)) (RB Not)) (ADVP (RB Now) (NP (CD _))))) (VP (MD will) (VP (VB prevent) (NP (NNP Firefox)) (PP (IN from) (S (VP (VBG saving) (NP (DT the) (NN password)) (PP (IN on) (NP (DT that) (NN visit))))))))) (, ,) (CC but) (S (NP (DT the) (NN dialog)) (VP (MD will) (VP (VB be) (VP (VBN presented) (ADVP (RB again)) (NP (NP (DT the) (JJ next) (NN time)) (SBAR (S (NP (PRP you)) (VP (VBP visit) (PP (IN that) (NP (NN site))))))))))) (. .))) "
306,22,23,that,time,"Without one , Firefox will automatically enter any password that is stored -- regardless of who is using the browser at that time .","(ROOT (S (PP (IN Without) (NP (CD one))) (, ,) (NP (NNP Firefox)) (VP (MD will) (ADVP (RB automatically)) (VP (VB enter) (NP (NP (DT any) (NN password)) (SBAR (WHNP (WDT that)) (S (VP (VBZ is) (VP (VBN stored) (PRN (: --) (ADVP (RB regardless) (PP (IN of) (SBAR (WHNP (WP who)) (S (VP (VBZ is) (VP (VBG using) (NP (DT the) (NN browser))))))))) (PP (IN at) (NP (DT that) (NN time)))))))))) (. .))) "
310,9,10,this,window,The Master Password can also be unset from this window .,(ROOT (S (NP (DT The) (NNP Master) (NNP Password)) (VP (MD can) (ADVP (RB also)) (VP (VB be) (ADJP (JJ unset) (PP (IN from) (NP (DT this) (NN window)))))) (. .))) 
319,5,6,this,list,"Removing an entry from this list , however , will cause Firefox to ask to save a password the next time you visit that site .","(ROOT (S (S (VP (VBG Removing) (NP (DT an) (NN entry)) (PP (IN from) (NP (DT this) (NN list))))) (, ,) (ADVP (RB however)) (, ,) (VP (MD will) (VP (VB cause) (S (NP (NNP Firefox)) (VP (TO to) (VP (VB ask) (S (VP (TO to) (VP (VB save) (NP (DT a) (NN password)) (NP (NP (DT the) (JJ next) (NN time)) (SBAR (S (NP (PRP you)) (VP (VBP visit) (PP (IN that) (NP (NN site))))))))))))))) (. .))) "
325,10,11,that,item,"After the download is finished , Firefox will keep that item visible .","(ROOT (S (SBAR (IN After) (S (NP (DT the) (NN download)) (VP (VBZ is) (VP (VBN finished))))) (, ,) (NP (NNP Firefox)) (VP (MD will) (VP (VB keep) (S (NP (DT that) (NN item)) (ADJP (JJ visible))))) (. .))) "
329,16,17,this,pane,It can also be accessed by pressing the _ View Download History _ button on this pane of the Preferences window .,(ROOT (S (NP (PRP It)) (VP (MD can) (ADVP (RB also)) (VP (VB be) (VP (VBN accessed) (PP (IN by) (S (VP (VBG pressing) (NP (DT the) (CD _) (NNP View)) (S (VP (VB Download) (NP (NP (NN History) (NN _) (NN button)) (PP (IN on) (NP (NP (DT this) (NN pane)) (PP (IN of) (NP (DT the) (NNPS Preferences) (NN window)))))))))))))) (. .))) 
342,3,4,that,option,Next to that option is a button named _ Exceptions _ .,(ROOT (SINV (PP (JJ Next) (TO to) (NP (DT that) (NN option))) (VP (VBZ is) (NP (NP (DT a) (NN button)) (VP (VBN named) (NP (CD _) (NNS Exceptions))))) (NP (CD _)) (. .))) 
345,15,16,that,site,"For other sites to give you cookies , you will have to navigate to that site -LRB- with the option enabled ; it is disabled by default -RRB- .","(ROOT (S (PP (IN For) (NP (JJ other) (NNS sites) (S (VP (TO to) (VP (VB give) (NP (PRP you)) (NP (NNS cookies))))))) (, ,) (NP (PRP you)) (VP (MD will) (VP (VB have) (S (VP (TO to) (VP (VB navigate) (PP (TO to) (NP (NP (DT that) (NN site)) (PRN (-LRB- -LRB-) (SBAR (IN with) (S (S (NP (DT the) (NN option)) (VP (VBD enabled))) (: ;) (S (NP (PRP it)) (VP (VBZ is) (VP (VBN disabled) (PP (IN by) (NP (NN default)))))))) (-RRB- -RRB-))))))))) (. .))) "
346,19,20,that,site,"The second option will except all cookies , as long as you have not removed a cookie from that site .","(ROOT (S (NP (DT The) (JJ second) (NN option)) (VP (MD will) (VP (VB except) (NP (DT all) (NNS cookies)) (, ,) (SBAR (ADVP (RB as) (RB long)) (IN as) (S (NP (PRP you)) (VP (VBP have) (RB not) (VP (VBN removed) (NP (DT a) (NN cookie)) (PP (IN from) (NP (DT that) (NN site))))))))) (. .))) "
354,2,3,this,window,"From this window , it is possible to remove one , a few , or all cookies .","(ROOT (S (PP (IN From) (NP (DT this) (NN window))) (, ,) (NP (PRP it)) (VP (VBZ is) (ADJP (JJ possible) (S (VP (TO to) (VP (VB remove) (NP (NP (CD one)) (, ,) (NP (DT a) (JJ few)) (, ,) (CC or) (NP (DT all) (NNS cookies)))))))) (. .))) "
364,2,3,this,setting,"With this setting , you can set the size of the cache .","(ROOT (S (PP (IN With) (NP (DT this) (NN setting))) (, ,) (NP (PRP you)) (VP (MD can) (VP (VB set) (NP (NP (DT the) (NN size)) (PP (IN of) (NP (DT the) (NN cache)))))) (. .))) "
372,15,16,this,pane,-LSB- -RSB- -LRB- / / bits.wikimedia.org/static-1.22wmf15/skins/common/images/magnify-clip.png -RRB- The Content Tab The first setting on this pane is for blocking popups .,(ROOT (S (NP (-LRB- -LSB-)) (VP (-RRB- -RSB-) (SBAR (S (PRN (-LRB- -LRB-) (PP (: /) (NP (: /) (NN bits.wikimedia.org/static-1.22wmf15/skins/common/images/magnify-clip.png))) (-RRB- -RRB-)) (NP (NP (DT The) (NNP Content) (NNP Tab) (NNP The) (JJ first) (NN setting)) (PP (IN on) (NP (DT this) (NN pane)))) (VP (VBZ is) (PP (IN for) (S (VP (VBG blocking) (NP (NNS popups))))))))) (. .))) 
378,21,22,that,site,"Sites can be removed from the _ Allowed Sites _ list , which will cause Firefox to block popups from that site again .","(ROOT (S (NP (NNS Sites)) (VP (MD can) (VP (VB be) (VP (VBN removed) (PP (IN from) (NP (NP (DT the) (NNP _) (NNP Allowed) (NNP Sites) (NNP _) (NN list)) (, ,) (SBAR (WHNP (WDT which)) (S (VP (MD will) (VP (VB cause) (S (NP (NNP Firefox)) (VP (TO to) (VP (VB block) (NP (NNS popups)) (PP (IN from) (NP (DT that) (NN site))) (ADVP (RB again)))))))))))))) (. .))) "
390,2,3,this,list,"From this list , you can both allow ** and ** deny permission for sites to load images .","(ROOT (S (S (PP (IN From) (NP (DT this) (NN list))) (, ,) (NP (PRP you)) (VP (MD can) (ADVP (CC both)) (VP (VB allow) (X (SYM **))))) (CC and) (FRAG (X (SYM **)) (VP (VBP deny) (NP (NP (NN permission)) (PP (IN for) (NP (NNS sites)))) (S (VP (TO to) (VP (VB load) (NP (NNS images))))))) (. .))) "
395,39,40,this,time,"However , if -LRB- again for example -RRB- you wanted wikibooks.org to be ** allowed ** to load images , then you would type `` wikibooks.org '' in the _ Address of the web site _ box , this time hitting _ Allow _ .","(ROOT (S (ADVP (RB However)) (, ,) (SBAR (IN if) (PRN (-LRB- -LRB-) (PP (ADVP (RB again)) (IN for) (NP (NN example))) (-RRB- -RRB-)) (S (S (NP (PRP you)) (VP (VBD wanted) (NP (NP (NN wikibooks.org) (S (VP (TO to) (VP (VB be) (X (SYM **)))))) (VP (VBN allowed) (X (X (SYM **)) (PP (TO to) (VP (VB load) (NP (NNS images))))))))) (, ,) (RB then) (S (NP (PRP you)) (VP (MD would) (VP (NP (NP (NN type) (`` ``) (NN wikibooks.org) ('' '')) (PP (IN in) (NP (NP (DT the) (CD _) (NN Address)) (PP (IN of) (NP (DT the) (NN web) (NN site) (NN _) (NN box))))))))))) (, ,) (NP (NP (DT this) (NN time)) (VP (VBG hitting) (ADVP (RB _)))) (VP (VB Allow) (NP (NN _))) (. .))) "
401,7,8,those,site,"and Wikipedia , as images on those sites are stored on separate servers .","(ROOT (S (CC and) (NP (NP (NNP Wikipedia)) (, ,) (PP (IN as) (NP (NP (NNS images)) (PP (IN on) (NP (DT those) (NNS sites)))))) (VP (VBP are) (VP (VBN stored) (PP (IN on) (NP (JJ separate) (NNS servers))))) (. .))) "
406,2,3,this,dialog,"From this dialog , you can set the default font , and the default font size .","(ROOT (S (PP (IN From) (NP (DT this) (NN dialog))) (, ,) (NP (PRP you)) (VP (MD can) (VP (VB set) (NP (NP (DT the) (NN default) (NN font)) (, ,) (CC and) (NP (DT the) (NN default) (NN font) (NN size))))) (. .))) "
413,18,19,this,preference,"When another application -LRB- AOL Instant Messenger , for instance -RRB- tries to open a link , this preference will tell Firefox where to do it .","(ROOT (S (SBAR (WHADVP (WRB When)) (S (NP (NP (DT another) (NN application)) (PRN (-LRB- -LRB-) (NP (NP (NNP AOL) (NNP Instant) (NNP Messenger)) (, ,) (PP (IN for) (NP (NN instance)))) (-RRB- -RRB-))) (VP (VBZ tries) (S (VP (TO to) (VP (VB open) (NP (DT a) (NN link)))))))) (, ,) (NP (DT this) (NN preference)) (VP (MD will) (VP (VB tell) (NP (NNP Firefox)) (SBAR (WHADVP (WRB where)) (S (VP (TO to) (VP (VB do) (NP (PRP it)))))))) (. .))) "
418,6,7,this,window,Three other preferences are on this window : * Hide the tab bar when only one web site is open * Select new tabs opened from links * Warn when closing multiple tabs The tab bar is hidden by default when only one website is opened .,(ROOT (UCP (S (NP (CD Three) (JJ other) (NNS preferences)) (VP (VBP are) (PP (IN on) (NP (DT this) (NN window))))) (: :) (SBAR (X (SYM *)) (S (S (VP (VB Hide) (NP (DT the) (NN tab) (NN bar)) (SBAR (WHADVP (WRB when) (RB only)) (S (NP (CD one) (NN web) (NN site)) (VP (VBZ is) (ADJP (JJ open) (SBAR (X (SYM *)) (S (NP (NNP Select) (JJ new) (NNS tabs)) (VP (VBD opened) (PP (IN from) (NP (NP (NNS links)) (X (SYM *)))) (S (VP (VB Warn) (SBAR (WHADVP (WRB when)) (S (VP (VBG closing) (NP (JJ multiple) (NNS tabs))) (NP-TMP (NP (DT The) (NN tab)) (NP (NN bar)))))))))))))))) (VP (VBZ is) (VP (VBN hidden) (PP (IN by) (NP (NN default))) (SBAR (WHADVP (WRB when)) (S (NP (RB only) (CD one) (NN website)) (VP (VBZ is) (VP (VBN opened))))))))) (. .))) 
421,6,7,this,preference,"In other words , with this preference enabled -LRB- it 's disabled by default -RRB- , a new tab opened by middle clicking a link will automatically be selected and visible .","(ROOT (S (PP (IN In) (NP (JJ other) (NNS words))) (, ,) (SBAR (IN with) (S (NP (DT this) (NN preference)) (VP (VP (VBD enabled)) (PRN (-LRB- -LRB-) (S (NP (PRP it)) (VP (VBZ 's) (VP (JJ disabled) (PP (IN by) (NP (NN default)))))) (-RRB- -RRB-))))) (, ,) (NP (NP (DT a) (JJ new) (NN tab)) (VP (VBN opened) (PP (IN by) (NP (NP (JJ middle)) (VP (VBG clicking) (NP (DT a) (NN link))))))) (VP (MD will) (ADVP (RB automatically)) (VP (VB be) (ADJP (ADJP (VBN selected)) (CC and) (ADJP (JJ visible))))) (. .))) "
433,7,8,this,folder,Selecting _ Save all files to this folder : _ will make it so every download goes to the same location .,(ROOT (S (S (VP (VBG Selecting) (S (NP (CD _)) (VP (VB Save) (NP (DT all) (NNS files)) (PP (TO to) (NP (DT this) (NN folder))))))) (: :) (S (NP (CD _)) (VP (MD will) (VP (VB make) (NP (PRP it)) (SBAR (IN so) (S (NP (DT every) (NN download)) (VP (VBZ goes) (PP (TO to) (NP (DT the) (JJ same) (NN location))))))))) (. .))) 
440,15,16,that,type,"It contains a list of file extensions , and default actions for files of that type .","(ROOT (S (NP (PRP It)) (VP (VBZ contains) (NP (NP (NP (DT a) (NN list)) (PP (IN of) (NP (NN file) (NNS extensions)))) (, ,) (CC and) (NP (NP (NN default) (NNS actions)) (PP (IN for) (NP (NP (NNS files)) (PP (IN of) (NP (DT that) (NN type)))))))) (. .))) "
442,2,3,this,time,"At this time , there appears to be no `` Add '' button , so you 're out of luck if the type you want to handle is missing from the list .","(ROOT (S (PP (IN At) (NP (DT this) (NN time))) (, ,) (S (NP (EX there)) (VP (VBZ appears) (S (VP (TO to) (VP (VB be) (S (NP (DT no) (`` ``) (S (VP (VB Add))) ('' '') (NN button)))))))) (, ,) (RB so) (S (NP (PRP you)) (VP (VBP 're) (ADJP (IN out) (PP (IN of) (NP (NN luck)))) (SBAR (IN if) (S (NP (NP (DT the) (NN type)) (SBAR (S (NP (PRP you)) (VP (VBP want) (S (VP (TO to) (VP (VB handle)))))))) (VP (VBZ is) (VP (VBG missing) (PP (IN from) (NP (DT the) (NN list))))))))) (. .))) "
449,13,14,this,tab,"However , most users should not need to change any preferences on this tab .","(ROOT (S (ADVP (RB However)) (, ,) (NP (RBS most) (NNS users)) (VP (MD should) (RB not) (VP (VB need) (S (VP (TO to) (VP (VB change) (NP (DT any) (NNS preferences)) (PP (IN on) (NP (DT this) (NN tab)))))))) (. .))) "
455,10,11,this,feature,Pressing -LSB- F7 -RSB- will also enable and disable this feature .,(ROOT (S (S (VP (VBG Pressing) (NP (-LRB- -LSB-) (NN F7) (-RRB- -RSB-)))) (VP (MD will) (ADVP (RB also)) (VP (VB enable) (CC and) (VB disable) (NP (DT this) (NN feature)))) (. .))) 
458,2,3,this,setting,"With this setting enabled , FAYT will begin when any key is pressed -LRB- as long as the cursor is not in a form , or other text entry area -RRB- .","(ROOT (S (SBAR (IN With) (S (NP (DT this) (NN setting)) (VP (VBD enabled)))) (, ,) (NP (NNP FAYT)) (VP (MD will) (VP (VB begin) (SBAR (WHADVP (WRB when)) (S (NP (DT any) (NN key)) (VP (VBZ is) (ADJP (VBN pressed) (PRN (-LRB- -LRB-) (ADVP (ADVP (RB as) (RB long)) (SBAR (IN as) (S (NP (DT the) (NN cursor)) (VP (VBZ is) (RB not) (PP (IN in) (NP (NP (DT a) (NN form)) (, ,) (CC or) (NP (JJ other) (NN text) (NN entry) (NN area)))))))) (-RRB- -RRB-)))))))) (. .))) "
487,15,16,that,profile,"If you select the delete files option , then all private data associated with that profile , including history , saved passwords , and cookies , are deleted from the hard drive .","(ROOT (S (SBAR (IN If) (S (NP (PRP you)) (VP (VBP select) (S (NP (DT the)) (VP (VB delete) (NP (NNS files) (NN option))))))) (, ,) (NP (NP (RB then) (DT all) (JJ private) (NNS data)) (VP (VBN associated) (PP (IN with) (NP (DT that) (NN profile))) (, ,) (PP (VBG including) (NP (NP (NN history)) (, ,) (VP (VBN saved) (NP (NP (NNS passwords)) (, ,) (CC and) (NP (NNS cookies)) (, ,))))))) (VP (VBP are) (VP (VBN deleted) (PP (IN from) (NP (DT the) (JJ hard) (NN drive))))) (. .))) "
488,7,8,these,file,There is no reason to keep these files as creating a new profile under the same name as the deleted one will not restore the profile .,(ROOT (S (NP (EX There)) (VP (VBZ is) (NP (DT no) (NN reason) (S (VP (TO to) (VP (VB keep) (NP (DT these) (NNS files)) (PP (IN as) (S (VP (VBG creating) (NP (DT a) (JJ new) (NN profile)) (PP (IN under) (NP (DT the) (JJ same) (NN name)))))) (SBAR (IN as) (S (NP (DT the) (VBN deleted) (CD one)) (VP (MD will) (RB not) (VP (VB restore) (NP (DT the) (NN profile))))))))))) (. .))) 
495,4,5,this,page,The links on this page are intended to help while also remaining current .,(ROOT (S (NP (NP (DT The) (NNS links)) (PP (IN on) (NP (DT this) (NN page)))) (VP (VBP are) (VP (VBN intended) (S (VP (TO to) (VP (VB help) (SBAR (IN while) (S (ADVP (RB also)) (VP (VBG remaining) (NP (JJ current)))))))))) (. .))) 
497,8,9,this,page,To look at links by category -LSB- this page -RSB- -LRB- https://addons.mozilla.org/firefox/extensions/ -RRB- is a good start .,(ROOT (S (S (VP (TO To) (VP (VB look) (PP (IN at) (NP (NNS links))) (PP (IN by) (NP (NN category)))))) (-LRB- -LSB-) (NP (NP (DT this) (NN page) (-RRB- -RSB-)) (PRN (-LRB- -LRB-) (NP (NN https://addons.mozilla.org/firefox/extensions/)) (-RRB- -RRB-))) (VP (VBZ is) (NP (DT a) (JJ good) (NN start))) (. .))) 
671,13,14,those,cookie,Selecting cookies and pressing _ Delete _ on the keyboard will delete those cookies .,(ROOT (S (S (VP (VP (VBG Selecting) (NP (NNS cookies))) (CC and) (VP (VBG pressing) (NP (CD _)) (S (VP (VB Delete) (NP (NN _)) (PP (IN on) (NP (DT the) (NN keyboard)))))))) (VP (MD will) (VP (VB delete) (NP (DT those) (NNS cookies)))) (. .))) 
727,5,6,this,figure,"Many guides recommend setting this figure to 100 , but this can have undesirable effects upon webservers .","(ROOT (S (S (NP (JJ Many) (NNS guides)) (VP (VBP recommend) (S (VP (VBG setting) (NP (DT this) (NN figure)) (PP (TO to) (NP (CD 100))))))) (, ,) (CC but) (S (NP (DT this)) (VP (MD can) (VP (VB have) (NP (JJ undesirable) (NNS effects)) (PP (IN upon) (NP (NNS webservers)))))) (. .))) "
753,2,3,this,feature,"When this feature is used , Firefox displays the HTML source that was used to generate the highlighted content .","(ROOT (S (SBAR (WHADVP (WRB When)) (S (NP (DT this) (NN feature)) (VP (VBZ is) (VP (VBN used))))) (, ,) (NP (NNP Firefox)) (VP (VBZ displays) (NP (NP (DT the) (NNP HTML) (NN source)) (SBAR (WHNP (WDT that)) (S (VP (VBD was) (VP (VBN used) (S (VP (TO to) (VP (VB generate) (NP (DT the) (VBN highlighted) (NN content))))))))))) (. .))) "
796,7,9,this,1ca6f699-f8f3-479b-983b-20775f09f755,"For example , you can generate this -LCB- 1ca6f699-f8f3-479b-983b-20775f09f755 -RCB- .","(ROOT (S (PP (IN For) (NP (NN example))) (, ,) (NP (PRP you)) (VP (MD can) (VP (VB generate) (S (NP (DT this) (-LRB- -LCB-) (NN 1ca6f699-f8f3-479b-983b-20775f09f755) (-RRB- -RCB-))))) (. .))) "
