2,4,5,this,page,-LSB- Edits to this page require review . -RSB-,(ROOT (S (NP (NP (-LRB- -LSB-) (NNS Edits)) (PP (TO to) (NP (DT this) (NN page)))) (VP (VBP require) (NP (NN review))) (. .) (-RRB- -RSB-))) 
4,8,9,this,page,"-LSB- This is a reviewed version of this page -RSB- -LRB- / / bits.wikimedia.org/static-1.22wmf19/extensions/FlaggedRevs/frontend/modules/img/2.png -RRB- This is the -LSB- latest reviewed version -RSB- -LRB- / wiki/Wikibooks : REVIEW -RRB- , -LSB- checked -RSB- -LRB- / / en.wikibooks.org/w/index.php?title=Special:Log&type=review&page=Wikijunior:Biology/Printable_version -RRB- on _ 21 July 2010 _ .","(ROOT (S (SBAR (-LRB- -LSB-) (S (NP (DT This)) (VP (VBZ is) (NP (NP (DT a) (VBN reviewed) (NN version)) (PP (IN of) (NP (DT this) (NN page) (-RRB- -RSB-))))))) (PRN (-LRB- -LRB-) (VP (: /) (NP (: /) (NN bits.wikimedia.org/static-1.22wmf19/extensions/FlaggedRevs/frontend/modules/img/2.png))) (-RRB- -RRB-)) (NP (DT This)) (VP (VBZ is) (NP (NP (DT the) (-LRB- -LSB-) (JJS latest)) (VP (VP (VBN reviewed) (NP (NP (NN version) (-RRB- -RSB-)) (PRN (-LRB- -LRB-) (NP (NP (: /) (NNS wiki/Wikibooks)) (: :) (NP (NNP REVIEW))) (-RRB- -RRB-)))) (, ,) (-LRB- -LSB-) (VP (VBN checked) (PP (-RRB- -RSB-) (PRN (-LRB- -LRB-) (PP (: /) (NP (: /) (NN en.wikibooks.org/w/index.php?title=Special:Log&type=review&page=Wikijunior:Biology/Printable_version))) (-RRB- -RRB-))) (PP (IN on) (NP (CD _) (CD 21))) (NP-TMP (NNP July) (CD 2010))) (NP (CD _))))) (. .))) "
6,40,41,this,message,-LSB- Printer.svg -RSB- -LRB- / / upload.wikimedia.org/wikipedia/commons/thumb/2/23/Printer.svg/40px-Printer.svg.png -RRB- ** This is the -LSB- print version -RSB- -LRB- / wiki/Help : Print_versions -RRB- of -LSB- Wikijunior : Biology -RSB- -LRB- / wiki/Wikijunior : Biology -RRB- ** You wo n't see this message or any elements not part of the book 's content when you print or -LSB- preview -RSB- -LRB- / / en.wikibooks.org/w/index.php?title=Wikijunior:Biology/Printable_version&action=purge&printable=yes -RRB- this page .,(ROOT (S (NP (-LRB- -LSB-) (NN Printer.svg)) (VP (-RRB- -RSB-) (SBAR (S (PRN (-LRB- -LRB-) (PP (: /) (NP (: /) (NN upload.wikimedia.org/wikipedia/commons/thumb/2/23/Printer.svg/40px-Printer.svg.png))) (-RRB- -RRB-)) (S (X (SYM **)) (NP (DT This)) (VP (VBZ is) (NP (NP (NP (DT the) (-LRB- -LSB-) (NN print) (NN version) (-RRB- -RSB-)) (PRN (-LRB- -LRB-) (NP (NP (: /) (NN wiki/Help)) (: :) (NP (NNS Print_versions))) (-RRB- -RRB-))) (PP (IN of) (NP (-LRB- -LSB-) (NNP Wikijunior)))))) (: :) (S (NP (NN Biology)) (VP (-RRB- -RSB-) (PRN (-LRB- -LRB-) (NP (NP (: /) (NNP wiki/Wikijunior)) (: :) (NP (NNP Biology))) (-RRB- -RRB-)) (SBAR (SBAR (X (SYM **)) (S (NP (PRP You)) (VP (MD wo) (RB n't) (VP (VB see) (NP (NP (DT this) (NN message)) (CC or) (NP (DT any) (NNS elements))) (PP (RB not) (NP (NP (NN part)) (PP (IN of) (NP (NP (DT the) (NN book) (POS 's)) (NN content))))) (SBAR (WHADVP (WRB when)) (S (NP (PRP you)) (VP (VBP print)))))))) (CC or) (SBAR (-LRB- -LSB-) (S (NP (NN preview)) (VP (-RRB- -RSB-) (PRN (-LRB- -LRB-) (: /) (NX (: /) (NNS en.wikibooks.org/w/index.php?title=Wikijunior:Biology/Printable_version&action=purge&printable=yes)) (-RRB- -RRB-)) (NP (DT this) (NN page))))))))))) (. .))) 
6,64,65,this,page,-LSB- Printer.svg -RSB- -LRB- / / upload.wikimedia.org/wikipedia/commons/thumb/2/23/Printer.svg/40px-Printer.svg.png -RRB- ** This is the -LSB- print version -RSB- -LRB- / wiki/Help : Print_versions -RRB- of -LSB- Wikijunior : Biology -RSB- -LRB- / wiki/Wikijunior : Biology -RRB- ** You wo n't see this message or any elements not part of the book 's content when you print or -LSB- preview -RSB- -LRB- / / en.wikibooks.org/w/index.php?title=Wikijunior:Biology/Printable_version&action=purge&printable=yes -RRB- this page .,(ROOT (S (NP (-LRB- -LSB-) (NN Printer.svg)) (VP (-RRB- -RSB-) (SBAR (S (PRN (-LRB- -LRB-) (PP (: /) (NP (: /) (NN upload.wikimedia.org/wikipedia/commons/thumb/2/23/Printer.svg/40px-Printer.svg.png))) (-RRB- -RRB-)) (S (X (SYM **)) (NP (DT This)) (VP (VBZ is) (NP (NP (NP (DT the) (-LRB- -LSB-) (NN print) (NN version) (-RRB- -RSB-)) (PRN (-LRB- -LRB-) (NP (NP (: /) (NN wiki/Help)) (: :) (NP (NNS Print_versions))) (-RRB- -RRB-))) (PP (IN of) (NP (-LRB- -LSB-) (NNP Wikijunior)))))) (: :) (S (NP (NN Biology)) (VP (-RRB- -RSB-) (PRN (-LRB- -LRB-) (NP (NP (: /) (NNP wiki/Wikijunior)) (: :) (NP (NNP Biology))) (-RRB- -RRB-)) (SBAR (SBAR (X (SYM **)) (S (NP (PRP You)) (VP (MD wo) (RB n't) (VP (VB see) (NP (NP (DT this) (NN message)) (CC or) (NP (DT any) (NNS elements))) (PP (RB not) (NP (NP (NN part)) (PP (IN of) (NP (NP (DT the) (NN book) (POS 's)) (NN content))))) (SBAR (WHADVP (WRB when)) (S (NP (PRP you)) (VP (VBP print)))))))) (CC or) (SBAR (-LRB- -LSB-) (S (NP (NN preview)) (VP (-RRB- -RSB-) (PRN (-LRB- -LRB-) (: /) (NX (: /) (NNS en.wikibooks.org/w/index.php?title=Wikijunior:Biology/Printable_version&action=purge&printable=yes)) (-RRB- -RRB-)) (NP (DT this) (NN page))))))))))) (. .))) 
43,8,9,these,property,Some non-living things can have some of these properties .,(ROOT (S (NP (DT Some) (JJ non-living) (NNS things)) (VP (MD can) (VP (VB have) (NP (NP (DT some)) (PP (IN of) (NP (DT these) (NNS properties)))))) (. .))) 
56,2,3,this,process,"In this process , living things must excrete waste .","(ROOT (S (PP (IN In) (NP (DT this) (NN process))) (, ,) (NP (VBG living) (NNS things)) (VP (MD must) (VP (VB excrete) (NP (NN waste)))) (. .))) "
247,15,16,that,filter,The ** kidneys ** are -LSB- organs -RSB- -LRB- / wiki/Wikijunior : Biology/Organs -RRB- that filter the blood and remove poison .,(ROOT (S (NP (DT The)) (SBAR (X (SYM **)) (S (NP (NP (NNS kidneys)) (SBAR (FRAG (X (SYM **)) (VP (VBP are))))) (VP (-LRB- -LSB-) (NP (NP (NNS organs)) (-RRB- -RSB-) (PRN (-LRB- -LRB-) (NP (NP (: /) (NNP wiki/Wikijunior)) (: :) (NP (NNS Biology/Organs))) (-RRB- -RRB-)) (SBAR (WHNP (WDT that) (NN filter)) (S (NP (NP (DT the) (NN blood)) (CC and) (S (VP (VB remove) (NP (NN poison))))))))))) (. .))) 
423,16,17,this,page,php?title = Wikijunior : Biology/Printable _ version & action = info -RRB- * -LSB- Cite this page -RSB- -LRB- / w/index .,(ROOT (S (VP (NN php?title) (NP (NP (NP (JJ =)) (NP (NP (NNP Wikijunior)) (: :) (NP (NP (JJ Biology/Printable) (NN _) (NN version)) (CC &) (NP (NN action) (JJ =) (NN info))) (-RRB- -RRB-))) (X (SYM *))) (S (VP (-LRB- -LSB-) (VP (VB Cite) (S (NP (DT this) (NN page)) (NP (NP (-RRB- -RSB-)) (-LRB- -LRB-) (PP (: /) (NP (NN w/index))))))))) (. .))) 
429,3,4,this,site,"By using this site , you agree to the -LSB- Terms of Use -RSB- -LRB- / / wikimediafoundation.org/wiki/Terms_of_Use -RRB- and -LSB- Privacy Policy . -RSB-","(ROOT (S (PP (IN By) (S (VP (VBG using) (NP (DT this) (NN site))))) (, ,) (NP (PRP you)) (VP (VBP agree) (PP (PP (TO to) (NP (NP (DT the) (-LRB- -LSB-) (NNS Terms)) (PP (IN of) (NP (NP (NN Use) (-RRB- -RSB-)) (PRN (-LRB- -LRB-) (NP (: /) (: /) (NN wikimediafoundation.org/wiki/Terms_of_Use)) (-RRB- -RRB-)))))) (CC and) (PP (-LRB- -LSB-) (NP (NNP Privacy) (NNP Policy))))) (. .) (-RRB- -RSB-))) "
