2,4,5,this,page,-LSB- Edits to this page require review . -RSB-,(ROOT (S (NP (NP (-LRB- -LSB-) (NNS Edits)) (PP (TO to) (NP (DT this) (NN page)))) (VP (VBP require) (NP (NN review))) (. .) (-RRB- -RSB-))) 
4,8,9,this,page,"-LSB- This is a reviewed version of this page -RSB- -LRB- / / bits.wikimedia.org/static-1.22wmf19/extensions/FlaggedRevs/frontend/modules/img/2.png -RRB- This is the -LSB- latest reviewed version -RSB- -LRB- / wiki/Wikibooks : REVIEW -RRB- , -LSB- checked -RSB- -LRB- / / en.wikibooks.org/w/index.php?title=Special:Log&type=review&page=Wikijunior:Alphabet/All_pages -RRB- on _ 4 September 2012 _ .","(ROOT (S (SBAR (-LRB- -LSB-) (S (NP (DT This)) (VP (VBZ is) (NP (NP (DT a) (VBN reviewed) (NN version)) (PP (IN of) (NP (DT this) (NN page) (-RRB- -RSB-))))))) (PRN (-LRB- -LRB-) (VP (: /) (NP (: /) (NN bits.wikimedia.org/static-1.22wmf19/extensions/FlaggedRevs/frontend/modules/img/2.png))) (-RRB- -RRB-)) (NP (DT This)) (VP (VBZ is) (NP (NP (DT the) (-LRB- -LSB-) (JJS latest)) (VP (VP (VBN reviewed) (NP (NP (NN version) (-RRB- -RSB-)) (PRN (-LRB- -LRB-) (NP (NP (: /) (NNS wiki/Wikibooks)) (: :) (NP (NNP REVIEW))) (-RRB- -RRB-)))) (, ,) (-LRB- -LSB-) (VP (VBN checked) (PP (-RRB- -RSB-) (PRN (-LRB- -LRB-) (: /) (NX (: /) (NNS en.wikibooks.org/w/index.php?title=Special:Log&type=review&page=Wikijunior:Alphabet/All_pages)) (-RRB- -RRB-))) (PP (IN on) (NP (NN _) (CD 4))) (NP-TMP (NNP September) (CD 2012))) (NP (CD _))))) (. .))) "
19,8,9,this,file,* * * _ Problems listening to this file ?,(ROOT (X (X (SYM *)) (SYM *) (X (SYM *)) (NP (NP (CD _) (NNS Problems)) (SBAR (S (VP (VBG listening) (PP (TO to) (NP (DT this) (NN file))))))) (. ?))) 
28,8,9,this,file,* * * _ Problems listening to this file ?,(ROOT (X (X (SYM *)) (SYM *) (X (SYM *)) (NP (NP (CD _) (NNS Problems)) (SBAR (S (VP (VBG listening) (PP (TO to) (NP (DT this) (NN file))))))) (. ?))) 
37,8,9,this,file,* * * _ Problems listening to this file ?,(ROOT (X (X (SYM *)) (SYM *) (X (SYM *)) (NP (NP (CD _) (NNS Problems)) (SBAR (S (VP (VBG listening) (PP (TO to) (NP (DT this) (NN file))))))) (. ?))) 
44,8,9,this,file,* * * _ Problems listening to this file ?,(ROOT (X (X (SYM *)) (SYM *) (X (SYM *)) (NP (NP (CD _) (NNS Problems)) (SBAR (S (VP (VBG listening) (PP (TO to) (NP (DT this) (NN file))))))) (. ?))) 
52,8,9,this,file,* * * _ Problems listening to this file ?,(ROOT (X (X (SYM *)) (SYM *) (X (SYM *)) (NP (NP (CD _) (NNS Problems)) (SBAR (S (VP (VBG listening) (PP (TO to) (NP (DT this) (NN file))))))) (. ?))) 
59,8,9,this,file,* * * _ Problems listening to this file ?,(ROOT (X (X (SYM *)) (SYM *) (X (SYM *)) (NP (NP (CD _) (NNS Problems)) (SBAR (S (VP (VBG listening) (PP (TO to) (NP (DT this) (NN file))))))) (. ?))) 
66,8,9,this,file,* * * _ Problems listening to this file ?,(ROOT (X (X (SYM *)) (SYM *) (X (SYM *)) (NP (NP (CD _) (NNS Problems)) (SBAR (S (VP (VBG listening) (PP (TO to) (NP (DT this) (NN file))))))) (. ?))) 
73,8,9,this,file,* * * _ Problems listening to this file ?,(ROOT (X (X (SYM *)) (SYM *) (X (SYM *)) (NP (NP (CD _) (NNS Problems)) (SBAR (S (VP (VBG listening) (PP (TO to) (NP (DT this) (NN file))))))) (. ?))) 
80,8,9,this,file,* * * _ Problems listening to this file ?,(ROOT (X (X (SYM *)) (SYM *) (X (SYM *)) (NP (NP (CD _) (NNS Problems)) (SBAR (S (VP (VBG listening) (PP (TO to) (NP (DT this) (NN file))))))) (. ?))) 
88,8,9,this,file,* * * _ Problems listening to this file ?,(ROOT (X (X (SYM *)) (SYM *) (X (SYM *)) (NP (NP (CD _) (NNS Problems)) (SBAR (S (VP (VBG listening) (PP (TO to) (NP (DT this) (NN file))))))) (. ?))) 
95,8,9,this,file,* * * _ Problems listening to this file ?,(ROOT (X (X (SYM *)) (SYM *) (X (SYM *)) (NP (NP (CD _) (NNS Problems)) (SBAR (S (VP (VBG listening) (PP (TO to) (NP (DT this) (NN file))))))) (. ?))) 
103,8,9,this,file,* * * _ Problems listening to this file ?,(ROOT (X (X (SYM *)) (SYM *) (X (SYM *)) (NP (NP (CD _) (NNS Problems)) (SBAR (S (VP (VBG listening) (PP (TO to) (NP (DT this) (NN file))))))) (. ?))) 
110,8,9,this,file,* * * _ Problems listening to this file ?,(ROOT (X (X (SYM *)) (SYM *) (X (SYM *)) (NP (NP (CD _) (NNS Problems)) (SBAR (S (VP (VBG listening) (PP (TO to) (NP (DT this) (NN file))))))) (. ?))) 
117,8,9,this,file,* * * _ Problems listening to this file ?,(ROOT (X (X (SYM *)) (SYM *) (X (SYM *)) (NP (NP (CD _) (NNS Problems)) (SBAR (S (VP (VBG listening) (PP (TO to) (NP (DT this) (NN file))))))) (. ?))) 
125,8,9,this,file,* * * _ Problems listening to this file ?,(ROOT (X (X (SYM *)) (SYM *) (X (SYM *)) (NP (NP (CD _) (NNS Problems)) (SBAR (S (VP (VBG listening) (PP (TO to) (NP (DT this) (NN file))))))) (. ?))) 
132,8,9,this,file,* * * _ Problems listening to this file ?,(ROOT (X (X (SYM *)) (SYM *) (X (SYM *)) (NP (NP (CD _) (NNS Problems)) (SBAR (S (VP (VBG listening) (PP (TO to) (NP (DT this) (NN file))))))) (. ?))) 
139,8,9,this,file,* * * _ Problems listening to this file ?,(ROOT (X (X (SYM *)) (SYM *) (X (SYM *)) (NP (NP (CD _) (NNS Problems)) (SBAR (S (VP (VBG listening) (PP (TO to) (NP (DT this) (NN file))))))) (. ?))) 
146,8,9,this,file,* * * _ Problems listening to this file ?,(ROOT (X (X (SYM *)) (SYM *) (X (SYM *)) (NP (NP (CD _) (NNS Problems)) (SBAR (S (VP (VBG listening) (PP (TO to) (NP (DT this) (NN file))))))) (. ?))) 
153,8,9,this,file,* * * _ Problems listening to this file ?,(ROOT (X (X (SYM *)) (SYM *) (X (SYM *)) (NP (NP (CD _) (NNS Problems)) (SBAR (S (VP (VBG listening) (PP (TO to) (NP (DT this) (NN file))))))) (. ?))) 
161,8,9,this,file,* * * _ Problems listening to this file ?,(ROOT (X (X (SYM *)) (SYM *) (X (SYM *)) (NP (NP (CD _) (NNS Problems)) (SBAR (S (VP (VBG listening) (PP (TO to) (NP (DT this) (NN file))))))) (. ?))) 
168,8,9,this,file,* * * _ Problems listening to this file ?,(ROOT (X (X (SYM *)) (SYM *) (X (SYM *)) (NP (NP (CD _) (NNS Problems)) (SBAR (S (VP (VBG listening) (PP (TO to) (NP (DT this) (NN file))))))) (. ?))) 
176,8,9,this,file,* * * _ Problems listening to this file ?,(ROOT (X (X (SYM *)) (SYM *) (X (SYM *)) (NP (NP (CD _) (NNS Problems)) (SBAR (S (VP (VBG listening) (PP (TO to) (NP (DT this) (NN file))))))) (. ?))) 
184,8,9,this,file,* * * _ Problems listening to this file ?,(ROOT (X (X (SYM *)) (SYM *) (X (SYM *)) (NP (NP (CD _) (NNS Problems)) (SBAR (S (VP (VBG listening) (PP (TO to) (NP (DT this) (NN file))))))) (. ?))) 
191,8,9,this,file,* * * _ Problems listening to this file ?,(ROOT (X (X (SYM *)) (SYM *) (X (SYM *)) (NP (NP (CD _) (NNS Problems)) (SBAR (S (VP (VBG listening) (PP (TO to) (NP (DT this) (NN file))))))) (. ?))) 
203,16,17,this,page,php?title = Wikijunior : Alphabet/All _ pages & action = info -RRB- * -LSB- Cite this page -RSB- -LRB- / w/index .,(ROOT (S (VP (NN php?title) (NP (NP (NP (JJ =)) (NP (NP (NNP Wikijunior)) (: :) (NP (NP (NNP Alphabet/All) (CD _) (NNS pages)) (CC &) (NP (NN action) (JJ =) (NN info))) (-RRB- -RRB-))) (X (SYM *))) (S (VP (-LRB- -LSB-) (VP (VB Cite) (S (NP (DT this) (NN page)) (NP (NP (-RRB- -RSB-)) (-LRB- -LRB-) (PP (: /) (NP (NN w/index))))))))) (. .))) 
209,3,4,this,site,"By using this site , you agree to the -LSB- Terms of Use -RSB- -LRB- / / wikimediafoundation.org/wiki/Terms_of_Use -RRB- and -LSB- Privacy Policy . -RSB-","(ROOT (S (PP (IN By) (S (VP (VBG using) (NP (DT this) (NN site))))) (, ,) (NP (PRP you)) (VP (VBP agree) (PP (PP (TO to) (NP (NP (DT the) (-LRB- -LSB-) (NNS Terms)) (PP (IN of) (NP (NP (NN Use) (-RRB- -RSB-)) (PRN (-LRB- -LRB-) (NP (: /) (: /) (NN wikimediafoundation.org/wiki/Terms_of_Use)) (-RRB- -RRB-)))))) (CC and) (PP (-LRB- -LSB-) (NP (NNP Privacy) (NNP Policy))))) (. .) (-RRB- -RSB-))) "
