2,4,5,this,page,-LSB- Edits to this page require review . -RSB-,(ROOT (S (NP (NP (-LRB- -LSB-) (NNS Edits)) (PP (TO to) (NP (DT this) (NN page)))) (VP (VBP require) (NP (NN review))) (. .) (-RRB- -RSB-))) 
4,8,9,this,page,"-LSB- This is a reviewed version of this page -RSB- -LRB- / / bits.wikimedia.org/static-1.22wmf19/extensions/FlaggedRevs/frontend/modules/img/2.png -RRB- This is the -LSB- latest reviewed version -RSB- -LRB- / wiki/Wikibooks : REVIEW -RRB- , -LSB- checked -RSB- -LRB- / / en.wikibooks.org/w/index.php?title=Special:Log&type=review&page=Wikijunior:Ancient_Civilizations/Print_version -RRB- on _ 3 May 2012 _ .","(ROOT (S (SBAR (-LRB- -LSB-) (S (NP (DT This)) (VP (VBZ is) (NP (NP (DT a) (VBN reviewed) (NN version)) (PP (IN of) (NP (DT this) (NN page) (-RRB- -RSB-))))))) (PRN (-LRB- -LRB-) (VP (: /) (NP (: /) (NN bits.wikimedia.org/static-1.22wmf19/extensions/FlaggedRevs/frontend/modules/img/2.png))) (-RRB- -RRB-)) (NP (DT This)) (VP (VBZ is) (NP (NP (DT the) (-LRB- -LSB-) (JJS latest)) (VP (VP (VBN reviewed) (NP (NP (NN version) (-RRB- -RSB-)) (PRN (-LRB- -LRB-) (NP (NP (: /) (NNS wiki/Wikibooks)) (: :) (NP (NNP REVIEW))) (-RRB- -RRB-)))) (, ,) (-LRB- -LSB-) (VP (VBN checked) (PP (-RRB- -RSB-) (PRN (-LRB- -LRB-) (PP (: /) (NP (: /) (NN en.wikibooks.org/w/index.php?title=Special:Log&type=review&page=Wikijunior:Ancient_Civilizations/Print_version))) (-RRB- -RRB-))) (PP (IN on) (NP (NN _) (CD 3))) (NP-TMP (NNP May) (CD 2012))) (NP (CD _))))) (. .))) "
6,41,42,this,message,-LSB- Printer.svg -RSB- -LRB- / / upload.wikimedia.org/wikipedia/commons/thumb/2/23/Printer.svg/40px-Printer.svg.png -RRB- ** This is the -LSB- print version -RSB- -LRB- / wiki/Help : Print_versions -RRB- of -LSB- Wikijunior : Ancient Civilizations -RSB- -LRB- / wiki/Wikijunior : Ancient_Civilizations -RRB- ** You wo n't see this message or any elements not part of the book 's content when you print or -LSB- preview -RSB- -LRB- / / en.wikibooks.org/w/index.php?title=Wikijunior:Ancient_Civilizations/Print_version&action=purge&printable=yes -RRB- this page .,(ROOT (S (NP (-LRB- -LSB-) (NN Printer.svg)) (VP (-RRB- -RSB-) (SBAR (S (PRN (-LRB- -LRB-) (PP (: /) (NP (: /) (NN upload.wikimedia.org/wikipedia/commons/thumb/2/23/Printer.svg/40px-Printer.svg.png))) (-RRB- -RRB-)) (S (X (SYM **)) (NP (DT This)) (VP (VBZ is) (NP (NP (NP (DT the) (-LRB- -LSB-) (NN print) (NN version) (-RRB- -RSB-)) (PRN (-LRB- -LRB-) (NP (NP (: /) (NN wiki/Help)) (: :) (NP (NNS Print_versions))) (-RRB- -RRB-))) (PP (IN of) (NP (-LRB- -LSB-) (NNP Wikijunior)))))) (: :) (S (NP (JJ Ancient) (NNS Civilizations)) (VP (-RRB- -RSB-) (PRN (-LRB- -LRB-) (NP (NP (: /) (NNP wiki/Wikijunior)) (: :) (NP (NNS Ancient_Civilizations))) (-RRB- -RRB-)) (SBAR (SBAR (X (SYM **)) (S (NP (PRP You)) (VP (MD wo) (RB n't) (VP (VB see) (NP (NP (DT this) (NN message)) (CC or) (NP (DT any) (NNS elements))) (PP (RB not) (NP (NP (NN part)) (PP (IN of) (NP (NP (DT the) (NN book) (POS 's)) (NN content))))) (SBAR (WHADVP (WRB when)) (S (NP (PRP you)) (VP (VBP print)))))))) (CC or) (SBAR (-LRB- -LSB-) (S (NP (NN preview)) (VP (-RRB- -RSB-) (PRN (-LRB- -LRB-) (: /) (NX (: /) (NNS en.wikibooks.org/w/index.php?title=Wikijunior:Ancient_Civilizations/Print_version&action=purge&printable=yes)) (-RRB- -RRB-)) (NP (DT this) (NN page))))))))))) (. .))) 
6,65,66,this,page,-LSB- Printer.svg -RSB- -LRB- / / upload.wikimedia.org/wikipedia/commons/thumb/2/23/Printer.svg/40px-Printer.svg.png -RRB- ** This is the -LSB- print version -RSB- -LRB- / wiki/Help : Print_versions -RRB- of -LSB- Wikijunior : Ancient Civilizations -RSB- -LRB- / wiki/Wikijunior : Ancient_Civilizations -RRB- ** You wo n't see this message or any elements not part of the book 's content when you print or -LSB- preview -RSB- -LRB- / / en.wikibooks.org/w/index.php?title=Wikijunior:Ancient_Civilizations/Print_version&action=purge&printable=yes -RRB- this page .,(ROOT (S (NP (-LRB- -LSB-) (NN Printer.svg)) (VP (-RRB- -RSB-) (SBAR (S (PRN (-LRB- -LRB-) (PP (: /) (NP (: /) (NN upload.wikimedia.org/wikipedia/commons/thumb/2/23/Printer.svg/40px-Printer.svg.png))) (-RRB- -RRB-)) (S (X (SYM **)) (NP (DT This)) (VP (VBZ is) (NP (NP (NP (DT the) (-LRB- -LSB-) (NN print) (NN version) (-RRB- -RSB-)) (PRN (-LRB- -LRB-) (NP (NP (: /) (NN wiki/Help)) (: :) (NP (NNS Print_versions))) (-RRB- -RRB-))) (PP (IN of) (NP (-LRB- -LSB-) (NNP Wikijunior)))))) (: :) (S (NP (JJ Ancient) (NNS Civilizations)) (VP (-RRB- -RSB-) (PRN (-LRB- -LRB-) (NP (NP (: /) (NNP wiki/Wikijunior)) (: :) (NP (NNS Ancient_Civilizations))) (-RRB- -RRB-)) (SBAR (SBAR (X (SYM **)) (S (NP (PRP You)) (VP (MD wo) (RB n't) (VP (VB see) (NP (NP (DT this) (NN message)) (CC or) (NP (DT any) (NNS elements))) (PP (RB not) (NP (NP (NN part)) (PP (IN of) (NP (NP (DT the) (NN book) (POS 's)) (NN content))))) (SBAR (WHADVP (WRB when)) (S (NP (PRP you)) (VP (VBP print)))))))) (CC or) (SBAR (-LRB- -LSB-) (S (NP (NN preview)) (VP (-RRB- -RSB-) (PRN (-LRB- -LRB-) (: /) (NX (: /) (NNS en.wikibooks.org/w/index.php?title=Wikijunior:Ancient_Civilizations/Print_version&action=purge&printable=yes)) (-RRB- -RRB-)) (NP (DT this) (NN page))))))))))) (. .))) 
32,4,5,these,pueblo,It is from these pueblos that the Ancient Pueblo people get their name .,(ROOT (S (NP (PRP It)) (VP (VBZ is) (PP (IN from) (NP (DT these) (NNS pueblos))) (SBAR (IN that) (S (NP (DT the) (JJ Ancient) (JJ Pueblo) (NNS people)) (VP (VBP get) (NP (PRP$ their) (NN name)))))) (. .))) 
43,4,5,this,pueblo,Pueblo people built this pueblo between 1000 and 1450 A.D. .,(ROOT (S (NP (JJ Pueblo) (NNS people)) (VP (VBN built) (S (NP (NP (DT this) (NN pueblo)) (PP (IN between) (NP (CD 1000) (CC and) (CD 1450)))) (NP (NNP A.D.)))) (. .))) 
70,5,6,these,cake,Today their ancestors call these cakes `` piki . '',(ROOT (S (NP-TMP (NN Today)) (NP (PRP$ their) (NNS ancestors)) (VP (VBP call) (S (NP (DT these) (NNS cakes)) (`` ``) (NP (NNS piki)))) (. .) ('' ''))) 
77,5,6,these,bird,"Instead , they used these birds to control insects .","(ROOT (S (ADVP (RB Instead)) (, ,) (NP (PRP they)) (VP (VBD used) (NP (DT these) (NNS birds)) (S (VP (TO to) (VP (VB control) (NP (NNS insects)))))) (. .))) "
107,7,8,these,kachina,Today their ancestors call some of these kachinas .,(ROOT (S (NP-TMP (NN Today)) (NP (PRP$ their) (NNS ancestors)) (VP (VBP call) (NP (NP (DT some)) (PP (IN of) (NP (DT these) (NNS kachinas))))) (. .))) 
111,9,10,this,world,"According to Pueblo history , their ancestors entered this world from another world .","(ROOT (S (PP (VBG According) (PP (TO to) (NP (JJ Pueblo) (NN history)))) (, ,) (NP (PRP$ their) (NNS ancestors)) (VP (VBD entered) (NP (DT this) (NN world)) (PP (IN from) (NP (DT another) (NN world)))) (. .))) "
112,5,6,this,world,The people who entered this world are the First People .,(ROOT (S (NP (NP (DT The) (NNS people)) (SBAR (WHNP (WP who)) (S (VP (VBD entered) (NP (DT this) (NN world)))))) (VP (VBP are) (NP (DT the) (NNP First) (NNPS People))) (. .))) 
119,6,7,this,world,Then they were reborn in this world as a new baby .,(ROOT (S (RB Then) (NP (PRP they)) (VP (VBD were) (ADJP (JJ reborn) (PP (IN in) (NP (NP (DT this) (NN world)) (PP (IN as) (NP (DT a) (JJ new) (NN baby))))))) (. .))) 
156,13,14,this,system,"Over time , they added to the size of the island using this system .","(ROOT (S (PP (IN Over) (NP (NN time))) (, ,) (NP (PRP they)) (VP (VBD added) (PP (TO to) (NP (NP (DT the) (NN size)) (PP (IN of) (NP (DT the) (NN island))))) (S (VP (VBG using) (NP (DT this) (NN system))))) (. .))) "
186,6,7,these,item,Common soldiers did not have these items .,(ROOT (S (NP (JJ Common) (NNS soldiers)) (VP (VBD did) (RB not) (VP (VB have) (NP (DT these) (NNS items)))) (. .))) 
217,16,17,these,god,Tezcatlipoca lost his foot in the process of creating the world and all representations of these gods show him without a foot and with a bone exposed .,(ROOT (S (S (NP (NNP Tezcatlipoca)) (VP (VBD lost) (NP (PRP$ his) (NN foot)) (PP (IN in) (NP (NP (DT the) (NN process)) (PP (IN of) (S (VP (VBG creating) (NP (DT the) (NN world))))))))) (CC and) (S (NP (NP (DT all) (NNS representations)) (PP (IN of) (NP (DT these) (NNS gods)))) (VP (VBP show) (NP (PRP him)) (PP (PP (IN without) (NP (DT a) (NN foot))) (CC and) (PP (IN with) (NP (NP (DT a) (NN bone)) (VP (VBN exposed))))))) (. .))) 
234,13,14,that,city,Strange people with many heads but one body were seen walking through that city .,(ROOT (S (NP (NP (JJ Strange) (NNS people)) (PP (IN with) (NP (NP (JJ many) (NNS heads)) (PP (CC but) (NP (CD one) (NN body)))))) (VP (VBD were) (VP (VBN seen) (S (VP (VBG walking) (WHPP (IN through) (WHNP (WDT that) (NN city))))))) (. .))) 
306,5,6,this,role,"** Potatoes ** serve this role in Ireland , although they were not introduced until after Columbus reached the New World .","(ROOT (X (X (SYM **)) (NP (NP (NNPS Potatoes)) (SBAR (FRAG (SBAR (X (SYM **)) (S (S (VP (VB serve) (NP (NP (DT this) (NN role)) (PP (IN in) (NP (NNP Ireland)))) (, ,) (SBAR (IN although) (S (NP (PRP they)) (VP (VBD were) (RB not) (VP (VBN introduced) (PP (IN until) (PP (IN after) (NP (NNP Columbus)))))))))) (VP (VBD reached) (NP (DT the) (NNP New) (NNP World))))) (. .)))))) "
311,33,34,that,time,"This does n't just show the importance of cattle in Celtic society , but also the fact that they thoroughly accepted the idea of women as leaders , unlike other societies of that time .","(ROOT (S (NP (DT This)) (VP (VBZ does) (RB n't) (ADVP (RB just)) (VP (VB show) (NP (NP (NP (DT the) (NN importance)) (PP (IN of) (NP (NP (NNS cattle)) (PP (IN in) (NP (JJ Celtic) (NN society)))))) (, ,) (CONJP (CC but) (RB also)) (NP (NP (DT the) (NN fact)) (SBAR (IN that) (S (NP (PRP they)) (ADVP (RB thoroughly)) (VP (VBD accepted) (NP (NP (DT the) (NN idea)) (PP (IN of) (NP (NNS women)))) (PP (IN as) (NP (NNS leaders))) (, ,) (PP (IN unlike) (NP (NP (JJ other) (NNS societies)) (PP (IN of) (NP (DT that) (NN time)))))))))))) (. .))) "
377,8,9,that,evolution,The present-day China is the continuation of that evolution .,(ROOT (S (NP (DT The) (JJ present-day) (NNP China)) (VP (VBZ is) (NP (NP (DT the) (NN continuation)) (PP (IN of) (NP (DT that) (NN evolution))))) (. .))) 
386,3,4,these,extreme,"Because of these extremes , there are n't many villages and the villages that are there are quite small .","(ROOT (S (PP (IN Because) (PP (IN of) (NP (DT these) (NNS extremes)))) (, ,) (NP (EX there)) (VP (VBP are) (RB n't) (NP (NP (JJ many) (NNS villages)) (CC and) (NP (NP (DT the) (NNS villages)) (SBAR (WHNP (WDT that)) (S (VP (VBP are) (SBAR (S (NP (EX there)) (VP (VBP are) (ADJP (RB quite) (JJ small))))))))))) (. .))) "
391,7,8,this,area,With cold winters and hot summers this area was never densely populated .,(ROOT (S (PP (IN With) (NP (NP (JJ cold) (NNS winters)) (CC and) (NP (JJ hot) (NNS summers)))) (NP (DT this) (NN area)) (VP (VBD was) (ADVP (RB never)) (ADJP (RB densely) (VBN populated))) (. .))) 
393,5,6,this,area,"Three rivers flow through this area : the Huang He in the north , the Chang Jiang -LRB- Yangzi Jiang -RRB- in the center , and the Sikiang in the south .","(ROOT (NP (NP (NP (CD Three) (NNS rivers)) (VP (NN flow) (PP (IN through) (NP (DT this) (NN area))))) (: :) (NP (NP (DT the) (NNP Huang)) (NP (NP (PRP He)) (PP (IN in) (NP (NP (DT the) (NN north)) (, ,) (NP (NP (NP (DT the) (NNP Chang) (NNP Jiang)) (PRN (-LRB- -LRB-) (NP (NNP Yangzi) (NNP Jiang)) (-RRB- -RRB-))) (PP (IN in) (NP (DT the) (NN center)))))))) (, ,) (CC and) (NP (NP (DT the) (NNP Sikiang)) (PP (IN in) (NP (DT the) (NN south)))) (. .))) "
395,10,11,this,river,This is because the water and the soil around this river is yellow .,(ROOT (S (NP (DT This)) (VP (VBZ is) (SBAR (IN because) (S (NP (NP (DT the) (NN water)) (CC and) (NP (NP (DT the) (NN soil)) (PP (IN around) (NP (DT this) (NN river))))) (VP (VBZ is) (ADJP (JJ yellow)))))) (. .))) 
440,5,7,these,ti,The most important of these being Ti or `` Deity Above '' .,(ROOT (NP (NP (DT The) (RBS most) (JJ important)) (PP (IN of) (NP (NP (DT these) (VBG being) (NN Ti)) (CC or) (NP (`` ``) (NNP Deity) (NNP Above) ('' '')))) (. .))) 
479,16,17,these,people,"In 1027 BC , the Shang king was replaced by the Zhou Dynasty , and these people ruled for 400 years .","(ROOT (S (PP (IN In) (NP (NP (CD 1027)) (NP (NNP BC)))) (, ,) (S (NP (DT the) (NNP Shang) (NN king)) (VP (VBD was) (VP (VBN replaced) (PP (IN by) (NP (DT the) (NNP Zhou) (NNP Dynasty)))))) (, ,) (CC and) (S (NP (DT these) (NNS people)) (VP (VBD ruled) (PP (IN for) (NP (CD 400) (NNS years))))) (. .))) "
486,2,3,this,time,"After this time , there were seven big kingdoms .","(ROOT (S (PP (IN After) (NP (DT this) (NN time))) (, ,) (NP (EX there)) (VP (VBD were) (NP (CD seven) (JJ big) (NNS kingdoms))) (. .))) "
574,5,6,these,crop,"The Egyptians relied on these crops as their main food source , because it was expensive to raise animals .","(ROOT (S (NP (DT The) (NNP Egyptians)) (VP (VB relied) (PP (IN on) (NP (DT these) (NNS crops))) (PP (IN as) (NP (PRP$ their) (JJ main) (NN food) (NN source))) (, ,) (SBAR (IN because) (S (NP (PRP it)) (VP (VBD was) (ADJP (JJ expensive) (S (VP (TO to) (VP (VB raise) (NP (NNS animals)))))))))) (. .))) "
608,4,5,this,tunic,"For men , this tunic came up to the knee , while for women , it reached the ankle .","(ROOT (S (PP (IN For) (NP (NNS men))) (, ,) (NP (DT this) (NN tunic)) (VP (VBD came) (PRT (RP up)) (PP (TO to) (NP (DT the) (NN knee))) (, ,) (SBAR (IN while) (S (PP (IN for) (NP (NNS women))) (, ,) (NP (PRP it)) (VP (VBD reached) (NP (DT the) (NN ankle)))))) (. .))) "
636,8,9,these,god,"Often , there were myths told about these gods and goddesses that explained some of the major ideas in ancient Egypt .","(ROOT (S (ADVP (RB Often)) (, ,) (NP (EX there)) (VP (VBD were) (NP (NP (NNS myths)) (SBAR (S (VP (VBD told) (PP (IN about) (NP (NP (DT these) (NNS gods) (CC and) (NNS goddesses)) (SBAR (WHNP (WDT that)) (S (VP (VBD explained) (NP (NP (DT some)) (PP (IN of) (NP (DT the) (JJ major) (NNS ideas)))) (PP (IN in) (NP (JJ ancient) (NNP Egypt))))))))))))) (. .))) "
642,28,30,those,sort,"Pharaohs , and others who were rich enough , would have scenes of their life on Earth painted on the walls of their tombs , so that those same sorts of scenes could be `` relived '' in the afterlife .","(ROOT (S (NP (NP (NNS Pharaohs)) (, ,) (CC and) (NP (NP (NNS others)) (SBAR (WHNP (WP who)) (S (VP (VBD were) (ADJP (JJ rich) (RB enough)))))) (, ,)) (VP (MD would) (VP (VB have) (NP (NP (NNS scenes)) (PP (IN of) (NP (NP (PRP$ their) (NN life)) (PP (IN on) (NP (NNP Earth))))) (SBAR (S (VP (VBD painted) (PP (IN on) (NP (NP (DT the) (NNS walls)) (PP (IN of) (NP (PRP$ their) (NNS tombs))))) (, ,) (SBAR (RB so) (IN that) (S (NP (NP (DT those) (JJ same) (NNS sorts)) (PP (IN of) (NP (NNS scenes)))) (VP (MD could) (VP (VB be) (VP (`` ``) (VBN relived) ('' '') (PP (IN in) (NP (DT the) (NN afterlife)))))))))))))) (. .))) "
645,2,3,this,time,"During this time , they worshipped the god Aten , another sun god .","(ROOT (S (PP (IN During) (NP (DT this) (NN time))) (, ,) (NP (PRP they)) (VP (VBD worshipped) (NP (DT the) (NN god)) (NP-TMP (NP (NNP Aten)) (, ,) (NP (DT another) (NN sun) (NN god)))) (. .))) "
661,2,4,these,scribe,"If these `` scribes '' worked very hard , they could become court officials or priests .","(ROOT (S (SBAR (IN If) (S (NP (DT these) (`` ``) (NNS scribes) ('' '')) (VP (VBD worked) (ADVP (RB very) (RB hard))))) (, ,) (NP (PRP they)) (VP (MD could) (VP (VB become) (NP (NN court) (NNS officials) (CC or) (NNS priests)))) (. .))) "
680,10,11,this,tomb,"While many tombs of the past were robbed , this tomb was left virtually undisturbed .","(ROOT (S (SBAR (IN While) (S (NP (NP (JJ many) (NNS tombs)) (PP (IN of) (NP (DT the) (NN past)))) (VP (VBD were) (VP (VBN robbed))))) (, ,) (NP (DT this) (NN tomb)) (VP (VBD was) (VP (VBN left) (S (ADJP (RB virtually) (JJ undisturbed))))) (. .))) "
683,4,5,this,tomb,The discovery of this tomb has allowed historians and archaeologists to have a glimpse of what some of the more important kings may have had in their burial chambers before they were robbed .,(ROOT (S (NP (NP (DT The) (NN discovery)) (PP (IN of) (NP (DT this) (NN tomb)))) (VP (VBZ has) (VP (VBN allowed) (S (NP (NNS historians) (CC and) (NNS archaeologists)) (VP (TO to) (VP (VB have) (NP (NP (DT a) (NN glimpse)) (PP (IN of) (SBAR (WHNP (WP what)) (S (NP (NP (DT some)) (PP (IN of) (NP (DT the) (ADJP (RBR more) (JJ important)) (NNS kings)))) (VP (MD may) (VP (VB have) (VP (VBN had) (PP (IN in) (NP (PRP$ their) (NN burial) (NNS chambers))))))))))))) (SBAR (IN before) (S (NP (PRP they)) (VP (VBD were) (VP (VBN robbed))))))) (. .))) 
698,29,30,these,writings,"The ancient Egyptians wrote messages that they carved into the wall of many of their buildings , and most of the early work by Egyptologists was based on these writings .","(ROOT (S (S (NP (DT The) (JJ ancient) (NNP Egyptians)) (VP (VBD wrote) (NP (NNS messages)) (SBAR (IN that) (S (NP (PRP they)) (VP (VBD carved) (PP (IN into) (NP (NP (DT the) (NN wall)) (PP (IN of) (NP (NP (JJ many)) (PP (IN of) (NP (PRP$ their) (NNS buildings)))))))))))) (, ,) (CC and) (S (NP (NP (JJS most)) (PP (IN of) (NP (NP (DT the) (JJ early) (NN work)) (PP (IN by) (NP (NNS Egyptologists)))))) (VP (VBD was) (VP (VBN based) (PP (IN on) (NP (DT these) (NNS writings)))))) (. .))) "
699,27,28,this,day,"Moreover , thousands of papyrus scrolls -- on every aspect of life and many areas of knowledge -- have remained , many still untranslated , to this day .","(ROOT (S (ADVP (RB Moreover)) (, ,) (NP (NP (NNS thousands)) (PP (IN of) (NP (NN papyrus) (NNS scrolls)))) (PRN (: --) (PP (IN on) (NP (NP (NP (DT every) (NN aspect)) (PP (IN of) (NP (NN life)))) (CC and) (NP (NP (JJ many) (NNS areas)) (PP (IN of) (NP (NN knowledge)))))) (: --)) (VP (VBP have) (VP (VBN remained) (, ,) (ADJP (NP (NP (JJ many)) (ADVP (RB still))) (JJ untranslated)) (, ,) (PP (TO to) (NP (DT this) (NN day))))) (. .))) "
714,7,8,these,city,"There were quite a few of these city states , but their two greatest cities were Athens , in the north , and Sparta in the south .","(ROOT (S (NP (EX There)) (VP (VBD were) (NP (NP (RB quite) (NP (DT a) (ADJP (JJ few) (PP (IN of) (NP (DT these) (NN city)))) (NNS states)) (, ,) (CC but) (NP (NP (PRP$ their) (CD two) (JJS greatest) (NNS cities)) (SBAR (S (VP (VBD were) (NP (NNP Athens)) (, ,) (PP (IN in) (NP (DT the) (NN north)))))))) (, ,) (CC and) (NP (NP (NNP Sparta)) (PP (IN in) (NP (DT the) (NN south)))))) (. .))) "
744,2,3,that,sense,"In that sense it was the first modern alphabet , and the oldest to be used to this day .","(ROOT (S (S (PP (IN In) (NP (DT that) (NN sense))) (NP (PRP it)) (VP (VBD was) (NP (DT the) (JJ first) (JJ modern) (NN alphabet)))) (, ,) (CC and) (S (NP (DT the) (JJS oldest)) (VP (TO to) (VP (VB be) (VP (VBN used) (PP (TO to) (NP (DT this) (NN day))))))) (. .))) "
744,18,19,this,day,"In that sense it was the first modern alphabet , and the oldest to be used to this day .","(ROOT (S (S (PP (IN In) (NP (DT that) (NN sense))) (NP (PRP it)) (VP (VBD was) (NP (DT the) (JJ first) (JJ modern) (NN alphabet)))) (, ,) (CC and) (S (NP (DT the) (JJS oldest)) (VP (TO to) (VP (VB be) (VP (VBN used) (PP (TO to) (NP (DT this) (NN day))))))) (. .))) "
764,7,8,this,culture,"Possibly the most known person of this culture is ** Homer ** , the legendary blind poet , who composed two masterpieces of Greek literature : the poems ** Iliad ** and ** Odyssey ** .","(ROOT (FRAG (NP (NP (RB Possibly)) (SBAR (S (NP (NP (DT the) (ADJP (RBS most) (JJ known)) (NN person)) (PP (IN of) (NP (NP (DT this) (NN culture)) (VP (VBZ is))))) (VP (SYM **) (NP (NNP Homer)))))) (X (X (SYM **)) (, ,) (X (DT the)) (NP (NP (JJ legendary) (JJ blind) (NN poet) (, ,)) (SBAR (WHNP (WP who)) (S (VP (VBN composed) (NP (NP (NP (CD two)) (SBAR (S (VP (NP (NP (NP (NP (NNS masterpieces)) (PP (IN of) (NP (NP (JJ Greek) (NN literature)) (: :) (NP (NP (DT the) (NNS poems)) (SBAR (S (VP (SYM **) (NP (NNP Iliad)))))))) (X (SYM **))) (ADVP (CC and))) (X (X (SYM **)) (NP (NNP Odyssey)))))))) (X (SYM **))))))) (. .)))) "
813,2,3,this,country,"Later this country was known as the kingdom of Israel and , after the death of King Solomon , was divided into Israel and Judea .","(ROOT (S (ADVP (RB Later)) (NP (DT this) (NN country)) (VP (VBD was) (VP (VP (VBN known) (PP (IN as) (NP (NP (DT the) (NN kingdom)) (PP (IN of) (NP (NNP Israel)))))) (CC and) (PRN (, ,) (PP (IN after) (NP (NP (DT the) (NN death)) (PP (IN of) (NP (NNP King) (NNP Solomon))))) (, ,)) (VP (VBD was) (VP (VBN divided) (PP (IN into) (NP (NNP Israel) (CC and) (NNP Judea))))))) (. .))) "
890,27,28,that,time,The idea that there is a single God who can not be seen and is present everywhere and knows everybody 's thoughts was very unusual at that time .,(ROOT (S (NP (NP (DT The) (NN idea)) (SBAR (IN that) (S (NP (EX there)) (VP (VBZ is) (NP (NP (DT a) (JJ single) (NNP God)) (SBAR (WHNP (WP who)) (S (VP (VP (MD can) (RB not) (VP (VB be) (VP (VP (VBN seen)) (CC and) (VP (VBZ is) (ADJP (JJ present)) (NP-TMP (RB everywhere)))))) (CC and) (VP (VBZ knows) (NP (NP (NN everybody) (POS 's)) (NNS thoughts))))))))))) (VP (VBD was) (ADJP (RB very) (JJ unusual)) (PP (IN at) (NP (DT that) (NN time)))) (. .))) 
945,2,3,this,way,"In this way , the Inca Empire , which started out small , grew to be very large .","(ROOT (S (PP (IN In) (NP (DT this) (NN way))) (, ,) (NP (NP (DT the) (NNP Inca) (NNP Empire)) (, ,) (SBAR (WHNP (WDT which)) (S (VP (VBD started) (PRT (RP out)) (S (ADJP (JJ small)))))) (, ,)) (VP (VBD grew) (S (VP (TO to) (VP (VB be) (ADJP (RB very) (JJ large)))))) (. .))) "
953,2,3,this,plateau,On this plateau the main buildings were built .,(ROOT (S (PP (IN On) (NP (DT this) (NN plateau))) (NP (DT the) (JJ main) (NNS buildings)) (VP (VBD were) (VP (VBN built))) (. .))) 
1003,9,10,these,people,Archaeologists hope to one day know more about these people through their amazing artifacts .,(ROOT (S (NP (NNPS Archaeologists)) (VP (VBP hope) (PP (TO to) (NP (CD one))) (NP-TMP (NN day)) (S (VP (VB know) (NP (NP (JJR more)) (PP (IN about) (NP (DT these) (NNS people)))) (PP (IN through) (NP (PRP$ their) (JJ amazing) (NNS artifacts)))))) (. .))) 
1014,7,8,these,society,"Because the people who lived in these societies did not leave any written records , archaeologists look for similarities and differences between the mounds , and figure out which groups of Mound Builders interacted with each other .","(ROOT (S (SBAR (IN Because) (S (NP (NP (DT the) (NNS people)) (SBAR (WHNP (WP who)) (S (VP (VBD lived) (PP (IN in) (NP (DT these) (NNS societies))))))) (VP (VBD did) (RB not) (VP (VB leave) (NP (DT any) (VBN written) (NNS records)))))) (, ,) (NP (NNS archaeologists)) (VP (VP (VBP look) (PP (IN for) (NP (NP (NNS similarities) (CC and) (NNS differences)) (PP (IN between) (NP (DT the) (NNS mounds)))))) (, ,) (CC and) (VP (NN figure) (PP (IN out) (SBAR (WHNP (WDT which)) (S (NP (NP (NNS groups)) (PP (IN of) (NP (NNP Mound) (NNPS Builders)))) (VP (VBD interacted) (PP (IN with) (NP (DT each) (JJ other))))))))) (. .))) "
1018,14,15,this,society,-LSB- Mound Builder City.jpeg -RSB- -LRB- / / upload.wikimedia.org/wikipedia/commons/6/64/Mound_Builder_City.jpeg -RRB- The name for this society comes from the fact that they left large earthen mounds behind in what appears to be community centers of activity .,(ROOT (S (NP (NP (-LRB- -LSB-) (NN Mound) (NN Builder) (NN City.jpeg)) (PP (-RRB- -RSB-) (PRN (-LRB- -LRB-) (PP (: /) (NP (: /) (NN upload.wikimedia.org/wikipedia/commons/6/64/Mound_Builder_City.jpeg))) (-RRB- -RRB-)) (NP (NP (DT The) (NN name)) (PP (IN for) (NP (DT this) (NN society)))))) (VP (VBZ comes) (PP (IN from) (NP (DT the) (NN fact))) (SBAR (IN that) (S (NP (PRP they)) (VP (VBD left) (NP (JJ large) (JJ earthen) (NNS mounds)) (ADVP (IN behind) (PP (IN in) (SBAR (WHNP (WP what)) (S (VP (VBZ appears) (S (VP (TO to) (VP (VB be) (NP (NP (NN community) (NNS centers)) (PP (IN of) (NP (NN activity)))))))))))))))) (. .))) 
1019,3,5,these,mound,"Many of these earthen mounds have been removed by modern peoples in North America , but they were found in many of the same locations where current cities in the United States are now located .","(ROOT (S (S (NP (NP (JJ Many)) (PP (IN of) (NP (DT these) (JJ earthen) (NNS mounds)))) (VP (VBP have) (VP (VBN been) (VP (VBN removed) (PP (IN by) (NP (NP (JJ modern) (NNS peoples)) (PP (IN in) (NP (NNP North) (NNP America))))))))) (, ,) (CC but) (S (NP (PRP they)) (VP (VBD were) (VP (VBN found) (PP (IN in) (NP (NP (JJ many)) (PP (IN of) (NP (DT the) (JJ same) (NNS locations))))) (SBAR (WHADVP (WRB where)) (S (NP (NP (JJ current) (NNS cities)) (PP (IN in) (NP (DT the) (NNP United) (NNPS States)))) (VP (VBP are) (ADVP (RB now)) (ADJP (JJ located)))))))) (. .))) "
1022,5,7,these,network,"It is known that these trading networks were quite large , and they may have even had contact with other major civilizations in North America like the Aztecs .","(ROOT (S (S (NP (PRP It)) (VP (VBZ is) (VP (VBN known) (SBAR (IN that) (S (NP (DT these) (NN trading) (NNS networks)) (VP (VBD were) (ADJP (RB quite) (JJ large)))))))) (, ,) (CC and) (S (NP (PRP they)) (VP (MD may) (VP (VB have) (SBAR (RB even) (S (VP (VBD had) (NP (NP (NN contact)) (PP (IN with) (NP (JJ other) (JJ major) (NNS civilizations)))) (PP (IN in) (NP (NP (NNP North) (NNP America)) (PP (IN like) (NP (DT the) (NNPS Aztecs))))))))))) (. .))) "
1024,3,4,these,mound,"Often within these mounds , particularly some of the larger mounds , there have been the remains of what is assumed to be a major chief or king , based on the items that are found buried with the person .","(ROOT (S (PP (ADVP (RB Often)) (IN within) (NP (DT these) (NNS mounds))) (, ,) (NP (NP (RB particularly) (DT some)) (PP (IN of) (NP (DT the) (JJR larger) (NNS mounds)))) (PRN (, ,) (S (NP (EX there)) (VP (VBP have) (VP (VBN been) (NP (NP (DT the) (NNS remains)) (PP (IN of) (SBAR (WHNP (WP what)) (S (VP (VBZ is) (VP (VBN assumed) (S (VP (TO to) (VP (VB be) (NP (NP (DT a) (JJ major) (NN chief)) (CC or) (NP (NN king))))))))))))))) (, ,)) (VP (VBN based) (PP (IN on) (NP (NP (DT the) (NNS items)) (SBAR (WHNP (WDT that)) (S (VP (VBP are) (VP (VBN found) (S (VP (VBN buried) (PP (IN with) (NP (DT the) (NN person)))))))))))) (. .))) "
1025,10,11,these,mound,"This was also a reason for why many of these mounds have disappeared , because early treasure hunters would dig through these mounds trying to find gold , silver , or other precious stones and jewelry .","(ROOT (S (NP (DT This)) (VP (VBD was) (ADVP (RB also)) (NP (NP (DT a) (NN reason)) (PP (IN for) (SBAR (WHADVP (WRB why)) (S (NP (NP (JJ many)) (PP (IN of) (NP (DT these) (NNS mounds)))) (VP (VBP have) (VP (VBN disappeared))))))) (, ,) (SBAR (IN because) (S (NP (JJ early) (NN treasure) (NNS hunters)) (VP (MD would) (VP (VB dig) (PP (IN through) (NP (NP (DT these) (NNS mounds)) (VP (VBG trying) (S (VP (TO to) (VP (VB find) (NP (NP (NP (NN gold) (, ,) (NN silver)) (, ,) (CC or) (NP (JJ other) (JJ precious) (NNS stones))) (CC and) (NN jewelry))))))))))))) (. .))) "
1025,22,23,these,mound,"This was also a reason for why many of these mounds have disappeared , because early treasure hunters would dig through these mounds trying to find gold , silver , or other precious stones and jewelry .","(ROOT (S (NP (DT This)) (VP (VBD was) (ADVP (RB also)) (NP (NP (DT a) (NN reason)) (PP (IN for) (SBAR (WHADVP (WRB why)) (S (NP (NP (JJ many)) (PP (IN of) (NP (DT these) (NNS mounds)))) (VP (VBP have) (VP (VBN disappeared))))))) (, ,) (SBAR (IN because) (S (NP (JJ early) (NN treasure) (NNS hunters)) (VP (MD would) (VP (VB dig) (PP (IN through) (NP (NP (DT these) (NNS mounds)) (VP (VBG trying) (S (VP (TO to) (VP (VB find) (NP (NP (NP (NN gold) (, ,) (NN silver)) (, ,) (CC or) (NP (JJ other) (JJ precious) (NNS stones))) (CC and) (NN jewelry))))))))))))) (. .))) "
1052,2,3,these,symbol,"Often these symbols were arranged to tell a story , or note something of significance to the people who drew these symbols .","(ROOT (S (ADVP (RB Often)) (NP (DT these) (NNS symbols)) (VP (VBD were) (VP (VBN arranged) (S (VP (TO to) (VP (VP (VB tell) (NP (DT a) (NN story))) (, ,) (CC or) (VP (NN note) (NP-TMP (NP (NN something)) (PP (IN of) (NP (NN significance)))) (PP (TO to) (NP (NP (DT the) (NNS people)) (SBAR (WHNP (WP who)) (S (VP (VBD drew) (NP (DT these) (NNS symbols))))))))))))) (. .))) "
1052,21,22,these,symbol,"Often these symbols were arranged to tell a story , or note something of significance to the people who drew these symbols .","(ROOT (S (ADVP (RB Often)) (NP (DT these) (NNS symbols)) (VP (VBD were) (VP (VBN arranged) (S (VP (TO to) (VP (VP (VB tell) (NP (DT a) (NN story))) (, ,) (CC or) (VP (NN note) (NP-TMP (NP (NN something)) (PP (IN of) (NP (NN significance)))) (PP (TO to) (NP (NP (DT the) (NNS people)) (SBAR (WHNP (WP who)) (S (VP (VBD drew) (NP (DT these) (NNS symbols))))))))))))) (. .))) "
1053,2,3,these,symbol,"Usually these symbols would be used to remind a tribal elder about a story that would then be passed on to the next generation , and unless that oral history has been preserved , the story is usually lost .","(ROOT (S (S (ADVP (RB Usually)) (NP (DT these) (NNS symbols)) (VP (MD would) (VP (VB be) (VP (VBN used) (S (VP (TO to) (VP (VB remind) (NP (DT a) (JJ tribal) (JJR elder)) (PP (IN about) (NP (NP (DT a) (NN story)) (SBAR (WHNP (WDT that)) (S (VP (MD would) (RB then) (VP (VB be) (VP (VBN passed) (PP (IN on) (PP (TO to) (NP (DT the) (JJ next) (NN generation)))))))))))))))))) (, ,) (CC and) (S (SBAR (IN unless) (S (NP (DT that) (JJ oral) (NN history)) (VP (VBZ has) (VP (VBN been) (VP (VBN preserved)))))) (, ,) (NP (DT the) (NN story)) (VP (VBZ is) (ADVP (RB usually)) (VP (VBN lost)))) (. .))) "
1053,28,30,that,history,"Usually these symbols would be used to remind a tribal elder about a story that would then be passed on to the next generation , and unless that oral history has been preserved , the story is usually lost .","(ROOT (S (S (ADVP (RB Usually)) (NP (DT these) (NNS symbols)) (VP (MD would) (VP (VB be) (VP (VBN used) (S (VP (TO to) (VP (VB remind) (NP (DT a) (JJ tribal) (JJR elder)) (PP (IN about) (NP (NP (DT a) (NN story)) (SBAR (WHNP (WDT that)) (S (VP (MD would) (RB then) (VP (VB be) (VP (VBN passed) (PP (IN on) (PP (TO to) (NP (DT the) (JJ next) (NN generation)))))))))))))))))) (, ,) (CC and) (S (SBAR (IN unless) (S (NP (DT that) (JJ oral) (NN history)) (VP (VBZ has) (VP (VBN been) (VP (VBN preserved)))))) (, ,) (NP (DT the) (NN story)) (VP (VBZ is) (ADVP (RB usually)) (VP (VBN lost)))) (. .))) "
1059,20,21,these,spirit,"Some believe in animal spirits , ancestor spirits , weather spirits , local spirits , or a mix of these spirits .","(ROOT (S (NP (DT Some)) (VP (VBP believe) (PP (IN in) (NP (NP (NN animal) (NNS spirits)) (, ,) (NP (NN ancestor) (NNS spirits)) (, ,) (NP (NN weather) (NNS spirits)) (, ,) (NP (JJ local) (NNS spirits)) (, ,) (CC or) (NP (NP (DT a) (NN mix)) (PP (IN of) (NP (DT these) (NNS spirits))))))) (. .))) "
1096,8,9,these,place,"Now , the people who live in these places are citizens of the USA or Canada .","(ROOT (S (ADVP (RB Now)) (, ,) (NP (NP (DT the) (NNS people)) (SBAR (WHNP (WP who)) (S (VP (VBP live) (PP (IN in) (NP (DT these) (NNS places))))))) (VP (VBP are) (NP (NP (NNS citizens)) (PP (IN of) (NP (DT the) (NNP USA) (CC or) (NNP Canada))))) (. .))) "
1108,12,13,this,civilization,Spectacular art and monumental architecture were two other notable accomplishments of this civilization .,(ROOT (S (NP (NP (JJ Spectacular) (NN art)) (CC and) (NP (JJ monumental) (NN architecture))) (VP (VBD were) (NP (NP (CD two) (JJ other) (JJ notable) (NNS accomplishments)) (PP (IN of) (NP (DT this) (NN civilization))))) (. .))) 
1119,10,11,these,shrine,Rituals thought to influence the Gods were held in these shrines .,(ROOT (S (NP (NNS Rituals)) (VP (VBD thought) (S (VP (TO to) (VP (VB influence) (SBAR (S (NP (DT the) (NNS Gods)) (VP (VBD were) (VP (VBN held) (PP (IN in) (NP (DT these) (NNS shrines))))))))))) (. .))) 
1129,3,4,this,center,Outside of this center were less important temples and shrines .,(ROOT (S (PP (IN Outside) (PP (IN of) (NP (DT this) (NN center)))) (VP (VBD were) (ADJP (RBR less) (JJ important))) (NP (NP (NNS temples)) (CC and) (NP (NNS shrines))) (. .))) 
1163,17,18,this,period,"Although many Mayan centers went into decline -LRB- or were completely abandoned -RRB- during or after this period , many Mayans still had the skill and knowledge of Mayan writing , and the early Spanish conquistadors knew of people who could still read and write the script .","(ROOT (S (SBAR (IN Although) (S (NP (JJ many) (JJ Mayan) (NNS centers)) (VP (VBD went) (PP (IN into) (NP (NN decline)))))) (PRN (-LRB- -LRB-) (CC or) (S (VP (VBD were) (ADJP (RB completely) (VBN abandoned)))) (-RRB- -RRB-)) (S (PP (PP (IN during)) (CC or) (PP (IN after) (NP (DT this) (NN period)))) (, ,) (NP (JJ many) (NNPS Mayans)) (ADVP (RB still)) (VP (VBD had) (NP (NP (DT the) (NN skill) (CC and) (NN knowledge)) (PP (IN of) (NP (JJ Mayan) (NN writing)))))) (, ,) (CC and) (S (NP (DT the) (JJ early) (JJ Spanish) (NNS conquistadors)) (VP (VBD knew) (PP (IN of) (NP (NP (NNS people)) (SBAR (WHNP (WP who)) (S (VP (MD could) (ADVP (RB still)) (VP (VB read) (CC and) (VB write) (NP (DT the) (NN script)))))))))) (. .))) "
1171,21,22,that,time,"php?title = Wikijunior : Ancient_Civilizations / Mayans & action = edit & section = T-7 -RRB- -RSB- The Mayans believed that time was cyclical , that is , it goes in circles .","(ROOT (NP (NP (ADJP (NN php?title) (JJ =)) (NNP Wikijunior)) (: :) (NP (NP (NNS Ancient_Civilizations)) (PRN (: /) (S (NP (NNPS Mayans)) (NP (CC &) (NP (NN action) (JJ =) (NN edit)) (CC &) (NP (NN section) (JJ =) (NN T-7)))) (-RRB- -RRB-)) (SBAR (S (SBAR (-RRB- -RSB-) (S (NP (DT The) (NNPS Mayans)) (VP (VBD believed) (SBAR (S (NP (DT that) (NN time)) (VP (VBD was) (ADJP (JJ cyclical)) (PRN (, ,) (INTJ (DT that) (VBZ is))))))))) (, ,) (NP (PRP it)) (VP (VBZ goes) (PP (IN in) (NP (NNS circles))))))) (. .))) "
1172,5,6,these,cycle,The Mayan shaman interpreted these cycles by looking at the number relations of all their calendars .,(ROOT (S (NP (DT The) (ADJP (JJ Mayan)) (NN shaman)) (VP (VBD interpreted) (NP (DT these) (NNS cycles)) (PP (IN by) (S (VP (VBG looking) (PP (IN at) (NP (NP (DT the) (NN number) (NNS relations)) (PP (IN of) (NP (DT all) (PRP$ their) (NNS calendars))))))))) (. .))) 
1187,2,3,this,day,"To this day , no one is still certain why .","(ROOT (S (PP (TO To) (NP (DT this) (NN day))) (, ,) (NP (DT no) (NN one)) (VP (VBZ is) (ADVP (RB still)) (NP (NP (JJ certain)) (FRAG (WHADVP (WRB why))))) (. .))) "
1190,21,22,this,book,The word ` hurricane ' comes from the name of a fearsome Mayan god named Hurakan who is mentioned in this book .,(ROOT (S (NP (DT The) (NN word) (`` `) (NN hurricane) ('' ')) (VP (VBZ comes) (PP (IN from) (NP (NP (DT the) (NN name)) (PP (IN of) (NP (NP (DT a) (JJ fearsome) (JJ Mayan) (NN god)) (VP (VBN named) (NP (NP (NNP Hurakan)) (SBAR (WHNP (WP who)) (S (VP (VBZ is) (VP (VBN mentioned) (PP (IN in) (NP (DT this) (NN book)))))))))))))) (. .))) 
1207,17,18,these,site,"Archaeological surveys and excavations were conducted -LRB- and are still being conducted -RRB- on some of these sites , revealing more about Mayan culture .","(ROOT (S (NP (JJ Archaeological) (NNS surveys) (CC and) (NNS excavations)) (VP (VBD were) (VP (VBN conducted) (PRN (-LRB- -LRB-) (CC and) (VP (VBP are) (ADVP (RB still)) (VP (VBG being) (VP (VBN conducted)))) (-RRB- -RRB-)) (PP (IN on) (NP (NP (DT some)) (PP (IN of) (NP (DT these) (NNS sites))))) (, ,) (S (VP (VBG revealing) (NP (ADJP (JJR more) (IN about) (JJ Mayan)) (NN culture)))))) (. .))) "
1267,13,14,these,chest,The woman in charge of the household would have the keys to these chests hung from her brooches ; they were considered a sign of status .,(ROOT (S (S (NP (NP (DT The) (NN woman)) (PP (IN in) (NP (NP (NN charge)) (PP (IN of) (NP (DT the) (NN household)))))) (VP (MD would) (VP (VB have) (NP (DT the) (NNS keys)) (PP (TO to) (NP (NP (DT these) (NNS chests)) (VP (VBD hung) (PP (IN from) (NP (PRP$ her) (NNS brooches))))))))) (: ;) (S (NP (PRP they)) (VP (VBD were) (VP (VBN considered) (NP (NP (DT a) (NN sign)) (PP (IN of) (NP (NN status))))))) (. .))) 
1298,2,3,this,level,"Inside this level , were the homes of : * Midgard , home of the Humans .","(ROOT (S (PP (IN Inside) (NP (DT this) (NN level))) (, ,) (VP (VBD were) (NP (NP (NP (NP (DT the) (NNS homes)) (PP (IN of))) (: :) (S (VP (SYM *) (NP (NNP Midgard))))) (, ,) (NP (NP (NN home)) (PP (IN of) (NP (DT the) (NNS Humans)))))) (. .))) "
1302,2,3,this,level,"Encircling this level , was the great serpent ` Jormungand ' , one of god Loki 's misshapen offspring .","(ROOT (SINV (S (VP (VBG Encircling) (NP (DT this) (NN level)))) (, ,) (VP (VBD was)) (NP (NP (DT the) (JJ great) (NN serpent) (`` `) (NNP Jormungand) ('' ')) (, ,) (NP (NP (CD one)) (PP (IN of) (NP (NP (NN god) (NN Loki) (POS 's)) (JJ misshapen) (NN offspring))))) (. .))) "
1305,3,4,this,land,* In this land is the ` Niddhog ' ## What did their writing look like ?,(ROOT (SBARQ (SBAR (X (X (SYM *)) (PP (IN In))) (S (NP (DT this) (NN land)) (VP (VBZ is) (NP (NP (DT the) (`` `) (NN Niddhog) ('' ')) (NP (CD ##)))))) (WHNP (WP What)) (SQ (VP (VBD did) (NP (PRP$ their) (VBG writing) (NN look)) (PP (IN like)))) (. ?))) 
1329,21,22,those,country,"The Scandinavian countries of Sweden , Norway , Iceland , and Denmark openly claim Viking heritage and the royalty from those countries descend from the ancient Viking kings .","(ROOT (S (S (S (NP (NP (DT The) (JJ Scandinavian) (NNS countries)) (PP (IN of) (NP (NNP Sweden))))) (, ,) (NP (NNP Norway) (, ,) (NNP Iceland) (, ,) (CC and) (NNP Denmark)) (ADVP (RB openly)) (VP (VBP claim) (NP (JJ Viking) (NN heritage)))) (CC and) (S (NP (NP (DT the) (NN royalty)) (PP (IN from) (NP (DT those) (NNS countries)))) (VP (VBP descend) (PP (IN from) (NP (DT the) (JJ ancient) (JJ Viking) (NNS kings))))) (. .))) "
1330,17,18,those,country,"The Vikings also were absorbed into the cultures of many other Northern European countries , especially those countries surrounding the Baltic Sea and the North Sea .","(ROOT (S (NP (DT The) (NNPS Vikings)) (ADVP (RB also)) (VP (VBD were) (VP (VBN absorbed) (PP (IN into) (NP (NP (DT the) (NNS cultures)) (PP (IN of) (NP (NP (JJ many) (JJ other) (JJ Northern) (JJ European) (NNS countries)) (, ,) (RB especially) (NP (DT those) (NNS countries)))))) (S (VP (VBG surrounding) (NP (NP (DT the) (NNP Baltic) (NNP Sea)) (CC and) (NP (DT the) (NNP North) (NNP Sea))))))) (. .))) "
1365,6,8,these,people,"Tablets from the time of these ancient peoples indicate that the inhabitants of Mesopotamia were using basil , cilantro , cumin and caraway in their food in 4,000 BC .","(ROOT (S (NP (NP (NNS Tablets)) (PP (IN from) (NP (NP (DT the) (NN time)) (PP (IN of) (NP (DT these) (JJ ancient) (NNS peoples)))))) (VP (VBP indicate) (SBAR (IN that) (S (NP (NP (DT the) (NNS inhabitants)) (PP (IN of) (NP (NNP Mesopotamia)))) (VP (VBD were) (VP (VBG using) (NP (NN basil) (, ,) (NN cilantro) (, ,) (NN cumin) (CC and) (NN caraway)) (PP (IN in) (NP (NP (PRP$ their) (NN food)) (PP (IN in) (NP (CD 4,000) (NN BC)))))))))) (. .))) "
1406,3,4,these,symbol,They used these symbols even though they also had symbols that represented `` a '' and `` u '' .,(ROOT (S (NP (PRP They)) (VP (VBD used) (NP (DT these) (NNS symbols)) (SBAR (RB even) (IN though) (S (NP (PRP they)) (ADVP (RB also)) (VP (VBD had) (NP (NP (NNS symbols)) (SBAR (WHNP (WDT that)) (S (VP (VBD represented) (S (NP (NP (`` ``) (DT a)) ('' '') (CC and) (`` ``) (NP (FW u)) ('' ''))))))))))) (. .))) 
1418,2,3,that,day,"On that day , all the people would be judges for their actions .","(ROOT (S (PP (IN On) (NP (DT that) (NN day))) (, ,) (NP (PDT all) (DT the) (NNS people)) (VP (MD would) (VP (VB be) (NP (NP (NNS judges)) (PP (IN for) (NP (PRP$ their) (NNS actions)))))) (. .))) "
1461,10,11,this,courtyard,"Despite its often small size , the purpose of this courtyard was to provide light and air to the rooms .","(ROOT (S (PP (IN Despite) (NP (PRP$ its) (ADJP (RB often) (JJ small)) (NN size))) (, ,) (NP (NP (DT the) (NN purpose)) (PP (IN of) (NP (DT this) (NN courtyard)))) (VP (VBD was) (S (VP (TO to) (VP (VP (VB provide) (ADJP (JJ light))) (CC and) (VP (NN air) (PP (TO to) (NP (DT the) (NNS rooms)))))))) (. .))) "
1502,3,4,that,era,Togas in that era had become purely ceremonial .,(ROOT (S (NP (NP (NNP Togas)) (PP (IN in) (NP (DT that) (NN era)))) (VP (VBD had) (VP (VBN become) (S (ADJP (RB purely) (JJ ceremonial))))) (. .))) 
1519,14,15,these,number,"In the Middle Ages , it was very hard to do maths with these numbers , and Arabic numbers -LRB- the ones we use today -RRB- began to be used .","(ROOT (S (PP (IN In) (NP (DT the) (NNP Middle) (NNPS Ages))) (, ,) (S (NP (PRP it)) (VP (VBD was) (ADJP (RB very) (JJ hard) (S (VP (TO to) (VP (VB do) (NP (NNS maths)) (PP (IN with) (NP (DT these) (NNS numbers))))))))) (, ,) (CC and) (S (NP (NP (JJ Arabic) (NNS numbers)) (PRN (-LRB- -LRB-) (NP (NP (DT the) (NNS ones)) (SBAR (S (NP (PRP we)) (VP (VBP use) (NP-TMP (NN today)))))) (-RRB- -RRB-))) (VP (VBD began) (S (VP (TO to) (VP (VB be) (VP (VBN used))))))) (. .))) "
1520,12,15,these,symbol,People found that banking and doing maths was much easier with these new number symbols .,(ROOT (S (NP (NNS People)) (VP (VBD found) (SBAR (IN that) (S (S (NP (NP (NN banking)) (CC and) (VP (VBG doing) (NP (NNS maths))))) (VP (VBD was) (ADJP (RB much) (JJR easier)) (PP (IN with) (NP (DT these) (JJ new) (NN number) (NNS symbols))))))) (. .))) 
1527,2,3,these,god,All these gods and goddesses had different stories .,(ROOT (S (NP (DT All) (DT these) (NNS gods) (CC and) (NNS goddesses)) (VP (VBD had) (NP (JJ different) (NNS stories))) (. .))) 
1576,7,8,these,region,There are many different ethnicities in these regions .,(ROOT (S (NP (EX There)) (VP (VBP are) (NP (NP (JJ many) (JJ different) (NNS ethnicities)) (PP (IN in) (NP (DT these) (NNS regions))))) (. .))) 
1577,20,21,these,area,Some of them are the direct descendants of Roman citizens while other people and ethnicities emerged through immigration into these areas from other regions .,(ROOT (S (NP (NP (DT Some)) (PP (IN of) (NP (PRP them)))) (VP (VBP are) (NP (NP (DT the) (JJ direct) (NNS descendants)) (PP (IN of) (NP (NNP Roman) (NNS citizens)))) (SBAR (IN while) (S (NP (JJ other) (NNS people) (CC and) (NNS ethnicities)) (VP (VBD emerged) (PP (IN through) (NP (NN immigration))) (PP (IN into) (NP (NP (DT these) (NNS areas)) (PP (IN from) (NP (JJ other) (NNS regions))))))))) (. .))) 
1594,8,9,this,way,"The elderly , did n't do all this ways to improve beauty because it would have been considered ridiculous , as was seen firstly as a preparation for sexual matters .","(ROOT (S (NP (DT The) (JJ elderly)) (, ,) (VP (VBD did) (RB n't) (VP (VB do) (S (NP (PDT all) (DT this) (NNS ways)) (VP (TO to) (VP (VB improve) (NP (NN beauty)) (SBAR (IN because) (S (NP (PRP it)) (VP (MD would) (VP (VB have) (VP (VBN been) (VP (VBN considered) (S (ADJP (JJ ridiculous))) (, ,) (SBAR (IN as) (S (VP (VBD was) (VP (VBN seen) (ADVP (RB firstly)) (PP (IN as) (NP (NP (DT a) (NN preparation)) (PP (IN for) (NP (JJ sexual) (NNS matters)))))))))))))))))))) (. .))) "
1612,3,4,this,sacrament,"However , this sacrament had certain legal effects , since the children had to inherited the father 's name and fortune .","(ROOT (S (ADVP (RB However)) (, ,) (NP (DT this) (NN sacrament)) (VP (VBD had) (NP (JJ certain) (JJ legal) (NNS effects)) (, ,) (SBAR (IN since) (S (NP (DT the) (NNS children)) (VP (VBD had) (S (VP (TO to) (VP (VBN inherited) (NP (NP (DT the) (NN father) (POS 's)) (NN name) (CC and) (NN fortune))))))))) (. .))) "
1651,2,3,that,case,"In that case , the woman had no choice but to be assisted by her own relatives .","(ROOT (S (PP (IN In) (NP (DT that) (NN case))) (, ,) (NP (DT the) (NN woman)) (VP (VBD had) (NP (NP (DT no) (NN choice)) (CC but) (S (VP (TO to) (VP (VB be) (VP (VBN assisted) (PP (IN by) (NP (PRP$ her) (JJ own) (NNS relatives))))))))) (. .))) "
1659,8,9,that,time,"To try to prevent the dangers since that time , at night three men met on the threshold , one armed with an ax , the second with a club and the third with a broom .","(ROOT (S (S (VP (TO To) (VP (VB try) (S (VP (TO to) (VP (VB prevent) (NP (DT the) (NNS dangers)) (PP (IN since) (NP (DT that) (NN time))) (, ,) (PP (IN at) (NP (NN night))))))))) (NP (CD three) (NNS men)) (VP (VBD met) (PP (IN on) (NP (NP (DT the) (NN threshold)) (, ,) (NP (NP (CD one) (VBN armed)) (PP (IN with) (NP (NP (DT an) (NN ax)) (, ,) (NP (NP (DT the) (JJ second)) (PP (IN with) (NP (DT a) (NN club)))) (CC and) (NP (NP (DT the) (JJ third)) (PP (IN with) (NP (DT a) (NN broom)))))))))) (. .))) "
1675,2,3,this,regard,"In this regard there is an anecdote from Plutarch , who noted that in a show in Rome , -LRB- which had also dogs acting -RRB- , an elephant missed a trick in the performance and was seen the next night rehearsing the trick on his own .","(ROOT (S (S (PP (IN In) (NP (DT this) (NN regard))) (NP (EX there)) (VP (VBZ is) (NP (NP (DT an) (NN anecdote)) (PP (IN from) (NP (NP (NNP Plutarch)) (, ,) (SBAR (WHNP (WP who)) (S (VP (VBD noted) (SBAR (IN that) (FRAG (PP (IN in) (NP (NP (DT a) (NN show)) (PP (IN in) (NP (NNP Rome))))))) (, ,) (PRN (-LRB- -LRB-) (SBAR (WHNP (WDT which)) (S (VP (VBD had) (ADVP (RB also)) (S (VP (VBZ dogs) (S (VP (VBG acting)))))))) (-RRB- -RRB-)))))))))) (, ,) (NP (DT an) (NN elephant)) (VP (VP (VBD missed) (NP (DT a) (NN trick)) (PP (IN in) (NP (DT the) (NN performance)))) (CC and) (VP (VBD was) (VP (VBN seen) (NP-TMP (DT the) (JJ next) (NN night)) (S (VP (VBG rehearsing) (NP (DT the) (NN trick)) (PP (IN on) (NP (PRP$ his) (JJ own)))))))) (. .))) "
1678,2,3,these,case,In these cases the emperor attended personally .,(ROOT (S (PP (IN In) (NP (DT these) (NNS cases))) (NP (DT the) (NN emperor)) (VP (VBD attended) (ADVP (RB personally))) (. .))) 
1719,10,11,these,image,"They loved to show animals in motion , because these images showed what Scythes valued most : strength , speed and freedom .","(ROOT (S (NP (PRP They)) (VP (VBD loved) (S (VP (TO to) (VP (VB show) (NP (NNS animals)) (PP (IN in) (NP (NN motion))) (, ,) (SBAR (IN because) (S (NP (DT these) (NNS images)) (VP (VBD showed) (SBAR (WHNP (WP what)) (S (NP (NNS Scythes)) (VP (VBN valued) (NP (NP (RBS most)) (: :) (NP (NN strength) (, ,) (NN speed) (CC and) (NN freedom))))))))))))) (. .))) "
1745,16,17,this,page,php?title = Wikijunior : Ancient_Civilizations / Print_version & action = info -RRB- * -LSB- Cite this page -RSB- -LRB- / w/index .,(ROOT (S (VP (NN php?title) (NP (NP (NP (JJ =) (NNP Wikijunior)) (: :) (NP (NP (NNS Ancient_Civilizations)) (PRN (: /) (NP (NP (NNP Print_version)) (CC &) (NP (NN action) (JJ =) (NN info))) (-RRB- -RRB-)))) (X (SYM *))) (S (VP (-LRB- -LSB-) (VP (VB Cite) (S (NP (DT this) (NN page)) (NP (NP (-RRB- -RSB-)) (-LRB- -LRB-) (PP (: /) (NP (NN w/index))))))))) (. .))) 
1751,3,4,this,site,"By using this site , you agree to the -LSB- Terms of Use -RSB- -LRB- / / wikimediafoundation.org/wiki/Terms_of_Use -RRB- and -LSB- Privacy Policy . -RSB-","(ROOT (S (PP (IN By) (S (VP (VBG using) (NP (DT this) (NN site))))) (, ,) (NP (PRP you)) (VP (VBP agree) (PP (PP (TO to) (NP (NP (DT the) (-LRB- -LSB-) (NNS Terms)) (PP (IN of) (NP (NP (NN Use) (-RRB- -RSB-)) (PRN (-LRB- -LRB-) (NP (: /) (: /) (NN wikimediafoundation.org/wiki/Terms_of_Use)) (-RRB- -RRB-)))))) (CC and) (PP (-LRB- -LSB-) (NP (NNP Privacy) (NNP Policy))))) (. .) (-RRB- -RSB-))) "
