2,4,5,this,page,-LSB- Edits to this page require review . -RSB-,(ROOT (S (NP (NP (-LRB- -LSB-) (NNS Edits)) (PP (TO to) (NP (DT this) (NN page)))) (VP (VBP require) (NP (NN review))) (. .) (-RRB- -RSB-))) 
4,8,9,this,page,"-LSB- This is a reviewed version of this page -RSB- -LRB- / / bits.wikimedia.org/static-1.22wmf19/extensions/FlaggedRevs/frontend/modules/img/2.png -RRB- This is the -LSB- latest reviewed version -RSB- -LRB- / wiki/Wikibooks : REVIEW -RRB- , -LSB- checked -RSB- -LRB- / / en.wikibooks.org/w/index.php?title=Special:Log&type=review&page=Wikijunior:Classic_Alphabet_Coloring_Book/All_Pages -RRB- on _ 23 February 2013 _ .","(ROOT (S (SBAR (-LRB- -LSB-) (S (NP (DT This)) (VP (VBZ is) (NP (NP (DT a) (VBN reviewed) (NN version)) (PP (IN of) (NP (DT this) (NN page) (-RRB- -RSB-))))))) (PRN (-LRB- -LRB-) (VP (: /) (NP (: /) (NN bits.wikimedia.org/static-1.22wmf19/extensions/FlaggedRevs/frontend/modules/img/2.png))) (-RRB- -RRB-)) (NP (DT This)) (VP (VBZ is) (NP (NP (DT the) (-LRB- -LSB-) (JJS latest)) (VP (VP (VBN reviewed) (NP (NP (NN version) (-RRB- -RSB-)) (PRN (-LRB- -LRB-) (NP (NP (: /) (NNS wiki/Wikibooks)) (: :) (NP (NNP REVIEW))) (-RRB- -RRB-)))) (, ,) (-LRB- -LSB-) (VP (VBN checked) (PP (-RRB- -RSB-) (PRN (-LRB- -LRB-) (: /) (NX (: /) (NNS en.wikibooks.org/w/index.php?title=Special:Log&type=review&page=Wikijunior:Classic_Alphabet_Coloring_Book/All_Pages)) (-RRB- -RRB-))) (PP (IN on) (NP (CD _) (CD 23))) (NP-TMP (NNP February) (CD 2013))) (NP (CD _))))) (. .))) "
16,13,14,this,page,-LSB- -RSB- -LRB- / / upload.wikimedia.org/wikipedia/commons/thumb/9/91/Book_important2.svg/40px-Book_important2.svg.png -RRB- ** A Wikibookian has nominated this page for cleanup because : ** Raster image was deleted so new image is needed You can -LSB- help make it better -RSB- -LRB- / / en.wikibooks.org/w/index.php?title=Wikijunior:Classic_Alphabet_Coloring_Book/All_Pages&action=edit -RRB- .,(ROOT (S (NP (-LRB- -LSB-)) (VP (-RRB- -RSB-) (SBAR (S (PRN (-LRB- -LRB-) (PP (: /) (NP (: /) (NN upload.wikimedia.org/wikipedia/commons/thumb/9/91/Book_important2.svg/40px-Book_important2.svg.png))) (-RRB- -RRB-)) (S (X (SYM **)) (NP (DT A) (NN Wikibookian)) (VP (VBZ has) (VP (VBN nominated) (NP (NP (DT this) (NN page)) (PP (IN for) (NP (NN cleanup)))) (PP (IN because))))) (: :) (S (X (SYM **)) (NP (NNP Raster) (NN image)) (VP (VBD was) (VP (VBN deleted) (SBAR (RB so) (S (NP (JJ new) (NN image)) (VP (VBZ is) (VP (VBN needed) (SBAR (S (NP (PRP You)) (VP (MD can) (-LRB- -LSB-) (VP (VB help) (S (VP (VB make) (S (NP (PRP it)) (ADJP (JJR better))))))))))))) (-RRB- -RSB-) (PRN (-LRB- -LRB-) (PP (: /) (NP (: /) (NN en.wikibooks.org/w/index.php?title=Wikijunior:Classic_Alphabet_Coloring_Book/All_Pages&action=edit))) (-RRB- -RRB-)))))))) (. .))) 
98,16,17,this,page,php?title = Wikijunior : Classic_Alphabet_Coloring_Book / All_Pages & action = info -RRB- * -LSB- Cite this page -RSB- -LRB- / w/index .,(ROOT (S (VP (NN php?title) (NP (NP (NP (JJ =) (NNP Wikijunior)) (: :) (NP (NP (NN Classic_Alphabet_Coloring_Book)) (PRN (: /) (NP (NP (NNP All_Pages)) (CC &) (NP (NN action) (JJ =) (NN info))) (-RRB- -RRB-)))) (X (SYM *))) (S (VP (-LRB- -LSB-) (VP (VB Cite) (S (NP (DT this) (NN page)) (NP (NP (-RRB- -RSB-)) (-LRB- -LRB-) (PP (: /) (NP (NN w/index))))))))) (. .))) 
104,3,4,this,site,"By using this site , you agree to the -LSB- Terms of Use -RSB- -LRB- / / wikimediafoundation.org/wiki/Terms_of_Use -RRB- and -LSB- Privacy Policy . -RSB-","(ROOT (S (PP (IN By) (S (VP (VBG using) (NP (DT this) (NN site))))) (, ,) (NP (PRP you)) (VP (VBP agree) (PP (PP (TO to) (NP (NP (DT the) (-LRB- -LSB-) (NNS Terms)) (PP (IN of) (NP (NP (NN Use) (-RRB- -RSB-)) (PRN (-LRB- -LRB-) (NP (: /) (: /) (NN wikimediafoundation.org/wiki/Terms_of_Use)) (-RRB- -RRB-)))))) (CC and) (PP (-LRB- -LSB-) (NP (NNP Privacy) (NNP Policy))))) (. .) (-RRB- -RSB-))) "
